RD_NO,CRASH_DATE_EST_I,CRASH_DATE,POSTED_SPEED_LIMIT,TRAFFIC_CONTROL_DEVICE,DEVICE_CONDITION,WEATHER_CONDITION,LIGHTING_CONDITION,FIRST_CRASH_TYPE,TRAFFICWAY_TYPE,LANE_CNT,ALIGNMENT,ROADWAY_SURFACE_COND,ROAD_DEFECT,REPORT_TYPE,CRASH_TYPE,INTERSECTION_RELATED_I,NOT_RIGHT_OF_WAY_I,HIT_AND_RUN_I,DAMAGE,DATE_POLICE_NOTIFIED,PRIM_CONTRIBUTORY_CAUSE,SEC_CONTRIBUTORY_CAUSE,STREET_NO,STREET_DIRECTION,STREET_NAME,BEAT_OF_OCCURRENCE,PHOTOS_TAKEN_I,STATEMENTS_TAKEN_I,DOORING_I,WORK_ZONE_I,WORK_ZONE_TYPE,WORKERS_PRESENT_I,NUM_UNITS,MOST_SEVERE_INJURY,INJURIES_TOTAL,INJURIES_FATAL,INJURIES_INCAPACITATING,INJURIES_NON_INCAPACITATING,INJURIES_REPORTED_NOT_EVIDENT,INJURIES_NO_INDICATION,INJURIES_UNKNOWN,CRASH_HOUR,CRASH_DAY_OF_WEEK,CRASH_MONTH,LATITUDE,LONGITUDE,LOCATION
JA494210,,11/01/2017 10:00:00 AM,30,NO CONTROLS,NO CONTROLS,CLEAR,DAYLIGHT,PARKED MOTOR VEHICLE,ONE-WAY,,STRAIGHT AND LEVEL,"SAND, MUD, DIRT",OTHER,ON SCENE,NO INJURY / DRIVE AWAY,,,,"$501 - $1,500",11/01/2017 10:01:00 AM,EQUIPMENT - VEHICLE CONDITION,NOT APPLICABLE,903,N,LOCKWOOD AVE,1524,,,,Y,CONSTRUCTION,,3,NO INDICATION OF INJURY,0,0,0,0,0,1,0,10,4,11,41.896888328,-87.757956166,POINT (-87.757956165516 41.896888328367)
JA494388,,11/01/2017 10:00:00 AM,30,NO CONTROLS,NO CONTROLS,CLOUDY/OVERCAST,DAYLIGHT,PARKED MOTOR VEHICLE,ONE-WAY,1,STRAIGHT AND LEVEL,DRY,NO DEFECTS,ON SCENE,NO INJURY / DRIVE AWAY,,,Y,$500 OR LESS,11/01/2017 12:35:00 PM,IMPROPER BACKING,FAILING TO REDUCE SPEED TO AVOID CRASH,1723,W,HURON ST,1215,,,,,,,3,NO INDICATION OF INJURY,0,0,0,0,0,1,0,10,4,11,41.894090515,-87.670623005,POINT (-87.670623004694 41.894090515231)
JA495779,,11/01/2017 10:00:00 AM,20,NO CONTROLS,NO CONTROLS,CLEAR,DAYLIGHT,SIDESWIPE OPPOSITE DIRECTION,PARKING LOT,1,STRAIGHT AND LEVEL,DRY,NO DEFECTS,NOT ON SCENE (DESK REPORT),INJURY AND / OR TOW DUE TO CRASH,,,,"OVER $1,500",11/02/2017 12:00:00 PM,UNABLE TO DETERMINE,NOT APPLICABLE,4800,W,ROOSEVELT RD,1533,,,,,,,2,NO INDICATION OF INJURY,0,0,0,0,0,2,0,10,4,11,41.866006039,-87.744817376,POINT (-87.74481737621 41.866006039367)
JA494304,,11/01/2017 10:00:00 AM,30,NO CONTROLS,FUNCTIONING PROPERLY,CLEAR,DAYLIGHT,REAR END,NOT DIVIDED,2,STRAIGHT AND LEVEL,DRY,NO DEFECTS,NOT ON SCENE (DESK REPORT),NO INJURY / DRIVE AWAY,,,,"OVER $1,500",11/01/2017 11:39:00 AM,UNABLE TO DETERMINE,UNABLE TO DETERMINE,1200,W,DIVISION ST,1433,,,,,,,2,NO INDICATION OF INJURY,0,0,0,0,0,2,0,10,4,11,41.903617818,-87.657473635,POINT (-87.657473635421 41.903617817686)
JA494236,,11/01/2017 10:20:00 AM,35,NO CONTROLS,NO CONTROLS,CLEAR,DAYLIGHT,REAR END,DIVIDED - W/MEDIAN (NOT RAISED),4,STRAIGHT AND LEVEL,DRY,NO DEFECTS,ON SCENE,NO INJURY / DRIVE AWAY,,,,"OVER $1,500",11/01/2017 10:25:00 AM,FOLLOWING TOO CLOSELY,UNABLE TO DETERMINE,8401,W,IRVING PARK RD,1631,,,,,,,2,NO INDICATION OF INJURY,0,0,0,0,0,2,0,10,4,11,41.951949987,-87.836798058,POINT (-87.836798058418 41.951949986636)
JA494281,,11/01/2017 10:30:00 AM,30,NO CONTROLS,NO CONTROLS,CLOUDY/OVERCAST,DAYLIGHT,SIDESWIPE OPPOSITE DIRECTION,NOT DIVIDED,2,STRAIGHT AND LEVEL,DRY,OTHER,NOT ON SCENE (DESK REPORT),INJURY AND / OR TOW DUE TO CRASH,,,Y,"OVER $1,500",11/01/2017 11:00:00 AM,IMPROPER LANE USAGE,NOT APPLICABLE,700,W,LAKE ST,1214,,,,,,,2,NO INDICATION OF INJURY,0,0,0,0,0,2,0,10,4,11,41.885796941,-87.645700808,POINT (-87.645700808301 41.885796941486)
JA494277,,11/01/2017 10:30:00 AM,30,TRAFFIC SIGNAL,FUNCTIONING PROPERLY,CLOUDY/OVERCAST,DAYLIGHT,REAR END,NOT DIVIDED,4,STRAIGHT AND LEVEL,DRY,NO DEFECTS,ON SCENE,INJURY AND / OR TOW DUE TO CRASH,Y,,,"OVER $1,500",11/01/2017 10:42:00 AM,FOLLOWING TOO CLOSELY,NOT APPLICABLE,5659,N,BROADWAY,2022,,,,,,,2,"REPORTED, NOT EVIDENT",1,0,0,0,1,2,0,10,4,11,41.985372579,-87.659976023,POINT (-87.659976023359 41.985372578622)
JA494302,,11/01/2017 10:30:00 AM,25,NO CONTROLS,NO CONTROLS,CLEAR,DAYLIGHT,PARKED MOTOR VEHICLE,PARKING LOT,,STRAIGHT AND LEVEL,DRY,NO DEFECTS,NOT ON SCENE (DESK REPORT),NO INJURY / DRIVE AWAY,,Y,,"$501 - $1,500",11/01/2017 11:15:00 AM,DRIVING SKILLS/KNOWLEDGE/EXPERIENCE,UNABLE TO DETERMINE,160,E,PEARSON ST,1833,,,,,,,2,NO INDICATION OF INJURY,0,0,0,0,0,1,0,10,4,11,41.897702581,-87.623461956,POINT (-87.623461956299 41.897702580979)
JA494265,,11/01/2017 10:31:00 AM,30,NO CONTROLS,NO CONTROLS,CLOUDY/OVERCAST,DAYLIGHT,PARKED MOTOR VEHICLE,ONE-WAY,2,STRAIGHT AND LEVEL,DRY,NO DEFECTS,ON SCENE,NO INJURY / DRIVE AWAY,,,,$500 OR LESS,11/01/2017 10:35:00 AM,IMPROPER OVERTAKING/PASSING,FAILING TO REDUCE SPEED TO AVOID CRASH,1206,W,CONGRESS PKWY,1231,,,,,,,2,NO INDICATION OF INJURY,0,0,0,0,0,1,0,10,4,11,41.87544642,-87.657279109,POINT (-87.657279109323 41.875446419676)
JA494290,,11/01/2017 10:40:00 AM,35,TRAFFIC SIGNAL,FUNCTIONING PROPERLY,CLEAR,DAYLIGHT,SIDESWIPE SAME DIRECTION,DIVIDED - W/MEDIAN BARRIER,,STRAIGHT AND LEVEL,DRY,NO DEFECTS,,NO INJURY / DRIVE AWAY,,,,"OVER $1,500",11/01/2017 10:45:00 AM,IMPROPER OVERTAKING/PASSING,NOT APPLICABLE,5050,S,CICERO AVE,814,,Y,,Y,MAINTENANCE,,2,NO INDICATION OF INJURY,0,0,0,0,0,2,0,10,4,11,41.800642554,-87.743113469,POINT (-87.743113469205 41.800642553587)
JA494257,Y,11/01/2017 10:40:00 AM,30,NO CONTROLS,NO CONTROLS,CLEAR,DAYLIGHT,FIXED OBJECT,NOT DIVIDED,2,STRAIGHT AND LEVEL,DRY,NO DEFECTS,ON SCENE,INJURY AND / OR TOW DUE TO CRASH,,,,"OVER $1,500",11/01/2017 10:45:00 AM,UNABLE TO DETERMINE,UNABLE TO DETERMINE,1512,S,PULASKI RD,1012,,,,,,,1,NONINCAPACITATING INJURY,1,0,0,1,0,0,0,10,4,11,41.860260981,-87.725142602,POINT (-87.725142601654 41.860260981443)
JA494258,,11/01/2017 10:40:00 AM,30,STOP SIGN/FLASHER,FUNCTIONING PROPERLY,CLEAR,DAYLIGHT,ANGLE,NOT DIVIDED,2,STRAIGHT AND LEVEL,DRY,NO DEFECTS,NOT ON SCENE (DESK REPORT),NO INJURY / DRIVE AWAY,,,,"OVER $1,500",11/01/2017 10:57:00 AM,FAILING TO YIELD RIGHT-OF-WAY,UNABLE TO DETERMINE,1701,W,SUNNYSIDE AVE,1912,,,,,,,2,NO INDICATION OF INJURY,0,0,0,0,0,3,0,10,4,11,41.963280811,-87.670960745,POINT (-87.670960744969 41.96328081078)
JA494303,,11/01/2017 10:53:00 AM,30,STOP SIGN/FLASHER,FUNCTIONING PROPERLY,CLEAR,DAYLIGHT,PARKED MOTOR VEHICLE,OTHER,,STRAIGHT AND LEVEL,DRY,NO DEFECTS,ON SCENE,INJURY AND / OR TOW DUE TO CRASH,,,,"OVER $1,500",11/01/2017 11:03:00 AM,NOT APPLICABLE,NOT APPLICABLE,2699,E,80TH ST,422,,,,,,,2,FATAL,1,1,0,0,0,0,0,10,4,11,41.749900118,-87.558984356,POINT (-87.558984356436 41.7499001179)
JA494410,,11/01/2017 10:55:00 AM,30,NO CONTROLS,NO CONTROLS,CLOUDY/OVERCAST,DAYLIGHT,SIDESWIPE SAME DIRECTION,ONE-WAY,1,STRAIGHT AND LEVEL,DRY,NO DEFECTS,ON SCENE,NO INJURY / DRIVE AWAY,,,Y,"OVER $1,500",11/01/2017 12:41:00 PM,UNABLE TO DETERMINE,NOT APPLICABLE,74,E,WALTON ST,1833,,,,,,,2,NO INDICATION OF INJURY,0,0,0,0,0,2,0,10,4,11,41.900092978,-87.625591029,POINT (-87.625591029058 41.900092978273)
JA494355,,11/01/2017 11:00:00 AM,30,NO CONTROLS,NO CONTROLS,CLEAR,DAYLIGHT,TURNING,NOT DIVIDED,2,STRAIGHT AND LEVEL,DRY,NO DEFECTS,NOT ON SCENE (DESK REPORT),NO INJURY / DRIVE AWAY,,,,"OVER $1,500",11/01/2017 12:14:00 PM,UNABLE TO DETERMINE,NOT APPLICABLE,3032,S,PRINCETON AVE,914,,,,,,,2,NO INDICATION OF INJURY,0,0,0,0,0,2,0,11,4,11,41.838640854,-87.6342611,POINT (-87.634261099759 41.838640853583)
JA494330,,11/01/2017 11:00:00 AM,0,NO CONTROLS,NO CONTROLS,CLEAR,DAYLIGHT,PARKED MOTOR VEHICLE,ALLEY,1,STRAIGHT AND LEVEL,DRY,NO DEFECTS,NOT ON SCENE (DESK REPORT),NO INJURY / DRIVE AWAY,,,,"OVER $1,500",11/01/2017 12:01:00 PM,IMPROPER OVERTAKING/PASSING,UNABLE TO DETERMINE,3455,W,111TH ST,2211,,,,,,,2,NO INDICATION OF INJURY,0,0,0,0,0,1,0,11,4,11,41.691337651,-87.708006019,POINT (-87.708006018709 41.691337650644)
JA494315,,11/01/2017 11:18:00 AM,0,TRAFFIC SIGNAL,FUNCTIONING PROPERLY,CLEAR,DAYLIGHT,TURNING,NOT DIVIDED,2,STRAIGHT AND LEVEL,DRY,NO DEFECTS,ON SCENE,INJURY AND / OR TOW DUE TO CRASH,Y,,Y,"OVER $1,500",11/01/2017 11:22:00 AM,DISREGARDING TRAFFIC SIGNALS,DISREGARDING OTHER TRAFFIC SIGNS,4400,W,AUGUSTA BLVD,1111,,,,,,,2,"REPORTED, NOT EVIDENT",2,0,0,0,2,1,0,11,4,11,41.898958323,-87.736167474,POINT (-87.73616747377 41.898958322688)
JA494356,,11/01/2017 11:20:00 AM,30,NO CONTROLS,NO CONTROLS,CLEAR,DAYLIGHT,PARKED MOTOR VEHICLE,ONE-WAY,,STRAIGHT AND LEVEL,DRY,NO DEFECTS,ON SCENE,INJURY AND / OR TOW DUE TO CRASH,,,Y,"OVER $1,500",11/01/2017 12:05:00 PM,UNABLE TO DETERMINE,NOT APPLICABLE,6004,S,KOLIN AVE,813,,,,,,,2,NO INDICATION OF INJURY,0,0,0,0,0,1,0,11,4,11,41.783818434,-87.731608898,POINT (-87.731608898154 41.783818433654)
JA494428,,11/01/2017 11:29:00 AM,30,UNKNOWN,UNKNOWN,CLEAR,DAYLIGHT,REAR END,UNKNOWN,,STRAIGHT AND LEVEL,DRY,UNKNOWN,NOT ON SCENE (DESK REPORT),NO INJURY / DRIVE AWAY,,,Y,"OVER $1,500",11/01/2017 01:15:00 PM,FOLLOWING TOO CLOSELY,FOLLOWING TOO CLOSELY,2647,N,AUSTIN AVE,2514,,,,,,,2,NO INDICATION OF INJURY,0,0,0,0,0,2,0,11,4,11,41.928907247,-87.77574155,POINT (-87.775741550271 41.928907246525)
JA494393,,11/01/2017 11:40:00 AM,25,STOP SIGN/FLASHER,FUNCTIONING PROPERLY,CLEAR,DAYLIGHT,REAR END,ONE-WAY,1,STRAIGHT AND LEVEL,DRY,NO DEFECTS,NOT ON SCENE (DESK REPORT),INJURY AND / OR TOW DUE TO CRASH,Y,,Y,$500 OR LESS,11/01/2017 11:40:00 AM,EXCEEDING SAFE SPEED FOR CONDITIONS,NOT APPLICABLE,4956,W,FLETCHER ST,2521,,,,,,,2,INCAPACITATING INJURY,1,0,1,0,0,5,0,11,4,11,41.93796475,-87.751560189,POINT (-87.751560188527 41.937964750457)
JA494334,,11/01/2017 11:45:00 AM,30,TRAFFIC SIGNAL,FUNCTIONING PROPERLY,CLEAR,DAYLIGHT,TURNING,NOT DIVIDED,2,STRAIGHT AND LEVEL,DRY,NO DEFECTS,ON SCENE,INJURY AND / OR TOW DUE TO CRASH,Y,,,"OVER $1,500",11/01/2017 11:45:00 AM,FAILING TO REDUCE SPEED TO AVOID CRASH,FOLLOWING TOO CLOSELY,4400,N,ELSTON AVE,1722,,,,,,,2,NO INDICATION OF INJURY,0,0,0,0,0,5,0,11,4,11,41.960924799,-87.729906899,POINT (-87.729906898945 41.960924798749)
JA494397,,11/01/2017 11:45:00 AM,30,UNKNOWN,UNKNOWN,UNKNOWN,UNKNOWN,PARKED MOTOR VEHICLE,ONE-WAY,1,STRAIGHT AND LEVEL,UNKNOWN,UNKNOWN,NOT ON SCENE (DESK REPORT),NO INJURY / DRIVE AWAY,,,Y,"OVER $1,500",11/01/2017 12:50:00 PM,UNABLE TO DETERMINE,NOT APPLICABLE,5814,N,WHIPPLE ST,2011,,,,,,,2,NO INDICATION OF INJURY,0,0,0,0,0,1,0,11,4,11,41.987200304,-87.705506188,POINT (-87.70550618759 41.987200304242)
JA494381,,11/01/2017 11:48:00 AM,30,NO CONTROLS,NO CONTROLS,CLEAR,DAYLIGHT,REAR END,ONE-WAY,1,STRAIGHT AND LEVEL,DRY,NO DEFECTS,ON SCENE,INJURY AND / OR TOW DUE TO CRASH,,,Y,"OVER $1,500",11/01/2017 12:05:00 PM,UNABLE TO DETERMINE,FAILING TO REDUCE SPEED TO AVOID CRASH,3399,W,MAYPOLE AVE,1123,,,,,,,2,NONINCAPACITATING INJURY,2,0,0,2,0,1,0,11,4,11,41.883454442,-87.710966227,POINT (-87.710966227025 41.883454442065)
JA499467,,11/01/2017 11:50:00 AM,30,UNKNOWN,UNKNOWN,CLEAR,DAYLIGHT,PARKED MOTOR VEHICLE,PARKING LOT,1,STRAIGHT AND LEVEL,DRY,NO DEFECTS,NOT ON SCENE (DESK REPORT),NO INJURY / DRIVE AWAY,,,Y,"$501 - $1,500",11/01/2017 01:45:00 PM,NOT APPLICABLE,NOT APPLICABLE,4650,W,NORTH AVE,2533,,,,,,,2,NO INDICATION OF INJURY,0,0,0,0,0,1,0,11,4,11,41.909764527,-87.743376296,POINT (-87.743376295706 41.909764527033)
JA508413,,11/01/2017 11:52:00 AM,30,NO CONTROLS,NO CONTROLS,CLEAR,DAYLIGHT,REAR END,NOT DIVIDED,4,STRAIGHT AND LEVEL,DRY,NO DEFECTS,NOT ON SCENE (DESK REPORT),NO INJURY / DRIVE AWAY,,,,"OVER $1,500",11/11/2017 11:00:00 PM,FAILING TO REDUCE SPEED TO AVOID CRASH,UNABLE TO DETERMINE,3000,N,NARRAGANSETT AVE,2511,,,,,,,2,NO INDICATION OF INJURY,0,0,0,0,0,2,0,11,4,11,41.934703622,-87.785958813,POINT (-87.785958813154 41.934703622483)
JA494398,,11/01/2017 11:52:00 AM,30,TRAFFIC SIGNAL,FUNCTIONING PROPERLY,CLEAR,DAYLIGHT,PARKED MOTOR VEHICLE,DIVIDED - W/MEDIAN (NOT RAISED),2,STRAIGHT AND LEVEL,DRY,NO DEFECTS,ON SCENE,NO INJURY / DRIVE AWAY,,,,$500 OR LESS,11/01/2017 12:15:00 PM,NOT APPLICABLE,NOT APPLICABLE,117,N,CLINTON ST,121,,,,,,,2,NO INDICATION OF INJURY,0,0,0,0,0,1,0,11,4,11,41.883746492,-87.641104976,POINT (-87.641104975822 41.883746491808)
JA494430,,11/01/2017 12:00:00 PM,30,NO CONTROLS,NO CONTROLS,CLEAR,DAYLIGHT,ANGLE,PARKING LOT,1,STRAIGHT AND LEVEL,DRY,NO DEFECTS,NOT ON SCENE (DESK REPORT),NO INJURY / DRIVE AWAY,,,,"$501 - $1,500",11/01/2017 01:05:00 PM,IMPROPER BACKING,UNABLE TO DETERMINE,6310,N,NAGLE AVE,1611,,,,,,,2,NO INDICATION OF INJURY,0,0,0,0,0,2,0,12,4,11,41.995923923,-87.787637992,POINT (-87.787637991755 41.995923922764)
JA494503,,11/01/2017 12:00:00 PM,30,NO CONTROLS,NO CONTROLS,CLEAR,DAYLIGHT,PARKED MOTOR VEHICLE,PARKING LOT,,STRAIGHT AND LEVEL,DRY,NO DEFECTS,NOT ON SCENE (DESK REPORT),NO INJURY / DRIVE AWAY,,,Y,"$501 - $1,500",11/01/2017 03:10:00 PM,NOT APPLICABLE,NOT APPLICABLE,946,W,DIVISION ST,1822,,,,,,,2,NO INDICATION OF INJURY,0,0,0,0,0,1,0,12,4,11,41.903689686,-87.652476593,POINT (-87.652476593228 41.903689685583)
JA495532,Y,11/01/2017 12:00:00 PM,30,NO CONTROLS,NO CONTROLS,RAIN,DAYLIGHT,PARKED MOTOR VEHICLE,ONE-WAY,,STRAIGHT AND LEVEL,WET,OTHER,NOT ON SCENE (DESK REPORT),NO INJURY / DRIVE AWAY,,,,"OVER $1,500",11/02/2017 08:47:00 AM,ROAD CONSTRUCTION/MAINTENANCE,NOT APPLICABLE,6553,N,OCONTO AVE,1611,,,,,,,2,NO INDICATION OF INJURY,0,0,0,0,0,1,0,12,4,11,41.999817829,-87.807923128,POINT (-87.807923128404 41.999817829161)
JA494837,,11/01/2017 12:00:00 PM,30,NO CONTROLS,NO CONTROLS,CLEAR,DAYLIGHT,PARKED MOTOR VEHICLE,NOT DIVIDED,,STRAIGHT AND LEVEL,DRY,NO DEFECTS,NOT ON SCENE (DESK REPORT),NO INJURY / DRIVE AWAY,,,Y,"$501 - $1,500",11/01/2017 05:41:00 PM,UNABLE TO DETERMINE,UNABLE TO DETERMINE,1608,W,21ST PL,1234,,,,,,,2,NO INDICATION OF INJURY,0,0,0,0,0,1,0,12,4,11,41.853333827,-87.666554161,POINT (-87.666554161143 41.853333827087)
JA497040,,11/01/2017 12:15:00 PM,30,TRAFFIC SIGNAL,FUNCTIONING PROPERLY,CLEAR,DAYLIGHT,REAR END,NOT DIVIDED,,STRAIGHT AND LEVEL,DRY,UNKNOWN,NOT ON SCENE (DESK REPORT),NO INJURY / DRIVE AWAY,,,,$500 OR LESS,11/03/2017 10:51:00 AM,FOLLOWING TOO CLOSELY,DISTRACTION - FROM INSIDE VEHICLE,1600,E,93RD ST,413,,,,,,,2,NO INDICATION OF INJURY,0,0,0,0,0,2,0,12,4,11,41.726100382,-87.584915519,POINT (-87.584915519134 41.726100382181)
JA494444,,11/01/2017 12:20:00 PM,35,NO CONTROLS,NO CONTROLS,CLEAR,DAYLIGHT,ANGLE,NOT DIVIDED,2,STRAIGHT AND LEVEL,DRY,NO DEFECTS,ON SCENE,NO INJURY / DRIVE AWAY,Y,,,"OVER $1,500",11/01/2017 12:25:00 PM,UNABLE TO DETERMINE,UNABLE TO DETERMINE,8059,S,KEDZIE AVE,835,,,,,,,2,NO INDICATION OF INJURY,0,0,0,0,0,2,0,12,4,11,41.74620292,-87.702147161,POINT (-87.70214716095 41.746202919854)
JA494415,,11/01/2017 12:30:00 PM,30,NO CONTROLS,NO CONTROLS,CLEAR,DAYLIGHT,SIDESWIPE SAME DIRECTION,NOT DIVIDED,2,STRAIGHT AND LEVEL,UNKNOWN,UNKNOWN,NOT ON SCENE (DESK REPORT),NO INJURY / DRIVE AWAY,,,,"$501 - $1,500",11/01/2017 12:54:00 PM,FAILING TO YIELD RIGHT-OF-WAY,FAILING TO YIELD RIGHT-OF-WAY,422,W,DEMING PL,1935,,,,,,,2,NO INDICATION OF INJURY,0,0,0,0,0,2,0,12,4,11,41.929522982,-87.640146163,POINT (-87.64014616288 41.92952298215)
JA495528,,11/01/2017 12:30:00 PM,20,NO CONTROLS,NO CONTROLS,CLEAR,DAYLIGHT,PARKED MOTOR VEHICLE,PARKING LOT,,STRAIGHT AND LEVEL,DRY,NO DEFECTS,NOT ON SCENE (DESK REPORT),NO INJURY / DRIVE AWAY,,Y,,"$501 - $1,500",11/02/2017 08:50:00 AM,UNABLE TO DETERMINE,UNABLE TO DETERMINE,1550,N,KINGSBURY ST,1822,,,,,,,2,NO INDICATION OF INJURY,0,0,0,0,0,1,0,12,4,11,41.909398788,-87.653050698,POINT (-87.653050697894 41.909398787809)
JA494441,,11/01/2017 12:35:00 PM,30,TRAFFIC SIGNAL,FUNCTIONING PROPERLY,CLEAR,DAYLIGHT,SIDESWIPE SAME DIRECTION,NOT DIVIDED,,STRAIGHT AND LEVEL,DRY,NO DEFECTS,NOT ON SCENE (DESK REPORT),NO INJURY / DRIVE AWAY,,,Y,"$501 - $1,500",11/01/2017 01:19:00 PM,IMPROPER LANE USAGE,IMPROPER OVERTAKING/PASSING,111,S,MICHIGAN AVE,114,,,,,,,2,NO INDICATION OF INJURY,0,0,0,0,0,2,0,12,4,11,41.880527822,-87.624209466,POINT (-87.624209465859 41.880527821931)
JA494433,,11/01/2017 12:39:00 PM,15,NO CONTROLS,NO CONTROLS,CLEAR,DAYLIGHT,PARKED MOTOR VEHICLE,PARKING LOT,0,STRAIGHT AND LEVEL,DRY,NO DEFECTS,ON SCENE,NO INJURY / DRIVE AWAY,,Y,,"$501 - $1,500",11/01/2017 12:43:00 PM,DRIVING SKILLS/KNOWLEDGE/EXPERIENCE,UNABLE TO DETERMINE,3347,W,NORTH AVE,1422,,,,,,,2,NO INDICATION OF INJURY,0,0,0,0,0,2,0,12,4,11,41.909950655,-87.711244694,POINT (-87.711244693733 41.90995065493)
JA494461,,11/01/2017 12:39:00 PM,15,NO CONTROLS,NO CONTROLS,CLEAR,DAYLIGHT,REAR END,PARKING LOT,1,STRAIGHT AND LEVEL,DRY,NO DEFECTS,NOT ON SCENE (DESK REPORT),INJURY AND / OR TOW DUE TO CRASH,,Y,,"$501 - $1,500",11/01/2017 01:04:00 PM,FAILING TO REDUCE SPEED TO AVOID CRASH,NOT APPLICABLE,5624,W,ROOSEVELT RD,1513,,,,,,,2,"REPORTED, NOT EVIDENT",2,0,0,0,2,1,0,12,4,11,41.865690107,-87.765389115,POINT (-87.765389114679 41.865690107045)
JA494455,,11/01/2017 12:40:00 PM,30,NO CONTROLS,NO CONTROLS,CLEAR,DAYLIGHT,ANGLE,NOT DIVIDED,,STRAIGHT AND LEVEL,DRY,NO DEFECTS,NOT ON SCENE (DESK REPORT),NO INJURY / DRIVE AWAY,,,Y,"$501 - $1,500",11/01/2017 01:20:00 PM,FAILING TO YIELD RIGHT-OF-WAY,FAILING TO YIELD RIGHT-OF-WAY,3439,W,GRANVILLE AVE,1711,,,,,,,2,NO INDICATION OF INJURY,0,0,0,0,0,2,0,12,4,11,41.993678118,-87.715704192,POINT (-87.715704191838 41.993678117504)
JA494402,,11/01/2017 12:43:00 PM,30,NO CONTROLS,NO CONTROLS,CLOUDY/OVERCAST,DAYLIGHT,ANGLE,NOT DIVIDED,4,STRAIGHT AND LEVEL,DRY,NO DEFECTS,ON SCENE,INJURY AND / OR TOW DUE TO CRASH,Y,,,"OVER $1,500",11/01/2017 01:17:00 PM,FAILING TO YIELD RIGHT-OF-WAY,EXCEEDING AUTHORIZED SPEED LIMIT,1120,W,69TH ST,724,,,,,,,2,NONINCAPACITATING INJURY,1,0,0,1,0,3,0,12,4,11,41.768826735,-87.652689475,POINT (-87.652689474651 41.768826734767)
JA494414,,11/01/2017 12:43:00 PM,30,TRAFFIC SIGNAL,FUNCTIONING PROPERLY,CLEAR,DAYLIGHT,TURNING,NOT DIVIDED,,STRAIGHT AND LEVEL,DRY,NO DEFECTS,ON SCENE,INJURY AND / OR TOW DUE TO CRASH,Y,,,"OVER $1,500",11/01/2017 12:50:00 PM,UNABLE TO DETERMINE,UNABLE TO DETERMINE,5600,W,FOSTER AVE,1622,,,,,,,2,NO INDICATION OF INJURY,0,0,0,0,0,2,0,12,4,11,41.975792351,-87.768523571,POINT (-87.768523571082 41.975792351339)
JA494466,,11/01/2017 12:45:00 PM,30,NO CONTROLS,NO CONTROLS,CLEAR,DAYLIGHT,PARKED MOTOR VEHICLE,DIVIDED - W/MEDIAN (NOT RAISED),2,STRAIGHT AND LEVEL,DRY,NO DEFECTS,ON SCENE,NO INJURY / DRIVE AWAY,,,,"OVER $1,500",11/01/2017 12:49:00 PM,DISTRACTION - FROM INSIDE VEHICLE,FAILING TO REDUCE SPEED TO AVOID CRASH,819,S,PAULINA ST,1231,,,,,,,2,NO INDICATION OF INJURY,0,0,0,0,0,2,0,12,4,11,41.871022708,-87.66887352,POINT (-87.668873519551 41.871022708066)
JA494436,,11/01/2017 12:45:00 PM,30,TRAFFIC SIGNAL,FUNCTIONING PROPERLY,CLOUDY/OVERCAST,DAYLIGHT,REAR END,NOT DIVIDED,,STRAIGHT AND LEVEL,DRY,NO DEFECTS,NOT ON SCENE (DESK REPORT),NO INJURY / DRIVE AWAY,,,,"OVER $1,500",11/01/2017 01:00:00 PM,FOLLOWING TOO CLOSELY,NOT APPLICABLE,10301,S,WESTERN AVE,2212,,,,,,,2,NO INDICATION OF INJURY,0,0,0,0,0,2,0,12,4,11,41.706288117,-87.68147073,POINT (-87.681470730043 41.706288116534)
JA494470,,11/01/2017 12:47:00 PM,30,TRAFFIC SIGNAL,FUNCTIONING PROPERLY,CLEAR,DAYLIGHT,ANGLE,DIVIDED - W/MEDIAN BARRIER,4,STRAIGHT AND LEVEL,DRY,NO DEFECTS,ON SCENE,INJURY AND / OR TOW DUE TO CRASH,Y,,,"OVER $1,500",11/01/2017 12:47:00 PM,UNABLE TO DETERMINE,NOT APPLICABLE,3800,W,OGDEN AVE,1014,,,,,,,2,"REPORTED, NOT EVIDENT",1,0,0,0,1,2,0,12,4,11,41.85295257,-87.720008461,POINT (-87.720008461242 41.852952570147)
JA494438,,11/01/2017 12:55:00 PM,30,UNKNOWN,UNKNOWN,CLEAR,DAYLIGHT,REAR END,DIVIDED - W/MEDIAN (NOT RAISED),2,STRAIGHT AND LEVEL,DRY,UNKNOWN,ON SCENE,INJURY AND / OR TOW DUE TO CRASH,,,,$500 OR LESS,11/01/2017 01:00:00 PM,FOLLOWING TOO CLOSELY,NOT APPLICABLE,5939,N,RIDGE AVE,2012,,,,,,,2,NONINCAPACITATING INJURY,2,0,0,2,0,2,0,12,4,11,41.989762059,-87.669845948,POINT (-87.669845947606 41.989762058954)
JA494468,,11/01/2017 12:55:00 PM,30,TRAFFIC SIGNAL,FUNCTIONING PROPERLY,CLEAR,DAYLIGHT,REAR END,ONE-WAY,,STRAIGHT AND LEVEL,DRY,UNKNOWN,NOT ON SCENE (DESK REPORT),NO INJURY / DRIVE AWAY,,,,"OVER $1,500",11/01/2017 12:55:00 PM,UNABLE TO DETERMINE,UNABLE TO DETERMINE,50,S,CLARK ST,122,,,,,,,2,NO INDICATION OF INJURY,0,0,0,0,0,3,0,12,4,11,41.880758724,-87.631001309,POINT (-87.631001308878 41.88075872354)