RD_NO,CRASH_DATE_EST_I,CRASH_DATE,POSTED_SPEED_LIMIT,TRAFFIC_CONTROL_DEVICE,DEVICE_CONDITION,WEATHER_CONDITION,LIGHTING_CONDITION,FIRST_CRASH_TYPE,TRAFFICWAY_TYPE,LANE_CNT,ALIGNMENT,ROADWAY_SURFACE_COND,ROAD_DEFECT,REPORT_TYPE,CRASH_TYPE,INTERSECTION_RELATED_I,NOT_RIGHT_OF_WAY_I,HIT_AND_RUN_I,DAMAGE,DATE_POLICE_NOTIFIED,PRIM_CONTRIBUTORY_CAUSE,SEC_CONTRIBUTORY_CAUSE,STREET_NO,STREET_DIRECTION,STREET_NAME,BEAT_OF_OCCURRENCE,PHOTOS_TAKEN_I,STATEMENTS_TAKEN_I,DOORING_I,WORK_ZONE_I,WORK_ZONE_TYPE,WORKERS_PRESENT_I,NUM_UNITS,MOST_SEVERE_INJURY,INJURIES_TOTAL,INJURIES_FATAL,INJURIES_INCAPACITATING,INJURIES_NON_INCAPACITATING,INJURIES_REPORTED_NOT_EVIDENT,INJURIES_NO_INDICATION,INJURIES_UNKNOWN,CRASH_HOUR,CRASH_DAY_OF_WEEK,CRASH_MONTH,LATITUDE,LONGITUDE,LOCATION
JA494482,Y,11/01/2017 12:58:00 PM,30,NO CONTROLS,NO CONTROLS,CLEAR,DAYLIGHT,PARKED MOTOR VEHICLE,ONE-WAY,1,STRAIGHT AND LEVEL,DRY,NO DEFECTS,ON SCENE,NO INJURY / DRIVE AWAY,,,,"OVER $1,500",11/01/2017 12:59:00 PM,DRIVING SKILLS/KNOWLEDGE/EXPERIENCE,UNABLE TO DETERMINE,5411,N,WINTHROP AVE,2023,,,,,,,2,,,,,,,,,12,4,11,41.980381604,-87.657777478,POINT (-87.657777478297 41.980381604223)
JA494524,,11/01/2017 01:00:00 PM,30,TRAFFIC SIGNAL,NO CONTROLS,CLEAR,DAYLIGHT,REAR END,NOT DIVIDED,,STRAIGHT AND LEVEL,DRY,UNKNOWN,NOT ON SCENE (DESK REPORT),NO INJURY / DRIVE AWAY,,,,"$501 - $1,500",11/01/2017 02:18:00 PM,UNABLE TO DETERMINE,UNABLE TO DETERMINE,4201,W,LAKE ST,1114,,,,,,,2,NO INDICATION OF INJURY,0,0,0,0,0,4,0,13,4,11,41.885639561,-87.730860364,POINT (-87.730860364249 41.885639560928)
JA494419,,11/01/2017 01:00:00 PM,30,NO CONTROLS,NO CONTROLS,CLEAR,DAYLIGHT,REAR END,NOT DIVIDED,,STRAIGHT AND LEVEL,DRY,NO DEFECTS,ON SCENE,NO INJURY / DRIVE AWAY,,,,"OVER $1,500",11/01/2017 01:00:00 PM,UNABLE TO DETERMINE,NOT APPLICABLE,2941,N,AUSTIN AVE,2514,,,,,,,2,NO INDICATION OF INJURY,0,0,0,0,0,2,0,13,4,11,41.934194167,-87.775921765,POINT (-87.775921764607 41.934194167111)
JA496572,,11/01/2017 01:00:00 PM,30,NO CONTROLS,NO CONTROLS,CLEAR,DAYLIGHT,FIXED OBJECT,NOT DIVIDED,2,STRAIGHT AND LEVEL,DRY,NO DEFECTS,NOT ON SCENE (DESK REPORT),NO INJURY / DRIVE AWAY,,,,"$501 - $1,500",11/02/2017 09:10:00 PM,UNABLE TO DETERMINE,UNABLE TO DETERMINE,4545,W,DIVISION ST,1111,,,,,,,1,NO INDICATION OF INJURY,0,0,0,0,0,1,0,13,4,11,41.902331663,-87.740458945,POINT (-87.740458944852 41.902331662978)
JA494434,,11/01/2017 01:00:00 PM,30,NO CONTROLS,NO CONTROLS,CLOUDY/OVERCAST,DAYLIGHT,PEDESTRIAN,ONE-WAY,3,STRAIGHT AND LEVEL,WET,NO DEFECTS,ON SCENE,INJURY AND / OR TOW DUE TO CRASH,,,,$500 OR LESS,11/01/2017 01:15:00 PM,IMPROPER BACKING,UNABLE TO DETERMINE,174,W,RANDOLPH ST,122,,,,,,,2,NONINCAPACITATING INJURY,2,0,0,2,0,0,0,13,4,11,41.88458105,-87.633296986,POINT (-87.633296985646 41.884581049686)
JA498423,,11/01/2017 01:00:00 PM,0,NO CONTROLS,NO CONTROLS,CLEAR,DAYLIGHT,PARKED MOTOR VEHICLE,PARKING LOT,0,STRAIGHT AND LEVEL,DRY,NO DEFECTS,NOT ON SCENE (DESK REPORT),NO INJURY / DRIVE AWAY,,Y,Y,"$501 - $1,500",11/04/2017 11:00:00 AM,UNABLE TO DETERMINE,NOT APPLICABLE,1001,W,NORTH AVE,1822,,,,,,,2,NO INDICATION OF INJURY,0,0,0,0,0,1,0,13,4,11,41.910729292,-87.653152622,POINT (-87.653152621895 41.910729292099)
JA494490,,11/01/2017 01:05:00 PM,30,TRAFFIC SIGNAL,FUNCTIONING PROPERLY,CLOUDY/OVERCAST,DAYLIGHT,REAR END,NOT DIVIDED,4,STRAIGHT AND LEVEL,DRY,NO DEFECTS,ON SCENE,NO INJURY / DRIVE AWAY,,,Y,"OVER $1,500",11/01/2017 01:42:00 PM,IMPROPER BACKING,UNABLE TO DETERMINE,5500,W,FOSTER AVE,1623,,,,,,,2,NO INDICATION OF INJURY,0,0,0,0,0,2,0,13,4,11,41.975206859,-87.765930132,POINT (-87.765930131693 41.975206858981)
JA494450,,11/01/2017 01:05:00 PM,30,TRAFFIC SIGNAL,FUNCTIONING PROPERLY,CLOUDY/OVERCAST,DAYLIGHT,REAR END,NOT DIVIDED,2,STRAIGHT AND LEVEL,DRY,NO DEFECTS,NOT ON SCENE (DESK REPORT),NO INJURY / DRIVE AWAY,,,,"OVER $1,500",11/01/2017 01:26:00 PM,FOLLOWING TOO CLOSELY,NOT APPLICABLE,4399,N,NARRAGANSETT AVE,1624,,,,,,,2,NO INDICATION OF INJURY,0,0,0,0,0,3,0,13,4,11,41.96013229,-87.786655249,POINT (-87.786655249218 41.960132289746)
JA494464,,11/01/2017 01:15:00 PM,15,NO CONTROLS,NO CONTROLS,CLEAR,DAYLIGHT,ANGLE,PARKING LOT,0,STRAIGHT AND LEVEL,DRY,NO DEFECTS,NOT ON SCENE (DESK REPORT),NO INJURY / DRIVE AWAY,,Y,,"$501 - $1,500",11/01/2017 01:30:00 PM,FAILING TO YIELD RIGHT-OF-WAY,NOT APPLICABLE,2801,N,NARRAGANSETT AVE,2511,,,,,,,2,NO INDICATION OF INJURY,0,0,0,0,0,2,0,13,4,11,41.931095597,-87.785544899,POINT (-87.785544899041 41.931095596833)
JA494579,,11/01/2017 01:15:00 PM,30,TRAFFIC SIGNAL,FUNCTIONING PROPERLY,CLEAR,DAYLIGHT,REAR END,DIVIDED - W/MEDIAN (NOT RAISED),4,STRAIGHT AND LEVEL,DRY,NO DEFECTS,NOT ON SCENE (DESK REPORT),NO INJURY / DRIVE AWAY,,,,$500 OR LESS,11/01/2017 02:20:00 PM,UNABLE TO DETERMINE,UNABLE TO DETERMINE,7250,S,KEDZIE AVE,831,,,,,,,2,NO INDICATION OF INJURY,0,0,0,0,0,2,0,13,4,11,41.761066934,-87.702864638,POINT (-87.702864637605 41.761066934459)
JA494476,,11/01/2017 01:15:00 PM,5,NO CONTROLS,NO CONTROLS,CLEAR,DAYLIGHT,PARKED MOTOR VEHICLE,OTHER,0,STRAIGHT AND LEVEL,DRY,NO DEFECTS,ON SCENE,NO INJURY / DRIVE AWAY,,Y,,"$501 - $1,500",11/01/2017 01:30:00 PM,DRIVING SKILLS/KNOWLEDGE/EXPERIENCE,UNABLE TO DETERMINE,2000,E,87TH ST,412,,,,,,,3,NO INDICATION OF INJURY,0,0,0,0,0,1,0,13,4,11,41.737166585,-87.575660632,POINT (-87.575660632484 41.737166584514)
JA494504,,11/01/2017 01:20:00 PM,25,NO CONTROLS,FUNCTIONING IMPROPERLY,CLOUDY/OVERCAST,DAYLIGHT,HEAD ON,DRIVEWAY,,STRAIGHT AND LEVEL,DRY,NO DEFECTS,ON SCENE,NO INJURY / DRIVE AWAY,,,,$500 OR LESS,11/01/2017 01:35:00 PM,IMPROPER BACKING,NOT APPLICABLE,3000,S,SACRAMENTO AVE,1033,,,,,,,2,NO INDICATION OF INJURY,0,0,0,0,0,2,0,13,4,11,41.838956926,-87.700119539,POINT (-87.700119538934 41.838956925967)
JA494472,,11/01/2017 01:25:00 PM,15,NO CONTROLS,NO CONTROLS,CLEAR,DAYLIGHT,REAR END,PARKING LOT,,STRAIGHT ON GRADE,DRY,NO DEFECTS,ON SCENE,NO INJURY / DRIVE AWAY,,Y,Y,"$501 - $1,500",11/01/2017 01:29:00 PM,IMPROPER BACKING,NOT APPLICABLE,6224,S,ASHLAND AVE,714,,,,,,,2,NO INDICATION OF INJURY,0,0,0,0,0,3,0,13,4,11,41.780519487,-87.664392859,POINT (-87.664392859317 41.780519486626)
JA495197,,11/01/2017 01:30:00 PM,30,NO CONTROLS,NO CONTROLS,CLEAR,"DARKNESS, LIGHTED ROAD",ANGLE,NOT DIVIDED,,STRAIGHT AND LEVEL,DRY,NO DEFECTS,NOT ON SCENE (DESK REPORT),NO INJURY / DRIVE AWAY,,,,"$501 - $1,500",11/01/2017 10:00:00 PM,UNABLE TO DETERMINE,NOT APPLICABLE,6331,S,WESTERN AVE,825,,,,,,,2,NO INDICATION OF INJURY,0,0,0,0,0,2,0,13,4,11,41.77822892,-87.683468605,POINT (-87.683468604901 41.77822892043)
JA494570,,11/01/2017 01:30:00 PM,30,NO CONTROLS,NO CONTROLS,CLEAR,DAYLIGHT,ANGLE,NOT DIVIDED,,STRAIGHT AND LEVEL,DRY,NO DEFECTS,NOT ON SCENE (DESK REPORT),NO INJURY / DRIVE AWAY,,,,"$501 - $1,500",11/01/2017 03:00:00 PM,UNABLE TO DETERMINE,UNABLE TO DETERMINE,1000,E,79TH ST,624,,,,,,,2,NO INDICATION OF INJURY,0,0,0,0,0,2,0,13,4,11,41.751448409,-87.600279177,POINT (-87.600279176566 41.751448408655)
JA494552,,11/01/2017 01:34:00 PM,30,NO CONTROLS,NO CONTROLS,CLEAR,DAYLIGHT,ANGLE,DIVIDED - W/MEDIAN BARRIER,,STRAIGHT AND LEVEL,DRY,NO DEFECTS,ON SCENE,NO INJURY / DRIVE AWAY,,,Y,"$501 - $1,500",11/01/2017 02:15:00 PM,FAILING TO YIELD RIGHT-OF-WAY,NOT APPLICABLE,5215,S,CICERO AVE,815,,,,,,,2,NO INDICATION OF INJURY,0,0,0,0,0,2,0,13,4,11,41.798173577,-87.742763431,POINT (-87.742763430624 41.798173576636)
JA494551,,11/01/2017 01:35:00 PM,30,TRAFFIC SIGNAL,FUNCTIONING PROPERLY,CLEAR,DAYLIGHT,TURNING,DIVIDED - W/MEDIAN BARRIER,,STRAIGHT AND LEVEL,DRY,NO DEFECTS,NOT ON SCENE (DESK REPORT),INJURY AND / OR TOW DUE TO CRASH,Y,,,"OVER $1,500",11/01/2017 02:25:00 PM,UNABLE TO DETERMINE,UNABLE TO DETERMINE,430,S,STATE ST,113,,,,,,,2,"REPORTED, NOT EVIDENT",1,0,0,0,1,1,0,13,4,11,41.876165687,-87.627778921,POINT (-87.627778921359 41.876165686844)
JA494486,,11/01/2017 01:40:00 PM,30,NO CONTROLS,NO CONTROLS,CLOUDY/OVERCAST,DAYLIGHT,SIDESWIPE SAME DIRECTION,NOT DIVIDED,2,STRAIGHT AND LEVEL,DRY,NO DEFECTS,NOT ON SCENE (DESK REPORT),NO INJURY / DRIVE AWAY,,,,"$501 - $1,500",11/01/2017 01:45:00 PM,FAILING TO YIELD RIGHT-OF-WAY,NOT APPLICABLE,6302,S,ARTESIAN AVE,825,,,,,,,2,NO INDICATION OF INJURY,0,0,0,0,0,4,0,13,4,11,41.779090575,-87.68500487,POINT (-87.685004869666 41.779090575233)
JA494518,,11/01/2017 01:45:00 PM,30,TRAFFIC SIGNAL,FUNCTIONING PROPERLY,CLEAR,DAYLIGHT,TURNING,DIVIDED - W/MEDIAN (NOT RAISED),,STRAIGHT AND LEVEL,DRY,NO DEFECTS,NOT ON SCENE (DESK REPORT),NO INJURY / DRIVE AWAY,,,,"OVER $1,500",11/01/2017 02:00:00 PM,FAILING TO YIELD RIGHT-OF-WAY,FAILING TO YIELD RIGHT-OF-WAY,855,W,87TH ST,2222,,,,,,,2,NO INDICATION OF INJURY,0,0,0,0,0,3,0,13,4,11,41.735932372,-87.64580479,POINT (-87.645804790227 41.735932372267)
JA494529,,11/01/2017 01:50:00 PM,30,TRAFFIC SIGNAL,FUNCTIONING PROPERLY,CLEAR,DAYLIGHT,SIDESWIPE SAME DIRECTION,NOT DIVIDED,,STRAIGHT AND LEVEL,DRY,NO DEFECTS,NOT ON SCENE (DESK REPORT),NO INJURY / DRIVE AWAY,,,,"$501 - $1,500",11/01/2017 02:10:00 PM,UNABLE TO DETERMINE,NOT APPLICABLE,4967,N,MILWAUKEE AVE,1623,,,,,,,2,NO INDICATION OF INJURY,0,0,0,0,0,2,0,13,4,11,41.971224641,-87.763565808,POINT (-87.763565807602 41.971224640766)
JA494572,,11/01/2017 01:50:00 PM,25,NO CONTROLS,NO CONTROLS,CLEAR,DAYLIGHT,ANGLE,ONE-WAY,,STRAIGHT AND LEVEL,DRY,NO DEFECTS,NOT ON SCENE (DESK REPORT),NO INJURY / DRIVE AWAY,,,,"OVER $1,500",11/01/2017 02:30:00 PM,UNABLE TO DETERMINE,NOT APPLICABLE,4015,N,MC VICKER AVE,1624,,,,,,,2,NO INDICATION OF INJURY,0,0,0,0,0,2,0,13,4,11,41.953523312,-87.77786935,POINT (-87.77786934999 41.953523312064)
JA494516,,11/01/2017 01:52:00 PM,30,NO CONTROLS,NO CONTROLS,CLEAR,DAYLIGHT,PARKED MOTOR VEHICLE,PARKING LOT,,STRAIGHT AND LEVEL,DRY,NO DEFECTS,ON SCENE,INJURY AND / OR TOW DUE TO CRASH,,,Y,"OVER $1,500",11/01/2017 01:57:00 PM,UNABLE TO DETERMINE,NOT APPLICABLE,1625,W,IRVING PARK RD,1922,,,,,,,2,NO INDICATION OF INJURY,0,0,0,0,0,1,0,13,4,11,41.954165368,-87.670127842,POINT (-87.670127842486 41.954165368384)
JA494522,,11/01/2017 01:59:00 PM,30,TRAFFIC SIGNAL,FUNCTIONING PROPERLY,CLEAR,DAYLIGHT,TURNING,DIVIDED - W/MEDIAN (NOT RAISED),,STRAIGHT AND LEVEL,DRY,NO DEFECTS,ON SCENE,NO INJURY / DRIVE AWAY,Y,,,"$501 - $1,500",11/01/2017 01:59:00 PM,IMPROPER LANE USAGE,DRIVING SKILLS/KNOWLEDGE/EXPERIENCE,5355,S,WESTERN BLVD,932,,,,,,,2,NO INDICATION OF INJURY,0,0,0,0,0,2,0,13,4,11,41.795943131,-87.683380468,POINT (-87.683380467887 41.79594313121)
JA494571,,11/01/2017 02:00:00 PM,45,NO CONTROLS,NO CONTROLS,CLEAR,DAYLIGHT,SIDESWIPE SAME DIRECTION,DIVIDED - W/MEDIAN BARRIER,8,STRAIGHT AND LEVEL,UNKNOWN,UNKNOWN,NOT ON SCENE (DESK REPORT),NO INJURY / DRIVE AWAY,,,,"$501 - $1,500",11/01/2017 02:47:00 PM,IMPROPER LANE USAGE,IMPROPER LANE USAGE,808,N,LAKE SHORE DR,1833,,,,,,,2,NO INDICATION OF INJURY,0,0,0,0,0,4,0,14,4,11,41.897044234,-87.617358252,POINT (-87.617358252035 41.897044233767)
JA494537,,11/01/2017 02:00:00 PM,30,NO CONTROLS,NO CONTROLS,CLOUDY/OVERCAST,DAYLIGHT,ANGLE,PARKING LOT,,STRAIGHT AND LEVEL,DRY,NO DEFECTS,NOT ON SCENE (DESK REPORT),NO INJURY / DRIVE AWAY,,,,"$501 - $1,500",11/01/2017 02:20:00 PM,FAILING TO YIELD RIGHT-OF-WAY,NOT APPLICABLE,5109,S,PULASKI RD,822,,,,,,,2,NO INDICATION OF INJURY,0,0,0,0,0,2,0,14,4,11,41.800091534,-87.723213612,POINT (-87.723213611533 41.800091534442)
JA504837,,11/01/2017 02:00:00 PM,20,NO CONTROLS,NO CONTROLS,CLEAR,DAYLIGHT,PARKED MOTOR VEHICLE,ONE-WAY,,STRAIGHT AND LEVEL,UNKNOWN,NO DEFECTS,NOT ON SCENE (DESK REPORT),NO INJURY / DRIVE AWAY,,,,"$501 - $1,500",11/09/2017 09:45:00 AM,FAILING TO YIELD RIGHT-OF-WAY,NOT APPLICABLE,4144,W,NEWPORT AVE,1731,,,,,,,2,NO INDICATION OF INJURY,0,0,0,0,0,1,0,14,4,11,41.944044785,-87.730956964,POINT (-87.730956964007 41.944044784773)
JA494566,Y,11/01/2017 02:15:00 PM,30,NO CONTROLS,NO CONTROLS,CLEAR,DAYLIGHT,REAR END,NOT DIVIDED,,STRAIGHT AND LEVEL,DRY,NO DEFECTS,NOT ON SCENE (DESK REPORT),NO INJURY / DRIVE AWAY,,,,"$501 - $1,500",11/01/2017 02:58:00 PM,FOLLOWING TOO CLOSELY,NOT APPLICABLE,7348,N,CLARK ST,2424,,,,,,,2,NO INDICATION OF INJURY,0,0,0,0,0,2,0,14,4,11,42.015178432,-87.675209305,POINT (-87.675209305373 42.015178432322)
JA494595,,11/01/2017 02:20:00 PM,30,TRAFFIC SIGNAL,FUNCTIONING PROPERLY,RAIN,DAYLIGHT,REAR END,DIVIDED - W/MEDIAN (NOT RAISED),,STRAIGHT AND LEVEL,WET,NO DEFECTS,ON SCENE,INJURY AND / OR TOW DUE TO CRASH,,,,"OVER $1,500",11/01/2017 02:24:00 PM,FAILING TO REDUCE SPEED TO AVOID CRASH,DRIVING SKILLS/KNOWLEDGE/EXPERIENCE,11840,S,WESTERN AVE,2212,,,,,,,2,NONINCAPACITATING INJURY,2,0,0,2,0,1,0,14,4,11,41.677804667,-87.680866351,POINT (-87.680866351306 41.677804666782)
JA494607,,11/01/2017 02:26:00 PM,35,UNKNOWN,UNKNOWN,CLOUDY/OVERCAST,DAYLIGHT,REAR END,NOT DIVIDED,2,STRAIGHT AND LEVEL,DRY,NO DEFECTS,,INJURY AND / OR TOW DUE TO CRASH,,,Y,"OVER $1,500",11/01/2017 03:00:00 PM,UNABLE TO DETERMINE,UNABLE TO DETERMINE,4759,W,WASHINGTON BLVD,1113,,,,,,,2,NONINCAPACITATING INJURY,1,0,0,1,0,1,0,14,4,11,41.881706606,-87.745217073,POINT (-87.745217073369 41.881706605804)
JA494864,,11/01/2017 02:30:00 PM,30,NO CONTROLS,NO CONTROLS,CLEAR,DAYLIGHT,REAR END,NOT DIVIDED,,STRAIGHT AND LEVEL,DRY,NO DEFECTS,NOT ON SCENE (DESK REPORT),NO INJURY / DRIVE AWAY,,,,"OVER $1,500",11/01/2017 06:10:00 PM,FOLLOWING TOO CLOSELY,FOLLOWING TOO CLOSELY,2300,W,AUGUSTA BLVD,1212,,,,,,,2,NO INDICATION OF INJURY,0,0,0,0,0,2,0,14,4,11,41.899528634,-87.684613132,POINT (-87.684613131504 41.899528633581)
JA494665,,11/01/2017 02:30:00 PM,35,NO CONTROLS,NO CONTROLS,RAIN,DAYLIGHT,TURNING,DIVIDED - W/MEDIAN (NOT RAISED),,STRAIGHT AND LEVEL,WET,NO DEFECTS,ON SCENE,INJURY AND / OR TOW DUE TO CRASH,,,,"$501 - $1,500",11/01/2017 03:30:00 PM,UNABLE TO DETERMINE,NOT APPLICABLE,5546,W,55TH ST,814,,,,,,,2,NONINCAPACITATING INJURY,2,0,0,2,0,1,0,14,4,11,41.792854743,-87.761738499,POINT (-87.761738499083 41.792854743243)
JA494824,,11/01/2017 02:30:00 PM,35,UNKNOWN,UNKNOWN,CLEAR,DAYLIGHT,REAR END,DIVIDED - W/MEDIAN BARRIER,,STRAIGHT AND LEVEL,DRY,NO DEFECTS,NOT ON SCENE (DESK REPORT),NO INJURY / DRIVE AWAY,,,,$500 OR LESS,11/01/2017 05:45:00 PM,FOLLOWING TOO CLOSELY,NOT APPLICABLE,5621,W,MADISON ST,1513,,,,,,,2,NO INDICATION OF INJURY,0,0,0,0,0,2,0,14,4,11,41.880122969,-87.765758533,POINT (-87.765758532794 41.880122969054)
JA494653,,11/01/2017 02:30:00 PM,30,NO CONTROLS,NO CONTROLS,CLEAR,DAYLIGHT,SIDESWIPE SAME DIRECTION,DIVIDED - W/MEDIAN (NOT RAISED),,STRAIGHT AND LEVEL,DRY,NO DEFECTS,NOT ON SCENE (DESK REPORT),INJURY AND / OR TOW DUE TO CRASH,,,,"$501 - $1,500",11/01/2017 03:30:00 PM,FAILING TO YIELD RIGHT-OF-WAY,NOT APPLICABLE,6420,S,KEDZIE AVE,823,,,,,,,2,INCAPACITATING INJURY,1,0,1,0,0,2,0,14,4,11,41.776411336,-87.70322589,POINT (-87.703225889796 41.776411335959)
JA494577,,11/01/2017 02:30:00 PM,30,NO CONTROLS,NO CONTROLS,CLEAR,DAYLIGHT,ANGLE,DIVIDED - W/MEDIAN (NOT RAISED),2,STRAIGHT AND LEVEL,DRY,NO DEFECTS,NOT ON SCENE (DESK REPORT),NO INJURY / DRIVE AWAY,,,,"OVER $1,500",11/01/2017 03:00:00 PM,FAILING TO YIELD RIGHT-OF-WAY,NOT APPLICABLE,1540,W,LAWRENCE AVE,2032,,,,,,,2,NO INDICATION OF INJURY,0,0,0,0,0,2,0,14,4,11,41.968985094,-87.669256901,POINT (-87.66925690051 41.968985093679)
JA494610,,11/01/2017 02:35:00 PM,30,TRAFFIC SIGNAL,FUNCTIONING PROPERLY,CLEAR,DAYLIGHT,SIDESWIPE SAME DIRECTION,DIVIDED - W/MEDIAN (NOT RAISED),2,STRAIGHT AND LEVEL,DRY,NO DEFECTS,NOT ON SCENE (DESK REPORT),NO INJURY / DRIVE AWAY,Y,,,"$501 - $1,500",11/01/2017 03:00:00 PM,IMPROPER OVERTAKING/PASSING,UNABLE TO DETERMINE,2,E,107TH ST,512,,,,,,,2,NO INDICATION OF INJURY,0,0,0,0,0,2,0,14,4,11,41.699981175,-87.623256753,POINT (-87.623256753207 41.699981174545)
JA494765,,11/01/2017 02:35:00 PM,30,TRAFFIC SIGNAL,FUNCTIONING PROPERLY,RAIN,DAYLIGHT,REAR END,DIVIDED - W/MEDIAN (NOT RAISED),4,STRAIGHT AND LEVEL,WET,NO DEFECTS,ON SCENE,NO INJURY / DRIVE AWAY,,,Y,"OVER $1,500",11/01/2017 03:00:00 PM,FAILING TO REDUCE SPEED TO AVOID CRASH,UNABLE TO DETERMINE,11102,S,PULASKI RD,2211,,,,,,,2,NO INDICATION OF INJURY,0,0,0,0,0,2,0,14,4,11,41.691052662,-87.720453742,POINT (-87.720453742212 41.691052662019)
JA494601,,11/01/2017 02:36:00 PM,30,NO CONTROLS,NO CONTROLS,CLEAR,DAYLIGHT,REAR END,NOT DIVIDED,4,STRAIGHT AND LEVEL,DRY,NO DEFECTS,ON SCENE,NO INJURY / DRIVE AWAY,,,,"$501 - $1,500",11/01/2017 02:38:00 PM,FOLLOWING TOO CLOSELY,NOT APPLICABLE,3208,S,DAMEN AVE,912,,,,Y,CONSTRUCTION,,2,NO INDICATION OF INJURY,0,0,0,0,0,2,0,14,4,11,41.835541872,-87.675559638,POINT (-87.675559638003 41.835541872306)
JA494627,,11/01/2017 02:46:00 PM,30,TRAFFIC SIGNAL,FUNCTIONING PROPERLY,CLEAR,DAYLIGHT,SIDESWIPE SAME DIRECTION,ONE-WAY,2,STRAIGHT AND LEVEL,DRY,NO DEFECTS,NOT ON SCENE (DESK REPORT),NO INJURY / DRIVE AWAY,,,,"OVER $1,500",11/01/2017 03:38:00 PM,FAILING TO YIELD RIGHT-OF-WAY,NOT APPLICABLE,24,E,RANDOLPH ST,111,,,,,,,2,NO INDICATION OF INJURY,0,0,0,0,0,2,0,14,4,11,41.884603292,-87.627044446,POINT (-87.627044445847 41.884603291717)
JA494621,,11/01/2017 02:50:00 PM,30,TRAFFIC SIGNAL,FUNCTIONING PROPERLY,CLOUDY/OVERCAST,DAYLIGHT,TURNING,DIVIDED - W/MEDIAN (NOT RAISED),5,STRAIGHT AND LEVEL,DRY,NO DEFECTS,ON SCENE,INJURY AND / OR TOW DUE TO CRASH,Y,,,"OVER $1,500",11/01/2017 02:55:00 PM,FAILING TO REDUCE SPEED TO AVOID CRASH,FAILING TO YIELD RIGHT-OF-WAY,2355,N,CICERO AVE,2522,,,,,,,2,NONINCAPACITATING INJURY,1,0,0,1,0,1,0,14,4,11,41.924078719,-87.746149569,POINT (-87.746149569276 41.924078718934)
JA494663,,11/01/2017 02:50:00 PM,30,TRAFFIC SIGNAL,FUNCTIONING PROPERLY,CLEAR,DAYLIGHT,REAR END,NOT DIVIDED,,STRAIGHT AND LEVEL,DRY,NO DEFECTS,NOT ON SCENE (DESK REPORT),NO INJURY / DRIVE AWAY,Y,,,"$501 - $1,500",11/01/2017 04:00:00 PM,DISTRACTION - FROM INSIDE VEHICLE,NOT APPLICABLE,3958,W,FULLERTON AVE,2524,,,,,,,2,NO INDICATION OF INJURY,0,0,0,0,0,3,0,14,4,11,41.924594566,-87.72671052,POINT (-87.726710520322 41.924594566385)
JA496106,,11/01/2017 03:00:00 PM,30,NO CONTROLS,NO CONTROLS,CLEAR,DAYLIGHT,ANGLE,NOT DIVIDED,4,STRAIGHT AND LEVEL,DRY,NO DEFECTS,NOT ON SCENE (DESK REPORT),NO INJURY / DRIVE AWAY,,,,"OVER $1,500",11/02/2017 03:50:00 PM,UNABLE TO DETERMINE,UNABLE TO DETERMINE,301,W,47TH ST,935,,,,,,,2,NO INDICATION OF INJURY,0,0,0,0,0,2,0,15,4,11,41.80896596,-87.633435625,POINT (-87.633435624529 41.808965959624)
JA494684,,11/01/2017 03:00:00 PM,30,NO CONTROLS,NO CONTROLS,CLEAR,DAYLIGHT,FIXED OBJECT,ONE-WAY,,STRAIGHT AND LEVEL,DRY,NO DEFECTS,NOT ON SCENE (DESK REPORT),NO INJURY / DRIVE AWAY,,,,$500 OR LESS,11/01/2017 04:17:00 PM,UNABLE TO DETERMINE,NOT APPLICABLE,2502,W,IOWA ST,1211,,,,,,,1,NO INDICATION OF INJURY,0,0,0,0,0,1,0,15,4,11,41.897643044,-87.689494039,POINT (-87.689494039295 41.897643043845)
JA494619,Y,11/01/2017 03:00:00 PM,30,LANE USE MARKING,NO CONTROLS,RAIN,DAYLIGHT,PARKED MOTOR VEHICLE,DIVIDED - W/MEDIAN (NOT RAISED),4,STRAIGHT ON GRADE,WET,NO DEFECTS,ON SCENE,NO INJURY / DRIVE AWAY,,,Y,$500 OR LESS,11/01/2017 03:14:00 PM,EXCEEDING AUTHORIZED SPEED LIMIT,EXCEEDING AUTHORIZED SPEED LIMIT,1857,W,95TH ST,2213,,,,,,,2,NO INDICATION OF INJURY,0,0,0,0,0,1,0,15,4,11,41.721008472,-87.669614277,POINT (-87.669614276809 41.72100847248)
JA494599,,11/01/2017 03:00:00 PM,30,TRAFFIC SIGNAL,FUNCTIONING PROPERLY,CLOUDY/OVERCAST,DAYLIGHT,PEDALCYCLIST,NOT DIVIDED,2,STRAIGHT AND LEVEL,DRY,NO DEFECTS,NOT ON SCENE (DESK REPORT),NO INJURY / DRIVE AWAY,,,,$500 OR LESS,11/01/2017 03:15:00 PM,FAILING TO YIELD RIGHT-OF-WAY,NOT APPLICABLE,5900,S,SACRAMENTO AVE,824,,,,,,,2,NO INDICATION OF INJURY,0,0,0,0,0,2,0,15,4,11,41.786233554,-87.698614966,POINT (-87.698614965707 41.786233554412)
JA502720,,11/01/2017 03:00:00 PM,30,NO CONTROLS,NO CONTROLS,RAIN,DAYLIGHT,ANGLE,PARKING LOT,1,STRAIGHT AND LEVEL,WET,NO DEFECTS,NOT ON SCENE (DESK REPORT),NO INJURY / DRIVE AWAY,,,,"OVER $1,500",11/07/2017 03:40:00 PM,IMPROPER BACKING,NOT APPLICABLE,7900,S,WESTERN AVE,835,,,,,,,2,NO INDICATION OF INJURY,0,0,0,0,0,2,0,15,4,11,41.750054934,-87.682992203,POINT (-87.682992202902 41.75005493365)