RD_NO,CRASH_DATE_EST_I,CRASH_DATE,POSTED_SPEED_LIMIT,TRAFFIC_CONTROL_DEVICE,DEVICE_CONDITION,WEATHER_CONDITION,LIGHTING_CONDITION,FIRST_CRASH_TYPE,TRAFFICWAY_TYPE,LANE_CNT,ALIGNMENT,ROADWAY_SURFACE_COND,ROAD_DEFECT,REPORT_TYPE,CRASH_TYPE,INTERSECTION_RELATED_I,NOT_RIGHT_OF_WAY_I,HIT_AND_RUN_I,DAMAGE,DATE_POLICE_NOTIFIED,PRIM_CONTRIBUTORY_CAUSE,SEC_CONTRIBUTORY_CAUSE,STREET_NO,STREET_DIRECTION,STREET_NAME,BEAT_OF_OCCURRENCE,PHOTOS_TAKEN_I,STATEMENTS_TAKEN_I,DOORING_I,WORK_ZONE_I,WORK_ZONE_TYPE,WORKERS_PRESENT_I,NUM_UNITS,MOST_SEVERE_INJURY,INJURIES_TOTAL,INJURIES_FATAL,INJURIES_INCAPACITATING,INJURIES_NON_INCAPACITATING,INJURIES_REPORTED_NOT_EVIDENT,INJURIES_NO_INDICATION,INJURIES_UNKNOWN,CRASH_HOUR,CRASH_DAY_OF_WEEK,CRASH_MONTH,LATITUDE,LONGITUDE,LOCATION
JA494817,,11/01/2017 03:00:00 PM,30,TRAFFIC SIGNAL,FUNCTIONING PROPERLY,RAIN,DAYLIGHT,TURNING,NOT DIVIDED,4,STRAIGHT AND LEVEL,WET,UNKNOWN,NOT ON SCENE (DESK REPORT),NO INJURY / DRIVE AWAY,,,Y,"$501 - $1,500",11/01/2017 05:35:00 PM,FOLLOWING TOO CLOSELY,IMPROPER TURNING/NO SIGNAL,1633,W,111TH ST,2234,,,,,,,2,NO INDICATION OF INJURY,0,0,0,0,0,2,0,15,4,11,41.692003687,-87.6631894,POINT (-87.663189399863 41.692003687045)
JA511240,Y,11/01/2017 03:00:00 PM,25,STOP SIGN/FLASHER,UNKNOWN,UNKNOWN,UNKNOWN,OTHER OBJECT,ONE-WAY,1,STRAIGHT AND LEVEL,UNKNOWN,UNKNOWN,NOT ON SCENE (DESK REPORT),NO INJURY / DRIVE AWAY,N,,,"OVER $1,500",11/14/2017 10:10:00 AM,UNABLE TO DETERMINE,UNABLE TO DETERMINE,301,S,LOTUS AVE,1522,,,,,,,1,NO INDICATION OF INJURY,0,0,0,0,0,1,0,15,4,11,41.876528376,-87.761542608,POINT (-87.761542607527 41.876528376175)
JA494671,,11/01/2017 03:10:00 PM,30,NO CONTROLS,NO CONTROLS,CLOUDY/OVERCAST,DAYLIGHT,REAR END,NOT DIVIDED,2,STRAIGHT AND LEVEL,DRY,NO DEFECTS,ON SCENE,INJURY AND / OR TOW DUE TO CRASH,,,,"OVER $1,500",11/01/2017 03:30:00 PM,FAILING TO YIELD RIGHT-OF-WAY,FAILING TO YIELD RIGHT-OF-WAY,937,N,WILLARD CT,1213,,,,,,,2,NO INDICATION OF INJURY,0,0,0,0,0,2,0,15,4,11,41.899337342,-87.658444788,POINT (-87.658444787876 41.899337342098)
JA494622,,11/01/2017 03:15:00 PM,30,NO CONTROLS,NO CONTROLS,CLEAR,DAYLIGHT,SIDESWIPE OPPOSITE DIRECTION,RAMP,0,STRAIGHT AND LEVEL,DRY,NO DEFECTS,NOT ON SCENE (DESK REPORT),NO INJURY / DRIVE AWAY,,,N,"OVER $1,500",11/01/2017 03:33:00 PM,UNABLE TO DETERMINE,NOT APPLICABLE,1500,W,TAYLOR ST,1231,,,,,,,2,NO INDICATION OF INJURY,0,0,0,0,0,3,0,15,4,11,41.869409054,-87.66419709,POINT (-87.664197090165 41.869409054037)
JA494654,,11/01/2017 03:17:00 PM,30,TRAFFIC SIGNAL,FUNCTIONING PROPERLY,CLOUDY/OVERCAST,DAYLIGHT,REAR END,NOT DIVIDED,,STRAIGHT AND LEVEL,DRY,UNKNOWN,NOT ON SCENE (DESK REPORT),NO INJURY / DRIVE AWAY,,,,"$501 - $1,500",11/01/2017 03:51:00 PM,UNABLE TO DETERMINE,UNABLE TO DETERMINE,2799,W,ROOSEVELT RD,1023,,,,,,,2,NO INDICATION OF INJURY,0,0,0,0,0,2,0,15,4,11,41.866401671,-87.695844706,POINT (-87.695844706263 41.866401670828)
JA494752,,11/01/2017 03:20:00 PM,30,STOP SIGN/FLASHER,FUNCTIONING PROPERLY,CLEAR,DAYLIGHT,ANGLE,NOT DIVIDED,2,STRAIGHT AND LEVEL,DRY,NO DEFECTS,ON SCENE,INJURY AND / OR TOW DUE TO CRASH,Y,,Y,"OVER $1,500",11/01/2017 03:20:00 PM,DISREGARDING STOP SIGN,NOT APPLICABLE,2532,W,59TH ST,824,,Y,,,,,2,NONINCAPACITATING INJURY,2,0,0,2,0,1,0,15,4,11,41.78661272,-87.687562656,POINT (-87.687562655543 41.786612720057)
JA494840,,11/01/2017 03:20:00 PM,5,NO CONTROLS,NO CONTROLS,RAIN,UNKNOWN,PARKED MOTOR VEHICLE,PARKING LOT,,STRAIGHT AND LEVEL,WET,NO DEFECTS,NOT ON SCENE (DESK REPORT),NO INJURY / DRIVE AWAY,,Y,,"OVER $1,500",11/01/2017 05:40:00 PM,IMPROPER BACKING,UNABLE TO DETERMINE,1440,W,103RD ST,2213,,,,,,,2,NO INDICATION OF INJURY,0,0,0,0,0,1,0,15,4,11,41.706853083,-87.658874063,POINT (-87.658874063172 41.706853083008)
JA494648,,11/01/2017 03:25:00 PM,30,NO CONTROLS,NO CONTROLS,RAIN,DAYLIGHT,TURNING,CENTER TURN LANE,4,STRAIGHT AND LEVEL,WET,NO DEFECTS,ON SCENE,INJURY AND / OR TOW DUE TO CRASH,N,,,"OVER $1,500",11/01/2017 03:26:00 PM,EXCEEDING SAFE SPEED FOR CONDITIONS,UNABLE TO DETERMINE,847,W,87TH ST,2222,,,,,,,2,NONINCAPACITATING INJURY,1,0,0,1,0,1,0,15,4,11,41.735939362,-87.645333175,POINT (-87.645333174981 41.735939361672)
JA494739,,11/01/2017 03:25:00 PM,20,NO CONTROLS,NO CONTROLS,CLEAR,DAYLIGHT,PARKED MOTOR VEHICLE,NOT DIVIDED,,STRAIGHT AND LEVEL,DRY,NO DEFECTS,NOT ON SCENE (DESK REPORT),NO INJURY / DRIVE AWAY,,,,"$501 - $1,500",11/01/2017 04:45:00 PM,UNABLE TO DETERMINE,UNABLE TO DETERMINE,5851,S,STONY ISLAND AVE,331,,,,,,,2,NO INDICATION OF INJURY,0,0,0,0,0,1,0,15,4,11,41.788206599,-87.586495285,POINT (-87.586495284774 41.78820659928)
JA495518,,11/01/2017 03:25:00 PM,30,NO CONTROLS,NO CONTROLS,CLEAR,DAYLIGHT,REAR END,NOT DIVIDED,4,STRAIGHT AND LEVEL,DRY,NO DEFECTS,NOT ON SCENE (DESK REPORT),NO INJURY / DRIVE AWAY,,,,"OVER $1,500",11/02/2017 08:45:00 AM,FOLLOWING TOO CLOSELY,NOT APPLICABLE,72,W,FULLERTON DR,1935,,,,,,,2,NO INDICATION OF INJURY,0,0,0,0,0,3,0,15,4,11,41.926218686,-87.631371956,POINT (-87.631371955684 41.926218685605)
JA494730,,11/01/2017 03:30:00 PM,30,TRAFFIC SIGNAL,FUNCTIONING PROPERLY,RAIN,DAYLIGHT,SIDESWIPE SAME DIRECTION,DIVIDED - W/MEDIAN (NOT RAISED),4,STRAIGHT AND LEVEL,WET,NO DEFECTS,NOT ON SCENE (DESK REPORT),NO INJURY / DRIVE AWAY,,,,"OVER $1,500",11/01/2017 04:45:00 PM,FAILING TO YIELD RIGHT-OF-WAY,UNABLE TO DETERMINE,3007,W,BELMONT AVE,1411,,,,,,,2,NO INDICATION OF INJURY,0,0,0,0,0,2,0,15,4,11,41.939252229,-87.703021434,POINT (-87.703021434023 41.939252229105)
JA497279,,11/01/2017 03:30:00 PM,25,NO CONTROLS,NO CONTROLS,UNKNOWN,DAYLIGHT,PEDALCYCLIST,NOT DIVIDED,,STRAIGHT AND LEVEL,UNKNOWN,NO DEFECTS,NOT ON SCENE (DESK REPORT),INJURY AND / OR TOW DUE TO CRASH,,,,$500 OR LESS,11/03/2017 02:00:00 PM,UNABLE TO DETERMINE,UNABLE TO DETERMINE,1830,W,WILSON AVE,1912,,,Y,,,,2,NONINCAPACITATING INJURY,1,0,0,1,0,1,0,15,4,11,41.96525043,-87.675950174,POINT (-87.675950174225 41.965250429709)
JA494697,,11/01/2017 03:30:00 PM,30,NO CONTROLS,NO CONTROLS,RAIN,DAYLIGHT,PARKED MOTOR VEHICLE,NOT DIVIDED,,STRAIGHT AND LEVEL,WET,NO DEFECTS,ON SCENE,NO INJURY / DRIVE AWAY,,,,"$501 - $1,500",11/01/2017 03:30:00 PM,UNABLE TO DETERMINE,UNABLE TO DETERMINE,2330,S,WENTWORTH AVE,914,,,,,,,2,NO INDICATION OF INJURY,0,0,0,0,0,1,0,15,4,11,41.850107669,-87.632099944,POINT (-87.632099943834 41.850107668657)
JA494696,,11/01/2017 03:30:00 PM,30,NO CONTROLS,NO CONTROLS,CLOUDY/OVERCAST,DAYLIGHT,REAR END,NOT DIVIDED,2,STRAIGHT AND LEVEL,WET,UNKNOWN,NOT ON SCENE (DESK REPORT),NO INJURY / DRIVE AWAY,,,,"OVER $1,500",11/01/2017 04:20:00 PM,FOLLOWING TOO CLOSELY,UNABLE TO DETERMINE,2901,W,FOSTER AVE,2031,,,,,,,2,NO INDICATION OF INJURY,0,0,0,0,0,2,0,15,4,11,41.975688732,-87.701427607,POINT (-87.701427606531 41.975688732294)
JA494777,,11/01/2017 03:30:00 PM,30,STOP SIGN/FLASHER,FUNCTIONING PROPERLY,RAIN,DAYLIGHT,ANGLE,DIVIDED - W/MEDIAN (NOT RAISED),,STRAIGHT AND LEVEL,WET,NO DEFECTS,NOT ON SCENE (DESK REPORT),NO INJURY / DRIVE AWAY,,,,"OVER $1,500",11/01/2017 04:20:00 PM,DRIVING SKILLS/KNOWLEDGE/EXPERIENCE,UNABLE TO DETERMINE,8800,S,SAGINAW AVE,423,,,,,,,2,NO INDICATION OF INJURY,0,0,0,0,0,2,0,15,4,11,41.735358317,-87.559829886,POINT (-87.559829886455 41.735358316932)
JA494704,,11/01/2017 03:30:00 PM,30,TRAFFIC SIGNAL,FUNCTIONING PROPERLY,CLEAR,DAYLIGHT,SIDESWIPE SAME DIRECTION,NOT DIVIDED,2,STRAIGHT AND LEVEL,DRY,NO DEFECTS,NOT ON SCENE (DESK REPORT),NO INJURY / DRIVE AWAY,,,,"$501 - $1,500",11/01/2017 03:55:00 PM,IMPROPER OVERTAKING/PASSING,IMPROPER OVERTAKING/PASSING,10700,S,STATE ST,513,,,,,,,2,NO INDICATION OF INJURY,0,0,0,0,0,2,0,15,4,11,41.699776939,-87.623456825,POINT (-87.623456824885 41.699776939176)
JA494673,,11/01/2017 03:38:00 PM,30,NO CONTROLS,NO CONTROLS,RAIN,DUSK,REAR END,DIVIDED - W/MEDIAN (NOT RAISED),4,STRAIGHT AND LEVEL,WET,NO DEFECTS,ON SCENE,INJURY AND / OR TOW DUE TO CRASH,,,,"OVER $1,500",11/01/2017 03:40:00 PM,FAILING TO REDUCE SPEED TO AVOID CRASH,FOLLOWING TOO CLOSELY,5000,S,WESTERN AVE,923,,,,,,,2,NONINCAPACITATING INJURY,2,0,0,2,0,2,0,15,4,11,41.802870817,-87.684416342,POINT (-87.684416341899 41.802870816721)
JA494712,,11/01/2017 03:40:00 PM,30,NO CONTROLS,NO CONTROLS,CLEAR,DAYLIGHT,SIDESWIPE SAME DIRECTION,PARKING LOT,0,STRAIGHT AND LEVEL,DRY,NO DEFECTS,NOT ON SCENE (DESK REPORT),NO INJURY / DRIVE AWAY,,,Y,"OVER $1,500",11/01/2017 04:33:00 PM,UNABLE TO DETERMINE,NOT APPLICABLE,1969,W,OGDEN AVE,1231,,,,,,,2,NO INDICATION OF INJURY,0,0,0,0,0,3,0,15,4,11,41.873216999,-87.675675177,POINT (-87.67567517654 41.873216999115)
JA496057,,11/01/2017 03:45:00 PM,30,TRAFFIC SIGNAL,FUNCTIONING PROPERLY,UNKNOWN,DAYLIGHT,SIDESWIPE SAME DIRECTION,ONE-WAY,3,STRAIGHT AND LEVEL,UNKNOWN,UNKNOWN,NOT ON SCENE (DESK REPORT),NO INJURY / DRIVE AWAY,,,Y,"$501 - $1,500",11/02/2017 03:30:00 PM,IMPROPER LANE USAGE,UNABLE TO DETERMINE,8758,S,LAFAYETTE AVE,634,,,,,,,2,NO INDICATION OF INJURY,0,0,0,0,0,2,0,15,4,11,41.734297444,-87.62552511,POINT (-87.625525110463 41.734297444367)
JA494762,,11/01/2017 03:45:00 PM,15,NO CONTROLS,NO CONTROLS,RAIN,"DARKNESS, LIGHTED ROAD",FIXED OBJECT,PARKING LOT,,STRAIGHT AND LEVEL,WET,NO DEFECTS,ON SCENE,NO INJURY / DRIVE AWAY,,Y,,"OVER $1,500",11/01/2017 04:40:00 PM,UNABLE TO DETERMINE,NOT APPLICABLE,2756,W,63RD ST,825,,,,,,,1,NO INDICATION OF INJURY,0,0,0,0,0,1,0,15,4,11,41.779227856,-87.693250496,POINT (-87.693250496299 41.779227855754)
JA494681,,11/01/2017 03:48:00 PM,30,STOP SIGN/FLASHER,FUNCTIONING PROPERLY,RAIN,DAYLIGHT,ANGLE,NOT DIVIDED,2,STRAIGHT AND LEVEL,WET,NO DEFECTS,ON SCENE,INJURY AND / OR TOW DUE TO CRASH,Y,,,"OVER $1,500",11/01/2017 03:50:00 PM,FAILING TO YIELD RIGHT-OF-WAY,FAILING TO YIELD RIGHT-OF-WAY,8600,S,DR MARTIN LUTHER KING JR DR,632,,Y,,,,,2,"REPORTED, NOT EVIDENT",1,0,0,0,1,1,0,15,4,11,41.73823713,-87.614719741,POINT (-87.614719741289 41.738237130412)
JA494979,,11/01/2017 03:50:00 PM,30,TRAFFIC SIGNAL,FUNCTIONING PROPERLY,CLEAR,DAYLIGHT,PEDESTRIAN,NOT DIVIDED,,STRAIGHT AND LEVEL,WET,NO DEFECTS,NOT ON SCENE (DESK REPORT),NO INJURY / DRIVE AWAY,,,Y,$500 OR LESS,11/01/2017 07:23:00 PM,FAILING TO YIELD RIGHT-OF-WAY,FAILING TO REDUCE SPEED TO AVOID CRASH,1040,W,CHICAGO AVE,1213,,,,,,,2,NO INDICATION OF INJURY,0,0,0,0,0,2,0,15,4,11,41.896394006,-87.654201889,POINT (-87.654201888774 41.896394006096)
JA495780,,11/01/2017 04:00:00 PM,30,STOP SIGN/FLASHER,FUNCTIONING PROPERLY,RAIN,DAYLIGHT,REAR END,NOT DIVIDED,3,STRAIGHT AND LEVEL,WET,NO DEFECTS,NOT ON SCENE (DESK REPORT),NO INJURY / DRIVE AWAY,Y,,,"OVER $1,500",11/02/2017 12:02:00 PM,WEATHER,EQUIPMENT - VEHICLE CONDITION,12254,S,HALSTED ST,524,Y,,,,,,2,NO INDICATION OF INJURY,0,0,0,0,0,3,0,16,4,11,41.670740548,-87.641818208,POINT (-87.641818208184 41.670740548498)
JA494750,,11/01/2017 04:00:00 PM,30,TRAFFIC SIGNAL,FUNCTIONING PROPERLY,RAIN,DAYLIGHT,REAR END,DIVIDED - W/MEDIAN (NOT RAISED),4,STRAIGHT AND LEVEL,WET,NO DEFECTS,NOT ON SCENE (DESK REPORT),NO INJURY / DRIVE AWAY,Y,,,$500 OR LESS,11/01/2017 05:00:00 PM,UNABLE TO DETERMINE,NOT APPLICABLE,1239,W,CORTLAND ST,1811,,,,,,,2,NO INDICATION OF INJURY,0,0,0,0,0,2,0,16,4,11,41.916993558,-87.659818765,POINT (-87.659818764739 41.91699355812)
JA494774,,11/01/2017 04:04:00 PM,30,STOP SIGN/FLASHER,FUNCTIONING PROPERLY,RAIN,"DARKNESS, LIGHTED ROAD",REAR END,DIVIDED - W/MEDIAN (NOT RAISED),1,STRAIGHT AND LEVEL,WET,NO DEFECTS,ON SCENE,NO INJURY / DRIVE AWAY,,,,"$501 - $1,500",11/01/2017 04:04:00 PM,WEATHER,EXCEEDING SAFE SPEED FOR CONDITIONS,901,S,CENTRAL PARK AVE,1133,,,,,,,2,NO INDICATION OF INJURY,0,0,0,0,0,2,0,16,4,11,41.869893321,-87.715386323,POINT (-87.715386323499 41.86989332096)
JA494726,,11/01/2017 04:05:00 PM,30,TRAFFIC SIGNAL,FUNCTIONING PROPERLY,RAIN,DAYLIGHT,REAR END,DIVIDED - W/MEDIAN BARRIER,2,STRAIGHT AND LEVEL,WET,NO DEFECTS,ON SCENE,INJURY AND / OR TOW DUE TO CRASH,,,,"OVER $1,500",11/01/2017 04:15:00 PM,UNABLE TO DETERMINE,WEATHER,901,W,HARRISON ST,1232,,,,,,,2,NO INDICATION OF INJURY,0,0,0,0,0,2,0,16,4,11,41.874304557,-87.649365231,POINT (-87.649365231407 41.874304556786)
JA494780,,11/01/2017 04:06:00 PM,30,NO CONTROLS,NO CONTROLS,RAIN,"DARKNESS, LIGHTED ROAD",REAR END,NOT DIVIDED,2,STRAIGHT AND LEVEL,WET,NO DEFECTS,NOT ON SCENE (DESK REPORT),NO INJURY / DRIVE AWAY,,,,"$501 - $1,500",11/01/2017 05:15:00 PM,FOLLOWING TOO CLOSELY,NOT APPLICABLE,1730,N,CLARK ST,1814,,,,,,,2,NO INDICATION OF INJURY,0,0,0,0,0,2,0,16,4,11,41.913864299,-87.633441315,POINT (-87.633441315152 41.913864298738)
JA494776,,11/01/2017 04:08:00 PM,30,TRAFFIC SIGNAL,FUNCTIONING PROPERLY,RAIN,DAYLIGHT,FIXED OBJECT,DIVIDED - W/MEDIAN BARRIER,,STRAIGHT AND LEVEL,WET,NO DEFECTS,ON SCENE,INJURY AND / OR TOW DUE TO CRASH,,,,"OVER $1,500",11/01/2017 05:13:00 PM,EQUIPMENT - VEHICLE CONDITION,EQUIPMENT - VEHICLE CONDITION,480,E,LOWER WACKER DR,114,,,,,,,1,NO INDICATION OF INJURY,0,0,0,0,0,1,0,16,4,11,41.887481347,-87.6158676,POINT (-87.61586760009 41.887481347292)
JA494715,,11/01/2017 04:10:00 PM,30,TRAFFIC SIGNAL,FUNCTIONING PROPERLY,RAIN,DAYLIGHT,ANGLE,NOT DIVIDED,2,STRAIGHT AND LEVEL,WET,NO DEFECTS,NOT ON SCENE (DESK REPORT),NO INJURY / DRIVE AWAY,,,,"OVER $1,500",11/01/2017 04:30:00 PM,FAILING TO YIELD RIGHT-OF-WAY,NOT APPLICABLE,5500,S,CALIFORNIA AVE,824,,,,,,,2,NO INDICATION OF INJURY,0,0,0,0,0,3,0,16,4,11,41.793597513,-87.693942048,POINT (-87.6939420481 41.793597512795)
JA494756,,11/01/2017 04:14:00 PM,30,TRAFFIC SIGNAL,FUNCTIONING PROPERLY,RAIN,DAYLIGHT,TURNING,DIVIDED - W/MEDIAN BARRIER,,STRAIGHT AND LEVEL,WET,UNKNOWN,NOT ON SCENE (DESK REPORT),NO INJURY / DRIVE AWAY,Y,,,"OVER $1,500",11/01/2017 04:55:00 PM,WEATHER,DRIVING SKILLS/KNOWLEDGE/EXPERIENCE,500,W,ROOSEVELT RD,124,,,,,,,2,NO INDICATION OF INJURY,0,0,0,0,0,2,0,16,4,11,41.867362693,-87.639293195,POINT (-87.639293194642 41.867362692617)
JA494772,,11/01/2017 04:15:00 PM,30,TRAFFIC SIGNAL,FUNCTIONING PROPERLY,RAIN,DAWN,SIDESWIPE SAME DIRECTION,ONE-WAY,2,STRAIGHT AND LEVEL,WET,NO DEFECTS,NOT ON SCENE (DESK REPORT),NO INJURY / DRIVE AWAY,Y,,,"OVER $1,500",11/01/2017 05:10:00 PM,UNABLE TO DETERMINE,NOT APPLICABLE,153,E,ERIE ST,1834,,,,,,,2,NO INDICATION OF INJURY,0,0,0,0,0,4,0,16,4,11,41.894042358,-87.623385155,POINT (-87.623385155458 41.894042358283)
JA494794,,11/01/2017 04:15:00 PM,30,NO CONTROLS,NO CONTROLS,CLEAR,DAYLIGHT,ANGLE,NOT DIVIDED,2,STRAIGHT AND LEVEL,DRY,NO DEFECTS,NOT ON SCENE (DESK REPORT),NO INJURY / DRIVE AWAY,,,,$500 OR LESS,11/01/2017 05:30:00 PM,NOT APPLICABLE,NOT APPLICABLE,8600,S,KEDZIE AVE,834,,,,,,,2,NO INDICATION OF INJURY,0,0,0,0,0,2,0,16,4,11,41.736847474,-87.702197507,POINT (-87.702197506717 41.73684747423)
JA494736,,11/01/2017 04:17:00 PM,30,NO CONTROLS,NO CONTROLS,OTHER,DAYLIGHT,PEDESTRIAN,PARKING LOT,,STRAIGHT AND LEVEL,UNKNOWN,UNKNOWN,ON SCENE,INJURY AND / OR TOW DUE TO CRASH,,,,"OVER $1,500",11/01/2017 04:17:00 PM,UNABLE TO DETERMINE,UNABLE TO DETERMINE,7345,S,STATE ST,323,,,,,,,3,INCAPACITATING INJURY,2,0,2,0,0,1,0,16,4,11,41.760541966,-87.624659064,POINT (-87.6246590645 41.760541965645)
JA494716,,11/01/2017 04:20:00 PM,30,NO CONTROLS,NO CONTROLS,RAIN,DAYLIGHT,PEDALCYCLIST,DIVIDED - W/MEDIAN (NOT RAISED),,STRAIGHT AND LEVEL,WET,NO DEFECTS,ON SCENE,INJURY AND / OR TOW DUE TO CRASH,,,,"OVER $1,500",11/01/2017 04:21:00 PM,FAILING TO YIELD RIGHT-OF-WAY,IMPROPER OVERTAKING/PASSING,3310,W,OGDEN AVE,1021,,,,,,,2,INCAPACITATING INJURY,1,0,1,0,0,1,0,16,4,11,41.85705227,-87.708354146,POINT (-87.708354145718 41.857052270394)
JA494733,,11/01/2017 04:20:00 PM,35,NO CONTROLS,UNKNOWN,RAIN,DAYLIGHT,TURNING,NOT DIVIDED,,STRAIGHT AND LEVEL,WET,NO DEFECTS,ON SCENE,INJURY AND / OR TOW DUE TO CRASH,,,,"OVER $1,500",11/01/2017 04:40:00 PM,FAILING TO YIELD RIGHT-OF-WAY,FAILING TO YIELD RIGHT-OF-WAY,8101,W,HIGGINS RD,1614,,,,,,,2,"REPORTED, NOT EVIDENT",1,0,0,0,1,2,0,16,4,11,41.985318073,-87.829818376,POINT (-87.82981837556 41.985318072504)
JA504302,,11/01/2017 04:20:00 PM,30,STOP SIGN/FLASHER,FUNCTIONING PROPERLY,CLEAR,DARKNESS,ANGLE,NOT DIVIDED,4,STRAIGHT AND LEVEL,DRY,NO DEFECTS,NOT ON SCENE (DESK REPORT),NO INJURY / DRIVE AWAY,Y,,,"OVER $1,500",11/08/2017 04:28:00 PM,FAILING TO YIELD RIGHT-OF-WAY,DISREGARDING STOP SIGN,832,W,GRAND AVE,1214,,,,,,,2,NO INDICATION OF INJURY,0,0,0,0,0,2,0,16,4,11,41.891279248,-87.648850939,POINT (-87.648850938997 41.891279247529)
JA494738,,11/01/2017 04:20:00 PM,30,TRAFFIC SIGNAL,FUNCTIONING IMPROPERLY,RAIN,DAYLIGHT,PEDESTRIAN,NOT DIVIDED,4,STRAIGHT AND LEVEL,WET,NO DEFECTS,ON SCENE,INJURY AND / OR TOW DUE TO CRASH,Y,,,$500 OR LESS,11/01/2017 04:35:00 PM,FAILING TO YIELD RIGHT-OF-WAY,WEATHER,1334,N,LAKE SHORE DR,1824,,,,,,,2,NONINCAPACITATING INJURY,1,0,0,1,0,1,0,16,4,11,41.906946277,-87.625708852,POINT (-87.625708851622 41.906946277283)
JA494740,,11/01/2017 04:25:00 PM,30,NO CONTROLS,NO CONTROLS,RAIN,DAYLIGHT,REAR END,NOT DIVIDED,4,STRAIGHT AND LEVEL,WET,UNKNOWN,NOT ON SCENE (DESK REPORT),NO INJURY / DRIVE AWAY,,,,"$501 - $1,500",11/01/2017 04:40:00 PM,FOLLOWING TOO CLOSELY,UNABLE TO DETERMINE,5200,N,WESTERN AVE,2011,,,,,,,2,NO INDICATION OF INJURY,0,0,0,0,0,2,0,16,4,11,41.975933372,-87.689299589,POINT (-87.689299589182 41.975933371994)
JA494745,N,11/01/2017 04:25:00 PM,25,STOP SIGN/FLASHER,FUNCTIONING PROPERLY,RAIN,DUSK,ANGLE,DIVIDED - W/MEDIAN (NOT RAISED),4,STRAIGHT AND LEVEL,WET,NO DEFECTS,ON SCENE,INJURY AND / OR TOW DUE TO CRASH,Y,,,"OVER $1,500",11/01/2017 04:28:00 PM,FAILING TO REDUCE SPEED TO AVOID CRASH,WEATHER,4600,W,WASHINGTON BLVD,1113,,Y,,,,,2,NO INDICATION OF INJURY,0,0,0,0,0,2,0,16,4,11,41.881984435,-87.740163011,POINT (-87.740163011434 41.881984434835)
JA494743,,11/01/2017 04:25:00 PM,30,UNKNOWN,UNKNOWN,RAIN,DAYLIGHT,TURNING,NOT DIVIDED,2,STRAIGHT AND LEVEL,WET,NO DEFECTS,ON SCENE,INJURY AND / OR TOW DUE TO CRASH,,,Y,"OVER $1,500",11/01/2017 04:28:00 PM,IMPROPER TURNING/NO SIGNAL,UNABLE TO DETERMINE,3229,W,COLUMBUS AVE,835,,,,,,,2,NO INDICATION OF INJURY,0,0,0,0,0,3,0,16,4,11,41.749789208,-87.703300603,POINT (-87.703300602852 41.749789207895)
JA494788,,11/01/2017 04:30:00 PM,20,STOP SIGN/FLASHER,FUNCTIONING PROPERLY,RAIN,DAYLIGHT,ANGLE,NOT DIVIDED,,STRAIGHT AND LEVEL,WET,NO DEFECTS,NOT ON SCENE (DESK REPORT),NO INJURY / DRIVE AWAY,Y,,,"OVER $1,500",11/01/2017 05:00:00 PM,FAILING TO YIELD RIGHT-OF-WAY,DISREGARDING STOP SIGN,1457,N,MAYFIELD AVE,2531,,,,,,,2,NO INDICATION OF INJURY,0,0,0,0,0,2,0,16,4,11,41.907327178,-87.77296479,POINT (-87.772964789688 41.907327178307)
JA494943,,11/01/2017 04:30:00 PM,30,STOP SIGN/FLASHER,FUNCTIONING PROPERLY,RAIN,DAYLIGHT,REAR END,NOT DIVIDED,6,STRAIGHT AND LEVEL,WET,NO DEFECTS,NOT ON SCENE (DESK REPORT),NO INJURY / DRIVE AWAY,,,Y,"OVER $1,500",11/01/2017 06:55:00 PM,FOLLOWING TOO CLOSELY,NOT APPLICABLE,708,W,GARFIELD BLVD,935,,,,,,,3,NO INDICATION OF INJURY,0,0,0,0,0,3,0,16,4,11,41.794447724,-87.643155334,POINT (-87.643155333872 41.794447723539)
JA494812,,11/01/2017 04:30:00 PM,30,STOP SIGN/FLASHER,UNKNOWN,RAIN,DAYLIGHT,ANGLE,NOT DIVIDED,2,STRAIGHT AND LEVEL,WET,UNKNOWN,NOT ON SCENE (DESK REPORT),NO INJURY / DRIVE AWAY,Y,,,"OVER $1,500",11/01/2017 05:43:00 PM,UNABLE TO DETERMINE,UNABLE TO DETERMINE,10701,S,PARNELL AVE,2233,,,,,,,2,NO INDICATION OF INJURY,0,0,0,0,0,2,0,16,4,11,41.699622891,-87.636411912,POINT (-87.636411912426 41.699622890513)
JA496150,,11/01/2017 04:30:00 PM,30,TRAFFIC SIGNAL,FUNCTIONING PROPERLY,RAIN,"DARKNESS, LIGHTED ROAD",REAR END,NOT DIVIDED,4,STRAIGHT AND LEVEL,WET,NO DEFECTS,NOT ON SCENE (DESK REPORT),INJURY AND / OR TOW DUE TO CRASH,Y,,,"$501 - $1,500",11/02/2017 04:00:00 PM,FOLLOWING TOO CLOSELY,NOT APPLICABLE,401,W,DIVISION ST,1823,,,,,,,2,NONINCAPACITATING INJURY,1,0,0,1,0,1,0,16,4,11,41.903683271,-87.638364023,POINT (-87.638364022561 41.903683271256)