RD_NO,CRASH_DATE_EST_I,CRASH_DATE,POSTED_SPEED_LIMIT,TRAFFIC_CONTROL_DEVICE,DEVICE_CONDITION,WEATHER_CONDITION,LIGHTING_CONDITION,FIRST_CRASH_TYPE,TRAFFICWAY_TYPE,LANE_CNT,ALIGNMENT,ROADWAY_SURFACE_COND,ROAD_DEFECT,REPORT_TYPE,CRASH_TYPE,INTERSECTION_RELATED_I,NOT_RIGHT_OF_WAY_I,HIT_AND_RUN_I,DAMAGE,DATE_POLICE_NOTIFIED,PRIM_CONTRIBUTORY_CAUSE,SEC_CONTRIBUTORY_CAUSE,STREET_NO,STREET_DIRECTION,STREET_NAME,BEAT_OF_OCCURRENCE,PHOTOS_TAKEN_I,STATEMENTS_TAKEN_I,DOORING_I,WORK_ZONE_I,WORK_ZONE_TYPE,WORKERS_PRESENT_I,NUM_UNITS,MOST_SEVERE_INJURY,INJURIES_TOTAL,INJURIES_FATAL,INJURIES_INCAPACITATING,INJURIES_NON_INCAPACITATING,INJURIES_REPORTED_NOT_EVIDENT,INJURIES_NO_INDICATION,INJURIES_UNKNOWN,CRASH_HOUR,CRASH_DAY_OF_WEEK,CRASH_MONTH,LATITUDE,LONGITUDE,LOCATION
JA494784,,11/01/2017 04:30:00 PM,30,NO CONTROLS,NO CONTROLS,RAIN,DUSK,TURNING,DIVIDED - W/MEDIAN (NOT RAISED),,STRAIGHT AND LEVEL,WET,NO DEFECTS,NOT ON SCENE (DESK REPORT),INJURY AND / OR TOW DUE TO CRASH,,,,"$501 - $1,500",11/01/2017 05:00:00 PM,WEATHER,FOLLOWING TOO CLOSELY,2105,W,POLK ST,1225,,,,,,,2,"REPORTED, NOT EVIDENT",1,0,0,0,1,1,0,16,4,11,41.871323493,-87.679248649,POINT (-87.679248648937 41.871323492954)
JA494815,,11/01/2017 04:30:00 PM,30,UNKNOWN,UNKNOWN,RAIN,DAYLIGHT,SIDESWIPE SAME DIRECTION,DIVIDED - W/MEDIAN (NOT RAISED),4,STRAIGHT AND LEVEL,WET,NO DEFECTS,NOT ON SCENE (DESK REPORT),NO INJURY / DRIVE AWAY,,,Y,"OVER $1,500",11/01/2017 05:44:00 PM,IMPROPER OVERTAKING/PASSING,DRIVING SKILLS/KNOWLEDGE/EXPERIENCE,5032,N,ELSTON AVE,1712,,,,,,,2,NO INDICATION OF INJURY,0,0,0,0,0,2,0,16,4,11,41.972180751,-87.747013605,POINT (-87.747013605328 41.972180750623)
JA494723,Y,11/01/2017 04:30:00 PM,30,TRAFFIC SIGNAL,FUNCTIONING PROPERLY,RAIN,DAWN,TURNING,NOT DIVIDED,4,STRAIGHT AND LEVEL,WET,NO DEFECTS,ON SCENE,INJURY AND / OR TOW DUE TO CRASH,Y,,,"OVER $1,500",11/01/2017 04:35:00 PM,WEATHER,UNABLE TO DETERMINE,4900,W,NORTH AVE,2533,,,,,,,2,NO INDICATION OF INJURY,0,0,0,0,0,2,0,16,4,11,41.909694175,-87.749295653,POINT (-87.749295652768 41.909694174654)
JA495905,Y,11/01/2017 04:30:00 PM,30,TRAFFIC SIGNAL,FUNCTIONING PROPERLY,RAIN,DAYLIGHT,PARKED MOTOR VEHICLE,NOT DIVIDED,3,STRAIGHT AND LEVEL,WET,NO DEFECTS,NOT ON SCENE (DESK REPORT),NO INJURY / DRIVE AWAY,,,,"OVER $1,500",11/02/2017 01:30:00 PM,IMPROPER OVERTAKING/PASSING,NOT APPLICABLE,65,W,JACKSON BLVD,113,,,,,,,2,NO INDICATION OF INJURY,0,0,0,0,0,2,0,16,4,11,41.878045653,-87.630136799,POINT (-87.630136798961 41.878045653482)
JA494950,,11/01/2017 04:30:00 PM,0,NO CONTROLS,NO CONTROLS,CLEAR,DAYLIGHT,ANGLE,ALLEY,1,STRAIGHT AND LEVEL,DRY,NO DEFECTS,NOT ON SCENE (DESK REPORT),INJURY AND / OR TOW DUE TO CRASH,,,Y,"OVER $1,500",11/01/2017 06:50:00 PM,UNABLE TO DETERMINE,UNABLE TO DETERMINE,1008,E,81ST ST,631,,,,,,,2,NO INDICATION OF INJURY,0,0,0,0,0,2,0,16,4,11,41.74779569,-87.599838921,POINT (-87.599838920923 41.747795690145)
JA494727,,11/01/2017 04:30:00 PM,30,NO CONTROLS,NO CONTROLS,RAIN,DAYLIGHT,SIDESWIPE SAME DIRECTION,NOT DIVIDED,4,STRAIGHT AND LEVEL,WET,NO DEFECTS,NOT ON SCENE (DESK REPORT),NO INJURY / DRIVE AWAY,,,Y,"OVER $1,500",11/01/2017 04:41:00 PM,UNABLE TO DETERMINE,NOT APPLICABLE,5201,N,ELSTON AVE,1621,,,,,,,2,NO INDICATION OF INJURY,0,0,0,0,0,2,0,16,4,11,41.975426601,-87.751801986,POINT (-87.751801985723 41.975426600582)
JA494742,,11/01/2017 04:38:00 PM,30,STOP SIGN/FLASHER,FUNCTIONING PROPERLY,RAIN,DAYLIGHT,HEAD ON,CENTER TURN LANE,2,STRAIGHT AND LEVEL,WET,NO DEFECTS,ON SCENE,INJURY AND / OR TOW DUE TO CRASH,Y,,Y,"OVER $1,500",11/01/2017 04:38:00 PM,FAILING TO REDUCE SPEED TO AVOID CRASH,UNABLE TO DETERMINE,6900,S,HARVARD AVE,731,Y,,,,,,2,NO INDICATION OF INJURY,0,0,0,0,0,2,0,16,4,11,41.7689214,-87.633690538,POINT (-87.633690537997 41.768921399629)
JA494962,,11/01/2017 04:40:00 PM,30,STOP SIGN/FLASHER,FUNCTIONING PROPERLY,UNKNOWN,DAYLIGHT,ANGLE,UNKNOWN,,STRAIGHT AND LEVEL,UNKNOWN,UNKNOWN,NOT ON SCENE (DESK REPORT),INJURY AND / OR TOW DUE TO CRASH,Y,,Y,"$501 - $1,500",11/01/2017 07:00:00 PM,DISREGARDING STOP SIGN,UNABLE TO DETERMINE,436,N,DESPLAINES ST,1214,,,,,,,2,"REPORTED, NOT EVIDENT",1,0,0,0,1,1,0,16,4,11,41.890115113,-87.644492136,POINT (-87.644492135787 41.890115112691)
JA495828,,11/01/2017 04:40:00 PM,30,TRAFFIC SIGNAL,FUNCTIONING PROPERLY,RAIN,DAYLIGHT,TURNING,NOT DIVIDED,,STRAIGHT AND LEVEL,WET,NO DEFECTS,NOT ON SCENE (DESK REPORT),NO INJURY / DRIVE AWAY,,,,"$501 - $1,500",11/02/2017 12:30:00 PM,TURNING RIGHT ON RED,UNABLE TO DETERMINE,1601,W,115TH ST,2234,,,,,,,2,NO INDICATION OF INJURY,0,0,0,0,0,2,0,16,4,11,41.684707798,-87.661773062,POINT (-87.661773061739 41.684707797939)
JA494919,,11/01/2017 04:40:00 PM,25,NO CONTROLS,NO CONTROLS,RAIN,DAYLIGHT,REAR END,DIVIDED - W/MEDIAN (NOT RAISED),4,STRAIGHT AND LEVEL,DRY,NO DEFECTS,NOT ON SCENE (DESK REPORT),NO INJURY / DRIVE AWAY,,,,"$501 - $1,500",11/01/2017 06:36:00 PM,UNABLE TO DETERMINE,UNABLE TO DETERMINE,5679,S,ARCHER AVE,814,,,,,,,2,NO INDICATION OF INJURY,0,0,0,0,0,2,0,16,4,11,41.797020248,-87.753183495,POINT (-87.753183495265 41.797020247873)
JA494808,,11/01/2017 04:45:00 PM,30,TRAFFIC SIGNAL,FUNCTIONING PROPERLY,RAIN,DUSK,ANGLE,DIVIDED - W/MEDIAN (NOT RAISED),3,STRAIGHT AND LEVEL,WET,NO DEFECTS,ON SCENE,NO INJURY / DRIVE AWAY,Y,,,"OVER $1,500",11/01/2017 05:05:00 PM,DRIVING SKILLS/KNOWLEDGE/EXPERIENCE,WEATHER,336,W,GRAND AVE,1831,,Y,,,,,2,NO INDICATION OF INJURY,0,0,0,0,0,2,0,16,4,11,41.89165679,-87.636961031,POINT (-87.636961030603 41.891656789759)
JA494753,,11/01/2017 04:45:00 PM,30,STOP SIGN/FLASHER,FUNCTIONING PROPERLY,RAIN,DAYLIGHT,REAR END,NOT DIVIDED,,STRAIGHT AND LEVEL,WET,NO DEFECTS,NOT ON SCENE (DESK REPORT),NO INJURY / DRIVE AWAY,,,,$500 OR LESS,11/01/2017 05:00:00 PM,WEATHER,FAILING TO REDUCE SPEED TO AVOID CRASH,7600,S,HALSTED ST,621,,,,,,,2,NO INDICATION OF INJURY,0,0,0,0,0,2,0,16,4,11,41.75599579,-87.644328239,POINT (-87.644328238864 41.755995790481)
JA495649,,11/01/2017 04:50:00 PM,30,NO CONTROLS,NO CONTROLS,RAIN,DAYLIGHT,TURNING,NOT DIVIDED,2,STRAIGHT AND LEVEL,WET,NO DEFECTS,NOT ON SCENE (DESK REPORT),NO INJURY / DRIVE AWAY,,,,"OVER $1,500",11/02/2017 10:40:00 AM,FAILING TO YIELD RIGHT-OF-WAY,IMPROPER LANE USAGE,445,E,NORTH WATER ST,1834,,,,,,,2,NO INDICATION OF INJURY,0,0,0,0,0,2,0,16,4,11,41.889432788,-87.615921261,POINT (-87.615921261226 41.889432788087)
JA494793,N,11/01/2017 04:58:00 PM,30,UNKNOWN,UNKNOWN,RAIN,DAWN,REAR END,ONE-WAY,1,STRAIGHT AND LEVEL,WET,UNKNOWN,ON SCENE,INJURY AND / OR TOW DUE TO CRASH,N,,,"OVER $1,500",11/01/2017 05:28:00 PM,UNABLE TO DETERMINE,UNABLE TO DETERMINE,1800,N,TRIPP AVE,2534,,Y,,,,,2,NO INDICATION OF INJURY,0,0,0,0,0,2,0,16,4,11,41.913599914,-87.732697708,POINT (-87.732697708461 41.913599914123)
JA497491,,11/01/2017 05:00:00 PM,30,NO CONTROLS,NO CONTROLS,RAIN,DAYLIGHT,PEDESTRIAN,DIVIDED - W/MEDIAN (NOT RAISED),4,STRAIGHT AND LEVEL,WET,NO DEFECTS,NOT ON SCENE (DESK REPORT),INJURY AND / OR TOW DUE TO CRASH,,,,"OVER $1,500",11/03/2017 04:00:00 PM,UNABLE TO DETERMINE,UNABLE TO DETERMINE,1301,N,ELSTON AVE,1433,,,,,,,2,INCAPACITATING INJURY,1,0,1,0,0,1,0,17,4,11,41.905428783,-87.659463023,POINT (-87.659463022735 41.905428782684)
JA495005,,11/01/2017 05:00:00 PM,30,TRAFFIC SIGNAL,FUNCTIONING PROPERLY,RAIN,DAWN,PEDESTRIAN,DIVIDED - W/MEDIAN BARRIER,,STRAIGHT AND LEVEL,WET,NO DEFECTS,ON SCENE,INJURY AND / OR TOW DUE TO CRASH,Y,,,$500 OR LESS,11/01/2017 07:27:00 PM,FAILING TO YIELD RIGHT-OF-WAY,NOT APPLICABLE,100,N,MICHIGAN AVE,111,,,,,,,2,"REPORTED, NOT EVIDENT",1,0,0,0,1,1,0,17,4,11,41.883289151,-87.624549396,POINT (-87.624549396399 41.883289151389)
JA498463,Y,11/01/2017 05:00:00 PM,20,NO CONTROLS,NO CONTROLS,RAIN,DARKNESS,SIDESWIPE SAME DIRECTION,NOT DIVIDED,1,STRAIGHT AND LEVEL,WET,NO DEFECTS,NOT ON SCENE (DESK REPORT),NO INJURY / DRIVE AWAY,,,,"OVER $1,500",11/04/2017 11:30:00 AM,UNABLE TO DETERMINE,UNABLE TO DETERMINE,600,N,KINGSBURY ST,1831,,,,,,,2,NO INDICATION OF INJURY,0,0,0,0,0,2,0,17,4,11,41.892233722,-87.640615745,POINT (-87.640615744763 41.892233722224)
JA495045,,11/01/2017 05:00:00 PM,30,TRAFFIC SIGNAL,FUNCTIONING PROPERLY,RAIN,"DARKNESS, LIGHTED ROAD",PEDALCYCLIST,NOT DIVIDED,0,STRAIGHT ON GRADE,WET,NO DEFECTS,ON SCENE,INJURY AND / OR TOW DUE TO CRASH,,,,"OVER $1,500",11/01/2017 05:30:00 PM,WEATHER,FAILING TO YIELD RIGHT-OF-WAY,5285,N,ELSTON AVE,1621,,,,,,,2,INCAPACITATING INJURY,1,0,1,0,0,2,0,17,4,11,41.977139341,-87.754588009,POINT (-87.754588009137 41.977139341402)
JA494828,,11/01/2017 05:00:00 PM,30,NO CONTROLS,NO CONTROLS,RAIN,DUSK,TURNING,PARKING LOT,4,STRAIGHT AND LEVEL,WET,NO DEFECTS,,NO INJURY / DRIVE AWAY,,,,"OVER $1,500",11/01/2017 06:00:00 PM,IMPROPER BACKING,IMPROPER BACKING,4700,S,HALSTED ST,933,,,,,,,2,NO INDICATION OF INJURY,0,0,0,0,0,2,0,17,4,11,41.808815039,-87.645682953,POINT (-87.645682953152 41.808815039296)
JA494939,,11/01/2017 05:00:00 PM,30,TRAFFIC SIGNAL,FUNCTIONING PROPERLY,RAIN,"DARKNESS, LIGHTED ROAD",SIDESWIPE SAME DIRECTION,NOT DIVIDED,4,STRAIGHT AND LEVEL,WET,UNKNOWN,NOT ON SCENE (DESK REPORT),NO INJURY / DRIVE AWAY,,,,"OVER $1,500",11/01/2017 05:10:00 PM,UNABLE TO DETERMINE,UNABLE TO DETERMINE,3604,N,LAKE SHORE DR NB,1925,,,,,,,2,NO INDICATION OF INJURY,0,0,0,0,0,2,0,17,4,11,41.948907004,-87.643320737,POINT (-87.643320737194 41.948907003918)
JA494678,,11/01/2017 05:00:00 PM,25,STOP SIGN/FLASHER,FUNCTIONING PROPERLY,RAIN,DUSK,OTHER OBJECT,NOT DIVIDED,2,STRAIGHT AND LEVEL,WET,NO DEFECTS,ON SCENE,NO INJURY / DRIVE AWAY,Y,,,"$501 - $1,500",11/01/2017 05:04:00 PM,FAILING TO YIELD RIGHT-OF-WAY,UNABLE TO DETERMINE,4600,S,EMERALD AVE,925,,,,,,,2,NO INDICATION OF INJURY,0,0,0,0,0,3,0,17,4,11,41.810616655,-87.644520984,POINT (-87.644520983626 41.810616654947)
JA494792,,11/01/2017 05:00:00 PM,30,NO CONTROLS,NO CONTROLS,RAIN,DAYLIGHT,TURNING,NOT DIVIDED,,STRAIGHT AND LEVEL,WET,NO DEFECTS,ON SCENE,INJURY AND / OR TOW DUE TO CRASH,,,,"OVER $1,500",11/01/2017 05:01:00 PM,EXCEEDING SAFE SPEED FOR CONDITIONS,NOT APPLICABLE,7100,S,SOUTH SHORE DR,334,,,,,,,2,NO INDICATION OF INJURY,0,0,0,0,0,2,0,17,4,11,41.766195202,-87.562908182,POINT (-87.562908182042 41.76619520231)
JA494875,,11/01/2017 05:02:00 PM,30,NO CONTROLS,NO CONTROLS,RAIN,"DARKNESS, LIGHTED ROAD",TURNING,NOT DIVIDED,2,STRAIGHT AND LEVEL,WET,NO DEFECTS,ON SCENE,NO INJURY / DRIVE AWAY,,,,"OVER $1,500",11/01/2017 05:54:00 PM,FAILING TO YIELD RIGHT-OF-WAY,WEATHER,1217,S,JEFFERSON ST,124,,,,,,,2,NO INDICATION OF INJURY,0,0,0,0,0,4,0,17,4,11,41.86668467,-87.642023926,POINT (-87.642023925722 41.866684670403)
JA495486,,11/01/2017 05:02:00 PM,30,TRAFFIC SIGNAL,FUNCTIONING PROPERLY,CLEAR,DAYLIGHT,REAR END,DIVIDED - W/MEDIAN (NOT RAISED),2,STRAIGHT AND LEVEL,WET,NO DEFECTS,NOT ON SCENE (DESK REPORT),NO INJURY / DRIVE AWAY,,,Y,"OVER $1,500",11/02/2017 07:30:00 AM,FOLLOWING TOO CLOSELY,NOT APPLICABLE,11451,S,COTTAGE GROVE AVE,531,,,,,,,2,NO INDICATION OF INJURY,0,0,0,0,0,2,0,17,4,11,41.685854145,-87.611278455,POINT (-87.611278454676 41.685854144948)
JA494856,,11/01/2017 05:05:00 PM,30,NO CONTROLS,NOT FUNCTIONING,RAIN,"DARKNESS, LIGHTED ROAD",TURNING,DIVIDED - W/MEDIAN (NOT RAISED),,STRAIGHT AND LEVEL,WET,NO DEFECTS,NOT ON SCENE (DESK REPORT),NO INJURY / DRIVE AWAY,,,Y,"OVER $1,500",11/01/2017 06:00:00 PM,FOLLOWING TOO CLOSELY,NOT APPLICABLE,6200,W,NORTH AVE,2513,,,,,,,2,NO INDICATION OF INJURY,0,0,0,0,0,2,0,17,4,11,41.909306292,-87.780146214,POINT (-87.78014621442 41.909306292465)
JA494779,,11/01/2017 05:05:00 PM,30,NO CONTROLS,NO CONTROLS,RAIN,DUSK,SIDESWIPE SAME DIRECTION,NOT DIVIDED,,STRAIGHT AND LEVEL,WET,NO DEFECTS,ON SCENE,NO INJURY / DRIVE AWAY,,,Y,$500 OR LESS,11/01/2017 05:10:00 PM,FAILING TO REDUCE SPEED TO AVOID CRASH,UNABLE TO DETERMINE,2424,N,CLARK ST,1935,,,,,,,2,NO INDICATION OF INJURY,0,0,0,0,0,2,0,17,4,11,41.926201515,-87.641020824,POINT (-87.641020824406 41.926201515373)
JA495196,,11/01/2017 05:05:00 PM,35,TRAFFIC SIGNAL,FUNCTIONING PROPERLY,RAIN,"DARKNESS, LIGHTED ROAD",SIDESWIPE SAME DIRECTION,DIVIDED - W/MEDIAN (NOT RAISED),4,STRAIGHT AND LEVEL,WET,NO DEFECTS,NOT ON SCENE (DESK REPORT),NO INJURY / DRIVE AWAY,,,Y,"OVER $1,500",11/01/2017 09:45:00 PM,FOLLOWING TOO CLOSELY,NOT APPLICABLE,116,W,CERMAK RD,131,,,,,,,2,NO INDICATION OF INJURY,0,0,0,0,0,2,0,17,4,11,41.852987079,-87.630026613,POINT (-87.630026613318 41.85298707906)
JA494801,,11/01/2017 05:05:00 PM,30,TRAFFIC SIGNAL,FUNCTIONING PROPERLY,RAIN,DUSK,REAR END,NOT DIVIDED,,STRAIGHT AND LEVEL,WET,UNKNOWN,NOT ON SCENE (DESK REPORT),NO INJURY / DRIVE AWAY,,,Y,"$501 - $1,500",11/01/2017 05:26:00 PM,UNABLE TO DETERMINE,UNABLE TO DETERMINE,4200,W,WASHINGTON BLVD,1114,,,,,,,2,NO INDICATION OF INJURY,0,0,0,0,0,2,0,17,4,11,41.882093769,-87.73074034,POINT (-87.730740340079 41.882093769227)
JA494795,,11/01/2017 05:10:00 PM,30,NO CONTROLS,NO CONTROLS,RAIN,DAYLIGHT,SIDESWIPE SAME DIRECTION,NOT DIVIDED,4,STRAIGHT AND LEVEL,WET,NO DEFECTS,NOT ON SCENE (DESK REPORT),NO INJURY / DRIVE AWAY,,,,"OVER $1,500",11/01/2017 05:25:00 PM,IMPROPER LANE USAGE,UNABLE TO DETERMINE,3356,W,BELMONT AVE,1733,,,,,,,2,NO INDICATION OF INJURY,0,0,0,0,0,2,0,17,4,11,41.939393673,-87.712358819,POINT (-87.71235881898 41.939393673023)
JA497127,,11/01/2017 05:10:00 PM,15,NO CONTROLS,NO CONTROLS,RAIN,DAYLIGHT,ANGLE,PARKING LOT,0,STRAIGHT AND LEVEL,WET,NO DEFECTS,NOT ON SCENE (DESK REPORT),NO INJURY / DRIVE AWAY,,Y,,"OVER $1,500",11/03/2017 11:55:00 AM,IMPROPER BACKING,NOT APPLICABLE,2801,N,ASHLAND AVE,1932,,,,,,,2,NO INDICATION OF INJURY,0,0,0,0,0,2,0,17,4,11,41.93245229,-87.668248998,POINT (-87.668248997573 41.932452290409)
JA494957,Y,11/01/2017 05:15:00 PM,30,TRAFFIC SIGNAL,FUNCTIONING PROPERLY,RAIN,"DARKNESS, LIGHTED ROAD",SIDESWIPE SAME DIRECTION,NOT DIVIDED,3,STRAIGHT AND LEVEL,WET,NO DEFECTS,NOT ON SCENE (DESK REPORT),NO INJURY / DRIVE AWAY,,,,"OVER $1,500",11/01/2017 07:02:00 PM,IMPROPER OVERTAKING/PASSING,NOT APPLICABLE,599,S,WACKER DR,123,,,,,,,2,NO INDICATION OF INJURY,0,0,0,0,0,2,0,17,4,11,41.874921643,-87.635031426,POINT (-87.635031425681 41.87492164271)
JA494889,,11/01/2017 05:15:00 PM,30,TRAFFIC SIGNAL,FUNCTIONING PROPERLY,RAIN,"DARKNESS, LIGHTED ROAD",REAR END,DIVIDED - W/MEDIAN (NOT RAISED),,STRAIGHT AND LEVEL,WET,NO DEFECTS,NOT ON SCENE (DESK REPORT),NO INJURY / DRIVE AWAY,,,,"OVER $1,500",11/01/2017 06:20:00 PM,FOLLOWING TOO CLOSELY,WEATHER,765,W,127TH ST,523,,,,,,,3,NO INDICATION OF INJURY,0,0,0,0,0,3,0,17,4,11,41.663136148,-87.641358256,POINT (-87.641358256101 41.663136147819)
JA494796,,11/01/2017 05:15:00 PM,30,TRAFFIC SIGNAL,FUNCTIONING PROPERLY,RAIN,"DARKNESS, LIGHTED ROAD",REAR END,DIVIDED - W/MEDIAN BARRIER,0,STRAIGHT AND LEVEL,WET,NO DEFECTS,NOT ON SCENE (DESK REPORT),INJURY AND / OR TOW DUE TO CRASH,Y,,,"OVER $1,500",11/01/2017 05:17:00 PM,EXCEEDING SAFE SPEED FOR CONDITIONS,WEATHER,5501,S,STATE ST,225,,,,,,,3,"REPORTED, NOT EVIDENT",2,0,0,0,2,2,0,17,4,11,41.794229728,-87.625542711,POINT (-87.625542710987 41.794229727661)
JA502975,,11/01/2017 05:18:00 PM,30,NO CONTROLS,NO CONTROLS,RAIN,DAYLIGHT,REAR END,NOT DIVIDED,,STRAIGHT AND LEVEL,WET,NO DEFECTS,NOT ON SCENE (DESK REPORT),INJURY AND / OR TOW DUE TO CRASH,,,,"$501 - $1,500",11/07/2017 06:30:00 PM,UNABLE TO DETERMINE,WEATHER,6310,S,DR MARTIN LUTHER KING JR DR,312,,,,,,,3,"REPORTED, NOT EVIDENT",1,0,0,0,1,2,0,17,4,11,41.779826222,-87.615761268,POINT (-87.615761267949 41.779826221914)
JA494941,,11/01/2017 05:20:00 PM,25,NO CONTROLS,NO CONTROLS,RAIN,DAYLIGHT,REAR END,DIVIDED - W/MEDIAN (NOT RAISED),4,STRAIGHT AND LEVEL,WET,NO DEFECTS,NOT ON SCENE (DESK REPORT),NO INJURY / DRIVE AWAY,,,,"$501 - $1,500",11/01/2017 06:46:00 PM,UNABLE TO DETERMINE,UNABLE TO DETERMINE,4470,S,ARCHER AVE,821,,,,,,,2,NO INDICATION OF INJURY,0,0,0,0,0,2,0,17,4,11,41.81214377,-87.707646518,POINT (-87.707646518122 41.812143769945)
JA495902,,11/01/2017 05:20:00 PM,30,NO CONTROLS,NO CONTROLS,RAIN,DAYLIGHT,SIDESWIPE SAME DIRECTION,NOT DIVIDED,2,STRAIGHT AND LEVEL,WET,NO DEFECTS,NOT ON SCENE (DESK REPORT),NO INJURY / DRIVE AWAY,,,,"$501 - $1,500",11/02/2017 01:30:00 PM,UNABLE TO DETERMINE,UNABLE TO DETERMINE,914,W,VAN BUREN ST,1232,,,,,,,2,NO INDICATION OF INJURY,0,0,0,0,0,2,0,17,4,11,41.876736392,-87.650211056,POINT (-87.650211056222 41.876736392491)
JA496429,,11/01/2017 05:20:00 PM,30,TRAFFIC SIGNAL,FUNCTIONING PROPERLY,RAIN,"DARKNESS, LIGHTED ROAD",REAR END,DIVIDED - W/MEDIAN (NOT RAISED),2,STRAIGHT AND LEVEL,WET,NO DEFECTS,NOT ON SCENE (DESK REPORT),NO INJURY / DRIVE AWAY,,,,"$501 - $1,500",11/02/2017 07:15:00 PM,FOLLOWING TOO CLOSELY,FOLLOWING TOO CLOSELY,2563,N,SACRAMENTO AVE,1414,,,,,,,2,NO INDICATION OF INJURY,0,0,0,0,0,2,0,17,4,11,41.928411732,-87.702273279,POINT (-87.702273278711 41.928411732373)
JA494829,,11/01/2017 05:20:00 PM,30,STOP SIGN/FLASHER,FUNCTIONING PROPERLY,RAIN,"DARKNESS, LIGHTED ROAD",REAR END,NOT DIVIDED,,STRAIGHT AND LEVEL,WET,NO DEFECTS,NOT ON SCENE (DESK REPORT),NO INJURY / DRIVE AWAY,Y,,,"$501 - $1,500",11/01/2017 05:45:00 PM,UNABLE TO DETERMINE,UNABLE TO DETERMINE,1358,W,WEBSTER AVE,1811,,,,,,,2,NO INDICATION OF INJURY,0,0,0,0,0,2,0,17,4,11,41.921730357,-87.663137976,POINT (-87.663137976275 41.921730356513)
JA494810,,11/01/2017 05:22:00 PM,30,NO CONTROLS,NO CONTROLS,RAIN,"DARKNESS, LIGHTED ROAD",PEDESTRIAN,DIVIDED - W/MEDIAN BARRIER,4,STRAIGHT AND LEVEL,WET,NO DEFECTS,ON SCENE,INJURY AND / OR TOW DUE TO CRASH,Y,,,$500 OR LESS,11/01/2017 05:30:00 PM,FAILING TO YIELD RIGHT-OF-WAY,WEATHER,901,N,LA SALLE DR,1832,,,,,,,3,NONINCAPACITATING INJURY,2,0,0,2,0,1,0,17,4,11,41.899312059,-87.632644112,POINT (-87.632644112408 41.899312059475)
JA494852,,11/01/2017 05:25:00 PM,30,TRAFFIC SIGNAL,FUNCTIONING PROPERLY,RAIN,"DARKNESS, LIGHTED ROAD",SIDESWIPE SAME DIRECTION,NOT DIVIDED,,STRAIGHT AND LEVEL,WET,NO DEFECTS,NOT ON SCENE (DESK REPORT),NO INJURY / DRIVE AWAY,Y,,Y,$500 OR LESS,11/01/2017 06:05:00 PM,UNABLE TO DETERMINE,UNABLE TO DETERMINE,905,N,MICHIGAN AVE,1833,,,,,,,2,NO INDICATION OF INJURY,0,0,0,0,0,2,0,17,4,11,41.89939578,-87.623984487,POINT (-87.62398448708 41.8993957804)
JA494807,,11/01/2017 05:25:00 PM,30,NO CONTROLS,NO CONTROLS,RAIN,DAYLIGHT,REAR END,NOT DIVIDED,,STRAIGHT AND LEVEL,WET,NO DEFECTS,ON SCENE,INJURY AND / OR TOW DUE TO CRASH,,,,"OVER $1,500",11/01/2017 05:28:00 PM,UNABLE TO DETERMINE,UNABLE TO DETERMINE,3540,W,71ST ST,831,,,,,,,2,NO INDICATION OF INJURY,0,0,0,0,0,2,0,17,4,11,41.764362083,-87.711785572,POINT (-87.711785571757 41.764362083055)
JA494802,,11/01/2017 05:30:00 PM,30,TRAFFIC SIGNAL,FUNCTIONING PROPERLY,RAIN,DUSK,TURNING,NOT DIVIDED,2,STRAIGHT AND LEVEL,WET,NO DEFECTS,ON SCENE,INJURY AND / OR TOW DUE TO CRASH,Y,,,"OVER $1,500",11/01/2017 05:30:00 PM,FAILING TO YIELD RIGHT-OF-WAY,DRIVING SKILLS/KNOWLEDGE/EXPERIENCE,8400,S,JEFFERY BLVD,412,,Y,,,,,2,"REPORTED, NOT EVIDENT",1,0,0,0,1,1,0,17,4,11,41.742550474,-87.575960797,POINT (-87.575960797105 41.742550474171)
JA495881,,11/01/2017 05:30:00 PM,30,NO CONTROLS,NO CONTROLS,RAIN,DUSK,PARKED MOTOR VEHICLE,PARKING LOT,,STRAIGHT AND LEVEL,WET,NO DEFECTS,NOT ON SCENE (DESK REPORT),NO INJURY / DRIVE AWAY,,,,"$501 - $1,500",11/02/2017 01:10:00 PM,UNABLE TO DETERMINE,UNABLE TO DETERMINE,8601,S,STATE ST,632,,,,,,,2,NO INDICATION OF INJURY,0,0,0,0,0,1,0,17,4,11,41.738149991,-87.624044056,POINT (-87.624044055975 41.738149990789)
JA494981,Y,11/01/2017 05:30:00 PM,30,TRAFFIC SIGNAL,FUNCTIONING PROPERLY,RAIN,"DARKNESS, LIGHTED ROAD",PEDESTRIAN,NOT DIVIDED,2,STRAIGHT AND LEVEL,WET,NO DEFECTS,ON SCENE,INJURY AND / OR TOW DUE TO CRASH,Y,,,$500 OR LESS,11/01/2017 07:00:00 PM,FAILING TO REDUCE SPEED TO AVOID CRASH,FAILING TO YIELD RIGHT-OF-WAY,6958,W,BELMONT AVE,1632,,,,,,,2,NONINCAPACITATING INJURY,1,0,0,1,0,2,0,17,4,11,41.938197302,-87.800530287,POINT (-87.800530286835 41.938197302245)