RD_NO,CRASH_DATE_EST_I,CRASH_DATE,POSTED_SPEED_LIMIT,TRAFFIC_CONTROL_DEVICE,DEVICE_CONDITION,WEATHER_CONDITION,LIGHTING_CONDITION,FIRST_CRASH_TYPE,TRAFFICWAY_TYPE,LANE_CNT,ALIGNMENT,ROADWAY_SURFACE_COND,ROAD_DEFECT,REPORT_TYPE,CRASH_TYPE,INTERSECTION_RELATED_I,NOT_RIGHT_OF_WAY_I,HIT_AND_RUN_I,DAMAGE,DATE_POLICE_NOTIFIED,PRIM_CONTRIBUTORY_CAUSE,SEC_CONTRIBUTORY_CAUSE,STREET_NO,STREET_DIRECTION,STREET_NAME,BEAT_OF_OCCURRENCE,PHOTOS_TAKEN_I,STATEMENTS_TAKEN_I,DOORING_I,WORK_ZONE_I,WORK_ZONE_TYPE,WORKERS_PRESENT_I,NUM_UNITS,MOST_SEVERE_INJURY,INJURIES_TOTAL,INJURIES_FATAL,INJURIES_INCAPACITATING,INJURIES_NON_INCAPACITATING,INJURIES_REPORTED_NOT_EVIDENT,INJURIES_NO_INDICATION,INJURIES_UNKNOWN,CRASH_HOUR,CRASH_DAY_OF_WEEK,CRASH_MONTH,LATITUDE,LONGITUDE,LOCATION
JA494858,,11/01/2017 05:30:00 PM,35,UNKNOWN,UNKNOWN,UNKNOWN,DUSK,REAR END,UNKNOWN,2,STRAIGHT AND LEVEL,WET,UNKNOWN,ON SCENE,INJURY AND / OR TOW DUE TO CRASH,,,,"OVER $1,500",11/01/2017 05:50:00 PM,UNABLE TO DETERMINE,NOT APPLICABLE,3557,N,LINCOLN AVE,1922,,,,,,,2,NO INDICATION OF INJURY,0,0,0,0,0,2,0,17,4,11,41.946774111,-87.673456551,POINT (-87.673456551102 41.946774111044)
JA496174,,11/01/2017 05:30:00 PM,25,NO CONTROLS,NO CONTROLS,RAIN,"DARKNESS, LIGHTED ROAD",ANGLE,DIVIDED - W/MEDIAN (NOT RAISED),4,STRAIGHT AND LEVEL,DRY,NO DEFECTS,NOT ON SCENE (DESK REPORT),NO INJURY / DRIVE AWAY,,,,"$501 - $1,500",11/02/2017 03:23:00 PM,UNABLE TO DETERMINE,UNABLE TO DETERMINE,4500,S,CALIFORNIA AVE,922,,,,,,,3,NO INDICATION OF INJURY,0,0,0,0,0,3,0,17,4,11,41.811818878,-87.694458628,POINT (-87.694458628094 41.811818877708)
JA497360,,11/01/2017 05:30:00 PM,30,NO CONTROLS,NO CONTROLS,CLOUDY/OVERCAST,DUSK,REAR END,NOT DIVIDED,4,STRAIGHT AND LEVEL,WET,NO DEFECTS,NOT ON SCENE (DESK REPORT),NO INJURY / DRIVE AWAY,,,,"$501 - $1,500",11/03/2017 05:05:00 PM,FOLLOWING TOO CLOSELY,FOLLOWING TOO CLOSELY,5130,S,LAKE PARK AVE,234,,,,,,,2,NO INDICATION OF INJURY,0,0,0,0,0,2,0,17,4,11,41.801456552,-87.587741862,POINT (-87.587741862156 41.801456552461)
JA495059,,11/01/2017 05:30:00 PM,5,NO CONTROLS,NO CONTROLS,RAIN,"DARKNESS, LIGHTED ROAD",PARKED MOTOR VEHICLE,PARKING LOT,,STRAIGHT AND LEVEL,WET,NO DEFECTS,NOT ON SCENE (DESK REPORT),NO INJURY / DRIVE AWAY,,,Y,"OVER $1,500",11/01/2017 06:05:00 PM,IMPROPER BACKING,NOT APPLICABLE,1224,S,WABASH AVE,131,,,,,,,2,NO INDICATION OF INJURY,0,0,0,0,0,1,0,17,4,11,41.866724354,-87.625961148,POINT (-87.625961148378 41.866724354056)
JA494879,,11/01/2017 05:30:00 PM,30,STOP SIGN/FLASHER,FUNCTIONING PROPERLY,RAIN,"DARKNESS, LIGHTED ROAD",ANGLE,NOT DIVIDED,2,STRAIGHT AND LEVEL,WET,NO DEFECTS,NOT ON SCENE (DESK REPORT),NO INJURY / DRIVE AWAY,Y,,,"OVER $1,500",11/01/2017 06:00:00 PM,FAILING TO YIELD RIGHT-OF-WAY,NOT APPLICABLE,834,W,GRAND AVE,1214,,,,,,,2,NO INDICATION OF INJURY,0,0,0,0,0,3,0,17,4,11,41.891278982,-87.648946753,POINT (-87.648946752895 41.891278982471)
JA494833,,11/01/2017 05:31:00 PM,30,STOP SIGN/FLASHER,FUNCTIONING PROPERLY,RAIN,DUSK,REAR END,ONE-WAY,1,STRAIGHT AND LEVEL,WET,UNKNOWN,NOT ON SCENE (DESK REPORT),NO INJURY / DRIVE AWAY,,,,"OVER $1,500",11/01/2017 06:02:00 PM,UNABLE TO DETERMINE,"VISION OBSCURED (SIGNS, TREE LIMBS, BUILDINGS, ETC.)",1934,N,ROCKWELL ST,1421,,,,,,,2,NO INDICATION OF INJURY,0,0,0,0,0,2,0,17,4,11,41.916784996,-87.692429219,POINT (-87.692429219469 41.91678499646)
JA494841,,11/01/2017 05:34:00 PM,30,NO CONTROLS,NO CONTROLS,RAIN,DAYLIGHT,SIDESWIPE SAME DIRECTION,DIVIDED - W/MEDIAN (NOT RAISED),4,STRAIGHT AND LEVEL,WET,NO DEFECTS,ON SCENE,NO INJURY / DRIVE AWAY,,,,"$501 - $1,500",11/01/2017 05:50:00 PM,DISREGARDING STOP SIGN,NOT APPLICABLE,5005,S,ARCHER AVE,815,,,,,,,2,NO INDICATION OF INJURY,0,0,0,0,0,2,0,17,4,11,41.802076679,-87.723586162,POINT (-87.723586162199 41.802076678743)
JA494845,,11/01/2017 05:35:00 PM,25,NO CONTROLS,NO CONTROLS,RAIN,"DARKNESS, LIGHTED ROAD",TURNING,DIVIDED - W/MEDIAN (NOT RAISED),4,STRAIGHT AND LEVEL,WET,NO DEFECTS,NOT ON SCENE (DESK REPORT),NO INJURY / DRIVE AWAY,,,,"$501 - $1,500",11/01/2017 05:50:00 PM,UNABLE TO DETERMINE,UNABLE TO DETERMINE,6800,S,PULASKI RD,833,,,,,,,2,NO INDICATION OF INJURY,0,0,0,0,0,2,0,17,4,11,41.769507221,-87.722673268,POINT (-87.72267326755 41.769507220616)
JA494848,,11/01/2017 05:37:00 PM,30,NO CONTROLS,NO CONTROLS,RAIN,"DARKNESS, LIGHTED ROAD",REAR END,NOT DIVIDED,2,STRAIGHT AND LEVEL,WET,NO DEFECTS,ON SCENE,NO INJURY / DRIVE AWAY,,,,"OVER $1,500",11/01/2017 06:00:00 PM,UNABLE TO DETERMINE,UNABLE TO DETERMINE,1800,S,KOSTNER AVE,1012,,,,,,,2,NO INDICATION OF INJURY,0,0,0,0,0,4,0,17,4,11,41.856841484,-87.734822815,POINT (-87.734822815255 41.856841483997)
JA494878,,11/01/2017 05:45:00 PM,20,STOP SIGN/FLASHER,OTHER,RAIN,DUSK,REAR END,DIVIDED - W/MEDIAN (NOT RAISED),2,STRAIGHT AND LEVEL,WET,NO DEFECTS,ON SCENE,INJURY AND / OR TOW DUE TO CRASH,,,Y,"OVER $1,500",11/01/2017 05:54:00 PM,FOLLOWING TOO CLOSELY,NOT APPLICABLE,7200,S,WENTWORTH AVE,731,,,,,,,3,INCAPACITATING INJURY,1,0,1,0,0,2,0,17,4,11,41.76351932,-87.629873071,POINT (-87.629873071249 41.763519320311)
JA506381,,11/01/2017 05:45:00 PM,30,NO CONTROLS,NO CONTROLS,RAIN,DUSK,TURNING,DIVIDED - W/MEDIAN (NOT RAISED),,STRAIGHT AND LEVEL,WET,NO DEFECTS,NOT ON SCENE (DESK REPORT),NO INJURY / DRIVE AWAY,,,,"OVER $1,500",11/10/2017 12:00:00 PM,IMPROPER TURNING/NO SIGNAL,WEATHER,5501,W,DEVON AVE,1621,,,,N,,,2,NO INDICATION OF INJURY,0,0,0,0,0,5,0,17,4,11,41.997237811,-87.765807674,POINT (-87.76580767353 41.997237811355)
JA494911,,11/01/2017 05:45:00 PM,30,TRAFFIC SIGNAL,FUNCTIONING PROPERLY,RAIN,"DARKNESS, LIGHTED ROAD",REAR END,DIVIDED - W/MEDIAN (NOT RAISED),4,STRAIGHT AND LEVEL,WET,UNKNOWN,NOT ON SCENE (DESK REPORT),INJURY AND / OR TOW DUE TO CRASH,Y,,,"OVER $1,500",11/01/2017 06:10:00 PM,FOLLOWING TOO CLOSELY,WEATHER,500,W,IRVING PARK DR,1925,,,,,,,3,"REPORTED, NOT EVIDENT",2,0,0,0,2,1,0,17,4,11,41.954769617,-87.644199728,POINT (-87.64419972807 41.954769616926)
JA494863,,11/01/2017 05:45:00 PM,30,TRAFFIC SIGNAL,FUNCTIONING PROPERLY,RAIN,"DARKNESS, LIGHTED ROAD",TURNING,DIVIDED - W/MEDIAN (NOT RAISED),4,STRAIGHT AND LEVEL,WET,NO DEFECTS,ON SCENE,INJURY AND / OR TOW DUE TO CRASH,Y,,,"OVER $1,500",11/01/2017 05:50:00 PM,DISREGARDING TRAFFIC SIGNALS,UNABLE TO DETERMINE,10700,S,HALSTED ST,2233,,,,,,,2,NO INDICATION OF INJURY,0,0,0,0,0,2,0,17,4,11,41.699547415,-87.642751915,POINT (-87.64275191512 41.699547414667)
JA494855,,11/01/2017 05:45:00 PM,30,TRAFFIC SIGNAL,FUNCTIONING PROPERLY,RAIN,"DARKNESS, LIGHTED ROAD",REAR END,DIVIDED - W/MEDIAN (NOT RAISED),4,STRAIGHT AND LEVEL,WET,NO DEFECTS,ON SCENE,INJURY AND / OR TOW DUE TO CRASH,,,,"OVER $1,500",11/01/2017 06:00:00 PM,FOLLOWING TOO CLOSELY,FAILING TO REDUCE SPEED TO AVOID CRASH,3843,W,FULLERTON AVE,2525,,,,,,,2,NO INDICATION OF INJURY,0,0,0,0,0,3,0,17,4,11,41.92441222,-87.723634563,POINT (-87.723634563392 41.924412220221)
JA494890,Y,11/01/2017 05:50:00 PM,30,STOP SIGN/FLASHER,FUNCTIONING PROPERLY,RAIN,DAYLIGHT,ANGLE,NOT DIVIDED,,STRAIGHT AND LEVEL,WET,NO DEFECTS,NOT ON SCENE (DESK REPORT),NO INJURY / DRIVE AWAY,,,Y,"$501 - $1,500",11/01/2017 06:35:00 PM,FAILING TO YIELD RIGHT-OF-WAY,NOT APPLICABLE,2400,W,GLENLAKE AVE,2413,,,,,,,2,NO INDICATION OF INJURY,0,0,0,0,0,2,0,17,4,11,41.992382314,-87.689768665,POINT (-87.689768665343 41.992382314081)
JA494937,,11/01/2017 05:51:00 PM,30,STOP SIGN/FLASHER,OTHER,RAIN,"DARKNESS, LIGHTED ROAD",PEDESTRIAN,NOT DIVIDED,2,STRAIGHT AND LEVEL,WET,UNKNOWN,ON SCENE,INJURY AND / OR TOW DUE TO CRASH,Y,,,$500 OR LESS,11/01/2017 06:38:00 PM,UNABLE TO DETERMINE,FAILING TO YIELD RIGHT-OF-WAY,1900,W,CERMAK RD,1234,,,,,,,2,NONINCAPACITATING INJURY,1,0,0,1,0,1,0,17,4,11,41.852319169,-87.67351598,POINT (-87.673515979577 41.85231916935)
JA494906,,11/01/2017 05:55:00 PM,30,NO CONTROLS,NO CONTROLS,RAIN,DARKNESS,TURNING,NOT DIVIDED,2,STRAIGHT AND LEVEL,WET,NO DEFECTS,ON SCENE,INJURY AND / OR TOW DUE TO CRASH,,,,"OVER $1,500",11/01/2017 06:09:00 PM,EXCEEDING SAFE SPEED FOR CONDITIONS,WEATHER,2400,S,MARSHALL BLVD,1033,,,,,,,2,NONINCAPACITATING INJURY,7,0,0,1,6,0,0,17,4,11,41.848154513,-87.699127253,POINT (-87.69912725261 41.848154512659)
JA494930,,11/01/2017 05:55:00 PM,30,TRAFFIC SIGNAL,NO CONTROLS,RAIN,"DARKNESS, LIGHTED ROAD",SIDESWIPE SAME DIRECTION,DIVIDED - W/MEDIAN BARRIER,,STRAIGHT AND LEVEL,WET,UNKNOWN,NOT ON SCENE (DESK REPORT),NO INJURY / DRIVE AWAY,,,Y,"OVER $1,500",11/01/2017 06:45:00 PM,UNABLE TO DETERMINE,UNABLE TO DETERMINE,2235,S,MICHIGAN AVE,132,,,,,,,2,NO INDICATION OF INJURY,0,0,0,0,0,2,0,17,4,11,41.851855893,-87.623630673,POINT (-87.623630673255 41.85185589286)
JA494874,,11/01/2017 05:56:00 PM,15,STOP SIGN/FLASHER,FUNCTIONING PROPERLY,RAIN,DARKNESS,ANGLE,OTHER,1,STRAIGHT AND LEVEL,WET,NO DEFECTS,ON SCENE,NO INJURY / DRIVE AWAY,Y,,,"OVER $1,500",11/01/2017 06:07:00 PM,FAILING TO YIELD RIGHT-OF-WAY,EXCEEDING AUTHORIZED SPEED LIMIT,2300,N,TRIPP AVE,2522,,,,,,,2,NO INDICATION OF INJURY,0,0,0,0,0,2,0,17,4,11,41.922668123,-87.732985265,POINT (-87.732985264593 41.922668122878)
JA495057,,11/01/2017 06:00:00 PM,30,TRAFFIC SIGNAL,FUNCTIONING PROPERLY,RAIN,DAYLIGHT,SIDESWIPE SAME DIRECTION,NOT DIVIDED,,STRAIGHT AND LEVEL,WET,NO DEFECTS,NOT ON SCENE (DESK REPORT),NO INJURY / DRIVE AWAY,,,,$500 OR LESS,11/01/2017 08:03:00 PM,FAILING TO YIELD RIGHT-OF-WAY,FOLLOWING TOO CLOSELY,100,N,CLARK ST,122,,,,,,,2,NO INDICATION OF INJURY,0,0,0,0,0,2,0,18,4,11,41.883270662,-87.631056285,POINT (-87.631056284971 41.883270662247)
JA497011,,11/01/2017 06:00:00 PM,35,NO CONTROLS,NO CONTROLS,CLEAR,DUSK,REAR END,NOT DIVIDED,2,STRAIGHT AND LEVEL,DRY,NO DEFECTS,NOT ON SCENE (DESK REPORT),NO INJURY / DRIVE AWAY,,,,"OVER $1,500",11/02/2017 05:03:00 PM,FOLLOWING TOO CLOSELY,NOT APPLICABLE,4600,S,UNION AVE,925,,,,,,,2,NO INDICATION OF INJURY,0,0,0,0,0,2,0,18,4,11,41.810682656,-87.643307282,POINT (-87.643307282068 41.810682655857)
JA494895,,11/01/2017 06:00:00 PM,30,UNKNOWN,UNKNOWN,RAIN,"DARKNESS, LIGHTED ROAD",PARKED MOTOR VEHICLE,NOT DIVIDED,2,STRAIGHT AND LEVEL,WET,NO DEFECTS,ON SCENE,INJURY AND / OR TOW DUE TO CRASH,,,Y,"OVER $1,500",11/01/2017 06:07:00 PM,UNABLE TO DETERMINE,UNABLE TO DETERMINE,7910,S,RACINE AVE,612,,,,,,,2,NO INDICATION OF INJURY,0,0,0,0,0,1,0,18,4,11,41.750108863,-87.65387435,POINT (-87.653874349795 41.750108862805)
JA513829,,11/01/2017 06:00:00 PM,30,NO CONTROLS,NO CONTROLS,CLEAR,DUSK,PARKED MOTOR VEHICLE,ONE-WAY,1,STRAIGHT AND LEVEL,DRY,NO DEFECTS,NOT ON SCENE (DESK REPORT),NO INJURY / DRIVE AWAY,,,,"OVER $1,500",11/16/2017 10:16:00 AM,UNABLE TO DETERMINE,NOT APPLICABLE,3234,W,BEACH AVE,1422,,,,,,,2,NO INDICATION OF INJURY,0,0,0,0,0,1,0,18,4,11,41.907473988,-87.708305308,POINT (-87.708305307884 41.907473988383)
JA495009,,11/01/2017 06:05:00 PM,45,NO CONTROLS,NO CONTROLS,RAIN,"DARKNESS, LIGHTED ROAD",REAR END,DIVIDED - W/MEDIAN BARRIER,,STRAIGHT AND LEVEL,WET,UNKNOWN,NOT ON SCENE (DESK REPORT),INJURY AND / OR TOW DUE TO CRASH,,,,"OVER $1,500",11/01/2017 07:25:00 PM,FOLLOWING TOO CLOSELY,WEATHER,1601,N,LAKE SHORE DR,1814,,,,,,,2,"REPORTED, NOT EVIDENT",1,0,0,0,1,1,0,18,4,11,41.911305598,-87.626209432,POINT (-87.626209432339 41.911305598351)
JA494886,,11/01/2017 06:05:00 PM,30,NO CONTROLS,NO CONTROLS,RAIN,"DARKNESS, LIGHTED ROAD",TURNING,NOT DIVIDED,4,STRAIGHT AND LEVEL,WET,NO DEFECTS,NOT ON SCENE (DESK REPORT),NO INJURY / DRIVE AWAY,,,,"OVER $1,500",11/01/2017 06:15:00 PM,FAILING TO YIELD RIGHT-OF-WAY,NOT APPLICABLE,6500,S,PULASKI RD,833,,,,,,,2,NO INDICATION OF INJURY,0,0,0,0,0,7,0,18,4,11,41.774964998,-87.722812227,POINT (-87.722812226815 41.774964998435)
JA494974,,11/01/2017 06:08:00 PM,30,TRAFFIC SIGNAL,FUNCTIONING PROPERLY,RAIN,"DARKNESS, LIGHTED ROAD",REAR END,OTHER,,STRAIGHT AND LEVEL,WET,NO DEFECTS,NOT ON SCENE (DESK REPORT),NO INJURY / DRIVE AWAY,,,,$500 OR LESS,11/01/2017 07:08:00 PM,FOLLOWING TOO CLOSELY,NOT APPLICABLE,10600,S,TORRENCE AVE,434,,,,,,,2,NO INDICATION OF INJURY,0,0,0,0,0,2,0,18,4,11,41.702685827,-87.559747707,POINT (-87.559747707177 41.702685826641)
JA494935,,11/01/2017 06:10:00 PM,30,TRAFFIC SIGNAL,FUNCTIONING PROPERLY,RAIN,DAYLIGHT,REAR END,NOT DIVIDED,4,STRAIGHT AND LEVEL,WET,NO DEFECTS,NOT ON SCENE (DESK REPORT),NO INJURY / DRIVE AWAY,,,,"$501 - $1,500",11/01/2017 06:55:00 PM,UNABLE TO DETERMINE,NOT APPLICABLE,399,S,ASHLAND AVE,1231,,,,,,,2,NO INDICATION OF INJURY,0,0,0,0,0,2,0,18,4,11,41.876391413,-87.666518635,POINT (-87.666518634825 41.87639141306)
JA496119,,11/01/2017 06:15:00 PM,30,NO CONTROLS,NO CONTROLS,RAIN,DARKNESS,TURNING,ONE-WAY,3,STRAIGHT AND LEVEL,WET,NO DEFECTS,NOT ON SCENE (DESK REPORT),NO INJURY / DRIVE AWAY,,,,"$501 - $1,500",11/02/2017 04:15:00 PM,IMPROPER TURNING/NO SIGNAL,NOT APPLICABLE,20,N,CLINTON ST,121,,,,,,,2,NO INDICATION OF INJURY,0,0,0,0,0,2,0,18,4,11,41.882484599,-87.64135965,POINT (-87.641359650057 41.882484598713)
JA494949,,11/01/2017 06:15:00 PM,25,NO CONTROLS,NO CONTROLS,RAIN,"DARKNESS, LIGHTED ROAD",ANGLE,DIVIDED - W/MEDIAN (NOT RAISED),4,STRAIGHT AND LEVEL,WET,NO DEFECTS,NOT ON SCENE (DESK REPORT),NO INJURY / DRIVE AWAY,,,Y,"$501 - $1,500",11/01/2017 06:56:00 PM,UNABLE TO DETERMINE,UNABLE TO DETERMINE,6100,S,KILDARE AVE,813,,,,,,,2,NO INDICATION OF INJURY,0,0,0,0,0,2,0,18,4,11,41.782121922,-87.730333884,POINT (-87.730333884275 41.782121922298)
JA494904,,11/01/2017 06:15:00 PM,30,NO CONTROLS,NO CONTROLS,RAIN,"DARKNESS, LIGHTED ROAD",REAR END,NOT DIVIDED,2,STRAIGHT AND LEVEL,WET,NO DEFECTS,NOT ON SCENE (DESK REPORT),NO INJURY / DRIVE AWAY,,,,"$501 - $1,500",11/01/2017 06:30:00 PM,WEATHER,FOLLOWING TOO CLOSELY,8000,S,HALSTED ST,621,,,,,,,2,NO INDICATION OF INJURY,0,0,0,0,0,2,0,18,4,11,41.748725425,-87.64413194,POINT (-87.644131939896 41.748725425387)
JA494893,,11/01/2017 06:18:00 PM,30,TRAFFIC SIGNAL,FUNCTIONING PROPERLY,RAIN,"DARKNESS, LIGHTED ROAD",REAR END,NOT DIVIDED,2,STRAIGHT AND LEVEL,WET,NO DEFECTS,ON SCENE,NO INJURY / DRIVE AWAY,N,,,"OVER $1,500",11/01/2017 06:18:00 PM,FOLLOWING TOO CLOSELY,WEATHER,5459,N,LINCOLN AVE,2011,,,,,,,2,NO INDICATION OF INJURY,0,0,0,0,0,2,0,18,4,11,41.98127139,-87.692677289,POINT (-87.69267728882 41.981271389839)
JA494907,,11/01/2017 06:19:00 PM,30,NO CONTROLS,NO CONTROLS,RAIN,"DARKNESS, LIGHTED ROAD",PARKED MOTOR VEHICLE,NOT DIVIDED,2,STRAIGHT AND LEVEL,WET,NO DEFECTS,ON SCENE,INJURY AND / OR TOW DUE TO CRASH,,,,"OVER $1,500",11/01/2017 06:20:00 PM,WEATHER,UNABLE TO DETERMINE,1721,W,BERTEAU AVE,1912,,,,,,,2,NO INDICATION OF INJURY,0,0,0,0,0,1,0,18,4,11,41.957801046,-87.671636745,POINT (-87.671636745191 41.957801046311)
JA495632,,11/01/2017 06:20:00 PM,30,TRAFFIC SIGNAL,FUNCTIONING PROPERLY,RAIN,"DARKNESS, LIGHTED ROAD",REAR END,NOT DIVIDED,,STRAIGHT AND LEVEL,WET,NO DEFECTS,NOT ON SCENE (DESK REPORT),NO INJURY / DRIVE AWAY,,,,"OVER $1,500",11/02/2017 10:20:00 AM,FOLLOWING TOO CLOSELY,FAILING TO REDUCE SPEED TO AVOID CRASH,200,N,WABASH AVE,111,,,,,,,2,NO INDICATION OF INJURY,0,0,0,0,0,4,0,18,4,11,41.885757418,-87.626426369,POINT (-87.626426369268 41.88575741772)
JA495083,,11/01/2017 06:20:00 PM,30,TRAFFIC SIGNAL,FUNCTIONING PROPERLY,RAIN,"DARKNESS, LIGHTED ROAD",SIDESWIPE SAME DIRECTION,ONE-WAY,2,STRAIGHT AND LEVEL,WET,"RUT, HOLES",NOT ON SCENE (DESK REPORT),NO INJURY / DRIVE AWAY,,,,"$501 - $1,500",11/01/2017 08:10:00 PM,FAILING TO YIELD RIGHT-OF-WAY,WEATHER,7500,S,LAFAYETTE AVE,623,,,,,,,2,NO INDICATION OF INJURY,0,0,0,0,0,2,0,18,4,11,41.758068532,-87.626516982,POINT (-87.626516982328 41.75806853202)
JA494982,,11/01/2017 06:30:00 PM,35,NO CONTROLS,NO CONTROLS,RAIN,"DARKNESS, LIGHTED ROAD",PARKED MOTOR VEHICLE,NOT DIVIDED,,STRAIGHT AND LEVEL,WET,NO DEFECTS,ON SCENE,NO INJURY / DRIVE AWAY,,,Y,"OVER $1,500",11/01/2017 07:13:00 PM,FAILING TO REDUCE SPEED TO AVOID CRASH,WEATHER,6645,S,HALSTED ST,723,,,,,,,2,NO INDICATION OF INJURY,0,0,0,0,0,1,0,18,4,11,41.77296603,-87.644463071,POINT (-87.644463070676 41.772966029501)
JA494996,Y,11/01/2017 06:30:00 PM,30,TRAFFIC SIGNAL,FUNCTIONING PROPERLY,RAIN,DAYLIGHT,SIDESWIPE OPPOSITE DIRECTION,NOT DIVIDED,2,STRAIGHT AND LEVEL,WET,NO DEFECTS,NOT ON SCENE (DESK REPORT),NO INJURY / DRIVE AWAY,,,,"OVER $1,500",11/01/2017 07:20:00 PM,IMPROPER OVERTAKING/PASSING,NOT APPLICABLE,251,N,LOWER STETSON AVE,114,,,,,,,2,NO INDICATION OF INJURY,0,0,0,0,0,2,0,18,4,11,41.886708965,-87.622215696,POINT (-87.622215695656 41.886708965328)
JA494998,,11/01/2017 06:30:00 PM,15,NO CONTROLS,NO CONTROLS,RAIN,DUSK,ANGLE,PARKING LOT,,STRAIGHT AND LEVEL,WET,NO DEFECTS,NOT ON SCENE (DESK REPORT),NO INJURY / DRIVE AWAY,,,,$500 OR LESS,11/01/2017 07:33:00 PM,UNABLE TO DETERMINE,NOT APPLICABLE,7850,S,DR MARTIN LUTHER KING JR DR,623,,,,,,,2,NO INDICATION OF INJURY,0,0,0,0,0,2,0,18,4,11,41.751430294,-87.615112734,POINT (-87.615112733615 41.751430294265)
JA494896,,11/01/2017 06:30:00 PM,30,NO CONTROLS,NO CONTROLS,RAIN,"DARKNESS, LIGHTED ROAD",TURNING,DIVIDED - W/MEDIAN (NOT RAISED),,STRAIGHT AND LEVEL,WET,NO DEFECTS,ON SCENE,INJURY AND / OR TOW DUE TO CRASH,,,,"OVER $1,500",11/01/2017 06:35:00 PM,UNABLE TO DETERMINE,UNABLE TO DETERMINE,5141,S,WESTERN BLVD,932,,,,,,,3,NO INDICATION OF INJURY,0,0,0,0,0,3,0,18,4,11,41.799854444,-87.683483465,POINT (-87.68348346487 41.799854444417)
JA498351,,11/01/2017 06:30:00 PM,30,TRAFFIC SIGNAL,FUNCTIONING PROPERLY,RAIN,DUSK,TURNING,DIVIDED - W/MEDIAN (NOT RAISED),2,STRAIGHT AND LEVEL,WET,NO DEFECTS,NOT ON SCENE (DESK REPORT),NO INJURY / DRIVE AWAY,Y,,N,"OVER $1,500",11/04/2017 09:26:00 AM,DRIVING SKILLS/KNOWLEDGE/EXPERIENCE,EXCEEDING SAFE SPEED FOR CONDITIONS,1599,N,PULASKI RD,2535,,,,,,,2,NO INDICATION OF INJURY,0,0,0,0,0,2,0,18,4,11,41.909755482,-87.72620537,POINT (-87.726205370232 41.909755481676)
JA494944,,11/01/2017 06:36:00 PM,30,NO CONTROLS,NO CONTROLS,RAIN,"DARKNESS, LIGHTED ROAD",PARKED MOTOR VEHICLE,DIVIDED - W/MEDIAN BARRIER,,STRAIGHT AND LEVEL,WET,NO DEFECTS,ON SCENE,NO INJURY / DRIVE AWAY,,,,$500 OR LESS,11/01/2017 06:36:00 PM,NOT APPLICABLE,NOT APPLICABLE,8549,S,STONY ISLAND AVE,412,,,,,,,2,NO INDICATION OF INJURY,0,0,0,0,0,1,0,18,4,11,41.739103163,-87.585107379,POINT (-87.585107379104 41.739103163293)
JA494977,,11/01/2017 06:39:00 PM,30,TRAFFIC SIGNAL,FUNCTIONING PROPERLY,RAIN,"DARKNESS, LIGHTED ROAD",PEDESTRIAN,DIVIDED - W/MEDIAN (NOT RAISED),2,STRAIGHT AND LEVEL,WET,NO DEFECTS,ON SCENE,INJURY AND / OR TOW DUE TO CRASH,Y,,,$500 OR LESS,11/01/2017 06:45:00 PM,UNABLE TO DETERMINE,UNABLE TO DETERMINE,1800,W,IRVING PARK RD,1912,,,,,,,2,NONINCAPACITATING INJURY,1,0,0,1,0,2,0,18,4,11,41.954323838,-87.674320837,POINT (-87.674320836882 41.954323837944)
JA494995,,11/01/2017 06:40:00 PM,30,NO CONTROLS,NO CONTROLS,RAIN,"DARKNESS, LIGHTED ROAD",FIXED OBJECT,NOT DIVIDED,2,STRAIGHT AND LEVEL,WET,NO DEFECTS,,NO INJURY / DRIVE AWAY,,,,$500 OR LESS,11/01/2017 07:30:00 PM,UNABLE TO DETERMINE,NOT APPLICABLE,1818,N,WELLS ST,1814,,,,,,,1,NO INDICATION OF INJURY,0,0,0,0,0,2,0,18,4,11,41.915349606,-87.634988006,POINT (-87.634988006119 41.915349606194)
JA494976,,11/01/2017 06:41:00 PM,30,NO CONTROLS,NO CONTROLS,RAIN,"DARKNESS, LIGHTED ROAD",FIXED OBJECT,NOT DIVIDED,,STRAIGHT AND LEVEL,WET,NO DEFECTS,,INJURY AND / OR TOW DUE TO CRASH,,,,$500 OR LESS,11/01/2017 06:41:00 PM,UNABLE TO DETERMINE,UNABLE TO DETERMINE,1709,W,LAWRENCE AVE,1912,,,,,,,1,NO INDICATION OF INJURY,0,0,0,0,0,3,0,18,4,11,41.968746996,-87.671430047,POINT (-87.671430046582 41.968746996002)
JA494965,,11/01/2017 06:42:00 PM,10,NO CONTROLS,NO CONTROLS,RAIN,"DARKNESS, LIGHTED ROAD",PARKED MOTOR VEHICLE,PARKING LOT,,STRAIGHT AND LEVEL,WET,NO DEFECTS,ON SCENE,NO INJURY / DRIVE AWAY,,,Y,"OVER $1,500",11/01/2017 06:49:00 PM,UNABLE TO DETERMINE,UNABLE TO DETERMINE,11501,S,HALSTED ST,524,,,,,,,2,NO INDICATION OF INJURY,0,0,0,0,0,1,0,18,4,11,41.685029587,-87.642004532,POINT (-87.642004532189 41.685029586669)