RD_NO,CRASH_DATE_EST_I,CRASH_DATE,POSTED_SPEED_LIMIT,TRAFFIC_CONTROL_DEVICE,DEVICE_CONDITION,WEATHER_CONDITION,LIGHTING_CONDITION,FIRST_CRASH_TYPE,TRAFFICWAY_TYPE,LANE_CNT,ALIGNMENT,ROADWAY_SURFACE_COND,ROAD_DEFECT,REPORT_TYPE,CRASH_TYPE,INTERSECTION_RELATED_I,NOT_RIGHT_OF_WAY_I,HIT_AND_RUN_I,DAMAGE,DATE_POLICE_NOTIFIED,PRIM_CONTRIBUTORY_CAUSE,SEC_CONTRIBUTORY_CAUSE,STREET_NO,STREET_DIRECTION,STREET_NAME,BEAT_OF_OCCURRENCE,PHOTOS_TAKEN_I,STATEMENTS_TAKEN_I,DOORING_I,WORK_ZONE_I,WORK_ZONE_TYPE,WORKERS_PRESENT_I,NUM_UNITS,MOST_SEVERE_INJURY,INJURIES_TOTAL,INJURIES_FATAL,INJURIES_INCAPACITATING,INJURIES_NON_INCAPACITATING,INJURIES_REPORTED_NOT_EVIDENT,INJURIES_NO_INDICATION,INJURIES_UNKNOWN,CRASH_HOUR,CRASH_DAY_OF_WEEK,CRASH_MONTH,LATITUDE,LONGITUDE,LOCATION
JA494951,,11/01/2017 06:44:00 PM,35,STOP SIGN/FLASHER,FUNCTIONING PROPERLY,RAIN,"DARKNESS, LIGHTED ROAD",HEAD ON,NOT DIVIDED,2,STRAIGHT AND LEVEL,WET,UNKNOWN,ON SCENE,INJURY AND / OR TOW DUE TO CRASH,Y,,,"OVER $1,500",11/01/2017 06:44:00 PM,IMPROPER TURNING/NO SIGNAL,DISREGARDING STOP SIGN,3031,N,BROADWAY,1934,,,,,,,3,NONINCAPACITATING INJURY,1,0,0,1,0,2,0,18,4,11,41.937429673,-87.644165444,POINT (-87.644165443633 41.937429672803)
JA495180,,11/01/2017 06:45:00 PM,30,NO CONTROLS,NO CONTROLS,RAIN,"DARKNESS, LIGHTED ROAD",SIDESWIPE SAME DIRECTION,DIVIDED - W/MEDIAN (NOT RAISED),,STRAIGHT AND LEVEL,WET,UNKNOWN,NOT ON SCENE (DESK REPORT),NO INJURY / DRIVE AWAY,,,,"OVER $1,500",11/01/2017 09:40:00 PM,NOT APPLICABLE,NOT APPLICABLE,3950,W,LAKE ST,1122,,,,,,,2,NO INDICATION OF INJURY,0,0,0,0,0,2,0,18,4,11,41.885561979,-87.725476229,POINT (-87.725476229459 41.885561979427)
JA498813,,11/01/2017 06:45:00 PM,15,NO CONTROLS,NO CONTROLS,CLEAR,DAYLIGHT,PARKED MOTOR VEHICLE,NOT DIVIDED,2,STRAIGHT AND LEVEL,WET,NO DEFECTS,NOT ON SCENE (DESK REPORT),NO INJURY / DRIVE AWAY,,,Y,"OVER $1,500",11/04/2017 03:45:00 PM,UNABLE TO DETERMINE,NOT APPLICABLE,13,S,KEDZIE AVE,1124,,,,,,,2,NO INDICATION OF INJURY,0,0,0,0,0,1,0,18,4,11,41.880533022,-87.705962388,POINT (-87.705962388495 41.880533022301)
JA495139,,11/01/2017 06:50:00 PM,35,TRAFFIC SIGNAL,FUNCTIONING PROPERLY,RAIN,"DARKNESS, LIGHTED ROAD",REAR END,NOT DIVIDED,4,STRAIGHT AND LEVEL,WET,NO DEFECTS,NOT ON SCENE (DESK REPORT),NO INJURY / DRIVE AWAY,,,,"$501 - $1,500",11/01/2017 09:00:00 PM,EQUIPMENT - VEHICLE CONDITION,WEATHER,4100,S,PULASKI RD,815,,,,,,,3,NO INDICATION OF INJURY,0,0,0,0,0,3,0,18,4,11,41.818349017,-87.724096405,POINT (-87.724096405469 41.818349016985)
JA494993,,11/01/2017 06:50:00 PM,20,NO CONTROLS,NO CONTROLS,RAIN,"DARKNESS, LIGHTED ROAD",PARKED MOTOR VEHICLE,NOT DIVIDED,2,STRAIGHT AND LEVEL,WET,NO DEFECTS,NOT ON SCENE (DESK REPORT),NO INJURY / DRIVE AWAY,,,,"OVER $1,500",11/01/2017 07:25:00 PM,DRIVING SKILLS/KNOWLEDGE/EXPERIENCE,UNABLE TO DETERMINE,5208,S,CALIFORNIA AVE,923,,,,,,,2,NO INDICATION OF INJURY,0,0,0,0,0,1,0,18,4,11,41.798843669,-87.694087377,POINT (-87.694087377078 41.79884366856)
JA495011,,11/01/2017 06:50:00 PM,30,NO CONTROLS,NO CONTROLS,RAIN,DARKNESS,PARKED MOTOR VEHICLE,DIVIDED - W/MEDIAN (NOT RAISED),4,STRAIGHT AND LEVEL,WET,NO DEFECTS,ON SCENE,INJURY AND / OR TOW DUE TO CRASH,,,Y,"OVER $1,500",11/01/2017 06:50:00 PM,IMPROPER OVERTAKING/PASSING,DRIVING SKILLS/KNOWLEDGE/EXPERIENCE,5646,W,NORTH AVE,2531,,,,,,,2,NO INDICATION OF INJURY,0,0,0,0,0,1,0,18,4,11,41.909462685,-87.767432857,POINT (-87.76743285745 41.909462685112)
JA495214,N,11/01/2017 06:50:00 PM,10,NO CONTROLS,NO CONTROLS,RAIN,DARKNESS,PARKED MOTOR VEHICLE,OTHER,,STRAIGHT AND LEVEL,WET,NO DEFECTS,ON SCENE,NO INJURY / DRIVE AWAY,,Y,Y,"OVER $1,500",11/01/2017 08:45:00 PM,UNABLE TO DETERMINE,UNABLE TO DETERMINE,1815,W,MONROE ST,1223,,,,,,,2,NO INDICATION OF INJURY,0,0,0,0,0,1,0,18,4,11,41.879971647,-87.672336145,POINT (-87.672336145083 41.879971646857)
JA494990,,11/01/2017 06:50:00 PM,30,TRAFFIC SIGNAL,FUNCTIONING PROPERLY,RAIN,"DARKNESS, LIGHTED ROAD",ANGLE,DIVIDED - W/MEDIAN (NOT RAISED),2,STRAIGHT AND LEVEL,WET,NO DEFECTS,NOT ON SCENE (DESK REPORT),NO INJURY / DRIVE AWAY,,,,"$501 - $1,500",11/01/2017 07:20:00 PM,FAILING TO YIELD RIGHT-OF-WAY,NOT APPLICABLE,1198,W,THORNDALE AVE,2433,,,,,,,2,NO INDICATION OF INJURY,0,0,0,0,0,2,0,18,4,11,41.99011704,-87.66017523,POINT (-87.660175229791 41.990117039805)
JA494964,,11/01/2017 06:54:00 PM,5,NO CONTROLS,NO CONTROLS,RAIN,"DARKNESS, LIGHTED ROAD",PEDESTRIAN,PARKING LOT,1,STRAIGHT AND LEVEL,WET,NO DEFECTS,ON SCENE,INJURY AND / OR TOW DUE TO CRASH,,,,$500 OR LESS,11/01/2017 06:57:00 PM,FAILING TO REDUCE SPEED TO AVOID CRASH,NOT APPLICABLE,151,E,WACKER DR,114,,,,,,,2,"REPORTED, NOT EVIDENT",1,0,0,0,1,1,0,18,4,11,41.887999887,-87.622565133,POINT (-87.62256513256 41.887999887349)
JA494955,,11/01/2017 06:58:00 PM,30,NO CONTROLS,NO CONTROLS,RAIN,"DARKNESS, LIGHTED ROAD",SIDESWIPE OPPOSITE DIRECTION,NOT DIVIDED,4,STRAIGHT AND LEVEL,WET,NO DEFECTS,ON SCENE,INJURY AND / OR TOW DUE TO CRASH,,,,"OVER $1,500",11/01/2017 06:58:00 PM,EXCEEDING AUTHORIZED SPEED LIMIT,NOT APPLICABLE,7736,N,SHERIDAN RD,2422,,,,,,,3,NONINCAPACITATING INJURY,1,0,0,1,0,3,0,18,4,11,42.022312425,-87.666980189,POINT (-87.666980188891 42.022312424809)
JA499097,Y,11/01/2017 07:00:00 PM,30,NO CONTROLS,NO CONTROLS,RAIN,DARKNESS,PEDESTRIAN,NOT DIVIDED,1,STRAIGHT AND LEVEL,WET,NO DEFECTS,NOT ON SCENE (DESK REPORT),NO INJURY / DRIVE AWAY,,,Y,$500 OR LESS,11/04/2017 07:35:00 PM,IMPROPER TURNING/NO SIGNAL,IMPROPER TURNING/NO SIGNAL,3199,W,ROSEMONT AVE,2413,,,,,,,2,NO INDICATION OF INJURY,0,0,0,0,0,2,0,19,4,11,41.995515945,-87.709232787,POINT (-87.709232787123 41.995515945215)
JA497343,,11/01/2017 07:00:00 PM,10,NO CONTROLS,NO CONTROLS,RAIN,DARKNESS,PARKED MOTOR VEHICLE,PARKING LOT,2,STRAIGHT AND LEVEL,WET,UNKNOWN,NOT ON SCENE (DESK REPORT),NO INJURY / DRIVE AWAY,,,Y,$500 OR LESS,11/03/2017 02:16:00 PM,UNABLE TO DETERMINE,UNABLE TO DETERMINE,333,W,35TH ST,915,Y,,,,,,2,NO INDICATION OF INJURY,0,0,0,0,0,1,0,19,4,11,41.830783662,-87.635295783,POINT (-87.635295783045 41.830783662283)
JA495562,Y,11/01/2017 07:00:00 PM,30,NO CONTROLS,NO CONTROLS,RAIN,"DARKNESS, LIGHTED ROAD",PARKED MOTOR VEHICLE,NOT DIVIDED,1,STRAIGHT AND LEVEL,WET,NO DEFECTS,NOT ON SCENE (DESK REPORT),NO INJURY / DRIVE AWAY,,,Y,"OVER $1,500",11/02/2017 09:30:00 AM,IMPROPER BACKING,NOT APPLICABLE,8331,W,SUMMERDALE AVE,1614,,,,,,,2,NO INDICATION OF INJURY,0,0,0,0,0,1,0,19,4,11,41.976377777,-87.835032794,POINT (-87.835032794318 41.976377776651)
JA495078,,11/01/2017 07:00:00 PM,30,TRAFFIC SIGNAL,FUNCTIONING PROPERLY,RAIN,"DARKNESS, LIGHTED ROAD",REAR END,DIVIDED - W/MEDIAN (NOT RAISED),,STRAIGHT AND LEVEL,ICE,"RUT, HOLES",NOT ON SCENE (DESK REPORT),NO INJURY / DRIVE AWAY,,,,"OVER $1,500",11/01/2017 08:00:00 PM,WEATHER,NOT APPLICABLE,3852,W,FULLERTON AVE,2524,,,,,,,2,NO INDICATION OF INJURY,0,0,0,0,0,2,0,19,4,11,41.924627468,-87.724031944,POINT (-87.724031943843 41.924627468092)
JA495028,,11/01/2017 07:00:00 PM,30,NO CONTROLS,NO CONTROLS,RAIN,"DARKNESS, LIGHTED ROAD",FIXED OBJECT,NOT DIVIDED,2,STRAIGHT AND LEVEL,WET,"RUT, HOLES",NOT ON SCENE (DESK REPORT),INJURY AND / OR TOW DUE TO CRASH,Y,,,"$501 - $1,500",11/01/2017 07:37:00 PM,WEATHER,WEATHER,3900,S,MORGAN ST,925,,,,,,,1,NO INDICATION OF INJURY,0,0,0,0,0,1,0,19,4,11,41.823332415,-87.650932713,POINT (-87.650932713328 41.823332414701)
JA495664,,11/01/2017 07:00:00 PM,30,NO CONTROLS,NO CONTROLS,RAIN,"DARKNESS, LIGHTED ROAD",PARKED MOTOR VEHICLE,NOT DIVIDED,,STRAIGHT AND LEVEL,WET,NO DEFECTS,NOT ON SCENE (DESK REPORT),NO INJURY / DRIVE AWAY,,,,"$501 - $1,500",11/02/2017 10:55:00 AM,UNABLE TO DETERMINE,NOT APPLICABLE,51,E,HARRISON ST,123,,,,,,,2,NO INDICATION OF INJURY,0,0,0,0,0,1,0,19,4,11,41.874300719,-87.625904132,POINT (-87.625904131709 41.874300719423)
JA495040,Y,11/01/2017 07:00:00 PM,30,TRAFFIC SIGNAL,FUNCTIONING PROPERLY,RAIN,"DARKNESS, LIGHTED ROAD",REAR END,NOT DIVIDED,2,STRAIGHT AND LEVEL,WET,NO DEFECTS,NOT ON SCENE (DESK REPORT),NO INJURY / DRIVE AWAY,,,,"OVER $1,500",11/01/2017 07:47:00 PM,FOLLOWING TOO CLOSELY,EXCEEDING SAFE SPEED FOR CONDITIONS,2201,S,WENTWORTH AVE,914,,,,,,,2,NO INDICATION OF INJURY,0,0,0,0,0,2,0,19,4,11,41.852818394,-87.631861666,POINT (-87.631861665792 41.852818393869)
JA494959,,11/01/2017 07:00:00 PM,35,NO CONTROLS,NO CONTROLS,RAIN,"DARKNESS, LIGHTED ROAD",REAR END,NOT DIVIDED,2,STRAIGHT AND LEVEL,WET,NO DEFECTS,ON SCENE,INJURY AND / OR TOW DUE TO CRASH,,,,"OVER $1,500",11/01/2017 07:05:00 PM,FOLLOWING TOO CLOSELY,WEATHER,1214,N,SEDGWICK ST,1821,,,,,,,2,NO INDICATION OF INJURY,0,0,0,0,0,2,0,19,4,11,41.904268772,-87.63852409,POINT (-87.638524090047 41.904268771623)
JA495003,,11/01/2017 07:00:00 PM,30,NO CONTROLS,NO CONTROLS,RAIN,DAYLIGHT,REAR END,NOT DIVIDED,2,STRAIGHT ON GRADE,WET,NO DEFECTS,NOT ON SCENE (DESK REPORT),NO INJURY / DRIVE AWAY,,,,$500 OR LESS,11/01/2017 07:36:00 PM,IMPROPER BACKING,IMPROPER BACKING,11100,S,STATE ST,522,,,,,,,2,NO INDICATION OF INJURY,0,0,0,0,0,2,0,19,4,11,41.692537042,-87.623249265,POINT (-87.623249265298 41.692537041934)
JA494988,,11/01/2017 07:05:00 PM,30,NO CONTROLS,NO CONTROLS,RAIN,DUSK,TURNING,DIVIDED - W/MEDIAN (NOT RAISED),,STRAIGHT AND LEVEL,WET,NO DEFECTS,NOT ON SCENE (DESK REPORT),NO INJURY / DRIVE AWAY,,,Y,$500 OR LESS,11/01/2017 07:15:00 PM,UNABLE TO DETERMINE,UNABLE TO DETERMINE,7110,S,VINCENNES AVE,731,,,,,,,3,NO INDICATION OF INJURY,0,0,0,0,0,3,0,19,4,11,41.765101048,-87.628244571,POINT (-87.628244571152 41.765101048302)
JA495053,,11/01/2017 07:10:00 PM,25,STOP SIGN/FLASHER,FUNCTIONING PROPERLY,RAIN,"DARKNESS, LIGHTED ROAD",ANGLE,NOT DIVIDED,,STRAIGHT AND LEVEL,WET,UNKNOWN,ON SCENE,INJURY AND / OR TOW DUE TO CRASH,Y,,,"$501 - $1,500",11/01/2017 07:48:00 PM,DISREGARDING STOP SIGN,WEATHER,8301,S,HOLLAND RD,622,,,,,,,2,NO INDICATION OF INJURY,0,0,0,0,0,4,0,19,4,11,41.743430774,-87.631888035,POINT (-87.631888034664 41.743430774143)
JA495523,,11/01/2017 07:10:00 PM,30,NO CONTROLS,NO CONTROLS,RAIN,"DARKNESS, LIGHTED ROAD",REAR END,NOT DIVIDED,,STRAIGHT AND LEVEL,WET,NO DEFECTS,NOT ON SCENE (DESK REPORT),NO INJURY / DRIVE AWAY,,,,"OVER $1,500",11/02/2017 08:45:00 AM,FOLLOWING TOO CLOSELY,FAILING TO REDUCE SPEED TO AVOID CRASH,6500,W,HIGGINS AVE,1613,,,,,,,2,NO INDICATION OF INJURY,0,0,0,0,0,2,0,19,4,11,41.977185378,-87.790273511,POINT (-87.790273511287 41.977185378359)
JA494968,,11/01/2017 07:10:00 PM,45,NO CONTROLS,UNKNOWN,RAIN,"DARKNESS, LIGHTED ROAD",TURNING,ONE-WAY,1,STRAIGHT AND LEVEL,WET,NO DEFECTS,ON SCENE,NO INJURY / DRIVE AWAY,,,,"$501 - $1,500",11/01/2017 07:13:00 PM,UNABLE TO DETERMINE,WEATHER,5151,W,WASHINGTON BLVD,1533,,,,,,,2,NO INDICATION OF INJURY,0,0,0,0,0,2,0,19,4,11,41.881552599,-87.754733177,POINT (-87.754733176865 41.881552598609)
JA495039,Y,11/01/2017 07:15:00 PM,25,STOP SIGN/FLASHER,NO CONTROLS,RAIN,DARKNESS,PARKED MOTOR VEHICLE,ONE-WAY,1,STRAIGHT AND LEVEL,WET,NO DEFECTS,ON SCENE,NO INJURY / DRIVE AWAY,,,,"$501 - $1,500",11/01/2017 07:21:00 PM,UNABLE TO DETERMINE,UNABLE TO DETERMINE,7753,S,ABERDEEN ST,612,,,,,,,2,NO INDICATION OF INJURY,0,0,0,0,0,1,0,19,4,11,41.752617043,-87.651222902,POINT (-87.651222902171 41.752617043498)
JA495080,,11/01/2017 07:15:00 PM,30,NO CONTROLS,NO CONTROLS,RAIN,"DARKNESS, LIGHTED ROAD",FIXED OBJECT,NOT DIVIDED,2,STRAIGHT AND LEVEL,WET,UNKNOWN,ON SCENE,NO INJURY / DRIVE AWAY,,,,"OVER $1,500",11/01/2017 07:25:00 PM,NOT APPLICABLE,NOT APPLICABLE,1805,W,PETERSON AVE,2012,,,,,,,1,NO INDICATION OF INJURY,0,0,0,0,0,1,0,19,4,11,41.990638701,-87.675489613,POINT (-87.675489613005 41.990638701406)
JA495263,,11/01/2017 07:15:00 PM,30,TRAFFIC SIGNAL,FUNCTIONING PROPERLY,RAIN,"DARKNESS, LIGHTED ROAD",SIDESWIPE SAME DIRECTION,ALLEY,,STRAIGHT AND LEVEL,WET,NO DEFECTS,NOT ON SCENE (DESK REPORT),NO INJURY / DRIVE AWAY,Y,,Y,$500 OR LESS,11/01/2017 11:20:00 PM,IMPROPER OVERTAKING/PASSING,NOT APPLICABLE,40,W,RANDOLPH ST,111,,,,,,,2,NO INDICATION OF INJURY,0,0,0,0,0,2,0,19,4,11,41.884591274,-87.629378727,POINT (-87.629378726528 41.884591274157)
JA495055,,11/01/2017 07:20:00 PM,30,TRAFFIC SIGNAL,FUNCTIONING PROPERLY,RAIN,"DARKNESS, LIGHTED ROAD",TURNING,ONE-WAY,3,STRAIGHT AND LEVEL,WET,NO DEFECTS,NOT ON SCENE (DESK REPORT),NO INJURY / DRIVE AWAY,Y,,,"OVER $1,500",11/01/2017 07:45:00 PM,UNABLE TO DETERMINE,UNABLE TO DETERMINE,118,E,ERIE ST,1834,,,,,,,2,NO INDICATION OF INJURY,0,0,0,0,0,5,0,19,4,11,41.894242854,-87.624408575,POINT (-87.624408575243 41.894242854484)
JA495123,,11/01/2017 07:20:00 PM,30,NO CONTROLS,NO CONTROLS,RAIN,"DARKNESS, LIGHTED ROAD",REAR END,NOT DIVIDED,2,STRAIGHT AND LEVEL,WET,NO DEFECTS,NOT ON SCENE (DESK REPORT),NO INJURY / DRIVE AWAY,,,,"OVER $1,500",11/01/2017 08:58:00 PM,FOLLOWING TOO CLOSELY,NOT APPLICABLE,3699,N,CUMBERLAND AVE,1631,,,,,,,2,NO INDICATION OF INJURY,0,0,0,0,0,2,0,19,4,11,41.946490269,-87.836345979,POINT (-87.836345979309 41.946490269154)
JA495013,,11/01/2017 07:21:00 PM,35,TRAFFIC SIGNAL,FUNCTIONING PROPERLY,RAIN,"DARKNESS, LIGHTED ROAD",TURNING,NOT DIVIDED,4,STRAIGHT AND LEVEL,WET,UNKNOWN,ON SCENE,NO INJURY / DRIVE AWAY,Y,,,"OVER $1,500",11/01/2017 07:21:00 PM,WEATHER,UNABLE TO DETERMINE,5559,W,55TH ST,813,,,,,,,3,NO INDICATION OF INJURY,0,0,0,0,0,3,0,19,4,11,41.792627188,-87.762236715,POINT (-87.762236715039 41.792627188132)
JA495035,,11/01/2017 07:26:00 PM,30,TRAFFIC SIGNAL,FUNCTIONING PROPERLY,RAIN,"DARKNESS, LIGHTED ROAD",PEDESTRIAN,DIVIDED - W/MEDIAN (NOT RAISED),,STRAIGHT AND LEVEL,WET,NO DEFECTS,ON SCENE,INJURY AND / OR TOW DUE TO CRASH,Y,,Y,$500 OR LESS,11/01/2017 07:30:00 PM,FAILING TO YIELD RIGHT-OF-WAY,NOT APPLICABLE,5957,N,PULASKI RD,1711,,,,,,,2,NONINCAPACITATING INJURY,1,0,0,1,0,1,0,19,4,11,41.990004619,-87.728477922,POINT (-87.72847792181 41.990004618613)
JA495116,Y,11/01/2017 07:30:00 PM,30,NO CONTROLS,NO CONTROLS,UNKNOWN,UNKNOWN,PARKED MOTOR VEHICLE,ONE-WAY,2,STRAIGHT AND LEVEL,UNKNOWN,UNKNOWN,NOT ON SCENE (DESK REPORT),NO INJURY / DRIVE AWAY,,,Y,"$501 - $1,500",11/01/2017 08:45:00 PM,UNABLE TO DETERMINE,NOT APPLICABLE,3600,N,TALMAN AVE,1921,,,,,,,2,NO INDICATION OF INJURY,0,0,0,0,0,1,0,19,4,11,41.946800609,-87.695029848,POINT (-87.695029848126 41.946800609187)
JA496139,,11/01/2017 07:30:00 PM,10,NO CONTROLS,NO CONTROLS,UNKNOWN,"DARKNESS, LIGHTED ROAD",ANGLE,PARKING LOT,,STRAIGHT AND LEVEL,UNKNOWN,NO DEFECTS,NOT ON SCENE (DESK REPORT),NO INJURY / DRIVE AWAY,,,,$500 OR LESS,11/02/2017 04:30:00 PM,UNABLE TO DETERMINE,UNABLE TO DETERMINE,3300,N,ASHLAND AVE,1922,,,,,,,2,NO INDICATION OF INJURY,0,0,0,0,0,4,0,19,4,11,41.941565858,-87.668860403,POINT (-87.668860402909 41.941565857782)
JA495048,,11/01/2017 07:30:00 PM,30,NO CONTROLS,NO CONTROLS,RAIN,"DARKNESS, LIGHTED ROAD",PEDESTRIAN,NOT DIVIDED,2,STRAIGHT AND LEVEL,WET,NO DEFECTS,ON SCENE,INJURY AND / OR TOW DUE TO CRASH,Y,,,$500 OR LESS,11/01/2017 07:37:00 PM,FAILING TO YIELD RIGHT-OF-WAY,EXCEEDING SAFE SPEED FOR CONDITIONS,3730,N,HALSTED ST,1923,,,,,,,2,INCAPACITATING INJURY,1,0,1,0,0,1,0,19,4,11,41.950099863,-87.649724174,POINT (-87.649724173573 41.950099863241)
JA495072,,11/01/2017 07:31:00 PM,20,TRAFFIC SIGNAL,FUNCTIONING PROPERLY,RAIN,"DARKNESS, LIGHTED ROAD",PEDALCYCLIST,ONE-WAY,,STRAIGHT AND LEVEL,WET,NO DEFECTS,ON SCENE,INJURY AND / OR TOW DUE TO CRASH,Y,,,$500 OR LESS,11/01/2017 07:36:00 PM,WEATHER,NOT APPLICABLE,3100,S,KEELER AVE,1031,,,,,,,2,NONINCAPACITATING INJURY,1,0,0,1,0,1,0,19,4,11,41.836733045,-87.729355228,POINT (-87.729355228422 41.836733044976)
JA495086,,11/01/2017 07:35:00 PM,30,TRAFFIC SIGNAL,FUNCTIONING PROPERLY,RAIN,DARKNESS,TURNING,NOT DIVIDED,4,STRAIGHT AND LEVEL,WET,NO DEFECTS,NOT ON SCENE (DESK REPORT),NO INJURY / DRIVE AWAY,,,,"OVER $1,500",11/01/2017 08:25:00 PM,IMPROPER LANE USAGE,NOT APPLICABLE,1566,N,DAMEN AVE,1424,,,,,,,2,NO INDICATION OF INJURY,0,0,0,0,0,3,0,19,4,11,41.910180189,-87.677592421,POINT (-87.677592420743 41.910180188826)
JA495363,,11/01/2017 07:35:00 PM,30,TRAFFIC SIGNAL,FUNCTIONING PROPERLY,RAIN,"DARKNESS, LIGHTED ROAD",REAR END,NOT DIVIDED,4,STRAIGHT AND LEVEL,WET,NO DEFECTS,NOT ON SCENE (DESK REPORT),NO INJURY / DRIVE AWAY,,,,"$501 - $1,500",11/02/2017 03:00:00 AM,FOLLOWING TOO CLOSELY,WEATHER,162,N,BESSIE COLEMAN DR,1654,,,,,,,2,NO INDICATION OF INJURY,0,0,0,0,0,3,0,19,4,11,,,
JA495119,,11/01/2017 07:38:00 PM,30,NO CONTROLS,NO CONTROLS,RAIN,"DARKNESS, LIGHTED ROAD",SIDESWIPE SAME DIRECTION,DIVIDED - W/MEDIAN (NOT RAISED),4,STRAIGHT AND LEVEL,WET,NO DEFECTS,ON SCENE,INJURY AND / OR TOW DUE TO CRASH,,,,"OVER $1,500",11/01/2017 07:40:00 PM,IMPROPER LANE USAGE,UNABLE TO DETERMINE,4040,N,CICERO AVE,1624,,,,,,,2,NO INDICATION OF INJURY,0,0,0,0,0,3,0,19,4,11,41.954679406,-87.747485317,POINT (-87.747485316517 41.954679405566)
JA495049,,11/01/2017 07:40:00 PM,30,STOP SIGN/FLASHER,FUNCTIONING PROPERLY,RAIN,"DARKNESS, LIGHTED ROAD",PEDESTRIAN,DIVIDED - W/MEDIAN (NOT RAISED),2,STRAIGHT AND LEVEL,WET,NO DEFECTS,ON SCENE,INJURY AND / OR TOW DUE TO CRASH,Y,,,$500 OR LESS,11/01/2017 07:44:00 PM,FAILING TO YIELD RIGHT-OF-WAY,NOT APPLICABLE,6532,W,ADDISON ST,1632,,,,,,,2,NONINCAPACITATING INJURY,1,0,0,1,0,1,0,19,4,11,41.945704097,-87.790126713,POINT (-87.790126712575 41.945704097033)
JA495081,,11/01/2017 07:45:00 PM,30,NO CONTROLS,NO CONTROLS,RAIN,"DARKNESS, LIGHTED ROAD",REAR END,NOT DIVIDED,2,STRAIGHT AND LEVEL,WET,NO DEFECTS,ON SCENE,NO INJURY / DRIVE AWAY,,,Y,$500 OR LESS,11/01/2017 07:49:00 PM,FOLLOWING TOO CLOSELY,NOT APPLICABLE,5314,W,DIVISION ST,2532,,,,,,,2,NO INDICATION OF INJURY,0,0,0,0,0,2,0,19,4,11,41.902324285,-87.758891081,POINT (-87.758891080837 41.902324284618)
JA495058,,11/01/2017 07:45:00 PM,25,NO CONTROLS,NO CONTROLS,RAIN,"DARKNESS, LIGHTED ROAD",REAR END,DIVIDED - W/MEDIAN (NOT RAISED),4,STRAIGHT AND LEVEL,WET,NO DEFECTS,NOT ON SCENE (DESK REPORT),NO INJURY / DRIVE AWAY,,,,"$501 - $1,500",11/01/2017 07:55:00 PM,UNABLE TO DETERMINE,UNABLE TO DETERMINE,6300,S,KILPATRICK AVE,813,,,,,,,2,NO INDICATION OF INJURY,0,0,0,0,0,2,0,19,4,11,41.778364409,-87.739990396,POINT (-87.739990396151 41.778364408958)
JA495065,,11/01/2017 07:45:00 PM,35,TRAFFIC SIGNAL,FUNCTIONING PROPERLY,RAIN,"DARKNESS, LIGHTED ROAD",PEDESTRIAN,DIVIDED - W/MEDIAN (NOT RAISED),9,STRAIGHT AND LEVEL,WET,UNKNOWN,ON SCENE,INJURY AND / OR TOW DUE TO CRASH,Y,,Y,$500 OR LESS,11/01/2017 07:55:00 PM,FAILING TO YIELD RIGHT-OF-WAY,UNABLE TO DETERMINE,1500,S,CALIFORNIA BLVD,1022,,,,,,,2,"REPORTED, NOT EVIDENT",1,0,0,0,1,1,0,19,4,11,41.861119622,-87.695895939,POINT (-87.695895939093 41.86111962192)
JA495056,,11/01/2017 07:45:00 PM,30,STOP SIGN/FLASHER,FUNCTIONING PROPERLY,RAIN,"DARKNESS, LIGHTED ROAD",ANGLE,NOT DIVIDED,,STRAIGHT AND LEVEL,WET,NO DEFECTS,NOT ON SCENE (DESK REPORT),NO INJURY / DRIVE AWAY,Y,,,"OVER $1,500",11/01/2017 08:00:00 PM,DISREGARDING STOP SIGN,NOT APPLICABLE,6100,N,KIMBALL AVE,1711,,,,,,,2,NO INDICATION OF INJURY,0,0,0,0,0,2,0,19,4,11,41.992127035,-87.71418816,POINT (-87.714188160399 41.992127035009)
JA495089,,11/01/2017 07:55:00 PM,15,NO CONTROLS,NO CONTROLS,RAIN,"DARKNESS, LIGHTED ROAD",REAR END,NOT DIVIDED,,STRAIGHT AND LEVEL,WET,NO DEFECTS,ON SCENE,NO INJURY / DRIVE AWAY,,,,"OVER $1,500",11/01/2017 07:58:00 PM,FAILING TO YIELD RIGHT-OF-WAY,UNABLE TO DETERMINE,5601,S,KEDZIE AVE,824,,,,,,,2,NO INDICATION OF INJURY,0,0,0,0,0,2,0,19,4,11,41.791609872,-87.703355598,POINT (-87.703355598231 41.791609871969)
JA495305,,11/01/2017 07:56:00 PM,30,NO CONTROLS,NO CONTROLS,RAIN,"DARKNESS, LIGHTED ROAD",PARKED MOTOR VEHICLE,NOT DIVIDED,2,STRAIGHT AND LEVEL,WET,NO DEFECTS,NOT ON SCENE (DESK REPORT),NO INJURY / DRIVE AWAY,,,Y,"OVER $1,500",11/02/2017 12:10:00 AM,WEATHER,EXCEEDING AUTHORIZED SPEED LIMIT,5508,N,PARIS AVE,1614,,,,,,,2,NO INDICATION OF INJURY,0,0,0,0,0,1,0,19,4,11,41.979628777,-87.830593284,POINT (-87.830593284313 41.979628777188)