RD_NO,CRASH_DATE_EST_I,CRASH_DATE,POSTED_SPEED_LIMIT,TRAFFIC_CONTROL_DEVICE,DEVICE_CONDITION,WEATHER_CONDITION,LIGHTING_CONDITION,FIRST_CRASH_TYPE,TRAFFICWAY_TYPE,LANE_CNT,ALIGNMENT,ROADWAY_SURFACE_COND,ROAD_DEFECT,REPORT_TYPE,CRASH_TYPE,INTERSECTION_RELATED_I,NOT_RIGHT_OF_WAY_I,HIT_AND_RUN_I,DAMAGE,DATE_POLICE_NOTIFIED,PRIM_CONTRIBUTORY_CAUSE,SEC_CONTRIBUTORY_CAUSE,STREET_NO,STREET_DIRECTION,STREET_NAME,BEAT_OF_OCCURRENCE,PHOTOS_TAKEN_I,STATEMENTS_TAKEN_I,DOORING_I,WORK_ZONE_I,WORK_ZONE_TYPE,WORKERS_PRESENT_I,NUM_UNITS,MOST_SEVERE_INJURY,INJURIES_TOTAL,INJURIES_FATAL,INJURIES_INCAPACITATING,INJURIES_NON_INCAPACITATING,INJURIES_REPORTED_NOT_EVIDENT,INJURIES_NO_INDICATION,INJURIES_UNKNOWN,CRASH_HOUR,CRASH_DAY_OF_WEEK,CRASH_MONTH,LATITUDE,LONGITUDE,LOCATION
JA495095,,11/01/2017 08:00:00 PM,15,NO CONTROLS,NO CONTROLS,RAIN,"DARKNESS, LIGHTED ROAD",ANGLE,NOT DIVIDED,3,STRAIGHT ON HILLCREST,WET,NO DEFECTS,ON SCENE,INJURY AND / OR TOW DUE TO CRASH,,Y,Y,"OVER $1,500",11/01/2017 08:15:00 PM,FAILING TO YIELD RIGHT-OF-WAY,DRIVING SKILLS/KNOWLEDGE/EXPERIENCE,1300,S,CANAL ST,124,,,,,,,2,NO INDICATION OF INJURY,0,0,0,0,0,6,0,20,4,11,41.865533169,-87.639341644,POINT (-87.639341643824 41.865533169393)
JA495114,,11/01/2017 08:00:00 PM,30,TRAFFIC SIGNAL,FUNCTIONING PROPERLY,RAIN,"DARKNESS, LIGHTED ROAD",PEDESTRIAN,DIVIDED - W/MEDIAN BARRIER,6,STRAIGHT AND LEVEL,WET,WORN SURFACE,ON SCENE,INJURY AND / OR TOW DUE TO CRASH,Y,,,$500 OR LESS,11/01/2017 08:29:00 PM,FAILING TO YIELD RIGHT-OF-WAY,WEATHER,230,N,MICHIGAN AVE,111,,,,,,,3,NONINCAPACITATING INJURY,2,0,0,1,1,1,0,20,4,11,41.886517289,-87.624677686,POINT (-87.624677686429 41.88651728872)
JA495205,,11/01/2017 08:08:00 PM,30,TRAFFIC SIGNAL,FUNCTIONING PROPERLY,RAIN,"DARKNESS, LIGHTED ROAD",TURNING,NOT DIVIDED,,STRAIGHT AND LEVEL,WET,NO DEFECTS,,NO INJURY / DRIVE AWAY,Y,,Y,"OVER $1,500",11/01/2017 10:05:00 PM,FAILING TO YIELD RIGHT-OF-WAY,IMPROPER LANE USAGE,400,W,FULLERTON PKWY,1935,,,,,,,2,NO INDICATION OF INJURY,0,0,0,0,0,2,0,20,4,11,41.925719927,-87.639189329,POINT (-87.639189328978 41.925719927241)
JA495085,,11/01/2017 08:10:00 PM,5,NO CONTROLS,NO CONTROLS,RAIN,DARKNESS,REAR END,PARKING LOT,,STRAIGHT AND LEVEL,WET,NO DEFECTS,NOT ON SCENE (DESK REPORT),NO INJURY / DRIVE AWAY,,,N,"OVER $1,500",11/01/2017 08:20:00 PM,EXCEEDING SAFE SPEED FOR CONDITIONS,FAILING TO REDUCE SPEED TO AVOID CRASH,7900,S,HALSTED ST,621,,,,,,,2,NO INDICATION OF INJURY,0,0,0,0,0,2,0,20,4,11,41.750549559,-87.644188368,POINT (-87.644188367841 41.750549559439)
JA495084,,11/01/2017 08:12:00 PM,30,TRAFFIC SIGNAL,FUNCTIONING PROPERLY,RAIN,DARKNESS,TURNING,OTHER,,STRAIGHT AND LEVEL,WET,NO DEFECTS,ON SCENE,INJURY AND / OR TOW DUE TO CRASH,Y,,,"OVER $1,500",11/01/2017 08:12:00 PM,DISREGARDING TRAFFIC SIGNALS,NOT APPLICABLE,1711,W,PETERSON AVE,2012,,,,,,,2,NO INDICATION OF INJURY,0,0,0,0,0,2,0,20,4,11,41.990670826,-87.67213596,POINT (-87.672135960369 41.990670826023)
JA495110,,11/01/2017 08:17:00 PM,30,NO CONTROLS,NO CONTROLS,RAIN,"DARKNESS, LIGHTED ROAD",TURNING,NOT DIVIDED,,STRAIGHT AND LEVEL,WET,UNKNOWN,NOT ON SCENE (DESK REPORT),NO INJURY / DRIVE AWAY,,,,"OVER $1,500",11/01/2017 08:50:00 PM,IMPROPER TURNING/NO SIGNAL,NOT APPLICABLE,807,W,WEBSTER AVE,1812,,,,,,,2,NO INDICATION OF INJURY,0,0,0,0,0,2,0,20,4,11,41.921702061,-87.648943732,POINT (-87.64894373163 41.921702060963)
JA495146,,11/01/2017 08:19:00 PM,30,OTHER REG. SIGN,NO CONTROLS,RAIN,"DARKNESS, LIGHTED ROAD",FIXED OBJECT,ONE-WAY,2,STRAIGHT AND LEVEL,WET,NO DEFECTS,ON SCENE,NO INJURY / DRIVE AWAY,,,,"OVER $1,500",11/01/2017 08:22:00 PM,DISREGARDING OTHER TRAFFIC SIGNS,UNABLE TO DETERMINE,464,W,GARFIELD BLVD,935,,,,,,,1,NO INDICATION OF INJURY,0,0,0,0,0,1,0,20,4,11,41.794545804,-87.637749956,POINT (-87.637749956008 41.794545803505)
JA495170,,11/01/2017 08:25:00 PM,30,TRAFFIC SIGNAL,FUNCTIONING PROPERLY,RAIN,"DARKNESS, LIGHTED ROAD",PARKED MOTOR VEHICLE,ONE-WAY,,STRAIGHT AND LEVEL,WET,NO DEFECTS,NOT ON SCENE (DESK REPORT),NO INJURY / DRIVE AWAY,Y,,,$500 OR LESS,11/01/2017 09:10:00 PM,IMPROPER LANE USAGE,NOT APPLICABLE,10,S,DEARBORN ST,112,,,,,,,2,NO INDICATION OF INJURY,0,0,0,0,0,1,0,20,4,11,41.88180696,-87.629543115,POINT (-87.629543115394 41.881806960065)
JA495193,,11/01/2017 08:29:00 PM,30,STOP SIGN/FLASHER,FUNCTIONING PROPERLY,RAIN,DAWN,REAR END,NOT DIVIDED,,STRAIGHT AND LEVEL,WET,NO DEFECTS,ON SCENE,INJURY AND / OR TOW DUE TO CRASH,Y,,,"OVER $1,500",11/01/2017 08:34:00 PM,UNABLE TO DETERMINE,UNABLE TO DETERMINE,6800,W,BLOOMINGDALE AVE,2513,,,,,,,3,"REPORTED, NOT EVIDENT",1,0,0,0,1,4,0,20,4,11,41.912770289,-87.794965027,POINT (-87.794965026892 41.912770288629)
JA495137,,11/01/2017 08:30:00 PM,30,STOP SIGN/FLASHER,FUNCTIONING PROPERLY,RAIN,"DARKNESS, LIGHTED ROAD",FIXED OBJECT,NOT DIVIDED,2,STRAIGHT AND LEVEL,WET,UNKNOWN,ON SCENE,INJURY AND / OR TOW DUE TO CRASH,,,,"OVER $1,500",11/01/2017 09:00:00 PM,WEATHER,NOT APPLICABLE,10627,S,STATE ST,512,,,,,,,1,NO INDICATION OF INJURY,0,0,0,0,0,1,0,20,4,11,41.700879404,-87.623195076,POINT (-87.623195075732 41.700879403665)
JA495118,,11/01/2017 08:30:00 PM,30,NO CONTROLS,NO CONTROLS,RAIN,"DARKNESS, LIGHTED ROAD",TURNING,DIVIDED - W/MEDIAN (NOT RAISED),,STRAIGHT AND LEVEL,WET,NO DEFECTS,ON SCENE,NO INJURY / DRIVE AWAY,,,Y,"$501 - $1,500",11/01/2017 08:40:00 PM,IMPROPER TURNING/NO SIGNAL,NOT APPLICABLE,3610,W,47TH ST,821,,,,,,,2,NO INDICATION OF INJURY,0,0,0,0,0,4,0,20,4,11,41.808097772,-87.714291357,POINT (-87.714291357145 41.808097772378)
JA495184,,11/01/2017 08:30:00 PM,30,UNKNOWN,UNKNOWN,RAIN,UNKNOWN,REAR END,NOT DIVIDED,2,STRAIGHT AND LEVEL,WET,UNKNOWN,NOT ON SCENE (DESK REPORT),NO INJURY / DRIVE AWAY,Y,,,$500 OR LESS,11/01/2017 09:45:00 PM,FOLLOWING TOO CLOSELY,NOT APPLICABLE,1598,N,HALSTED ST,1822,,,,,,,2,NO INDICATION OF INJURY,0,0,0,0,0,2,0,20,4,11,41.910871863,-87.648417418,POINT (-87.648417418192 41.910871862639)
JA495464,,11/01/2017 08:37:00 PM,35,TRAFFIC SIGNAL,FUNCTIONING PROPERLY,RAIN,DARKNESS,REAR END,NOT DIVIDED,,STRAIGHT AND LEVEL,WET,NO DEFECTS,ON SCENE,INJURY AND / OR TOW DUE TO CRASH,N,,,"OVER $1,500",11/01/2017 08:40:00 PM,FOLLOWING TOO CLOSELY,NOT APPLICABLE,801,S,WESTERN AVE,1225,,,,,,,2,"REPORTED, NOT EVIDENT",1,0,0,0,1,3,0,20,4,11,41.871322469,-87.686022358,POINT (-87.686022357731 41.871322468792)
JA495134,,11/01/2017 08:40:00 PM,30,TRAFFIC SIGNAL,FUNCTIONING PROPERLY,RAIN,"DARKNESS, LIGHTED ROAD",REAR END,NOT DIVIDED,,STRAIGHT AND LEVEL,WET,NO DEFECTS,NOT ON SCENE (DESK REPORT),NO INJURY / DRIVE AWAY,Y,,,"$501 - $1,500",11/01/2017 09:00:00 PM,DISREGARDING TRAFFIC SIGNALS,UNABLE TO DETERMINE,3401,W,CERMAK RD,1024,,,,,,,2,NO INDICATION OF INJURY,0,0,0,0,0,3,0,20,4,11,41.851596464,-87.710164799,POINT (-87.710164799489 41.851596463563)
JA495557,,11/01/2017 08:40:00 PM,30,NO CONTROLS,NO CONTROLS,RAIN,DARKNESS,SIDESWIPE SAME DIRECTION,NOT DIVIDED,4,STRAIGHT AND LEVEL,WET,NO DEFECTS,NOT ON SCENE (DESK REPORT),NO INJURY / DRIVE AWAY,,,,"OVER $1,500",11/02/2017 09:20:00 AM,DISTRACTION - FROM OUTSIDE VEHICLE,IMPROPER OVERTAKING/PASSING,1235,N,LA SALLE DR,1821,,,,,,,2,NO INDICATION OF INJURY,0,0,0,0,0,4,0,20,4,11,41.904901683,-87.632809257,POINT (-87.632809256721 41.904901682679)
JA496996,,11/01/2017 08:40:00 PM,30,NO CONTROLS,NO CONTROLS,RAIN,DARKNESS,FIXED OBJECT,PARKING LOT,0,STRAIGHT AND LEVEL,WET,NO DEFECTS,NOT ON SCENE (DESK REPORT),NO INJURY / DRIVE AWAY,,Y,,"OVER $1,500",11/03/2017 10:15:00 AM,"VISION OBSCURED (SIGNS, TREE LIMBS, BUILDINGS, ETC.)","VISION OBSCURED (SIGNS, TREE LIMBS, BUILDINGS, ETC.)",59,E,VAN BUREN ST,113,,,,,,,1,NO INDICATION OF INJURY,0,0,0,0,0,1,0,20,4,11,41.876878778,-87.625410997,POINT (-87.62541099739 41.876878778218)
JA495823,,11/01/2017 08:45:00 PM,30,NO CONTROLS,NO CONTROLS,RAIN,"DARKNESS, LIGHTED ROAD",REAR END,DIVIDED - W/MEDIAN (NOT RAISED),4,STRAIGHT AND LEVEL,WET,NO DEFECTS,NOT ON SCENE (DESK REPORT),INJURY AND / OR TOW DUE TO CRASH,,,,"$501 - $1,500",11/02/2017 12:20:00 PM,FOLLOWING TOO CLOSELY,UNABLE TO DETERMINE,5715,W,FULLERTON AVE,2515,,,,,,,2,"REPORTED, NOT EVIDENT",1,0,0,0,1,2,0,20,4,11,41.923822216,-87.769118134,POINT (-87.769118134437 41.923822215873)
JA495188,,11/01/2017 08:50:00 PM,30,TRAFFIC SIGNAL,FUNCTIONING PROPERLY,RAIN,"DARKNESS, LIGHTED ROAD",PEDESTRIAN,NOT DIVIDED,2,STRAIGHT AND LEVEL,WET,NO DEFECTS,NOT ON SCENE (DESK REPORT),INJURY AND / OR TOW DUE TO CRASH,Y,,,$500 OR LESS,11/01/2017 08:55:00 PM,FAILING TO REDUCE SPEED TO AVOID CRASH,UNABLE TO DETERMINE,600,S,HALSTED ST,1232,,,,,,,2,INCAPACITATING INJURY,1,0,1,0,0,1,0,20,4,11,41.874294533,-87.647272246,POINT (-87.647272246471 41.874294533285)
JA495167,,11/01/2017 08:50:00 PM,30,NO CONTROLS,NO CONTROLS,RAIN,"DARKNESS, LIGHTED ROAD",TURNING,DIVIDED - W/MEDIAN (NOT RAISED),5,STRAIGHT AND LEVEL,WET,UNKNOWN,ON SCENE,INJURY AND / OR TOW DUE TO CRASH,Y,,,"OVER $1,500",11/01/2017 08:53:00 PM,FAILING TO YIELD RIGHT-OF-WAY,UNABLE TO DETERMINE,4799,W,78TH ST,834,,,,,,,2,NO INDICATION OF INJURY,0,0,0,0,0,2,0,20,4,11,41.750878102,-87.741364113,POINT (-87.741364112753 41.750878101964)
JA495150,,11/01/2017 08:50:00 PM,30,TRAFFIC SIGNAL,UNKNOWN,RAIN,"DARKNESS, LIGHTED ROAD",REAR END,DIVIDED - W/MEDIAN (NOT RAISED),4,STRAIGHT AND LEVEL,WET,UNKNOWN,NOT ON SCENE (DESK REPORT),NO INJURY / DRIVE AWAY,,,,"$501 - $1,500",11/01/2017 09:45:00 PM,FOLLOWING TOO CLOSELY,FOLLOWING TOO CLOSELY,3658,N,WESTERN AVE,1921,,,,,,,2,NO INDICATION OF INJURY,0,0,0,0,0,2,0,20,4,11,41.948454469,-87.688452331,POINT (-87.688452331336 41.948454469323)
JA495243,,11/01/2017 09:00:00 PM,35,TRAFFIC SIGNAL,FUNCTIONING PROPERLY,RAIN,"DARKNESS, LIGHTED ROAD",REAR END,DIVIDED - W/MEDIAN (NOT RAISED),2,STRAIGHT AND LEVEL,WET,NO DEFECTS,NOT ON SCENE (DESK REPORT),NO INJURY / DRIVE AWAY,,,,"$501 - $1,500",11/01/2017 11:00:00 PM,FAILING TO YIELD RIGHT-OF-WAY,NOT APPLICABLE,200,W,WACKER DR,122,,,,,,,2,NO INDICATION OF INJURY,0,0,0,0,0,2,0,21,4,11,41.887040881,-87.634042511,POINT (-87.634042511085 41.887040881068)
JA496404,Y,11/01/2017 09:00:00 PM,30,STOP SIGN/FLASHER,FUNCTIONING PROPERLY,RAIN,"DARKNESS, LIGHTED ROAD",ANGLE,NOT DIVIDED,,STRAIGHT AND LEVEL,WET,NO DEFECTS,NOT ON SCENE (DESK REPORT),NO INJURY / DRIVE AWAY,,,,"$501 - $1,500",11/02/2017 07:00:00 PM,DISREGARDING STOP SIGN,UNABLE TO DETERMINE,2900,N,ELSTON AVE,1411,,,,,,,2,NO INDICATION OF INJURY,0,0,0,0,0,2,0,21,4,11,41.933908423,-87.690509501,POINT (-87.690509501078 41.933908422564)
JA495284,,11/01/2017 09:00:00 PM,30,NO CONTROLS,NO CONTROLS,RAIN,"DARKNESS, LIGHTED ROAD",SIDESWIPE OPPOSITE DIRECTION,DIVIDED - W/MEDIAN (NOT RAISED),2,STRAIGHT AND LEVEL,WET,UNKNOWN,NOT ON SCENE (DESK REPORT),NO INJURY / DRIVE AWAY,Y,,,"$501 - $1,500",11/01/2017 11:44:00 PM,"VISION OBSCURED (SIGNS, TREE LIMBS, BUILDINGS, ETC.)",NOT APPLICABLE,2200,N,CENTRAL PARK AVE,2525,,,,,,,2,NO INDICATION OF INJURY,0,0,0,0,0,2,0,21,4,11,41.92098564,-87.71703369,POINT (-87.717033690481 41.920985640087)
JA495161,,11/01/2017 09:00:00 PM,30,TRAFFIC SIGNAL,FUNCTIONING PROPERLY,RAIN,"DARKNESS, LIGHTED ROAD",SIDESWIPE SAME DIRECTION,OTHER,4,STRAIGHT AND LEVEL,WET,NO DEFECTS,NOT ON SCENE (DESK REPORT),NO INJURY / DRIVE AWAY,,,Y,"OVER $1,500",11/01/2017 09:40:00 PM,IMPROPER OVERTAKING/PASSING,IMPROPER LANE USAGE,5500,S,WENTWORTH AVE,225,,,,,,,2,NO INDICATION OF INJURY,0,0,0,0,0,2,0,21,4,11,,,
JA495169,,11/01/2017 09:10:00 PM,30,NO CONTROLS,UNKNOWN,RAIN,"DARKNESS, LIGHTED ROAD",SIDESWIPE SAME DIRECTION,DIVIDED - W/MEDIAN (NOT RAISED),2,STRAIGHT AND LEVEL,WET,NO DEFECTS,ON SCENE,INJURY AND / OR TOW DUE TO CRASH,,,,"OVER $1,500",11/01/2017 09:15:00 PM,EXCEEDING SAFE SPEED FOR CONDITIONS,WEATHER,850,W,51ST ST,933,,Y,,,,,2,NONINCAPACITATING INJURY,1,0,0,1,0,1,0,21,4,11,41.801664494,-87.647353844,POINT (-87.6473538436 41.80166449412)
JA495148,,11/01/2017 09:18:00 PM,15,NO CONTROLS,NO CONTROLS,RAIN,"DARKNESS, LIGHTED ROAD",OTHER OBJECT,ALLEY,1,STRAIGHT AND LEVEL,WET,NO DEFECTS,ON SCENE,NO INJURY / DRIVE AWAY,,,,"OVER $1,500",11/01/2017 09:18:00 PM,FAILING TO REDUCE SPEED TO AVOID CRASH,EQUIPMENT - VEHICLE CONDITION,1906,S,TOM PKWY,914,,,,,,,1,NO INDICATION OF INJURY,0,0,0,0,0,1,0,21,4,11,41.856051106,-87.634287846,POINT (-87.634287845641 41.856051105747)
JA505505,,11/01/2017 09:30:00 PM,30,TRAFFIC SIGNAL,FUNCTIONING PROPERLY,CLEAR,"DARKNESS, LIGHTED ROAD",REAR END,NOT DIVIDED,,STRAIGHT AND LEVEL,DRY,NO DEFECTS,NOT ON SCENE (DESK REPORT),NO INJURY / DRIVE AWAY,,,,"$501 - $1,500",11/09/2017 04:53:00 PM,UNABLE TO DETERMINE,NOT APPLICABLE,3400,N,ASHLAND AVE,1922,,,,,,,2,NO INDICATION OF INJURY,0,0,0,0,0,2,0,21,4,11,41.943432313,-87.668912756,POINT (-87.668912756351 41.943432313398)
JA495173,,11/01/2017 09:30:00 PM,35,TRAFFIC SIGNAL,FUNCTIONING PROPERLY,RAIN,"DARKNESS, LIGHTED ROAD",TURNING,DIVIDED - W/MEDIAN (NOT RAISED),0,STRAIGHT AND LEVEL,WET,NO DEFECTS,NOT ON SCENE (DESK REPORT),NO INJURY / DRIVE AWAY,Y,,,"OVER $1,500",11/01/2017 10:00:00 PM,UNABLE TO DETERMINE,NOT APPLICABLE,500,W,ROOSEVELT RD,124,,,,,,,2,NO INDICATION OF INJURY,0,0,0,0,0,2,0,21,4,11,41.867362693,-87.639293195,POINT (-87.639293194642 41.867362692617)
JA496345,,11/01/2017 09:30:00 PM,30,NO CONTROLS,NO CONTROLS,CLEAR,"DARKNESS, LIGHTED ROAD",PARKED MOTOR VEHICLE,NOT DIVIDED,2,STRAIGHT AND LEVEL,DRY,NO DEFECTS,NOT ON SCENE (DESK REPORT),NO INJURY / DRIVE AWAY,,,,"OVER $1,500",11/02/2017 06:15:00 PM,IMPROPER OVERTAKING/PASSING,DRIVING SKILLS/KNOWLEDGE/EXPERIENCE,3922,W,57TH ST,822,,,,,,,2,NO INDICATION OF INJURY,0,0,0,0,0,1,0,21,4,11,41.789710945,-87.721571186,POINT (-87.721571186172 41.789710944684)
JA495181,,11/01/2017 09:35:00 PM,40,NO CONTROLS,NO CONTROLS,RAIN,"DARKNESS, LIGHTED ROAD",PEDESTRIAN,DIVIDED - W/MEDIAN BARRIER,6,STRAIGHT AND LEVEL,WET,NO DEFECTS,ON SCENE,INJURY AND / OR TOW DUE TO CRASH,,,,"OVER $1,500",11/01/2017 09:38:00 PM,NOT APPLICABLE,NOT APPLICABLE,5201,N,LAKE SHORE DR NB,2023,,,,,,,2,INCAPACITATING INJURY,1,0,1,0,0,1,0,21,4,11,41.976778953,-87.650163545,POINT (-87.650163545346 41.976778952794)
JA495221,,11/01/2017 09:45:00 PM,30,NO CONTROLS,NO CONTROLS,RAIN,"DARKNESS, LIGHTED ROAD",REAR END,NOT DIVIDED,,STRAIGHT AND LEVEL,WET,NO DEFECTS,NOT ON SCENE (DESK REPORT),NO INJURY / DRIVE AWAY,,,,"$501 - $1,500",11/01/2017 10:20:00 PM,UNABLE TO DETERMINE,UNABLE TO DETERMINE,7301,N,WESTERN AVE,2411,,,,,,,2,NO INDICATION OF INJURY,0,0,0,0,0,2,0,21,4,11,42.01418203,-87.690083986,POINT (-87.690083986099 42.014182029503)
JA495232,Y,11/01/2017 09:45:00 PM,30,NO CONTROLS,UNKNOWN,UNKNOWN,UNKNOWN,PARKED MOTOR VEHICLE,ONE-WAY,1,STRAIGHT AND LEVEL,WET,UNKNOWN,ON SCENE,INJURY AND / OR TOW DUE TO CRASH,,,Y,"OVER $1,500",11/01/2017 09:47:00 PM,IMPROPER TURNING/NO SIGNAL,FAILING TO REDUCE SPEED TO AVOID CRASH,1299,N,KILDARE AVE,2534,,,,,,,2,NO INDICATION OF INJURY,0,0,0,0,0,1,0,21,4,11,41.90431903,-87.733585418,POINT (-87.733585418101 41.904319030391)
JA497239,,11/01/2017 09:50:00 PM,0,NO CONTROLS,NO CONTROLS,RAIN,"DARKNESS, LIGHTED ROAD",PARKED MOTOR VEHICLE,PARKING LOT,,STRAIGHT AND LEVEL,WET,NO DEFECTS,NOT ON SCENE (DESK REPORT),NO INJURY / DRIVE AWAY,,Y,,"OVER $1,500",11/03/2017 01:10:00 PM,UNABLE TO DETERMINE,NOT APPLICABLE,313,E,63RD ST,312,,,,,,,2,NO INDICATION OF INJURY,0,0,0,0,0,1,0,21,4,11,41.780080964,-87.618228694,POINT (-87.618228693853 41.780080964241)
JA495203,,11/01/2017 09:51:00 PM,30,TRAFFIC SIGNAL,FUNCTIONING PROPERLY,RAIN,"DARKNESS, LIGHTED ROAD",SIDESWIPE SAME DIRECTION,DIVIDED - W/MEDIAN (NOT RAISED),3,STRAIGHT AND LEVEL,WET,NO DEFECTS,ON SCENE,INJURY AND / OR TOW DUE TO CRASH,Y,,,"OVER $1,500",11/01/2017 09:53:00 PM,FOLLOWING TOO CLOSELY,WEATHER,4500,W,WASHINGTON BLVD,1113,,Y,,,,,2,NO INDICATION OF INJURY,0,0,0,0,0,3,0,21,4,11,41.882008644,-87.738081069,POINT (-87.73808106854 41.882008643613)
JA495340,,11/01/2017 10:00:00 PM,40,TRAFFIC SIGNAL,FUNCTIONING PROPERLY,RAIN,"DARKNESS, LIGHTED ROAD",SIDESWIPE SAME DIRECTION,DIVIDED - W/MEDIAN (NOT RAISED),6,STRAIGHT AND LEVEL,WET,NO DEFECTS,NOT ON SCENE (DESK REPORT),NO INJURY / DRIVE AWAY,,,,"$501 - $1,500",11/02/2017 02:00:00 AM,IMPROPER LANE USAGE,NOT APPLICABLE,1700,W,MONROE ST,1224,,,,,,,2,NO INDICATION OF INJURY,0,0,0,0,0,2,0,22,4,11,41.880235774,-87.669311103,POINT (-87.669311102631 41.880235773701)
JA495560,,11/01/2017 10:00:00 PM,30,STOP SIGN/FLASHER,FUNCTIONING PROPERLY,RAIN,"DARKNESS, LIGHTED ROAD",ANGLE,DIVIDED - W/MEDIAN (NOT RAISED),4,STRAIGHT AND LEVEL,WET,NO DEFECTS,NOT ON SCENE (DESK REPORT),NO INJURY / DRIVE AWAY,Y,,,"OVER $1,500",11/02/2017 09:25:00 AM,WEATHER,FAILING TO YIELD RIGHT-OF-WAY,2499,W,GEORGE ST,1411,,,,,,,2,NO INDICATION OF INJURY,0,0,0,0,0,2,0,22,4,11,41.933859998,-87.690250742,POINT (-87.690250741926 41.933859997758)
JA495225,,11/01/2017 10:09:00 PM,30,TRAFFIC SIGNAL,FUNCTIONING PROPERLY,RAIN,"DARKNESS, LIGHTED ROAD",ANGLE,NOT DIVIDED,2,STRAIGHT AND LEVEL,WET,NO DEFECTS,ON SCENE,NO INJURY / DRIVE AWAY,Y,,,"$501 - $1,500",11/01/2017 10:12:00 PM,DISREGARDING TRAFFIC SIGNALS,NOT APPLICABLE,4600,N,CLARENDON AVE,1914,,,,,,,2,NO INDICATION OF INJURY,0,0,0,0,0,2,0,22,4,11,41.965534246,-87.650167169,POINT (-87.650167168683 41.965534246153)
JA495249,,11/01/2017 10:28:00 PM,30,TRAFFIC SIGNAL,UNKNOWN,RAIN,"DARKNESS, LIGHTED ROAD",REAR END,NOT DIVIDED,,STRAIGHT AND LEVEL,WET,UNKNOWN,NOT ON SCENE (DESK REPORT),INJURY AND / OR TOW DUE TO CRASH,Y,,,"OVER $1,500",11/01/2017 10:28:00 PM,FAILING TO REDUCE SPEED TO AVOID CRASH,EXCEEDING AUTHORIZED SPEED LIMIT,600,W,127TH ST,523,,,,,,,2,NO INDICATION OF INJURY,0,0,0,0,0,3,0,22,4,11,41.663368814,-87.636667526,POINT (-87.636667525519 41.663368814348)
JA495546,,11/01/2017 10:30:00 PM,30,STOP SIGN/FLASHER,NO CONTROLS,RAIN,DARKNESS,ANGLE,NOT DIVIDED,2,STRAIGHT AND LEVEL,WET,NO DEFECTS,NOT ON SCENE (DESK REPORT),NO INJURY / DRIVE AWAY,Y,,,"$501 - $1,500",11/02/2017 08:25:00 AM,UNABLE TO DETERMINE,UNABLE TO DETERMINE,1101,W,MONROE ST,1232,,,,,,,2,NO INDICATION OF INJURY,0,0,0,0,0,3,0,22,4,11,41.880256239,-87.654778411,POINT (-87.654778411081 41.88025623922)
JA495231,,11/01/2017 10:30:00 PM,30,TRAFFIC SIGNAL,FUNCTIONING PROPERLY,RAIN,"DARKNESS, LIGHTED ROAD",REAR END,DIVIDED - W/MEDIAN (NOT RAISED),2,STRAIGHT AND LEVEL,WET,UNKNOWN,,INJURY AND / OR TOW DUE TO CRASH,,,,"OVER $1,500",11/01/2017 10:56:00 PM,UNABLE TO DETERMINE,UNABLE TO DETERMINE,6300,S,JUSTINE ST,725,,,,,,,2,"REPORTED, NOT EVIDENT",1,0,0,0,1,2,0,22,4,11,41.779393646,-87.663135465,POINT (-87.663135465158 41.779393645831)
JA495265,,11/01/2017 10:30:00 PM,30,TRAFFIC SIGNAL,FUNCTIONING PROPERLY,RAIN,"DARKNESS, LIGHTED ROAD",REAR END,CENTER TURN LANE,,STRAIGHT AND LEVEL,WET,NO DEFECTS,NOT ON SCENE (DESK REPORT),NO INJURY / DRIVE AWAY,,,,"$501 - $1,500",11/01/2017 11:00:00 PM,WEATHER,WEATHER,6100,W,FULLERTON AVE,2512,,,,,,,2,NO INDICATION OF INJURY,0,0,0,0,0,2,0,22,4,11,41.923897722,-87.778210979,POINT (-87.77821097882 41.923897721686)
JA496325,,11/01/2017 10:30:00 PM,30,NO CONTROLS,NO CONTROLS,RAIN,DARKNESS,PARKED MOTOR VEHICLE,NOT DIVIDED,2,STRAIGHT AND LEVEL,WET,NO DEFECTS,NOT ON SCENE (DESK REPORT),NO INJURY / DRIVE AWAY,,,Y,"OVER $1,500",11/02/2017 06:17:00 PM,UNABLE TO DETERMINE,UNABLE TO DETERMINE,2321,S,MARSHALL BLVD,1033,,,,,,,2,NO INDICATION OF INJURY,0,0,0,0,0,1,0,22,4,11,41.849400621,-87.698873096,POINT (-87.698873096381 41.849400620622)
JA495285,,11/01/2017 10:45:00 PM,30,TRAFFIC SIGNAL,FUNCTIONING PROPERLY,RAIN,"DARKNESS, LIGHTED ROAD",SIDESWIPE SAME DIRECTION,DIVIDED - W/MEDIAN (NOT RAISED),4,STRAIGHT AND LEVEL,WET,UNKNOWN,ON SCENE,NO INJURY / DRIVE AWAY,,,,$500 OR LESS,11/01/2017 10:50:00 PM,FAILING TO YIELD RIGHT-OF-WAY,FAILING TO YIELD RIGHT-OF-WAY,4200,S,CICERO AVE,814,,,,,,,2,NO INDICATION OF INJURY,0,0,0,0,0,2,0,22,4,11,41.816729387,-87.743536712,POINT (-87.743536712476 41.816729386747)
JA495277,,11/01/2017 10:46:00 PM,30,NO CONTROLS,NO CONTROLS,CLEAR,"DARKNESS, LIGHTED ROAD",PARKED MOTOR VEHICLE,NOT DIVIDED,,STRAIGHT AND LEVEL,WET,NO DEFECTS,NOT ON SCENE (DESK REPORT),NO INJURY / DRIVE AWAY,,,Y,"OVER $1,500",11/01/2017 11:10:00 PM,FAILING TO YIELD RIGHT-OF-WAY,NOT APPLICABLE,300,S,RIVERSIDE PLZ,121,,,,,,,2,NO INDICATION OF INJURY,0,0,0,0,0,1,0,22,4,11,41.877975138,-87.638422171,POINT (-87.638422171041 41.877975137969)