RD_NO,CRASH_DATE_EST_I,CRASH_DATE,POSTED_SPEED_LIMIT,TRAFFIC_CONTROL_DEVICE,DEVICE_CONDITION,WEATHER_CONDITION,LIGHTING_CONDITION,FIRST_CRASH_TYPE,TRAFFICWAY_TYPE,LANE_CNT,ALIGNMENT,ROADWAY_SURFACE_COND,ROAD_DEFECT,REPORT_TYPE,CRASH_TYPE,INTERSECTION_RELATED_I,NOT_RIGHT_OF_WAY_I,HIT_AND_RUN_I,DAMAGE,DATE_POLICE_NOTIFIED,PRIM_CONTRIBUTORY_CAUSE,SEC_CONTRIBUTORY_CAUSE,STREET_NO,STREET_DIRECTION,STREET_NAME,BEAT_OF_OCCURRENCE,PHOTOS_TAKEN_I,STATEMENTS_TAKEN_I,DOORING_I,WORK_ZONE_I,WORK_ZONE_TYPE,WORKERS_PRESENT_I,NUM_UNITS,MOST_SEVERE_INJURY,INJURIES_TOTAL,INJURIES_FATAL,INJURIES_INCAPACITATING,INJURIES_NON_INCAPACITATING,INJURIES_REPORTED_NOT_EVIDENT,INJURIES_NO_INDICATION,INJURIES_UNKNOWN,CRASH_HOUR,CRASH_DAY_OF_WEEK,CRASH_MONTH,LATITUDE,LONGITUDE,LOCATION
JA495236,,11/01/2017 10:50:00 PM,30,NO CONTROLS,NO CONTROLS,RAIN,"DARKNESS, LIGHTED ROAD",FIXED OBJECT,DIVIDED - W/MEDIAN (NOT RAISED),2,STRAIGHT ON GRADE,WET,NO DEFECTS,ON SCENE,INJURY AND / OR TOW DUE TO CRASH,,,,"OVER $1,500",11/01/2017 10:50:00 PM,UNABLE TO DETERMINE,NOT APPLICABLE,4834,W,GRAND AVE,2533,,,,,,,1,NO INDICATION OF INJURY,0,0,0,0,0,2,0,22,4,11,41.914446498,-87.747367518,POINT (-87.747367517837 41.914446498093)
JA495640,,11/01/2017 10:55:00 PM,35,TRAFFIC SIGNAL,FUNCTIONING PROPERLY,RAIN,"DARKNESS, LIGHTED ROAD",HEAD ON,DIVIDED - W/MEDIAN (NOT RAISED),4,STRAIGHT AND LEVEL,WET,NO DEFECTS,NOT ON SCENE (DESK REPORT),NO INJURY / DRIVE AWAY,,,,"OVER $1,500",11/02/2017 10:40:00 AM,DISREGARDING TRAFFIC SIGNALS,PHYSICAL CONDITION OF DRIVER,10200,S,WESTERN AVE,2211,,,,,,,2,NO INDICATION OF INJURY,0,0,0,0,0,2,0,22,4,11,41.708105444,-87.681820331,POINT (-87.681820330549 41.708105443915)
JA495245,,11/01/2017 10:56:00 PM,30,TRAFFIC SIGNAL,FUNCTIONING PROPERLY,RAIN,DARKNESS,PEDESTRIAN,NOT DIVIDED,4,STRAIGHT AND LEVEL,WET,NO DEFECTS,ON SCENE,INJURY AND / OR TOW DUE TO CRASH,,,,"OVER $1,500",11/01/2017 10:57:00 PM,UNABLE TO DETERMINE,NOT APPLICABLE,7805,S,COTTAGE GROVE AVE,624,,,,,,,2,FATAL,1,1,0,0,0,1,0,22,4,11,41.752906116,-87.60509585,POINT (-87.605095850081 41.752906116482)
JA495904,,11/01/2017 11:00:00 PM,30,NO CONTROLS,NO CONTROLS,RAIN,DAYLIGHT,SIDESWIPE SAME DIRECTION,NOT DIVIDED,2,STRAIGHT AND LEVEL,WET,UNKNOWN,,NO INJURY / DRIVE AWAY,,,,"$501 - $1,500",11/02/2017 01:30:00 PM,UNABLE TO DETERMINE,UNABLE TO DETERMINE,4100,S,CICERO AVE,814,,,,,,,2,NO INDICATION OF INJURY,0,0,0,0,0,2,0,23,4,11,41.818178097,-87.743611856,POINT (-87.743611856242 41.818178096923)
JA494260,,11/01/2017 11:08:00 PM,30,TRAFFIC SIGNAL,FUNCTIONING PROPERLY,RAIN,DARKNESS,SIDESWIPE SAME DIRECTION,NOT DIVIDED,2,STRAIGHT AND LEVEL,WET,NO DEFECTS,,INJURY AND / OR TOW DUE TO CRASH,Y,,,"OVER $1,500",11/01/2017 11:13:00 PM,WEATHER,FAILING TO REDUCE SPEED TO AVOID CRASH,2,W,111TH ST,513,,Y,,,,,2,NO INDICATION OF INJURY,0,0,0,0,0,3,0,23,4,11,41.692693911,-87.623241463,POINT (-87.623241462789 41.692693911069)
JA495267,,11/01/2017 11:19:00 PM,30,NO CONTROLS,NO CONTROLS,RAIN,"DARKNESS, LIGHTED ROAD",PARKED MOTOR VEHICLE,NOT DIVIDED,2,STRAIGHT AND LEVEL,WET,NO DEFECTS,ON SCENE,NO INJURY / DRIVE AWAY,,,Y,"OVER $1,500",11/01/2017 11:19:00 PM,UNABLE TO DETERMINE,UNABLE TO DETERMINE,3214,W,ARMITAGE AVE,1413,,,,,,,2,NO INDICATION OF INJURY,0,0,0,0,0,1,0,23,4,11,41.917504134,-87.70762033,POINT (-87.707620330166 41.917504134007)
JA495300,,11/01/2017 11:20:00 PM,30,NO CONTROLS,NO CONTROLS,RAIN,"DARKNESS, LIGHTED ROAD",PARKED MOTOR VEHICLE,DIVIDED - W/MEDIAN (NOT RAISED),,STRAIGHT AND LEVEL,WET,NO DEFECTS,NOT ON SCENE (DESK REPORT),NO INJURY / DRIVE AWAY,,,,"$501 - $1,500",11/02/2017 12:32:00 AM,UNABLE TO DETERMINE,UNABLE TO DETERMINE,2366,W,OGDEN AVE,1233,,,,,,,2,NO INDICATION OF INJURY,0,0,0,0,0,1,0,23,4,11,41.865133429,-87.68575364,POINT (-87.685753639721 41.865133428939)
JA497799,,11/01/2017 11:30:00 PM,30,NO CONTROLS,NO CONTROLS,RAIN,"DARKNESS, LIGHTED ROAD",PARKED MOTOR VEHICLE,ONE-WAY,,STRAIGHT AND LEVEL,WET,NO DEFECTS,,NO INJURY / DRIVE AWAY,,,,"OVER $1,500",11/03/2017 07:20:00 PM,WEATHER,NOT APPLICABLE,2440,N,KILBOURN AVE,2521,,,,,,,2,NO INDICATION OF INJURY,0,0,0,0,0,1,0,23,4,11,41.925660873,-87.739188002,POINT (-87.739188001978 41.925660872981)
JA495281,,11/01/2017 11:30:00 PM,35,NO CONTROLS,NO CONTROLS,RAIN,"DARKNESS, LIGHTED ROAD",OTHER OBJECT,NOT DIVIDED,4,STRAIGHT AND LEVEL,WET,"RUT, HOLES",NOT ON SCENE (DESK REPORT),NO INJURY / DRIVE AWAY,,,,"$501 - $1,500",11/01/2017 11:50:00 PM,ROAD ENGINEERING/SURFACE/MARKING DEFECTS,UNABLE TO DETERMINE,5129,S,ARCHER AVE,815,,,,N,,,1,NO INDICATION OF INJURY,0,0,0,0,0,1,0,23,4,11,41.80045419,-87.730755126,POINT (-87.730755125774 41.800454189825)
JA495332,,11/02/2017 12:15:00 AM,40,NO CONTROLS,NO CONTROLS,RAIN,"DARKNESS, LIGHTED ROAD",OTHER OBJECT,DIVIDED - W/MEDIAN BARRIER,,"CURVE, LEVEL",WET,NO DEFECTS,ON SCENE,INJURY AND / OR TOW DUE TO CRASH,,,,"OVER $1,500",11/02/2017 12:18:00 AM,WEATHER,EXCEEDING SAFE SPEED FOR CONDITIONS,1000,N,LAKE SHORE DR SB,1824,,,,,,,1,NO INDICATION OF INJURY,0,0,0,0,0,2,0,0,5,11,41.900958919,-87.619928174,POINT (-87.619928173678 41.900958919109)
JA495328,,11/02/2017 12:40:00 AM,30,TRAFFIC SIGNAL,FUNCTIONING PROPERLY,RAIN,"DARKNESS, LIGHTED ROAD",SIDESWIPE SAME DIRECTION,DIVIDED - W/MEDIAN (NOT RAISED),4,STRAIGHT AND LEVEL,WET,NO DEFECTS,NOT ON SCENE (DESK REPORT),NO INJURY / DRIVE AWAY,,,,"OVER $1,500",11/02/2017 01:35:00 AM,WEATHER,UNABLE TO DETERMINE,5498,W,DEVON AVE,1621,,,,,,,2,NO INDICATION OF INJURY,0,0,0,0,0,2,0,0,5,11,41.997458858,-87.765754186,POINT (-87.765754185813 41.99745885824)
JA495317,,11/02/2017 12:57:00 AM,20,NO CONTROLS,NO CONTROLS,RAIN,"DARKNESS, LIGHTED ROAD",PARKED MOTOR VEHICLE,ONE-WAY,1,STRAIGHT AND LEVEL,WET,NO DEFECTS,ON SCENE,INJURY AND / OR TOW DUE TO CRASH,,,,"$501 - $1,500",11/02/2017 12:58:00 AM,UNABLE TO DETERMINE,NOT APPLICABLE,5427,S,SAYRE AVE,811,,,,,,,2,NO INDICATION OF INJURY,0,0,0,0,0,1,0,0,5,11,41.79318717,-87.796342072,POINT (-87.796342071804 41.793187169808)
JA496569,,11/02/2017 01:00:00 AM,10,NO CONTROLS,NO CONTROLS,CLEAR,DARKNESS,PARKED MOTOR VEHICLE,NOT DIVIDED,,STRAIGHT AND LEVEL,DRY,NO DEFECTS,NOT ON SCENE (DESK REPORT),NO INJURY / DRIVE AWAY,,,Y,"OVER $1,500",11/02/2017 09:06:00 PM,UNABLE TO DETERMINE,UNABLE TO DETERMINE,6585,S,CAMPBELL AVE,832,,,,,,,2,NO INDICATION OF INJURY,0,0,0,0,0,1,0,1,5,11,41.773853226,-87.685786372,POINT (-87.685786372426 41.773853225829)
JA498974,Y,11/02/2017 01:00:00 AM,30,NO CONTROLS,NO CONTROLS,UNKNOWN,"DARKNESS, LIGHTED ROAD",PARKED MOTOR VEHICLE,NOT DIVIDED,2,STRAIGHT AND LEVEL,UNKNOWN,UNKNOWN,NOT ON SCENE (DESK REPORT),NO INJURY / DRIVE AWAY,,N,Y,"OVER $1,500",11/04/2017 06:00:00 PM,UNABLE TO DETERMINE,UNABLE TO DETERMINE,4411,W,JACKSON BLVD,1131,,,,,,,2,NO INDICATION OF INJURY,0,0,0,0,0,1,0,1,5,11,41.87685003,-87.735849248,POINT (-87.735849247745 41.876850030306)
JA495322,,11/02/2017 01:06:00 AM,30,NO CONTROLS,NO CONTROLS,RAIN,"DARKNESS, LIGHTED ROAD",PARKED MOTOR VEHICLE,DIVIDED - W/MEDIAN (NOT RAISED),,STRAIGHT AND LEVEL,WET,NO DEFECTS,ON SCENE,NO INJURY / DRIVE AWAY,,,Y,"OVER $1,500",11/02/2017 01:06:00 AM,"OPERATING VEHICLE IN ERRATIC, RECKLESS, CARELESS, NEGLIGENT OR AGGRESSIVE MANNER",NOT APPLICABLE,3613,W,LAWRENCE AVE,1723,,N,,,,,3,NO INDICATION OF INJURY,0,0,0,0,0,1,0,1,5,11,41.968230906,-87.718821583,POINT (-87.718821583015 41.968230906101)
JA495354,Y,11/02/2017 01:45:00 AM,30,NO CONTROLS,NOT FUNCTIONING,RAIN,"DARKNESS, LIGHTED ROAD",FIXED OBJECT,PARKING LOT,0,STRAIGHT AND LEVEL,WET,SHOULDER DEFECT,ON SCENE,NO INJURY / DRIVE AWAY,,Y,Y,"OVER $1,500",11/02/2017 01:53:00 AM,HAD BEEN DRINKING (USE WHEN ARREST IS NOT MADE),NOT APPLICABLE,6901,S,WESTERN AVE,832,,,,,,,1,NO INDICATION OF INJURY,0,0,0,0,0,1,0,1,5,11,41.768243972,-87.683193801,POINT (-87.683193800933 41.768243971967)
JA495344,,11/02/2017 02:00:00 AM,35,UNKNOWN,UNKNOWN,RAIN,"DARKNESS, LIGHTED ROAD",FIXED OBJECT,DRIVEWAY,2,STRAIGHT AND LEVEL,WET,UNKNOWN,ON SCENE,NO INJURY / DRIVE AWAY,,,,"OVER $1,500",11/02/2017 02:15:00 AM,NOT APPLICABLE,NOT APPLICABLE,6121,W,HIGGINS AVE,1622,,,,,,,1,NO INDICATION OF INJURY,0,0,0,0,0,1,0,2,5,11,41.974135492,-87.781589775,POINT (-87.78158977519 41.974135491754)
JA495353,,11/02/2017 02:06:00 AM,30,NO CONTROLS,NO CONTROLS,RAIN,"DARKNESS, LIGHTED ROAD",FIXED OBJECT,NOT DIVIDED,2,STRAIGHT AND LEVEL,WET,NO DEFECTS,ON SCENE,INJURY AND / OR TOW DUE TO CRASH,,,,"$501 - $1,500",11/02/2017 02:15:00 AM,WEATHER,UNABLE TO DETERMINE,11000,S,KEDZIE AVE,2211,,,,,,,1,NO INDICATION OF INJURY,0,0,0,0,0,1,0,2,5,11,41.693299638,-87.701034875,POINT (-87.701034874831 41.693299638486)
JA495357,,11/02/2017 02:46:00 AM,30,NO CONTROLS,FUNCTIONING PROPERLY,RAIN,"DARKNESS, LIGHTED ROAD",REAR END,DIVIDED - W/MEDIAN BARRIER,,STRAIGHT AND LEVEL,WET,UNKNOWN,ON SCENE,INJURY AND / OR TOW DUE TO CRASH,,,Y,"OVER $1,500",11/02/2017 02:46:00 AM,FAILING TO REDUCE SPEED TO AVOID CRASH,UNABLE TO DETERMINE,6815,S,DORCHESTER AVE,332,,,,,,,2,NO INDICATION OF INJURY,0,0,0,0,0,3,0,2,5,11,41.771005283,-87.590971273,POINT (-87.590971272861 41.771005283443)
JA495591,,11/02/2017 03:00:00 AM,30,NO CONTROLS,NO CONTROLS,CLEAR,"DARKNESS, LIGHTED ROAD",PARKED MOTOR VEHICLE,NOT DIVIDED,,STRAIGHT AND LEVEL,WET,NO DEFECTS,NOT ON SCENE (DESK REPORT),NO INJURY / DRIVE AWAY,,,Y,"OVER $1,500",11/02/2017 09:40:00 AM,IMPROPER LANE USAGE,UNABLE TO DETERMINE,5749,N,ELSTON AVE,1622,,,,,,,2,NO INDICATION OF INJURY,0,0,0,0,0,1,0,3,5,11,41.985985367,-87.769939292,POINT (-87.76993929152 41.985985366605)
JA496136,,11/02/2017 03:00:00 AM,30,NO CONTROLS,NO CONTROLS,CLEAR,"DARKNESS, LIGHTED ROAD",PARKED MOTOR VEHICLE,NOT DIVIDED,2,STRAIGHT AND LEVEL,DRY,NO DEFECTS,NOT ON SCENE (DESK REPORT),NO INJURY / DRIVE AWAY,,,Y,"OVER $1,500",11/02/2017 04:23:00 PM,UNABLE TO DETERMINE,NOT APPLICABLE,5427,N,ELSTON AVE,1621,,,,,,,2,NO INDICATION OF INJURY,0,0,0,0,0,1,0,3,5,11,41.980059211,-87.759349832,POINT (-87.759349832132 41.980059211102)
JA495383,,11/02/2017 04:00:00 AM,30,NO CONTROLS,NO CONTROLS,RAIN,"DARKNESS, LIGHTED ROAD",FIXED OBJECT,NOT DIVIDED,,STRAIGHT AND LEVEL,WET,NO DEFECTS,ON SCENE,INJURY AND / OR TOW DUE TO CRASH,,,Y,"OVER $1,500",11/02/2017 04:06:00 AM,NOT APPLICABLE,NOT APPLICABLE,438,E,PERSHING RD,212,,,,,,,1,NO INDICATION OF INJURY,0,0,0,0,0,1,0,4,5,11,41.823968634,-87.615190991,POINT (-87.615190990846 41.823968633557)
JA495381,,11/02/2017 04:37:00 AM,30,STOP SIGN/FLASHER,FUNCTIONING PROPERLY,RAIN,"DARKNESS, LIGHTED ROAD",FIXED OBJECT,ONE-WAY,1,STRAIGHT AND LEVEL,WET,NO DEFECTS,ON SCENE,NO INJURY / DRIVE AWAY,Y,,Y,"OVER $1,500",11/02/2017 04:40:00 AM,UNABLE TO DETERMINE,UNABLE TO DETERMINE,1256,N,CLEAVER ST,1433,,,,,,,1,NO INDICATION OF INJURY,0,0,0,0,0,1,0,4,5,11,41.905098775,-87.664026872,POINT (-87.664026872099 41.905098775296)
JA495385,,11/02/2017 04:50:00 AM,30,TRAFFIC SIGNAL,UNKNOWN,UNKNOWN,DARKNESS,REAR END,DIVIDED - W/MEDIAN (NOT RAISED),,STRAIGHT AND LEVEL,WET,UNKNOWN,ON SCENE,INJURY AND / OR TOW DUE TO CRASH,,,,"OVER $1,500",11/02/2017 05:05:00 AM,FAILING TO REDUCE SPEED TO AVOID CRASH,NOT APPLICABLE,4339,S,KEDZIE AVE,922,,,,,,,2,NONINCAPACITATING INJURY,1,0,0,1,0,1,0,4,5,11,41.814181352,-87.704066756,POINT (-87.704066755562 41.814181351549)
JA495206,Y,11/02/2017 05:00:00 AM,25,NO CONTROLS,NO CONTROLS,UNKNOWN,UNKNOWN,PARKED MOTOR VEHICLE,ONE-WAY,,STRAIGHT AND LEVEL,UNKNOWN,NO DEFECTS,NOT ON SCENE (DESK REPORT),NO INJURY / DRIVE AWAY,,,,$500 OR LESS,11/02/2017 10:50:00 AM,UNABLE TO DETERMINE,UNABLE TO DETERMINE,5349,N,SPAULDING AVE,1712,,,,,,,2,NO INDICATION OF INJURY,0,0,0,0,0,1,0,5,5,11,41.979015438,-87.711047951,POINT (-87.711047950835 41.979015438332)
JA495389,,11/02/2017 05:05:00 AM,35,NO CONTROLS,NO CONTROLS,RAIN,"DARKNESS, LIGHTED ROAD",SIDESWIPE SAME DIRECTION,NOT DIVIDED,,STRAIGHT AND LEVEL,WET,NO DEFECTS,ON SCENE,INJURY AND / OR TOW DUE TO CRASH,,,Y,"OVER $1,500",11/02/2017 05:15:00 AM,IMPROPER TURNING/NO SIGNAL,NOT APPLICABLE,4650,S,WESTERN BLVD,922,,,,,,,2,NO INDICATION OF INJURY,0,0,0,0,0,3,0,5,5,11,41.808660776,-87.684027414,POINT (-87.684027413697 41.808660776258)
JA495401,,11/02/2017 05:10:00 AM,30,TRAFFIC SIGNAL,FUNCTIONING PROPERLY,RAIN,"DARKNESS, LIGHTED ROAD",ANGLE,NOT DIVIDED,2,STRAIGHT AND LEVEL,WET,NO DEFECTS,ON SCENE,INJURY AND / OR TOW DUE TO CRASH,Y,,,"OVER $1,500",11/02/2017 06:00:00 AM,DISREGARDING TRAFFIC SIGNALS,UNABLE TO DETERMINE,5599,N,NAGLE AVE,1622,,,,,,,2,NO INDICATION OF INJURY,0,0,0,0,0,3,0,5,5,11,41.982882946,-87.787588155,POINT (-87.787588154962 41.982882946329)
JA495387,Y,11/02/2017 05:10:00 AM,35,NO CONTROLS,NO CONTROLS,RAIN,"DARKNESS, LIGHTED ROAD",PARKED MOTOR VEHICLE,NOT DIVIDED,2,STRAIGHT AND LEVEL,WET,NO DEFECTS,ON SCENE,NO INJURY / DRIVE AWAY,,,N,"OVER $1,500",11/02/2017 05:13:00 AM,UNABLE TO DETERMINE,UNABLE TO DETERMINE,5319,N,WASHTENAW AVE,2011,,,,,,,2,NO INDICATION OF INJURY,0,0,0,0,0,1,0,5,5,11,41.978277297,-87.696419346,POINT (-87.696419346162 41.978277296761)
JA496836,,11/02/2017 05:20:00 AM,0,NO CONTROLS,NO CONTROLS,CLEAR,DAYLIGHT,SIDESWIPE SAME DIRECTION,NOT DIVIDED,4,STRAIGHT AND LEVEL,WET,NO DEFECTS,NOT ON SCENE (DESK REPORT),NO INJURY / DRIVE AWAY,,,,"$501 - $1,500",11/03/2017 06:15:00 AM,IMPROPER LANE USAGE,UNABLE TO DETERMINE,10955,S,WESTERN AVE,2212,,,,,,,2,NO INDICATION OF INJURY,0,0,0,0,0,2,0,5,5,11,41.694042033,-87.681078993,POINT (-87.681078992843 41.694042033252)
JA495391,,11/02/2017 05:30:00 AM,35,TRAFFIC SIGNAL,FUNCTIONING PROPERLY,RAIN,"DARKNESS, LIGHTED ROAD",REAR END,NOT DIVIDED,6,STRAIGHT AND LEVEL,WET,NO DEFECTS,ON SCENE,NO INJURY / DRIVE AWAY,,,,"OVER $1,500",11/02/2017 05:35:00 AM,FOLLOWING TOO CLOSELY,UNABLE TO DETERMINE,6109,S,CICERO AVE,813,,,,,,,2,NO INDICATION OF INJURY,0,0,0,0,0,2,0,5,5,11,41.781767842,-87.742254913,POINT (-87.742254912971 41.781767842396)
JA495479,Y,11/02/2017 05:30:00 AM,25,NO CONTROLS,NO CONTROLS,UNKNOWN,UNKNOWN,PARKED MOTOR VEHICLE,ONE-WAY,1,STRAIGHT AND LEVEL,UNKNOWN,NO DEFECTS,ON SCENE,NO INJURY / DRIVE AWAY,,,,"OVER $1,500",11/02/2017 07:35:00 AM,UNABLE TO DETERMINE,UNABLE TO DETERMINE,9915,S,EMERALD AVE,2232,,,,,,,2,NO INDICATION OF INJURY,0,0,0,0,0,1,0,5,5,11,41.713737054,-87.641653654,POINT (-87.641653654102 41.713737053558)
JA495394,,11/02/2017 05:42:00 AM,30,TRAFFIC SIGNAL,FUNCTIONING PROPERLY,RAIN,DAWN,FIXED OBJECT,DIVIDED - W/MEDIAN (NOT RAISED),2,STRAIGHT AND LEVEL,WET,NO DEFECTS,ON SCENE,NO INJURY / DRIVE AWAY,,Y,Y,"$501 - $1,500",11/02/2017 05:42:00 AM,EXCEEDING SAFE SPEED FOR CONDITIONS,UNABLE TO DETERMINE,2758,W,PETERSON AVE,2413,,,,,,,1,NO INDICATION OF INJURY,0,0,0,0,0,1,0,5,5,11,41.990552785,-87.699342638,POINT (-87.69934263843 41.990552785496)
JA495400,,11/02/2017 05:45:00 AM,30,STOP SIGN/FLASHER,FUNCTIONING IMPROPERLY,RAIN,"DARKNESS, LIGHTED ROAD",TURNING,DIVIDED - W/MEDIAN BARRIER,4,STRAIGHT AND LEVEL,WET,NO DEFECTS,ON SCENE,INJURY AND / OR TOW DUE TO CRASH,Y,,,"OVER $1,500",11/02/2017 05:45:00 AM,FAILING TO REDUCE SPEED TO AVOID CRASH,NOT APPLICABLE,942,E,130TH ST,532,,,,,,,2,INCAPACITATING INJURY,1,0,1,0,0,1,0,5,5,11,41.659382455,-87.599445361,POINT (-87.599445361166 41.659382454916)
JA495410,Y,11/02/2017 06:00:00 AM,30,NO CONTROLS,NO CONTROLS,RAIN,DARKNESS,PARKED MOTOR VEHICLE,DIVIDED - W/MEDIAN (NOT RAISED),,STRAIGHT AND LEVEL,WET,NO DEFECTS,ON SCENE,NO INJURY / DRIVE AWAY,,,Y,"$501 - $1,500",11/02/2017 06:10:00 AM,UNABLE TO DETERMINE,NOT APPLICABLE,3444,W,MARQUETTE RD,831,,,,,,,3,NO INDICATION OF INJURY,0,0,0,0,0,1,0,6,5,11,41.771679007,-87.709592484,POINT (-87.709592484251 41.771679007399)
JA495408,,11/02/2017 06:05:00 AM,30,TRAFFIC SIGNAL,FUNCTIONING PROPERLY,RAIN,"DARKNESS, LIGHTED ROAD",REAR END,ONE-WAY,2,STRAIGHT AND LEVEL,WET,NO DEFECTS,ON SCENE,NO INJURY / DRIVE AWAY,Y,,,"OVER $1,500",11/02/2017 06:09:00 AM,FOLLOWING TOO CLOSELY,FAILING TO REDUCE SPEED TO AVOID CRASH,1921,S,RUBLE ST,1235,,,,,,,2,NO INDICATION OF INJURY,0,0,0,0,0,2,0,6,5,11,41.856049227,-87.64343475,POINT (-87.643434749983 41.856049226857)
JA495423,,11/02/2017 06:08:00 AM,30,NO CONTROLS,NO CONTROLS,RAIN,DUSK,SIDESWIPE OPPOSITE DIRECTION,DIVIDED - W/MEDIAN (NOT RAISED),4,STRAIGHT AND LEVEL,WET,NO DEFECTS,NOT ON SCENE (DESK REPORT),INJURY AND / OR TOW DUE TO CRASH,,,Y,"OVER $1,500",11/02/2017 06:13:00 AM,IMPROPER LANE USAGE,IMPROPER LANE USAGE,7736,N,SHERIDAN RD,2422,,,,,,,2,NO INDICATION OF INJURY,0,0,0,0,0,2,0,6,5,11,42.022312425,-87.666980189,POINT (-87.666980188891 42.022312424809)
JA495439,,11/02/2017 06:12:00 AM,30,TRAFFIC SIGNAL,FUNCTIONING PROPERLY,CLEAR,DAYLIGHT,REAR END,DIVIDED - W/MEDIAN (NOT RAISED),,STRAIGHT AND LEVEL,WET,NO DEFECTS,NOT ON SCENE (DESK REPORT),NO INJURY / DRIVE AWAY,,,,"OVER $1,500",11/02/2017 07:15:00 AM,FOLLOWING TOO CLOSELY,NOT APPLICABLE,10400,W,IRVING PARK RD,1654,,,,,,,2,NO INDICATION OF INJURY,0,0,0,0,0,2,0,6,5,11,41.958453137,-87.888091943,POINT (-87.888091943217 41.958453137187)
JA495412,,11/02/2017 06:15:00 AM,35,TRAFFIC SIGNAL,FUNCTIONING PROPERLY,RAIN,"DARKNESS, LIGHTED ROAD",TURNING,NOT DIVIDED,4,STRAIGHT AND LEVEL,WET,SHOULDER DEFECT,ON SCENE,INJURY AND / OR TOW DUE TO CRASH,,,,"OVER $1,500",11/02/2017 06:18:00 AM,FAILING TO YIELD RIGHT-OF-WAY,IMPROPER TURNING/NO SIGNAL,10700,S,KEDZIE AVE,2211,,,,,,,2,NO INDICATION OF INJURY,0,0,0,0,0,2,0,6,5,11,41.698777022,-87.701225609,POINT (-87.701225608923 41.698777022064)
JA495420,,11/02/2017 06:20:00 AM,30,STOP SIGN/FLASHER,FUNCTIONING PROPERLY,RAIN,DARKNESS,ANGLE,DIVIDED - W/MEDIAN (NOT RAISED),,STRAIGHT AND LEVEL,WET,NO DEFECTS,ON SCENE,NO INJURY / DRIVE AWAY,Y,,,"OVER $1,500",11/02/2017 06:25:00 AM,DISREGARDING STOP SIGN,UNABLE TO DETERMINE,2101,S,HOYNE AVE,1234,,,,,,,2,NO INDICATION OF INJURY,0,0,0,0,0,2,0,6,5,11,41.853932779,-87.678195969,POINT (-87.678195969254 41.853932779333)
JA495413,,11/02/2017 06:25:00 AM,30,STOP SIGN/FLASHER,FUNCTIONING PROPERLY,RAIN,"DARKNESS, LIGHTED ROAD",TURNING,DIVIDED - W/MEDIAN (NOT RAISED),,STRAIGHT AND LEVEL,WET,NO DEFECTS,ON SCENE,INJURY AND / OR TOW DUE TO CRASH,Y,,,"OVER $1,500",11/02/2017 06:28:00 AM,FAILING TO YIELD RIGHT-OF-WAY,"VISION OBSCURED (SIGNS, TREE LIMBS, BUILDINGS, ETC.)",4700,S,LAWNDALE AVE,821,,,,,,,2,NO INDICATION OF INJURY,0,0,0,0,0,6,0,6,5,11,41.80790245,-87.716375968,POINT (-87.716375968062 41.807902449705)
JA495491,,11/02/2017 06:30:00 AM,30,NO CONTROLS,NO CONTROLS,CLEAR,DAYLIGHT,PARKED MOTOR VEHICLE,NOT DIVIDED,2,STRAIGHT AND LEVEL,WET,NO DEFECTS,ON SCENE,INJURY AND / OR TOW DUE TO CRASH,,,Y,"OVER $1,500",11/02/2017 07:30:00 AM,UNABLE TO DETERMINE,NOT APPLICABLE,7055,N,HIAWATHA AVE,1621,,,,,,,3,NO INDICATION OF INJURY,0,0,0,0,0,1,0,6,5,11,42.009244168,-87.779540941,POINT (-87.779540941242 42.009244168151)
JA495512,,11/02/2017 06:30:00 AM,30,TRAFFIC SIGNAL,FUNCTIONING PROPERLY,CLOUDY/OVERCAST,"DARKNESS, LIGHTED ROAD",SIDESWIPE SAME DIRECTION,DIVIDED - W/MEDIAN (NOT RAISED),5,STRAIGHT AND LEVEL,WET,NO DEFECTS,NOT ON SCENE (DESK REPORT),NO INJURY / DRIVE AWAY,,,Y,"$501 - $1,500",11/02/2017 08:15:00 AM,UNABLE TO DETERMINE,UNABLE TO DETERMINE,800,N,CICERO AVE,1531,,,,,,,2,NO INDICATION OF INJURY,0,0,0,0,0,2,0,6,5,11,41.895049038,-87.745955516,POINT (-87.745955516269 41.895049037964)
JA497707,,11/02/2017 06:30:00 AM,30,STOP SIGN/FLASHER,NO CONTROLS,RAIN,"DARKNESS, LIGHTED ROAD",REAR END,NOT DIVIDED,,STRAIGHT AND LEVEL,WET,NO DEFECTS,NOT ON SCENE (DESK REPORT),NO INJURY / DRIVE AWAY,,,,$500 OR LESS,11/03/2017 06:15:00 PM,UNABLE TO DETERMINE,NOT APPLICABLE,2654,N,AUSTIN AVE,2512,,,,,,,3,NO INDICATION OF INJURY,0,0,0,0,0,3,0,6,5,11,41.929126154,-87.776043337,POINT (-87.776043337204 41.92912615429)