RD_NO,CRASH_DATE_EST_I,CRASH_DATE,POSTED_SPEED_LIMIT,TRAFFIC_CONTROL_DEVICE,DEVICE_CONDITION,WEATHER_CONDITION,LIGHTING_CONDITION,FIRST_CRASH_TYPE,TRAFFICWAY_TYPE,LANE_CNT,ALIGNMENT,ROADWAY_SURFACE_COND,ROAD_DEFECT,REPORT_TYPE,CRASH_TYPE,INTERSECTION_RELATED_I,NOT_RIGHT_OF_WAY_I,HIT_AND_RUN_I,DAMAGE,DATE_POLICE_NOTIFIED,PRIM_CONTRIBUTORY_CAUSE,SEC_CONTRIBUTORY_CAUSE,STREET_NO,STREET_DIRECTION,STREET_NAME,BEAT_OF_OCCURRENCE,PHOTOS_TAKEN_I,STATEMENTS_TAKEN_I,DOORING_I,WORK_ZONE_I,WORK_ZONE_TYPE,WORKERS_PRESENT_I,NUM_UNITS,MOST_SEVERE_INJURY,INJURIES_TOTAL,INJURIES_FATAL,INJURIES_INCAPACITATING,INJURIES_NON_INCAPACITATING,INJURIES_REPORTED_NOT_EVIDENT,INJURIES_NO_INDICATION,INJURIES_UNKNOWN,CRASH_HOUR,CRASH_DAY_OF_WEEK,CRASH_MONTH,LATITUDE,LONGITUDE,LOCATION
JA495417,,11/02/2017 06:30:00 AM,30,TRAFFIC SIGNAL,FUNCTIONING PROPERLY,RAIN,"DARKNESS, LIGHTED ROAD",REAR END,NOT DIVIDED,4,STRAIGHT AND LEVEL,WET,NO DEFECTS,ON SCENE,NO INJURY / DRIVE AWAY,,,,"OVER $1,500",11/02/2017 06:45:00 AM,FAILING TO REDUCE SPEED TO AVOID CRASH,FOLLOWING TOO CLOSELY,10701,S,PULASKI RD,2211,,,,,,,2,NO INDICATION OF INJURY,0,0,0,0,0,2,0,6,5,11,41.698439651,-87.720486495,POINT (-87.720486495063 41.698439650791)
JA495438,,11/02/2017 06:30:00 AM,40,NO CONTROLS,NO CONTROLS,RAIN,DAWN,SIDESWIPE SAME DIRECTION,DIVIDED - W/MEDIAN BARRIER,4,STRAIGHT AND LEVEL,WET,NO DEFECTS,ON SCENE,NO INJURY / DRIVE AWAY,,,,"OVER $1,500",11/02/2017 06:52:00 AM,WEATHER,NOT APPLICABLE,5900,S,LAKE SHORE DR,331,,,,,,,3,NO INDICATION OF INJURY,0,0,0,0,0,3,0,6,5,11,41.787723536,-87.577940184,POINT (-87.577940184491 41.787723535558)
JA495427,,11/02/2017 06:45:00 AM,30,TRAFFIC SIGNAL,FUNCTIONING PROPERLY,RAIN,DAWN,REAR END,DIVIDED - W/MEDIAN BARRIER,4,STRAIGHT AND LEVEL,WET,NO DEFECTS,ON SCENE,NO INJURY / DRIVE AWAY,,,,$500 OR LESS,11/02/2017 06:47:00 AM,FOLLOWING TOO CLOSELY,NOT APPLICABLE,6001,S,CICERO AVE,813,,,,,,,2,NO INDICATION OF INJURY,0,0,0,0,0,2,0,6,5,11,41.784176485,-87.741333864,POINT (-87.741333864252 41.784176484793)
JA496564,,11/02/2017 06:45:00 AM,35,TRAFFIC SIGNAL,FUNCTIONING PROPERLY,FOG/SMOKE/HAZE,"DARKNESS, LIGHTED ROAD",TURNING,NOT DIVIDED,,STRAIGHT AND LEVEL,WET,NO DEFECTS,NOT ON SCENE (DESK REPORT),NO INJURY / DRIVE AWAY,Y,,Y,"$501 - $1,500",11/02/2017 09:00:00 PM,IMPROPER TURNING/NO SIGNAL,IMPROPER LANE USAGE,5500,S,CICERO AVE,813,,,,,,,2,NO INDICATION OF INJURY,0,0,0,0,0,3,0,6,5,11,41.792910883,-87.742077343,POINT (-87.742077342959 41.792910883497)
JA495425,,11/02/2017 06:45:00 AM,35,NO CONTROLS,NO CONTROLS,RAIN,DAWN,REAR END,NOT DIVIDED,4,STRAIGHT AND LEVEL,WET,NO DEFECTS,ON SCENE,INJURY AND / OR TOW DUE TO CRASH,,,,"OVER $1,500",11/02/2017 07:00:00 AM,FOLLOWING TOO CLOSELY,NOT APPLICABLE,6945,W,IRVING PARK RD,1632,,,,,,,3,NO INDICATION OF INJURY,0,0,0,0,0,3,0,6,5,11,41.952637776,-87.800487647,POINT (-87.800487646843 41.952637776061)
JA495444,,11/02/2017 06:45:00 AM,30,TRAFFIC SIGNAL,FUNCTIONING PROPERLY,RAIN,"DARKNESS, LIGHTED ROAD",REAR END,NOT DIVIDED,2,STRAIGHT AND LEVEL,WET,NO DEFECTS,NOT ON SCENE (DESK REPORT),NO INJURY / DRIVE AWAY,,,Y,"OVER $1,500",11/02/2017 07:10:00 AM,FOLLOWING TOO CLOSELY,NOT APPLICABLE,5545,N,CENTRAL AVE,1623,,,,,,,3,NO INDICATION OF INJURY,0,0,0,0,0,4,0,6,5,11,41.982451746,-87.768206286,POINT (-87.768206286139 41.982451746324)
JA495506,,11/02/2017 06:50:00 AM,35,STOP SIGN/FLASHER,FUNCTIONING PROPERLY,CLOUDY/OVERCAST,DAYLIGHT,ANGLE,DIVIDED - W/MEDIAN (NOT RAISED),4,STRAIGHT AND LEVEL,WET,NO DEFECTS,NOT ON SCENE (DESK REPORT),NO INJURY / DRIVE AWAY,Y,,,"OVER $1,500",11/02/2017 08:45:00 AM,DISREGARDING STOP SIGN,FAILING TO REDUCE SPEED TO AVOID CRASH,1000,W,LAKE ST,1214,,,,,,,2,NO INDICATION OF INJURY,0,0,0,0,0,2,0,6,5,11,41.885692703,-87.652202315,POINT (-87.652202315319 41.885692703217)
JA506065,,11/02/2017 06:55:00 AM,30,TRAFFIC SIGNAL,FUNCTIONING PROPERLY,CLEAR,"DARKNESS, LIGHTED ROAD",PEDESTRIAN,NOT DIVIDED,4,STRAIGHT AND LEVEL,DRY,NO DEFECTS,NOT ON SCENE (DESK REPORT),INJURY AND / OR TOW DUE TO CRASH,Y,,,$500 OR LESS,11/10/2017 08:50:00 AM,UNABLE TO DETERMINE,NOT APPLICABLE,5800,N,HARLEM AVE,1612,,,,,,,2,"REPORTED, NOT EVIDENT",1,0,0,0,1,1,0,6,5,11,41.985995615,-87.807060123,POINT (-87.807060122844 41.985995615086)
JA497488,,11/02/2017 06:55:00 AM,30,NO CONTROLS,NO CONTROLS,CLEAR,DAYLIGHT,REAR END,DIVIDED - W/MEDIAN BARRIER,4,STRAIGHT AND LEVEL,DRY,NO DEFECTS,NOT ON SCENE (DESK REPORT),NO INJURY / DRIVE AWAY,,,Y,"OVER $1,500",11/03/2017 04:00:00 PM,UNABLE TO DETERMINE,UNABLE TO DETERMINE,2900,S,DAMEN AVE,912,,,,,,,2,NO INDICATION OF INJURY,0,0,0,0,0,2,0,6,5,11,41.839402217,-87.675557142,POINT (-87.675557141968 41.839402216623)
JA495465,,11/02/2017 07:00:00 AM,30,STOP SIGN/FLASHER,FUNCTIONING PROPERLY,FOG/SMOKE/HAZE,DAYLIGHT,ANGLE,NOT DIVIDED,1,STRAIGHT AND LEVEL,WET,NO DEFECTS,ON SCENE,NO INJURY / DRIVE AWAY,Y,,,"$501 - $1,500",11/02/2017 08:00:00 AM,FAILING TO YIELD RIGHT-OF-WAY,UNABLE TO DETERMINE,10600,S,EWING AVE,432,,,,,,,2,NO INDICATION OF INJURY,0,0,0,0,0,2,0,7,5,11,41.702643027,-87.535429846,POINT (-87.535429846322 41.702643027286)
JA495639,,11/02/2017 07:00:00 AM,30,STOP SIGN/FLASHER,FUNCTIONING PROPERLY,RAIN,DAWN,ANGLE,NOT DIVIDED,,STRAIGHT AND LEVEL,WET,NO DEFECTS,NOT ON SCENE (DESK REPORT),NO INJURY / DRIVE AWAY,Y,,,$500 OR LESS,11/02/2017 10:30:00 AM,UNABLE TO DETERMINE,UNABLE TO DETERMINE,5299,S,CORNELL AVE,234,,,,,,,2,NO INDICATION OF INJURY,0,0,0,0,0,4,0,7,5,11,41.799691569,-87.585371752,POINT (-87.585371752073 41.799691569412)
JA495459,,11/02/2017 07:00:00 AM,30,TRAFFIC SIGNAL,FUNCTIONING PROPERLY,CLEAR,DAYLIGHT,REAR END,NOT DIVIDED,,STRAIGHT AND LEVEL,WET,NO DEFECTS,NOT ON SCENE (DESK REPORT),NO INJURY / DRIVE AWAY,,,,"OVER $1,500",11/02/2017 07:45:00 AM,FOLLOWING TOO CLOSELY,NOT APPLICABLE,2544,N,CENTRAL AVE,2515,,,,,,,2,NO INDICATION OF INJURY,0,0,0,0,0,2,0,7,5,11,41.927137476,-87.766248431,POINT (-87.766248430584 41.927137476474)
JA504737,,11/02/2017 07:00:00 AM,30,STOP SIGN/FLASHER,FUNCTIONING PROPERLY,CLEAR,DAYLIGHT,HEAD ON,DIVIDED - W/MEDIAN (NOT RAISED),2,STRAIGHT AND LEVEL,DRY,NO DEFECTS,ON SCENE,INJURY AND / OR TOW DUE TO CRASH,,,,"OVER $1,500",11/09/2017 07:07:00 AM,EQUIPMENT - VEHICLE CONDITION,FAILING TO REDUCE SPEED TO AVOID CRASH,2221,E,83RD ST,412,,,,,,,2,NO INDICATION OF INJURY,0,0,0,0,0,2,0,7,5,11,41.744299193,-87.570084335,POINT (-87.570084334622 41.744299192884)
JA495435,,11/02/2017 07:00:00 AM,30,NO CONTROLS,FUNCTIONING PROPERLY,RAIN,DAYLIGHT,ANGLE,NOT DIVIDED,,STRAIGHT AND LEVEL,WET,NO DEFECTS,ON SCENE,NO INJURY / DRIVE AWAY,Y,,,"OVER $1,500",11/02/2017 07:10:00 AM,FAILING TO YIELD RIGHT-OF-WAY,NOT APPLICABLE,500,W,75TH ST,732,,,,,,,2,NO INDICATION OF INJURY,0,0,0,0,0,2,0,7,5,11,41.758147697,-87.637026606,POINT (-87.637026605766 41.758147697042)
JA495429,,11/02/2017 07:03:00 AM,45,NO CONTROLS,NO CONTROLS,RAIN,DAWN,SIDESWIPE SAME DIRECTION,DIVIDED - W/MEDIAN BARRIER,,STRAIGHT ON HILLCREST,WET,NO DEFECTS,ON SCENE,INJURY AND / OR TOW DUE TO CRASH,,,,"OVER $1,500",11/02/2017 07:05:00 AM,UNABLE TO DETERMINE,UNABLE TO DETERMINE,9600,S,CHICAGO SKYWAY IB,431,,,,,,,2,NO INDICATION OF INJURY,0,0,0,0,0,2,0,7,5,11,41.720905614,-87.547387866,POINT (-87.547387865827 41.720905613954)
JA495440,,11/02/2017 07:08:00 AM,45,NO CONTROLS,NO CONTROLS,RAIN,DAWN,SIDESWIPE SAME DIRECTION,DIVIDED - W/MEDIAN BARRIER,,STRAIGHT ON HILLCREST,WET,NO DEFECTS,ON SCENE,INJURY AND / OR TOW DUE TO CRASH,,,,"OVER $1,500",11/02/2017 07:08:00 AM,FAILING TO REDUCE SPEED TO AVOID CRASH,NOT APPLICABLE,9600,S,CHICAGO SKYWAY IB,431,,,,,,,3,NO INDICATION OF INJURY,0,0,0,0,0,2,0,7,5,11,41.720905614,-87.547387866,POINT (-87.547387865827 41.720905613954)
JA495467,,11/02/2017 07:10:00 AM,30,TRAFFIC SIGNAL,FUNCTIONING PROPERLY,CLEAR,DAYLIGHT,TURNING,ONE-WAY,4,STRAIGHT AND LEVEL,DRY,NO DEFECTS,NOT ON SCENE (DESK REPORT),NO INJURY / DRIVE AWAY,Y,,,"OVER $1,500",11/02/2017 07:45:00 AM,IMPROPER TURNING/NO SIGNAL,NOT APPLICABLE,500,S,WELLS ST,123,,,,,,,2,NO INDICATION OF INJURY,0,0,0,0,0,2,0,7,5,11,41.875532652,-87.633803891,POINT (-87.633803891217 41.875532652069)
JA495852,,11/02/2017 07:11:00 AM,30,TRAFFIC SIGNAL,FUNCTIONING PROPERLY,CLEAR,DAYLIGHT,REAR END,NOT DIVIDED,2,STRAIGHT AND LEVEL,DRY,NO DEFECTS,NOT ON SCENE (DESK REPORT),NO INJURY / DRIVE AWAY,,,,"OVER $1,500",11/02/2017 01:15:00 PM,UNABLE TO DETERMINE,UNABLE TO DETERMINE,810,N,CICERO AVE,1531,,,,,,,2,NO INDICATION OF INJURY,0,0,0,0,0,2,0,7,5,11,41.895404662,-87.745965431,POINT (-87.745965431415 41.895404662004)
JA495446,,11/02/2017 07:13:00 AM,30,NO CONTROLS,NO CONTROLS,RAIN,DAWN,PEDESTRIAN,DIVIDED - W/MEDIAN BARRIER,2,STRAIGHT AND LEVEL,WET,NO DEFECTS,ON SCENE,INJURY AND / OR TOW DUE TO CRASH,,,,$500 OR LESS,11/02/2017 07:13:00 AM,WEATHER,EXCEEDING SAFE SPEED FOR CONDITIONS,3201,S,STATE ST,211,,,,,,,2,INCAPACITATING INJURY,1,0,1,0,0,3,0,7,5,11,41.836371827,-87.62638079,POINT (-87.626380789842 41.836371827385)
JA495511,,11/02/2017 07:15:00 AM,30,NO CONTROLS,NO CONTROLS,CLEAR,DAYLIGHT,REAR END,DIVIDED - W/MEDIAN BARRIER,4,STRAIGHT AND LEVEL,DRY,NO DEFECTS,NOT ON SCENE (DESK REPORT),NO INJURY / DRIVE AWAY,,,,"OVER $1,500",11/02/2017 08:30:00 AM,UNABLE TO DETERMINE,UNABLE TO DETERMINE,11001,S,WESTERN AVE,2212,,,,,,,2,NO INDICATION OF INJURY,0,0,0,0,0,3,0,7,5,11,41.693952728,-87.681075542,POINT (-87.681075542499 41.693952727768)
JA495450,,11/02/2017 07:15:00 AM,40,NO CONTROLS,NO CONTROLS,CLEAR,"DARKNESS, LIGHTED ROAD",REAR END,DIVIDED - W/MEDIAN BARRIER,,STRAIGHT AND LEVEL,DRY,NO DEFECTS,NOT ON SCENE (DESK REPORT),NO INJURY / DRIVE AWAY,,,,"$501 - $1,500",11/02/2017 07:40:00 AM,UNABLE TO DETERMINE,UNABLE TO DETERMINE,1000,N,LAKE SHORE DR SB,1824,,,,,,,2,NO INDICATION OF INJURY,0,0,0,0,0,2,0,7,5,11,41.900958919,-87.619928174,POINT (-87.619928173678 41.900958919109)
JA496348,,11/02/2017 07:20:00 AM,30,NO CONTROLS,NO CONTROLS,RAIN,DAYLIGHT,REAR END,NOT DIVIDED,,STRAIGHT AND LEVEL,WET,NO DEFECTS,NOT ON SCENE (DESK REPORT),NO INJURY / DRIVE AWAY,,,,"$501 - $1,500",11/02/2017 06:30:00 PM,HAD BEEN DRINKING (USE WHEN ARREST IS NOT MADE),NOT APPLICABLE,1021,N,HAMLIN AVE,1112,,,,,,,2,NO INDICATION OF INJURY,0,0,0,0,0,2,0,7,5,11,41.899723332,-87.721185968,POINT (-87.721185967972 41.899723332232)
JA495862,,11/02/2017 07:20:00 AM,25,TRAFFIC SIGNAL,FUNCTIONING PROPERLY,CLEAR,DAYLIGHT,REAR END,DIVIDED - W/MEDIAN (NOT RAISED),,STRAIGHT AND LEVEL,DRY,NO DEFECTS,NOT ON SCENE (DESK REPORT),NO INJURY / DRIVE AWAY,,,,"OVER $1,500",11/02/2017 01:09:00 PM,FAILING TO YIELD RIGHT-OF-WAY,DISREGARDING TRAFFIC SIGNALS,500,N,LAKE SHORE DR SB,1834,,,,,,,2,NO INDICATION OF INJURY,0,0,0,0,0,2,0,7,5,11,41.891147072,-87.614375057,POINT (-87.61437505723 41.89114707171)
JA496074,,11/02/2017 07:30:00 AM,20,NO CONTROLS,NO CONTROLS,CLEAR,DAYLIGHT,SIDESWIPE SAME DIRECTION,NOT DIVIDED,,STRAIGHT AND LEVEL,DRY,NO DEFECTS,NOT ON SCENE (DESK REPORT),NO INJURY / DRIVE AWAY,,,,"OVER $1,500",11/02/2017 03:37:00 PM,IMPROPER OVERTAKING/PASSING,FOLLOWING TOO CLOSELY,2643,S,CENTRAL PARK AVE,1032,,,,,,,2,NO INDICATION OF INJURY,0,0,0,0,0,2,0,7,5,11,41.843100074,-87.714603448,POINT (-87.714603447726 41.843100073865)
JA495685,,11/02/2017 07:30:00 AM,25,NO CONTROLS,NO CONTROLS,CLEAR,DAYLIGHT,REAR END,NOT DIVIDED,,STRAIGHT AND LEVEL,DRY,NO DEFECTS,NOT ON SCENE (DESK REPORT),NO INJURY / DRIVE AWAY,,,Y,"$501 - $1,500",11/02/2017 11:00:00 AM,UNABLE TO DETERMINE,UNABLE TO DETERMINE,37,S,STATE ST,112,,,,,,,2,NO INDICATION OF INJURY,0,0,0,0,0,2,0,7,5,11,41.881104792,-87.627588765,POINT (-87.627588764703 41.881104792071)
JA495461,,11/02/2017 07:30:00 AM,30,TRAFFIC SIGNAL,FUNCTIONING PROPERLY,CLEAR,DAYLIGHT,TURNING,DIVIDED - W/MEDIAN (NOT RAISED),2,STRAIGHT AND LEVEL,WET,NO DEFECTS,ON SCENE,NO INJURY / DRIVE AWAY,Y,,,"OVER $1,500",11/02/2017 07:40:00 AM,FAILING TO YIELD RIGHT-OF-WAY,UNABLE TO DETERMINE,5400,W,LAWRENCE AVE,1623,,,,,,,2,NO INDICATION OF INJURY,0,0,0,0,0,2,0,7,5,11,41.967780182,-87.762660113,POINT (-87.762660113029 41.967780181534)
JA496083,,11/02/2017 07:30:00 AM,35,NO CONTROLS,NO CONTROLS,CLEAR,DAYLIGHT,TURNING,NOT DIVIDED,2,STRAIGHT AND LEVEL,DRY,NO DEFECTS,NOT ON SCENE (DESK REPORT),NO INJURY / DRIVE AWAY,N,,,"$501 - $1,500",11/02/2017 03:42:00 PM,FOLLOWING TOO CLOSELY,NOT APPLICABLE,111,W,WACKER DR,122,,,,,,,2,NO INDICATION OF INJURY,0,0,0,0,0,2,0,7,5,11,41.886706919,-87.631352471,POINT (-87.631352470963 41.886706918965)
JA496243,,11/02/2017 07:30:00 AM,30,NO CONTROLS,NO CONTROLS,RAIN,DAYLIGHT,REAR END,NOT DIVIDED,,STRAIGHT AND LEVEL,WET,NO DEFECTS,NOT ON SCENE (DESK REPORT),NO INJURY / DRIVE AWAY,,,,"$501 - $1,500",11/02/2017 05:00:00 PM,FAILING TO REDUCE SPEED TO AVOID CRASH,NOT APPLICABLE,740,N,CICERO AVE,1531,,,,,,,2,NO INDICATION OF INJURY,0,0,0,0,0,2,0,7,5,11,41.894361532,-87.74593258,POINT (-87.745932580091 41.894361532061)
JA495453,,11/02/2017 07:35:00 AM,30,NO CONTROLS,NO CONTROLS,OTHER,DARKNESS,ANGLE,ALLEY,,STRAIGHT AND LEVEL,WET,UNKNOWN,NOT ON SCENE (DESK REPORT),NO INJURY / DRIVE AWAY,,,,"OVER $1,500",11/02/2017 07:47:00 AM,UNABLE TO DETERMINE,NOT APPLICABLE,4343,W,21ST PL,1012,,,,,,,2,NO INDICATION OF INJURY,0,0,0,0,0,2,0,7,5,11,41.852350191,-87.733803604,POINT (-87.733803603983 41.85235019147)
JA495481,,11/02/2017 07:37:00 AM,30,NO CONTROLS,NO CONTROLS,RAIN,DAYLIGHT,TURNING,NOT DIVIDED,2,STRAIGHT AND LEVEL,WET,NO DEFECTS,NOT ON SCENE (DESK REPORT),NO INJURY / DRIVE AWAY,Y,,,"OVER $1,500",11/02/2017 08:27:00 AM,WEATHER,UNABLE TO DETERMINE,100,W,CERMAK RD,131,,,,,,,3,NO INDICATION OF INJURY,0,0,0,0,0,3,0,7,5,11,41.852991219,-87.629386933,POINT (-87.629386933044 41.852991219253)
JA496468,Y,11/02/2017 07:40:00 AM,35,NO CONTROLS,NO CONTROLS,RAIN,DAYLIGHT,REAR END,DIVIDED - W/MEDIAN (NOT RAISED),,STRAIGHT AND LEVEL,WET,UNKNOWN,NOT ON SCENE (DESK REPORT),INJURY AND / OR TOW DUE TO CRASH,,,,"$501 - $1,500",11/02/2017 07:40:00 PM,UNABLE TO DETERMINE,UNABLE TO DETERMINE,3900,W,115TH ST,2211,,,,,,,2,"REPORTED, NOT EVIDENT",1,0,0,0,1,2,0,7,5,11,41.684110959,-87.71773112,POINT (-87.717731119559 41.684110958539)
JA495953,,11/02/2017 07:40:00 AM,30,TRAFFIC SIGNAL,FUNCTIONING PROPERLY,CLOUDY/OVERCAST,DAYLIGHT,ANGLE,NOT DIVIDED,,STRAIGHT AND LEVEL,WET,NO DEFECTS,NOT ON SCENE (DESK REPORT),NO INJURY / DRIVE AWAY,Y,,Y,"$501 - $1,500",11/02/2017 02:00:00 PM,FAILING TO YIELD RIGHT-OF-WAY,FAILING TO REDUCE SPEED TO AVOID CRASH,1598,N,CENTRAL AVE,2531,,,,,,,2,NO INDICATION OF INJURY,0,0,0,0,0,2,0,7,5,11,41.909320352,-87.765898695,POINT (-87.765898694984 41.909320351644)
JA495470,,11/02/2017 07:44:00 AM,35,TRAFFIC SIGNAL,FUNCTIONING PROPERLY,RAIN,DAWN,REAR END,DIVIDED - W/MEDIAN BARRIER,,"CURVE, LEVEL",WET,NO DEFECTS,ON SCENE,INJURY AND / OR TOW DUE TO CRASH,,,,"OVER $1,500",11/02/2017 07:45:00 AM,FOLLOWING TOO CLOSELY,WEATHER,6258,S,LAKE SHORE DR,331,,,,,,,2,"REPORTED, NOT EVIDENT",1,0,0,0,1,1,0,7,5,11,,,
JA496239,,11/02/2017 07:45:00 AM,30,TRAFFIC SIGNAL,FUNCTIONING PROPERLY,CLEAR,DAYLIGHT,REAR END,NOT DIVIDED,2,STRAIGHT AND LEVEL,DRY,NO DEFECTS,NOT ON SCENE (DESK REPORT),NO INJURY / DRIVE AWAY,Y,,,"OVER $1,500",11/02/2017 05:37:00 PM,FOLLOWING TOO CLOSELY,NOT APPLICABLE,4000,N,CUMBERLAND AVE,1614,,,,,,,2,NO INDICATION OF INJURY,0,0,0,0,0,4,0,7,5,11,41.952142587,-87.836814267,POINT (-87.836814266937 41.952142587107)
JA496312,,11/02/2017 07:45:00 AM,35,NO CONTROLS,NO CONTROLS,CLEAR,DAYLIGHT,REAR END,PARKING LOT,,STRAIGHT AND LEVEL,DRY,NO DEFECTS,NOT ON SCENE (DESK REPORT),NO INJURY / DRIVE AWAY,,,,"OVER $1,500",11/02/2017 06:15:00 PM,DRIVING SKILLS/KNOWLEDGE/EXPERIENCE,DRIVING SKILLS/KNOWLEDGE/EXPERIENCE,1427,W,MONTROSE AVE,1912,,,,,,,2,NO INDICATION OF INJURY,0,0,0,0,0,2,0,7,5,11,41.961523825,-87.666039856,POINT (-87.666039855558 41.961523824746)
JA495476,,11/02/2017 07:50:00 AM,30,TRAFFIC SIGNAL,FUNCTIONING PROPERLY,CLEAR,DAYLIGHT,ANGLE,NOT DIVIDED,,STRAIGHT AND LEVEL,WET,NO DEFECTS,ON SCENE,NO INJURY / DRIVE AWAY,Y,,Y,"OVER $1,500",11/02/2017 07:51:00 AM,FAILING TO YIELD RIGHT-OF-WAY,DRIVING SKILLS/KNOWLEDGE/EXPERIENCE,3800,W,MARQUETTE RD,833,,,,,,,4,NO INDICATION OF INJURY,0,0,0,0,0,4,0,7,5,11,41.771557757,-87.717798696,POINT (-87.717798696372 41.771557756749)
JA495473,,11/02/2017 07:50:00 AM,30,NO CONTROLS,NO CONTROLS,RAIN,DAYLIGHT,REAR END,PARKING LOT,,STRAIGHT AND LEVEL,WET,NO DEFECTS,NOT ON SCENE (DESK REPORT),NO INJURY / DRIVE AWAY,,,,"$501 - $1,500",11/02/2017 08:00:00 AM,FAILING TO YIELD RIGHT-OF-WAY,UNABLE TO DETERMINE,1421,W,MONTROSE AVE,1915,,,,,,,2,NO INDICATION OF INJURY,0,0,0,0,0,3,0,7,5,11,41.96152548,-87.6659003,POINT (-87.665900299674 41.961525480131)
JA495929,,11/02/2017 07:50:00 AM,30,NO CONTROLS,NO CONTROLS,CLEAR,DAYLIGHT,ANGLE,NOT DIVIDED,1,STRAIGHT AND LEVEL,WET,NO DEFECTS,NOT ON SCENE (DESK REPORT),NO INJURY / DRIVE AWAY,,,Y,"$501 - $1,500",11/02/2017 01:15:00 PM,FAILING TO YIELD RIGHT-OF-WAY,NOT APPLICABLE,3334,E,108TH ST,432,,,,,,,2,NO INDICATION OF INJURY,0,0,0,0,0,3,0,7,5,11,41.699251711,-87.542420598,POINT (-87.542420598017 41.6992517114)
JA495737,,11/02/2017 07:50:00 AM,20,NO CONTROLS,NO CONTROLS,CLOUDY/OVERCAST,DAYLIGHT,REAR END,ONE-WAY,1,STRAIGHT AND LEVEL,WET,NO DEFECTS,NOT ON SCENE (DESK REPORT),INJURY AND / OR TOW DUE TO CRASH,,,,"OVER $1,500",11/02/2017 11:30:00 AM,UNABLE TO DETERMINE,UNABLE TO DETERMINE,4959,W,WELLINGTON AVE,2521,,,,,,,2,NONINCAPACITATING INJURY,1,0,0,1,0,4,0,7,5,11,41.935009159,-87.751523955,POINT (-87.751523954517 41.935009158695)
JA495887,,11/02/2017 08:00:00 AM,30,TRAFFIC SIGNAL,FUNCTIONING PROPERLY,CLEAR,DAYLIGHT,TURNING,NOT DIVIDED,,STRAIGHT AND LEVEL,WET,NO DEFECTS,NOT ON SCENE (DESK REPORT),INJURY AND / OR TOW DUE TO CRASH,Y,,,"$501 - $1,500",11/02/2017 01:00:00 PM,IMPROPER TURNING/NO SIGNAL,FAILING TO REDUCE SPEED TO AVOID CRASH,2144,S,CANALPORT AVE,1235,,,,,,,2,"REPORTED, NOT EVIDENT",1,0,0,0,1,2,0,8,5,11,41.853400669,-87.649708009,POINT (-87.649708009011 41.85340066852)
JA495449,,11/02/2017 08:00:00 AM,30,TRAFFIC SIGNAL,FUNCTIONING PROPERLY,CLOUDY/OVERCAST,DAWN,TURNING,DIVIDED - W/MEDIAN BARRIER,6,STRAIGHT AND LEVEL,WET,NO DEFECTS,ON SCENE,INJURY AND / OR TOW DUE TO CRASH,,,,"OVER $1,500",11/02/2017 08:05:00 AM,DISREGARDING TRAFFIC SIGNALS,FAILING TO REDUCE SPEED TO AVOID CRASH,400,S,ASHLAND AVE,1231,,,,,,,3,NO INDICATION OF INJURY,0,0,0,0,0,3,0,8,5,11,41.876332859,-87.666811118,POINT (-87.666811117572 41.87633285922)
JA495493,,11/02/2017 08:00:00 AM,30,NO CONTROLS,NO CONTROLS,RAIN,DARKNESS,REAR END,NOT DIVIDED,4,STRAIGHT AND LEVEL,WET,NO DEFECTS,ON SCENE,NO INJURY / DRIVE AWAY,,,,"$501 - $1,500",11/02/2017 08:05:00 AM,UNABLE TO DETERMINE,UNABLE TO DETERMINE,6427,S,PULASKI RD,823,,,,,,,2,NO INDICATION OF INJURY,0,0,0,0,0,3,0,8,5,11,41.775960575,-87.722544539,POINT (-87.72254453875 41.775960574882)
JA496354,,11/02/2017 08:00:00 AM,25,NO CONTROLS,NO CONTROLS,CLEAR,DAYLIGHT,REAR END,DIVIDED - W/MEDIAN (NOT RAISED),4,STRAIGHT AND LEVEL,DRY,NO DEFECTS,NOT ON SCENE (DESK REPORT),NO INJURY / DRIVE AWAY,,,,"$501 - $1,500",11/02/2017 06:30:00 PM,UNABLE TO DETERMINE,UNABLE TO DETERMINE,1410,S,MUSEUM CAMPUS DR,132,,,,,,,2,NO INDICATION OF INJURY,0,0,0,0,0,2,0,8,5,11,41.862628294,-87.615031094,POINT (-87.615031094113 41.862628294038)
JA495494,,11/02/2017 08:00:00 AM,30,STOP SIGN/FLASHER,FUNCTIONING PROPERLY,CLEAR,DAYLIGHT,REAR END,DIVIDED - W/MEDIAN (NOT RAISED),,STRAIGHT AND LEVEL,WET,NO DEFECTS,NOT ON SCENE (DESK REPORT),NO INJURY / DRIVE AWAY,,,,"OVER $1,500",11/02/2017 08:25:00 AM,DRIVING SKILLS/KNOWLEDGE/EXPERIENCE,NOT APPLICABLE,2258,W,69TH ST,832,,,,,,,3,NO INDICATION OF INJURY,0,0,0,0,0,3,0,8,5,11,41.768472024,-87.680779009,POINT (-87.680779009038 41.768472024444)
JA495627,,11/02/2017 08:00:00 AM,30,NO CONTROLS,NO CONTROLS,CLEAR,DAYLIGHT,SIDESWIPE SAME DIRECTION,NOT DIVIDED,5,STRAIGHT AND LEVEL,DRY,NO DEFECTS,NOT ON SCENE (DESK REPORT),NO INJURY / DRIVE AWAY,,,,"OVER $1,500",11/02/2017 10:20:00 AM,IMPROPER LANE USAGE,IMPROPER LANE USAGE,1130,S,HALSTED ST,1232,,,,,,,2,NO INDICATION OF INJURY,0,0,0,0,0,3,0,8,5,11,41.867959987,-87.647067985,POINT (-87.647067984765 41.867959987356)