RD_NO,CRASH_DATE_EST_I,CRASH_DATE,POSTED_SPEED_LIMIT,TRAFFIC_CONTROL_DEVICE,DEVICE_CONDITION,WEATHER_CONDITION,LIGHTING_CONDITION,FIRST_CRASH_TYPE,TRAFFICWAY_TYPE,LANE_CNT,ALIGNMENT,ROADWAY_SURFACE_COND,ROAD_DEFECT,REPORT_TYPE,CRASH_TYPE,INTERSECTION_RELATED_I,NOT_RIGHT_OF_WAY_I,HIT_AND_RUN_I,DAMAGE,DATE_POLICE_NOTIFIED,PRIM_CONTRIBUTORY_CAUSE,SEC_CONTRIBUTORY_CAUSE,STREET_NO,STREET_DIRECTION,STREET_NAME,BEAT_OF_OCCURRENCE,PHOTOS_TAKEN_I,STATEMENTS_TAKEN_I,DOORING_I,WORK_ZONE_I,WORK_ZONE_TYPE,WORKERS_PRESENT_I,NUM_UNITS,MOST_SEVERE_INJURY,INJURIES_TOTAL,INJURIES_FATAL,INJURIES_INCAPACITATING,INJURIES_NON_INCAPACITATING,INJURIES_REPORTED_NOT_EVIDENT,INJURIES_NO_INDICATION,INJURIES_UNKNOWN,CRASH_HOUR,CRASH_DAY_OF_WEEK,CRASH_MONTH,LATITUDE,LONGITUDE,LOCATION
JA495505,,11/02/2017 08:01:00 AM,30,TRAFFIC SIGNAL,FUNCTIONING PROPERLY,CLOUDY/OVERCAST,DAYLIGHT,REAR END,DIVIDED - W/MEDIAN (NOT RAISED),4,STRAIGHT AND LEVEL,WET,NO DEFECTS,ON SCENE,INJURY AND / OR TOW DUE TO CRASH,Y,,,"OVER $1,500",11/02/2017 08:05:00 AM,FOLLOWING TOO CLOSELY,FAILING TO REDUCE SPEED TO AVOID CRASH,949,N,WESTERN AVE,1212,,,,,,,3,NO INDICATION OF INJURY,0,0,0,0,0,3,0,8,5,11,41.899021069,-87.686779275,POINT (-87.686779275201 41.899021069348)
JA495578,,11/02/2017 08:10:00 AM,30,TRAFFIC SIGNAL,FUNCTIONING PROPERLY,CLOUDY/OVERCAST,DAYLIGHT,REAR END,DIVIDED - W/MEDIAN (NOT RAISED),2,STRAIGHT AND LEVEL,WET,NO DEFECTS,ON SCENE,INJURY AND / OR TOW DUE TO CRASH,Y,,,"OVER $1,500",11/02/2017 09:15:00 AM,FAILING TO REDUCE SPEED TO AVOID CRASH,FOLLOWING TOO CLOSELY,1835,W,HARRISON ST,1231,,,,,,,2,NO INDICATION OF INJURY,0,0,0,0,0,2,0,8,5,11,41.873987953,-87.672997409,POINT (-87.672997409337 41.873987953314)
JA495541,,11/02/2017 08:10:00 AM,30,TRAFFIC SIGNAL,FUNCTIONING PROPERLY,CLEAR,DAYLIGHT,TURNING,DIVIDED - W/MEDIAN (NOT RAISED),2,STRAIGHT AND LEVEL,WET,NO DEFECTS,NOT ON SCENE (DESK REPORT),NO INJURY / DRIVE AWAY,,,,"OVER $1,500",11/02/2017 09:20:00 AM,IMPROPER OVERTAKING/PASSING,IMPROPER OVERTAKING/PASSING,1601,W,42ND ST,924,,,,,,,2,NO INDICATION OF INJURY,0,0,0,0,0,2,0,8,5,11,41.817599115,-87.665244627,POINT (-87.665244626858 41.81759911478)
JA495485,,11/02/2017 08:10:00 AM,30,TRAFFIC SIGNAL,FUNCTIONING PROPERLY,RAIN,DAYLIGHT,SIDESWIPE SAME DIRECTION,ONE-WAY,2,STRAIGHT AND LEVEL,WET,NO DEFECTS,ON SCENE,INJURY AND / OR TOW DUE TO CRASH,,,,"OVER $1,500",11/02/2017 08:15:00 AM,WEATHER,IMPROPER LANE USAGE,240,W,WASHINGTON ST,122,,,,,,,2,NO INDICATION OF INJURY,0,0,0,0,0,2,0,8,5,11,41.883316484,-87.635047072,POINT (-87.63504707246 41.883316483935)
JA495507,,11/02/2017 08:12:00 AM,30,STOP SIGN/FLASHER,FUNCTIONING PROPERLY,CLOUDY/OVERCAST,DAYLIGHT,TURNING,NOT DIVIDED,,STRAIGHT AND LEVEL,WET,NO DEFECTS,ON SCENE,NO INJURY / DRIVE AWAY,Y,,,"$501 - $1,500",11/02/2017 09:00:00 AM,UNABLE TO DETERMINE,NOT APPLICABLE,3129,N,NARRAGANSETT AVE,2511,,,,,,,2,NO INDICATION OF INJURY,0,0,0,0,0,2,0,8,5,11,41.937361349,-87.785753432,POINT (-87.785753431932 41.937361348682)
JA495633,Y,11/02/2017 08:15:00 AM,15,NO CONTROLS,NO CONTROLS,UNKNOWN,UNKNOWN,FIXED OBJECT,PARKING LOT,,STRAIGHT AND LEVEL,UNKNOWN,NO DEFECTS,ON SCENE,NO INJURY / DRIVE AWAY,,Y,Y,$500 OR LESS,11/02/2017 10:00:00 AM,UNABLE TO DETERMINE,UNABLE TO DETERMINE,11159,S,KEDZIE AVE,2211,,,,,,,1,NO INDICATION OF INJURY,0,0,0,0,0,1,0,8,5,11,41.6898382,-87.700613341,POINT (-87.700613340727 41.689838199698)
JA495551,,11/02/2017 08:20:00 AM,35,NO CONTROLS,NO CONTROLS,CLEAR,DAYLIGHT,HEAD ON,DIVIDED - W/MEDIAN (NOT RAISED),2,STRAIGHT AND LEVEL,DRY,NO DEFECTS,NOT ON SCENE (DESK REPORT),NO INJURY / DRIVE AWAY,,,,"OVER $1,500",11/02/2017 09:20:00 AM,NOT APPLICABLE,NOT APPLICABLE,1215,S,WABASH AVE,131,,,,,,,2,NO INDICATION OF INJURY,0,0,0,0,0,2,0,8,5,11,41.86698703,-87.625672875,POINT (-87.625672874579 41.86698702961)
JA495556,,11/02/2017 08:30:00 AM,30,NO CONTROLS,NO CONTROLS,CLOUDY/OVERCAST,DAYLIGHT,SIDESWIPE OPPOSITE DIRECTION,NOT DIVIDED,2,STRAIGHT AND LEVEL,DRY,NO DEFECTS,ON SCENE,NO INJURY / DRIVE AWAY,,,,"OVER $1,500",11/02/2017 09:02:00 AM,IMPROPER OVERTAKING/PASSING,NOT APPLICABLE,1331,W,WINONA ST,2033,,,,,,,2,NO INDICATION OF INJURY,0,0,0,0,0,2,0,8,5,11,41.975260996,-87.663630103,POINT (-87.663630102963 41.975260996473)
JA495621,,11/02/2017 08:30:00 AM,30,NO CONTROLS,NO CONTROLS,CLOUDY/OVERCAST,DAYLIGHT,REAR END,NOT DIVIDED,2,STRAIGHT AND LEVEL,WET,NO DEFECTS,NOT ON SCENE (DESK REPORT),NO INJURY / DRIVE AWAY,,,,"OVER $1,500",11/02/2017 10:00:00 AM,NOT APPLICABLE,UNABLE TO DETERMINE,1620,W,83RD ST,614,,,,,,,2,NO INDICATION OF INJURY,0,0,0,0,0,2,0,8,5,11,41.743169692,-87.664155022,POINT (-87.66415502206 41.743169691911)
JA495544,,11/02/2017 08:30:00 AM,5,NO CONTROLS,NO CONTROLS,RAIN,DAYLIGHT,PARKED MOTOR VEHICLE,PARKING LOT,1,STRAIGHT AND LEVEL,WET,UNKNOWN,NOT ON SCENE (DESK REPORT),NO INJURY / DRIVE AWAY,,,Y,"$501 - $1,500",11/02/2017 09:10:00 AM,UNABLE TO DETERMINE,UNABLE TO DETERMINE,1938,W,PERSHING RD,912,,,,,,,2,NO INDICATION OF INJURY,0,0,0,0,0,1,0,8,5,11,41.823364238,-87.674185958,POINT (-87.674185958029 41.82336423839)
JA495540,,11/02/2017 08:35:00 AM,30,NO CONTROLS,NO CONTROLS,RAIN,DAYLIGHT,REAR END,NOT DIVIDED,,STRAIGHT AND LEVEL,WET,UNKNOWN,ON SCENE,INJURY AND / OR TOW DUE TO CRASH,,,,"$501 - $1,500",11/02/2017 08:45:00 AM,UNABLE TO DETERMINE,UNABLE TO DETERMINE,7054,W,ARCHER AVE,811,,,,,,,2,NO INDICATION OF INJURY,0,0,0,0,0,2,0,8,5,11,41.792106238,-87.798760163,POINT (-87.798760162813 41.792106237891)
JA497232,,11/02/2017 08:40:00 AM,30,NO CONTROLS,NO CONTROLS,RAIN,DAYLIGHT,TURNING,ONE-WAY,,STRAIGHT AND LEVEL,UNKNOWN,UNKNOWN,NOT ON SCENE (DESK REPORT),NO INJURY / DRIVE AWAY,Y,,Y,"OVER $1,500",11/03/2017 01:10:00 PM,UNABLE TO DETERMINE,UNABLE TO DETERMINE,199,E,GRAND AVE,1834,,,,,,,2,NO INDICATION OF INJURY,0,0,0,0,0,2,0,8,5,11,41.891649989,-87.622742265,POINT (-87.622742264997 41.891649989376)
JA495521,,11/02/2017 08:40:00 AM,30,OTHER,FUNCTIONING PROPERLY,CLOUDY/OVERCAST,DAYLIGHT,TURNING,NOT DIVIDED,,STRAIGHT AND LEVEL,WET,NO DEFECTS,ON SCENE,NO INJURY / DRIVE AWAY,Y,,,"OVER $1,500",11/02/2017 08:50:00 AM,IMPROPER OVERTAKING/PASSING,IMPROPER TURNING/NO SIGNAL,801,E,38TH ST,212,,,,,,,2,NO INDICATION OF INJURY,0,0,0,0,0,3,0,8,5,11,41.825965423,-87.607890441,POINT (-87.607890440925 41.825965423401)
JA495638,Y,11/02/2017 09:00:00 AM,30,STOP SIGN/FLASHER,FUNCTIONING PROPERLY,UNKNOWN,UNKNOWN,OTHER OBJECT,NOT DIVIDED,2,STRAIGHT AND LEVEL,WET,NO DEFECTS,ON SCENE,NO INJURY / DRIVE AWAY,,Y,Y,"$501 - $1,500",11/02/2017 09:45:00 AM,FAILING TO REDUCE SPEED TO AVOID CRASH,UNABLE TO DETERMINE,625,S,CICERO AVE,1131,,,,,,,1,NO INDICATION OF INJURY,0,0,0,0,0,1,0,9,5,11,41.872327802,-87.744791489,POINT (-87.74479148865 41.872327802265)
JA495573,,11/02/2017 09:00:00 AM,3,NO CONTROLS,NO CONTROLS,RAIN,DAYLIGHT,PEDESTRIAN,ALLEY,0,STRAIGHT AND LEVEL,WET,UNKNOWN,NOT ON SCENE (DESK REPORT),INJURY AND / OR TOW DUE TO CRASH,,,,$500 OR LESS,11/02/2017 09:15:00 AM,WEATHER,WEATHER,731,W,127TH ST,523,,,,,,,2,NONINCAPACITATING INJURY,1,0,0,1,0,1,0,9,5,11,41.663153313,-87.640154705,POINT (-87.640154705044 41.663153313101)
JA501084,,11/02/2017 09:00:00 AM,35,NO CONTROLS,NO CONTROLS,RAIN,DAYLIGHT,PARKED MOTOR VEHICLE,PARKING LOT,,STRAIGHT AND LEVEL,WET,NO DEFECTS,NOT ON SCENE (DESK REPORT),NO INJURY / DRIVE AWAY,,,,"OVER $1,500",11/06/2017 12:30:00 PM,UNABLE TO DETERMINE,NOT APPLICABLE,5160,S,PULASKI RD,815,,,,,,,2,NO INDICATION OF INJURY,0,0,0,0,0,1,0,9,5,11,41.798750257,-87.72346641,POINT (-87.723466410189 41.798750257433)
JA495587,,11/02/2017 09:00:00 AM,30,NO CONTROLS,NO CONTROLS,CLOUDY/OVERCAST,DAYLIGHT,PARKED MOTOR VEHICLE,NOT DIVIDED,,STRAIGHT AND LEVEL,WET,NO DEFECTS,ON SCENE,NO INJURY / DRIVE AWAY,,,Y,"OVER $1,500",11/02/2017 09:22:00 AM,UNABLE TO DETERMINE,UNABLE TO DETERMINE,2615,N,MOODY AVE,2512,,,,,,,2,NO INDICATION OF INJURY,0,0,0,0,0,1,0,9,5,11,41.927920452,-87.779357583,POINT (-87.779357583103 41.927920451694)
JA495554,,11/02/2017 09:05:00 AM,25,NO CONTROLS,NO CONTROLS,CLEAR,DAYLIGHT,PARKED MOTOR VEHICLE,ONE-WAY,1,STRAIGHT AND LEVEL,WET,NO DEFECTS,NOT ON SCENE (DESK REPORT),NO INJURY / DRIVE AWAY,,,,"OVER $1,500",11/02/2017 09:25:00 AM,UNABLE TO DETERMINE,NOT APPLICABLE,6963,N,BELL AVE,2411,,,,,,,2,NO INDICATION OF INJURY,0,0,0,0,0,1,0,9,5,11,42.008153007,-87.685869731,POINT (-87.685869730567 42.008153006943)
JA495702,,11/02/2017 09:08:00 AM,30,NO CONTROLS,NO CONTROLS,CLOUDY/OVERCAST,DAYLIGHT,REAR END,DIVIDED - W/MEDIAN (NOT RAISED),4,STRAIGHT ON HILLCREST,WET,NO DEFECTS,NOT ON SCENE (DESK REPORT),NO INJURY / DRIVE AWAY,,,,"$501 - $1,500",11/02/2017 11:00:00 AM,FOLLOWING TOO CLOSELY,UNABLE TO DETERMINE,15,E,83RD ST,632,,,,,,,2,NO INDICATION OF INJURY,0,0,0,0,0,2,0,9,5,11,41.743555539,-87.623684967,POINT (-87.623684966934 41.743555538938)
JA495774,,11/02/2017 09:10:00 AM,5,NO CONTROLS,NO CONTROLS,CLEAR,DAYLIGHT,PARKED MOTOR VEHICLE,PARKING LOT,,STRAIGHT AND LEVEL,DRY,NO DEFECTS,ON SCENE,NO INJURY / DRIVE AWAY,,,,$500 OR LESS,11/02/2017 11:45:00 AM,IMPROPER LANE USAGE,DRIVING ON WRONG SIDE/WRONG WAY,4300,N,NARRAGANSETT AVE,1632,,,,,,,2,NO INDICATION OF INJURY,0,0,0,0,0,1,0,9,5,11,41.958548346,-87.786918989,POINT (-87.786918988769 41.958548345645)
JA495569,,11/02/2017 09:13:00 AM,30,NO CONTROLS,NO CONTROLS,RAIN,DUSK,ANGLE,NOT DIVIDED,,STRAIGHT AND LEVEL,WET,NO DEFECTS,ON SCENE,NO INJURY / DRIVE AWAY,Y,,,"OVER $1,500",11/02/2017 09:16:00 AM,EQUIPMENT - VEHICLE CONDITION,EQUIPMENT - VEHICLE CONDITION,331,W,95TH ST,511,,,,,,,2,NO INDICATION OF INJURY,0,0,0,0,0,7,0,9,5,11,41.721498033,-87.632322432,POINT (-87.632322431889 41.721498033303)
JA495619,,11/02/2017 09:15:00 AM,0,TRAFFIC SIGNAL,FUNCTIONING PROPERLY,RAIN,DAYLIGHT,TURNING,DIVIDED - W/MEDIAN (NOT RAISED),4,STRAIGHT AND LEVEL,WET,NO DEFECTS,NOT ON SCENE (DESK REPORT),NO INJURY / DRIVE AWAY,,,Y,"OVER $1,500",11/02/2017 09:45:00 AM,UNABLE TO DETERMINE,NOT APPLICABLE,9301,S,COTTAGE GROVE AVE,633,,,,,,,2,NO INDICATION OF INJURY,0,0,0,0,0,2,0,9,5,11,41.725624783,-87.604417019,POINT (-87.604417018899 41.725624783389)
JA504845,,11/02/2017 09:15:00 AM,30,TRAFFIC SIGNAL,FUNCTIONING PROPERLY,CLEAR,DAYLIGHT,FIXED OBJECT,ONE-WAY,,STRAIGHT AND LEVEL,DRY,NO DEFECTS,ON SCENE,NO INJURY / DRIVE AWAY,,,,"OVER $1,500",11/09/2017 09:20:00 AM,DRIVING SKILLS/KNOWLEDGE/EXPERIENCE,NOT APPLICABLE,77,E,ADAMS ST,113,,,,,,,1,NO INDICATION OF INJURY,0,0,0,0,0,1,0,9,5,11,41.879436243,-87.624854359,POINT (-87.624854359052 41.87943624279)
JA495636,,11/02/2017 09:20:00 AM,20,NO CONTROLS,NO CONTROLS,CLEAR,DAYLIGHT,SIDESWIPE SAME DIRECTION,NOT DIVIDED,2,STRAIGHT AND LEVEL,DRY,NO DEFECTS,NOT ON SCENE (DESK REPORT),NO INJURY / DRIVE AWAY,,,,"OVER $1,500",11/02/2017 10:32:00 AM,IMPROPER BACKING,NOT APPLICABLE,841,W,GRACE ST,1923,,,,,,,2,NO INDICATION OF INJURY,0,0,0,0,0,3,0,9,5,11,41.951066779,-87.651226204,POINT (-87.651226203703 41.951066778561)
JA495581,,11/02/2017 09:20:00 AM,30,TRAFFIC SIGNAL,FUNCTIONING PROPERLY,RAIN,DAYLIGHT,REAR END,NOT DIVIDED,,STRAIGHT AND LEVEL,WET,NO DEFECTS,ON SCENE,NO INJURY / DRIVE AWAY,,,,"$501 - $1,500",11/02/2017 09:20:00 AM,WEATHER,NOT APPLICABLE,5699,N,NAGLE AVE,1622,,,,,,,2,NO INDICATION OF INJURY,0,0,0,0,0,2,0,9,5,11,41.984874268,-87.787555484,POINT (-87.787555484022 41.984874268025)
JA495663,,11/02/2017 09:20:00 AM,30,TRAFFIC SIGNAL,FUNCTIONING PROPERLY,CLEAR,DAYLIGHT,SIDESWIPE SAME DIRECTION,DIVIDED - W/MEDIAN BARRIER,3,STRAIGHT AND LEVEL,DRY,NO DEFECTS,ON SCENE,NO INJURY / DRIVE AWAY,,,,"OVER $1,500",11/02/2017 09:30:00 AM,FAILING TO YIELD RIGHT-OF-WAY,FAILING TO YIELD RIGHT-OF-WAY,338,S,WESTERN AVE,1125,Y,Y,,,,,5,NO INDICATION OF INJURY,0,0,0,0,0,6,0,9,5,11,41.876333522,-87.686427245,POINT (-87.686427245284 41.876333522472)
JA495661,,11/02/2017 09:25:00 AM,30,STOP SIGN/FLASHER,FUNCTIONING PROPERLY,RAIN,DAYLIGHT,ANGLE,ONE-WAY,,STRAIGHT AND LEVEL,WET,NO DEFECTS,ON SCENE,NO INJURY / DRIVE AWAY,Y,,,"$501 - $1,500",11/02/2017 10:30:00 AM,FAILING TO YIELD RIGHT-OF-WAY,NOT APPLICABLE,530,N,LAKE SHORE DR NB,1834,,,,,,,2,NO INDICATION OF INJURY,0,0,0,0,0,2,0,9,5,11,41.891930559,-87.614069912,POINT (-87.614069912152 41.891930558551)
JA495686,,11/02/2017 09:28:00 AM,30,NO CONTROLS,NO CONTROLS,CLEAR,DAYLIGHT,PARKED MOTOR VEHICLE,DIVIDED - W/MEDIAN BARRIER,6,STRAIGHT AND LEVEL,WET,NO DEFECTS,NOT ON SCENE (DESK REPORT),NO INJURY / DRIVE AWAY,,,Y,$500 OR LESS,11/02/2017 11:10:00 AM,UNABLE TO DETERMINE,NOT APPLICABLE,5534,S,LAKE PARK AVE,235,,,,,,,2,NO INDICATION OF INJURY,0,0,0,0,0,1,0,9,5,11,41.794147387,-87.587909387,POINT (-87.587909386674 41.794147386897)
JA495626,,11/02/2017 09:30:00 AM,30,NO CONTROLS,NO CONTROLS,RAIN,DAYLIGHT,SIDESWIPE SAME DIRECTION,ONE-WAY,3,STRAIGHT AND LEVEL,WET,NO DEFECTS,ON SCENE,NO INJURY / DRIVE AWAY,,,,"OVER $1,500",11/02/2017 10:00:00 AM,IMPROPER BACKING,WEATHER,224,S,CANAL ST,121,,,,,,,2,NO INDICATION OF INJURY,0,0,0,0,0,2,0,9,5,11,41.878562415,-87.639722232,POINT (-87.639722231725 41.87856241524)
JA495584,,11/02/2017 09:30:00 AM,30,TRAFFIC SIGNAL,FUNCTIONING PROPERLY,CLEAR,DAYLIGHT,TURNING,NOT DIVIDED,2,STRAIGHT AND LEVEL,DRY,NO DEFECTS,NOT ON SCENE (DESK REPORT),NO INJURY / DRIVE AWAY,Y,,,"OVER $1,500",11/02/2017 09:42:00 AM,DISREGARDING ROAD MARKINGS,NOT APPLICABLE,5681,N,RIDGE AVE,2013,,,,,,,2,NO INDICATION OF INJURY,0,0,0,0,0,3,0,9,5,11,41.985300958,-87.662572624,POINT (-87.662572623765 41.985300958402)
JA495600,,11/02/2017 09:35:00 AM,30,NO CONTROLS,NO CONTROLS,OTHER,DAYLIGHT,SIDESWIPE SAME DIRECTION,DIVIDED - W/MEDIAN BARRIER,4,STRAIGHT AND LEVEL,WET,NO DEFECTS,ON SCENE,NO INJURY / DRIVE AWAY,,,,"$501 - $1,500",11/02/2017 09:37:00 AM,FAILING TO YIELD RIGHT-OF-WAY,IMPROPER LANE USAGE,223,W,CERMAK RD,914,,,,,,,2,NO INDICATION OF INJURY,0,0,0,0,0,2,0,9,5,11,41.852728831,-87.632964438,POINT (-87.632964437712 41.852728831254)
JA495994,Y,11/02/2017 09:35:00 AM,30,TRAFFIC SIGNAL,FUNCTIONING PROPERLY,RAIN,DAYLIGHT,SIDESWIPE SAME DIRECTION,NOT DIVIDED,2,STRAIGHT AND LEVEL,WET,NO DEFECTS,NOT ON SCENE (DESK REPORT),NO INJURY / DRIVE AWAY,,,,"OVER $1,500",11/02/2017 02:36:00 PM,IMPROPER OVERTAKING/PASSING,NOT APPLICABLE,500,N,MC CLURG CT,1834,,,,,,,2,NO INDICATION OF INJURY,0,0,0,0,0,2,0,9,5,11,41.891088252,-87.617817089,POINT (-87.617817088506 41.891088251976)
JA495808,,11/02/2017 09:40:00 AM,30,NO CONTROLS,NO CONTROLS,RAIN,DAYLIGHT,REAR END,NOT DIVIDED,2,STRAIGHT AND LEVEL,WET,UNKNOWN,NOT ON SCENE (DESK REPORT),NO INJURY / DRIVE AWAY,,,,"$501 - $1,500",11/02/2017 12:00:00 PM,UNABLE TO DETERMINE,UNABLE TO DETERMINE,3977,W,COLUMBUS AVE,834,,,,,,,2,NO INDICATION OF INJURY,0,0,0,0,0,2,0,9,5,11,41.735852236,-87.720945711,POINT (-87.720945711007 41.73585223622)
JA495603,,11/02/2017 09:45:00 AM,30,NO CONTROLS,NO CONTROLS,RAIN,DAYLIGHT,SIDESWIPE SAME DIRECTION,ONE-WAY,1,STRAIGHT AND LEVEL,WET,WORN SURFACE,ON SCENE,NO INJURY / DRIVE AWAY,,,,"$501 - $1,500",11/02/2017 09:47:00 AM,WEATHER,WEATHER,5150,S,LA CROSSE AVE,814,,,,,,,2,NO INDICATION OF INJURY,0,0,0,0,0,2,0,9,5,11,41.798746932,-87.744290436,POINT (-87.744290436185 41.798746931819)
JA495608,,11/02/2017 09:46:00 AM,30,TRAFFIC SIGNAL,FUNCTIONING PROPERLY,RAIN,DAYLIGHT,TURNING,DIVIDED - W/MEDIAN BARRIER,,STRAIGHT AND LEVEL,WET,UNKNOWN,ON SCENE,INJURY AND / OR TOW DUE TO CRASH,,,,"OVER $1,500",11/02/2017 09:46:00 AM,FAILING TO YIELD RIGHT-OF-WAY,WEATHER,4800,W,47TH ST,814,,,,,,,2,NO INDICATION OF INJURY,0,0,0,0,0,2,0,9,5,11,41.807727017,-87.743229366,POINT (-87.743229365663 41.807727016772)
JA495609,,11/02/2017 09:48:00 AM,30,NO CONTROLS,NO CONTROLS,CLEAR,DAYLIGHT,FIXED OBJECT,OTHER,2,STRAIGHT AND LEVEL,WET,NO DEFECTS,ON SCENE,INJURY AND / OR TOW DUE TO CRASH,,,,"OVER $1,500",11/02/2017 09:51:00 AM,EXCEEDING SAFE SPEED FOR CONDITIONS,DRIVING SKILLS/KNOWLEDGE/EXPERIENCE,6721,S,DR MARTIN LUTHER KING JR DR,322,,,,,,,1,NO INDICATION OF INJURY,0,0,0,0,0,1,0,9,5,11,41.772370175,-87.615289139,POINT (-87.61528913891 41.772370174983)
JA496250,,11/02/2017 10:00:00 AM,10,NO CONTROLS,NO CONTROLS,CLEAR,DAYLIGHT,PARKED MOTOR VEHICLE,PARKING LOT,1,STRAIGHT AND LEVEL,DRY,UNKNOWN,NOT ON SCENE (DESK REPORT),NO INJURY / DRIVE AWAY,,,,$500 OR LESS,11/02/2017 05:30:00 PM,UNABLE TO DETERMINE,UNABLE TO DETERMINE,133,E,OHIO ST,1834,,,,,,,2,NO INDICATION OF INJURY,0,0,0,0,0,1,0,10,5,11,41.892445015,-87.624238026,POINT (-87.624238026414 41.892445014605)
JA495684,,11/02/2017 10:10:00 AM,30,NO CONTROLS,NO CONTROLS,CLOUDY/OVERCAST,DAYLIGHT,REAR END,DIVIDED - W/MEDIAN (NOT RAISED),2,STRAIGHT AND LEVEL,WET,NO DEFECTS,ON SCENE,NO INJURY / DRIVE AWAY,Y,,,"OVER $1,500",11/02/2017 10:15:00 AM,FOLLOWING TOO CLOSELY,FAILING TO REDUCE SPEED TO AVOID CRASH,600,N,HALSTED ST,1214,,,,,,,2,NO INDICATION OF INJURY,0,0,0,0,0,2,0,10,5,11,41.892365986,-87.647752824,POINT (-87.647752824195 41.892365986173)
JA495652,,11/02/2017 10:10:00 AM,30,TRAFFIC SIGNAL,FUNCTIONING PROPERLY,FOG/SMOKE/HAZE,DAYLIGHT,REAR END,DIVIDED - W/MEDIAN (NOT RAISED),4,STRAIGHT AND LEVEL,WET,NO DEFECTS,ON SCENE,NO INJURY / DRIVE AWAY,,,Y,"$501 - $1,500",11/02/2017 10:15:00 AM,FOLLOWING TOO CLOSELY,UNABLE TO DETERMINE,430,S,MICHIGAN AVE,113,,,,,,,2,NO INDICATION OF INJURY,0,0,0,0,0,3,0,10,5,11,41.876248128,-87.624419185,POINT (-87.624419184591 41.876248128036)
JA495617,,11/02/2017 10:10:00 AM,20,STOP SIGN/FLASHER,FUNCTIONING PROPERLY,CLEAR,DAYLIGHT,TURNING,NOT DIVIDED,2,STRAIGHT AND LEVEL,WET,NO DEFECTS,ON SCENE,NO INJURY / DRIVE AWAY,,,,$500 OR LESS,11/02/2017 10:10:00 AM,UNABLE TO DETERMINE,NOT APPLICABLE,3700,N,SAWYER AVE,1733,,,,,,,2,NO INDICATION OF INJURY,0,0,0,0,0,2,0,10,5,11,41.948528557,-87.709242524,POINT (-87.709242524241 41.948528557047)
JA495949,,11/02/2017 10:15:00 AM,20,NO CONTROLS,NO CONTROLS,CLOUDY/OVERCAST,DAYLIGHT,SIDESWIPE OPPOSITE DIRECTION,NOT DIVIDED,2,STRAIGHT AND LEVEL,WET,NO DEFECTS,NOT ON SCENE (DESK REPORT),NO INJURY / DRIVE AWAY,,,,"$501 - $1,500",11/02/2017 02:00:00 PM,IMPROPER LANE USAGE,NOT APPLICABLE,3350,W,MONROE ST,1124,,,,,,,2,NO INDICATION OF INJURY,0,0,0,0,0,5,0,10,5,11,41.879709576,-87.710406368,POINT (-87.710406368231 41.879709575607)
JA496346,,11/02/2017 10:15:00 AM,20,NO CONTROLS,NO CONTROLS,CLEAR,DAYLIGHT,SIDESWIPE SAME DIRECTION,NOT DIVIDED,2,STRAIGHT AND LEVEL,DRY,UNKNOWN,NOT ON SCENE (DESK REPORT),NO INJURY / DRIVE AWAY,,,,"$501 - $1,500",11/02/2017 06:30:00 PM,UNABLE TO DETERMINE,UNABLE TO DETERMINE,2300,N,RACINE AVE,1811,,,,,,,2,NO INDICATION OF INJURY,0,0,0,0,0,2,0,10,5,11,41.923519737,-87.658542668,POINT (-87.658542668285 41.92351973721)
JA495744,,11/02/2017 10:18:00 AM,30,NO CONTROLS,NO CONTROLS,CLOUDY/OVERCAST,DAYLIGHT,PARKED MOTOR VEHICLE,ONE-WAY,2,STRAIGHT AND LEVEL,WET,NO DEFECTS,ON SCENE,INJURY AND / OR TOW DUE TO CRASH,,,,"OVER $1,500",11/02/2017 10:25:00 AM,IMPROPER TURNING/NO SIGNAL,FAILING TO REDUCE SPEED TO AVOID CRASH,1211,W,JACKSON BLVD,1231,,,,,,,2,NO INDICATION OF INJURY,0,0,0,0,0,1,0,10,5,11,41.877673502,-87.657515364,POINT (-87.657515363866 41.877673502032)
JA495665,,11/02/2017 10:20:00 AM,30,TRAFFIC SIGNAL,FUNCTIONING PROPERLY,CLEAR,DAYLIGHT,ANGLE,OTHER,3,STRAIGHT ON HILLCREST,WET,WORN SURFACE,ON SCENE,INJURY AND / OR TOW DUE TO CRASH,Y,,,"OVER $1,500",11/02/2017 10:35:00 AM,ROAD CONSTRUCTION/MAINTENANCE,NOT APPLICABLE,11500,S,MARSHFIELD AVE,2234,,,,Y,CONSTRUCTION,Y,2,NO INDICATION OF INJURY,0,0,0,0,0,2,0,10,5,11,41.684708763,-87.662855758,POINT (-87.662855757575 41.684708762863)