RD_NO,CRASH_DATE_EST_I,CRASH_DATE,POSTED_SPEED_LIMIT,TRAFFIC_CONTROL_DEVICE,DEVICE_CONDITION,WEATHER_CONDITION,LIGHTING_CONDITION,FIRST_CRASH_TYPE,TRAFFICWAY_TYPE,LANE_CNT,ALIGNMENT,ROADWAY_SURFACE_COND,ROAD_DEFECT,REPORT_TYPE,CRASH_TYPE,INTERSECTION_RELATED_I,NOT_RIGHT_OF_WAY_I,HIT_AND_RUN_I,DAMAGE,DATE_POLICE_NOTIFIED,PRIM_CONTRIBUTORY_CAUSE,SEC_CONTRIBUTORY_CAUSE,STREET_NO,STREET_DIRECTION,STREET_NAME,BEAT_OF_OCCURRENCE,PHOTOS_TAKEN_I,STATEMENTS_TAKEN_I,DOORING_I,WORK_ZONE_I,WORK_ZONE_TYPE,WORKERS_PRESENT_I,NUM_UNITS,MOST_SEVERE_INJURY,INJURIES_TOTAL,INJURIES_FATAL,INJURIES_INCAPACITATING,INJURIES_NON_INCAPACITATING,INJURIES_REPORTED_NOT_EVIDENT,INJURIES_NO_INDICATION,INJURIES_UNKNOWN,CRASH_HOUR,CRASH_DAY_OF_WEEK,CRASH_MONTH,LATITUDE,LONGITUDE,LOCATION
JA495723,,11/02/2017 10:25:00 AM,30,TRAFFIC SIGNAL,FUNCTIONING PROPERLY,CLOUDY/OVERCAST,DAYLIGHT,SIDESWIPE SAME DIRECTION,NOT DIVIDED,2,STRAIGHT AND LEVEL,DRY,NO DEFECTS,NOT ON SCENE (DESK REPORT),NO INJURY / DRIVE AWAY,Y,,,"OVER $1,500",11/02/2017 10:40:00 AM,UNABLE TO DETERMINE,UNABLE TO DETERMINE,2001,W,HARRISON ST,1225,,,,,,,2,NO INDICATION OF INJURY,0,0,0,0,0,2,0,10,5,11,41.873931754,-87.676511652,POINT (-87.676511651553 41.873931753618)
JA495679,,11/02/2017 10:30:00 AM,30,TRAFFIC SIGNAL,FUNCTIONING PROPERLY,CLOUDY/OVERCAST,DAYLIGHT,REAR END,NOT DIVIDED,4,STRAIGHT AND LEVEL,DRY,NO DEFECTS,NOT ON SCENE (DESK REPORT),NO INJURY / DRIVE AWAY,Y,,,"OVER $1,500",11/02/2017 11:06:00 AM,IMPROPER OVERTAKING/PASSING,DRIVING SKILLS/KNOWLEDGE/EXPERIENCE,1601,W,DIVERSEY PKWY,1931,,,,,,,2,NO INDICATION OF INJURY,0,0,0,0,0,2,0,10,5,11,41.932293057,-87.668452571,POINT (-87.668452571378 41.932293057228)
JA495657,,11/02/2017 10:30:00 AM,30,TRAFFIC SIGNAL,FUNCTIONING PROPERLY,CLEAR,DAYLIGHT,REAR END,DIVIDED - W/MEDIAN (NOT RAISED),4,STRAIGHT AND LEVEL,WET,NO DEFECTS,NOT ON SCENE (DESK REPORT),NO INJURY / DRIVE AWAY,,,,"$501 - $1,500",11/02/2017 10:47:00 AM,FOLLOWING TOO CLOSELY,UNABLE TO DETERMINE,3800,W,OGDEN AVE,1014,,,,,,,2,NO INDICATION OF INJURY,0,0,0,0,0,3,0,10,5,11,41.85295257,-87.720008461,POINT (-87.720008461242 41.852952570147)
JA495706,,11/02/2017 10:30:00 AM,30,TRAFFIC SIGNAL,FUNCTIONING PROPERLY,CLEAR,DAYLIGHT,SIDESWIPE SAME DIRECTION,ONE-WAY,,STRAIGHT AND LEVEL,WET,NO DEFECTS,NOT ON SCENE (DESK REPORT),NO INJURY / DRIVE AWAY,,,,"OVER $1,500",11/02/2017 11:26:00 AM,NOT APPLICABLE,NOT APPLICABLE,150,N,JEFFERSON ST,121,,,,,,,2,NO INDICATION OF INJURY,0,0,0,0,0,3,0,10,5,11,41.884621528,-87.642885583,POINT (-87.642885583026 41.884621527834)
JA495593,,11/02/2017 10:35:00 AM,30,TRAFFIC SIGNAL,FUNCTIONING PROPERLY,CLOUDY/OVERCAST,DAYLIGHT,TURNING,DIVIDED - W/MEDIAN BARRIER,2,STRAIGHT AND LEVEL,DRY,NO DEFECTS,NOT ON SCENE (DESK REPORT),NO INJURY / DRIVE AWAY,Y,,,"OVER $1,500",11/02/2017 11:00:00 AM,IMPROPER LANE USAGE,NOT APPLICABLE,300,S,MICHIGAN AVE,113,,,,,,,2,NO INDICATION OF INJURY,0,0,0,0,0,2,0,10,5,11,41.878217345,-87.62445584,POINT (-87.624455840297 41.878217345311)
JA495650,,11/02/2017 10:35:00 AM,30,NO CONTROLS,NO CONTROLS,CLOUDY/OVERCAST,DAYLIGHT,PARKED MOTOR VEHICLE,ONE-WAY,2,STRAIGHT AND LEVEL,WET,NO DEFECTS,ON SCENE,NO INJURY / DRIVE AWAY,,,,$500 OR LESS,11/02/2017 10:40:00 AM,IMPROPER LANE USAGE,IMPROPER OVERTAKING/PASSING,220,S,CLINTON ST,121,,,,,,,2,NO INDICATION OF INJURY,0,0,0,0,0,1,0,10,5,11,41.8786885,-87.641241121,POINT (-87.641241121207 41.878688499939)
JA495898,Y,11/02/2017 10:35:00 AM,30,NO CONTROLS,NO CONTROLS,CLEAR,DAYLIGHT,PARKED MOTOR VEHICLE,ONE-WAY,,STRAIGHT AND LEVEL,DRY,NO DEFECTS,NOT ON SCENE (DESK REPORT),NO INJURY / DRIVE AWAY,,,Y,"OVER $1,500",11/02/2017 01:20:00 PM,UNABLE TO DETERMINE,UNABLE TO DETERMINE,1200,W,ELMDALE AVE,2433,,,,,,,2,NO INDICATION OF INJURY,0,0,0,0,0,1,0,10,5,11,41.99102554,-87.66036003,POINT (-87.660360029798 41.991025539536)
JA495760,,11/02/2017 10:36:00 AM,15,NO CONTROLS,NO CONTROLS,CLOUDY/OVERCAST,DAYLIGHT,PARKED MOTOR VEHICLE,ONE-WAY,1,STRAIGHT AND LEVEL,UNKNOWN,NO DEFECTS,NOT ON SCENE (DESK REPORT),NO INJURY / DRIVE AWAY,,,Y,"OVER $1,500",11/02/2017 11:50:00 AM,UNABLE TO DETERMINE,UNABLE TO DETERMINE,8136,S,ELIZABETH ST,613,,,,,,,2,NO INDICATION OF INJURY,0,0,0,0,0,1,0,10,5,11,41.745729365,-87.654969131,POINT (-87.654969131136 41.745729364942)
JA495676,,11/02/2017 10:40:00 AM,15,NO CONTROLS,NO CONTROLS,CLEAR,DAYLIGHT,HEAD ON,PARKING LOT,,STRAIGHT AND LEVEL,WET,NO DEFECTS,ON SCENE,NO INJURY / DRIVE AWAY,,Y,,"OVER $1,500",11/02/2017 10:44:00 AM,IMPROPER BACKING,NOT APPLICABLE,10633,S,WESTERN AVE,2212,,,,,,,2,NO INDICATION OF INJURY,0,0,0,0,0,2,0,10,5,11,41.699910143,-87.681267567,POINT (-87.681267567371 41.699910143372)
JA495991,,11/02/2017 10:45:00 AM,25,NO CONTROLS,NO CONTROLS,RAIN,DAYLIGHT,REAR END,DIVIDED - W/MEDIAN (NOT RAISED),4,STRAIGHT AND LEVEL,WET,NO DEFECTS,NOT ON SCENE (DESK REPORT),NO INJURY / DRIVE AWAY,,,,"$501 - $1,500",11/02/2017 02:31:00 PM,UNABLE TO DETERMINE,UNABLE TO DETERMINE,5900,S,WESTERN AVE,824,,,,,,,2,NO INDICATION OF INJURY,0,0,0,0,0,2,0,10,5,11,41.786437175,-87.683975246,POINT (-87.683975246481 41.786437174774)
JA495694,,11/02/2017 10:45:00 AM,30,NO CONTROLS,NO CONTROLS,CLEAR,DAYLIGHT,SIDESWIPE SAME DIRECTION,NOT DIVIDED,2,STRAIGHT AND LEVEL,WET,NO DEFECTS,NOT ON SCENE (DESK REPORT),NO INJURY / DRIVE AWAY,,,Y,"$501 - $1,500",11/02/2017 11:16:00 AM,UNABLE TO DETERMINE,UNABLE TO DETERMINE,5207,N,CLARK ST,2013,,,,,,,2,NO INDICATION OF INJURY,0,0,0,0,0,2,0,10,5,11,41.97643833,-87.668269791,POINT (-87.668269791011 41.976438329997)
JA497410,,11/02/2017 10:51:00 AM,30,NO CONTROLS,NO CONTROLS,CLEAR,DAYLIGHT,PARKED MOTOR VEHICLE,NOT DIVIDED,2,STRAIGHT AND LEVEL,DRY,NO DEFECTS,,NO INJURY / DRIVE AWAY,,,Y,"$501 - $1,500",11/03/2017 03:20:00 PM,UNABLE TO DETERMINE,NOT APPLICABLE,834,S,MILLER ST,1232,,,,,,,2,NO INDICATION OF INJURY,0,0,0,0,0,1,0,10,5,11,41.870865618,-87.652402895,POINT (-87.652402894725 41.870865617654)
JA495730,,11/02/2017 11:00:00 AM,25,NO CONTROLS,NO CONTROLS,CLEAR,DAYLIGHT,SIDESWIPE SAME DIRECTION,ONE-WAY,,STRAIGHT AND LEVEL,DRY,NO DEFECTS,NOT ON SCENE (DESK REPORT),NO INJURY / DRIVE AWAY,,,,"$501 - $1,500",11/02/2017 11:30:00 AM,FAILING TO YIELD RIGHT-OF-WAY,UNABLE TO DETERMINE,119,W,RANDOLPH ST,122,,,,,,,2,NO INDICATION OF INJURY,0,0,0,0,0,3,0,11,5,11,41.884365354,-87.631515474,POINT (-87.631515473867 41.88436535429)
JA495703,,11/02/2017 11:00:00 AM,30,TRAFFIC SIGNAL,UNKNOWN,CLOUDY/OVERCAST,DAYLIGHT,TURNING,DIVIDED - W/MEDIAN (NOT RAISED),4,STRAIGHT AND LEVEL,WET,UNKNOWN,ON SCENE,INJURY AND / OR TOW DUE TO CRASH,Y,,,"OVER $1,500",11/02/2017 11:15:00 AM,UNABLE TO DETERMINE,UNABLE TO DETERMINE,6958,W,ARCHER AVE,811,,,,,,,2,NONINCAPACITATING INJURY,2,0,0,2,0,0,0,11,5,11,41.792173895,-87.796400628,POINT (-87.79640062832 41.792173895184)
JA495713,,11/02/2017 11:00:00 AM,30,NO CONTROLS,NO CONTROLS,CLOUDY/OVERCAST,DAYLIGHT,FIXED OBJECT,ALLEY,,STRAIGHT AND LEVEL,WET,NO DEFECTS,ON SCENE,NO INJURY / DRIVE AWAY,,Y,,$500 OR LESS,11/02/2017 11:05:00 AM,IMPROPER BACKING,IMPROPER BACKING,1116,W,95TH ST,2222,,,,,,,1,NO INDICATION OF INJURY,0,0,0,0,0,1,0,11,5,11,41.721468261,-87.651408372,POINT (-87.651408372391 41.721468260646)
JA495705,,11/02/2017 11:01:00 AM,25,NO CONTROLS,NO CONTROLS,RAIN,DAYLIGHT,PARKED MOTOR VEHICLE,ONE-WAY,1,STRAIGHT AND LEVEL,WET,WORN SURFACE,ON SCENE,NO INJURY / DRIVE AWAY,,,,"OVER $1,500",11/02/2017 11:01:00 AM,DRIVING SKILLS/KNOWLEDGE/EXPERIENCE,NOT APPLICABLE,6402,S,JUSTINE ST,725,,,,,,,3,NO INDICATION OF INJURY,0,0,0,0,0,1,0,11,5,11,41.777522799,-87.663081324,POINT (-87.663081323932 41.777522798609)
JA495697,,11/02/2017 11:06:00 AM,30,NO CONTROLS,NO CONTROLS,RAIN,DUSK,REAR END,NOT DIVIDED,,STRAIGHT AND LEVEL,WET,NO DEFECTS,ON SCENE,NO INJURY / DRIVE AWAY,,,,"OVER $1,500",11/02/2017 11:10:00 AM,IMPROPER BACKING,IMPROPER BACKING,1031,E,103RD ST,512,,,,,,,2,NO INDICATION OF INJURY,0,0,0,0,0,2,0,11,5,11,41.707467519,-87.598265986,POINT (-87.598265986413 41.70746751861)
JA495700,,11/02/2017 11:08:00 AM,30,TRAFFIC SIGNAL,FUNCTIONING PROPERLY,CLOUDY/OVERCAST,DAYLIGHT,SIDESWIPE SAME DIRECTION,ONE-WAY,2,STRAIGHT AND LEVEL,WET,NO DEFECTS,ON SCENE,NO INJURY / DRIVE AWAY,Y,,,"OVER $1,500",11/02/2017 11:08:00 AM,IMPROPER OVERTAKING/PASSING,FAILING TO REDUCE SPEED TO AVOID CRASH,3369,W,CONGRESS PKWY,1134,,,,,,,2,NO INDICATION OF INJURY,0,0,0,0,0,2,0,11,5,11,41.874434778,-87.710765075,POINT (-87.710765075441 41.874434778336)
JA495704,,11/02/2017 11:10:00 AM,30,NO CONTROLS,NO CONTROLS,CLEAR,DAYLIGHT,ANGLE,OTHER,,STRAIGHT AND LEVEL,DRY,NO DEFECTS,,INJURY AND / OR TOW DUE TO CRASH,,,,"OVER $1,500",11/02/2017 11:12:00 AM,FAILING TO YIELD RIGHT-OF-WAY,NOT APPLICABLE,3136,W,NORTH AVE,1421,,,,,,,2,NONINCAPACITATING INJURY,1,0,0,1,0,1,0,11,5,11,41.910232361,-87.705979684,POINT (-87.705979683976 41.910232360946)
JA495775,,11/02/2017 11:30:00 AM,30,TRAFFIC SIGNAL,UNKNOWN,CLEAR,DAYLIGHT,SIDESWIPE SAME DIRECTION,DIVIDED - W/MEDIAN (NOT RAISED),4,STRAIGHT AND LEVEL,DRY,NO DEFECTS,ON SCENE,NO INJURY / DRIVE AWAY,,,Y,"OVER $1,500",11/02/2017 11:47:00 AM,IMPROPER OVERTAKING/PASSING,UNABLE TO DETERMINE,2911,N,CALIFORNIA AVE,1411,,,,,,,2,NO INDICATION OF INJURY,0,0,0,0,0,2,0,11,5,11,41.934227073,-87.697535511,POINT (-87.697535511048 41.934227073428)
JA495751,,11/02/2017 11:30:00 AM,40,TRAFFIC SIGNAL,FUNCTIONING PROPERLY,CLOUDY/OVERCAST,DAYLIGHT,REAR END,DIVIDED - W/MEDIAN BARRIER,,STRAIGHT AND LEVEL,WET,NO DEFECTS,ON SCENE,NO INJURY / DRIVE AWAY,,,,$500 OR LESS,11/02/2017 11:35:00 AM,FOLLOWING TOO CLOSELY,NOT APPLICABLE,300,S,LAKE SHORE DR NB,114,,,,,,,2,NO INDICATION OF INJURY,0,0,0,0,0,3,0,11,5,11,41.878313193,-87.617345829,POINT (-87.617345829451 41.878313193163)
JA495906,,11/02/2017 11:30:00 AM,30,YIELD,FUNCTIONING PROPERLY,CLEAR,DAYLIGHT,REAR END,DIVIDED - W/MEDIAN (NOT RAISED),2,STRAIGHT AND LEVEL,DRY,NO DEFECTS,,NO INJURY / DRIVE AWAY,,,,"$501 - $1,500",11/02/2017 01:20:00 PM,FOLLOWING TOO CLOSELY,FAILING TO REDUCE SPEED TO AVOID CRASH,4453,N,ASHLAND AVE,1912,,,,,,,2,NO INDICATION OF INJURY,0,0,0,0,0,2,0,11,5,11,41.963155624,-87.669149469,POINT (-87.669149468577 41.963155624305)
JA495748,,11/02/2017 11:40:00 AM,35,TRAFFIC SIGNAL,FUNCTIONING PROPERLY,CLEAR,DAYLIGHT,TURNING,DIVIDED - W/MEDIAN (NOT RAISED),,STRAIGHT AND LEVEL,WET,NO DEFECTS,ON SCENE,NO INJURY / DRIVE AWAY,,,,"$501 - $1,500",11/02/2017 11:42:00 AM,IMPROPER TURNING/NO SIGNAL,NOT APPLICABLE,6858,S,PULASKI RD,833,,Y,,,,,2,NO INDICATION OF INJURY,0,0,0,0,0,3,0,11,5,11,41.767778962,-87.72263315,POINT (-87.722633149647 41.767778961915)
JA495803,,11/02/2017 11:40:00 AM,5,NO CONTROLS,NO CONTROLS,CLOUDY/OVERCAST,DAYLIGHT,PARKED MOTOR VEHICLE,OTHER,,STRAIGHT AND LEVEL,DRY,NO DEFECTS,NOT ON SCENE (DESK REPORT),NO INJURY / DRIVE AWAY,,Y,Y,$500 OR LESS,11/02/2017 12:05:00 PM,UNABLE TO DETERMINE,NOT APPLICABLE,5458,S,WELLS ST,935,,,,,,,2,NO INDICATION OF INJURY,0,0,0,0,0,1,0,11,5,11,41.794560071,-87.631928475,POINT (-87.631928474832 41.794560070768)
JA495788,,11/02/2017 11:43:00 AM,30,TRAFFIC SIGNAL,FUNCTIONING PROPERLY,CLEAR,DAYLIGHT,REAR END,DIVIDED - W/MEDIAN BARRIER,,STRAIGHT AND LEVEL,DRY,NO DEFECTS,ON SCENE,INJURY AND / OR TOW DUE TO CRASH,Y,,Y,$500 OR LESS,11/02/2017 12:08:00 PM,FAILING TO YIELD RIGHT-OF-WAY,NOT APPLICABLE,777,N,MICHIGAN AVE,1833,,,,,,,2,NO INDICATION OF INJURY,0,0,0,0,0,2,0,11,5,11,41.896690187,-87.624102154,POINT (-87.624102154031 41.896690186648)
JA495789,,11/02/2017 11:45:00 AM,30,NO CONTROLS,NO CONTROLS,CLOUDY/OVERCAST,DAYLIGHT,SIDESWIPE SAME DIRECTION,DIVIDED - W/MEDIAN (NOT RAISED),,STRAIGHT AND LEVEL,DRY,NO DEFECTS,NOT ON SCENE (DESK REPORT),NO INJURY / DRIVE AWAY,,,Y,"$501 - $1,500",11/02/2017 12:10:00 PM,UNABLE TO DETERMINE,UNABLE TO DETERMINE,2901,N,CALIFORNIA AVE,1411,,,,,,,2,NO INDICATION OF INJURY,0,0,0,0,0,2,0,11,5,11,41.933967791,-87.697524743,POINT (-87.697524743465 41.933967790709)
JA495768,,11/02/2017 11:45:00 AM,30,STOP SIGN/FLASHER,FUNCTIONING PROPERLY,CLEAR,DAYLIGHT,TURNING,NOT DIVIDED,2,STRAIGHT AND LEVEL,DRY,NO DEFECTS,NOT ON SCENE (DESK REPORT),NO INJURY / DRIVE AWAY,,,Y,"OVER $1,500",11/02/2017 12:10:00 PM,FAILING TO YIELD RIGHT-OF-WAY,UNABLE TO DETERMINE,2823,W,LAWRENCE AVE,1911,,,,,,,2,NO INDICATION OF INJURY,0,0,0,0,0,2,0,11,5,11,41.96841572,-87.699711721,POINT (-87.699711720691 41.968415719601)
JA495756,,11/02/2017 11:50:00 AM,30,NO CONTROLS,NO CONTROLS,CLEAR,DAYLIGHT,SIDESWIPE SAME DIRECTION,DIVIDED - W/MEDIAN (NOT RAISED),3,STRAIGHT AND LEVEL,DRY,NO DEFECTS,ON SCENE,NO INJURY / DRIVE AWAY,,,,"OVER $1,500",11/02/2017 12:00:00 PM,FAILING TO YIELD RIGHT-OF-WAY,NOT APPLICABLE,2425,S,STATE ST,131,,,,,,,2,NO INDICATION OF INJURY,0,0,0,0,0,3,0,11,5,11,41.84851501,-87.626833215,POINT (-87.626833215229 41.848515009546)
JA495772,,11/02/2017 11:50:00 AM,30,STOP SIGN/FLASHER,FUNCTIONING PROPERLY,CLEAR,DAYLIGHT,ANGLE,NOT DIVIDED,2,STRAIGHT AND LEVEL,DRY,NO DEFECTS,NOT ON SCENE (DESK REPORT),NO INJURY / DRIVE AWAY,Y,,,"OVER $1,500",11/02/2017 12:10:00 PM,FAILING TO YIELD RIGHT-OF-WAY,NOT APPLICABLE,3132,N,DAMEN AVE,1931,,,,,,,2,NO INDICATION OF INJURY,0,0,0,0,0,2,0,11,5,11,41.93870307,-87.678476205,POINT (-87.678476204772 41.938703069972)
JA495799,,11/02/2017 11:55:00 AM,30,NO CONTROLS,NO CONTROLS,CLOUDY/OVERCAST,DAYLIGHT,PARKED MOTOR VEHICLE,OTHER,1,STRAIGHT AND LEVEL,DRY,NO DEFECTS,ON SCENE,NO INJURY / DRIVE AWAY,,N,,"OVER $1,500",11/02/2017 11:58:00 AM,DISTRACTION - FROM INSIDE VEHICLE,FAILING TO REDUCE SPEED TO AVOID CRASH,1160,W,VAN BUREN ST,1232,,,,,,,2,NO INDICATION OF INJURY,0,0,0,0,0,2,0,11,5,11,41.876629672,-87.656974862,POINT (-87.65697486226 41.876629672389)
JA495752,,11/02/2017 12:00:00 PM,20,NO CONTROLS,NO CONTROLS,CLEAR,DAYLIGHT,PARKED MOTOR VEHICLE,NOT DIVIDED,2,STRAIGHT AND LEVEL,DRY,NO DEFECTS,ON SCENE,NO INJURY / DRIVE AWAY,,,,"$501 - $1,500",11/02/2017 12:00:00 PM,DRIVING SKILLS/KNOWLEDGE/EXPERIENCE,UNABLE TO DETERMINE,6965,N,PAULINA ST,2431,,,,,,,2,NO INDICATION OF INJURY,0,0,0,0,0,1,0,12,5,11,42.008496063,-87.67207551,POINT (-87.672075509984 42.008496062634)
JA495855,,11/02/2017 12:00:00 PM,0,NO CONTROLS,NO CONTROLS,CLOUDY/OVERCAST,DAYLIGHT,PARKED MOTOR VEHICLE,PARKING LOT,0,STRAIGHT AND LEVEL,DRY,NO DEFECTS,ON SCENE,NO INJURY / DRIVE AWAY,,Y,,"OVER $1,500",11/02/2017 12:57:00 PM,UNABLE TO DETERMINE,UNABLE TO DETERMINE,4451,W,WRIGHTWOOD AVE,2524,,,,,,,2,NO INDICATION OF INJURY,0,0,0,0,0,1,0,12,5,11,41.928186072,-87.738709618,POINT (-87.7387096179 41.928186071639)
JA495782,,11/02/2017 12:00:00 PM,25,TRAFFIC SIGNAL,FUNCTIONING PROPERLY,CLOUDY/OVERCAST,DAYLIGHT,PARKED MOTOR VEHICLE,ONE-WAY,1,STRAIGHT AND LEVEL,WET,NO DEFECTS,ON SCENE,NO INJURY / DRIVE AWAY,Y,,,"$501 - $1,500",11/02/2017 12:10:00 PM,UNABLE TO DETERMINE,NOT APPLICABLE,5604,W,FULTON ST,1512,,,,,,,2,NO INDICATION OF INJURY,0,0,0,0,0,1,0,12,5,11,41.885824824,-87.765307811,POINT (-87.765307810667 41.885824823697)
JA498605,,11/02/2017 12:00:00 PM,30,NO CONTROLS,NO CONTROLS,CLOUDY/OVERCAST,DAYLIGHT,REAR END,DIVIDED - W/MEDIAN (NOT RAISED),4,STRAIGHT AND LEVEL,WET,NO DEFECTS,NOT ON SCENE (DESK REPORT),NO INJURY / DRIVE AWAY,,,,"$501 - $1,500",11/04/2017 01:00:00 PM,FOLLOWING TOO CLOSELY,NOT APPLICABLE,5757,N,SHERIDAN RD,2022,,,,,,,2,NO INDICATION OF INJURY,0,0,0,0,0,2,0,12,5,11,41.987213279,-87.655150734,POINT (-87.65515073432 41.987213278868)
JA495796,,11/02/2017 12:07:00 PM,30,STOP SIGN/FLASHER,FUNCTIONING PROPERLY,CLOUDY/OVERCAST,DAYLIGHT,ANGLE,NOT DIVIDED,4,STRAIGHT AND LEVEL,WET,NO DEFECTS,ON SCENE,INJURY AND / OR TOW DUE TO CRASH,,,,"OVER $1,500",11/02/2017 12:10:00 PM,FAILING TO YIELD RIGHT-OF-WAY,UNABLE TO DETERMINE,5343,S,ARCHER AVE,815,,,,,,,2,NONINCAPACITATING INJURY,1,0,0,1,0,1,0,12,5,11,41.798755309,-87.741609284,POINT (-87.741609283733 41.79875530942)
JA495903,,11/02/2017 12:15:00 PM,30,TRAFFIC SIGNAL,FUNCTIONING PROPERLY,CLEAR,DAYLIGHT,REAR END,NOT DIVIDED,,STRAIGHT AND LEVEL,WET,NO DEFECTS,NOT ON SCENE (DESK REPORT),NO INJURY / DRIVE AWAY,Y,,,$500 OR LESS,11/02/2017 01:30:00 PM,UNABLE TO DETERMINE,NOT APPLICABLE,1201,N,PULASKI RD,2535,,,,,,,2,NO INDICATION OF INJURY,0,0,0,0,0,4,0,12,5,11,41.902719841,-87.726157701,POINT (-87.726157700806 41.902719841211)
JA495847,,11/02/2017 12:20:00 PM,30,NO CONTROLS,NO CONTROLS,CLEAR,DARKNESS,SIDESWIPE SAME DIRECTION,NOT DIVIDED,2,"CURVE, LEVEL",DRY,NO DEFECTS,NOT ON SCENE (DESK REPORT),INJURY AND / OR TOW DUE TO CRASH,,,Y,"OVER $1,500",11/02/2017 12:25:00 PM,IMPROPER OVERTAKING/PASSING,NOT APPLICABLE,77,E,WALTON ST,1833,,,,,,,2,NO INDICATION OF INJURY,0,0,0,0,0,2,0,12,5,11,41.899875531,-87.625455542,POINT (-87.6254555423 41.899875530773)
JA495890,,11/02/2017 12:20:00 PM,30,NO CONTROLS,NO CONTROLS,RAIN,UNKNOWN,PARKED MOTOR VEHICLE,DIVIDED - W/MEDIAN (NOT RAISED),2,STRAIGHT AND LEVEL,WET,NO DEFECTS,ON SCENE,INJURY AND / OR TOW DUE TO CRASH,,,Y,$500 OR LESS,11/02/2017 01:01:00 PM,DRIVING SKILLS/KNOWLEDGE/EXPERIENCE,NOT APPLICABLE,1553,N,MILWAUKEE AVE,1424,,,,,,,3,"REPORTED, NOT EVIDENT",1,0,0,0,1,1,0,12,5,11,41.90981714,-87.676364016,POINT (-87.67636401582 41.909817140442)
JA495839,,11/02/2017 12:25:00 PM,35,TRAFFIC SIGNAL,FUNCTIONING PROPERLY,CLEAR,DAYLIGHT,REAR END,DIVIDED - W/MEDIAN (NOT RAISED),,STRAIGHT AND LEVEL,WET,NO DEFECTS,ON SCENE,NO INJURY / DRIVE AWAY,,,Y,"OVER $1,500",11/02/2017 12:32:00 PM,FOLLOWING TOO CLOSELY,NOT APPLICABLE,7358,S,WESTERN AVE,835,,Y,,,,,2,NO INDICATION OF INJURY,0,0,0,0,0,3,0,12,5,11,41.759320113,-87.683252415,POINT (-87.683252414791 41.759320112881)
JA495854,,11/02/2017 12:30:00 PM,30,TRAFFIC SIGNAL,FUNCTIONING PROPERLY,CLEAR,DAYLIGHT,SIDESWIPE SAME DIRECTION,ONE-WAY,2,STRAIGHT AND LEVEL,DRY,NO DEFECTS,NOT ON SCENE (DESK REPORT),NO INJURY / DRIVE AWAY,Y,,Y,$500 OR LESS,11/02/2017 01:00:00 PM,FAILING TO YIELD RIGHT-OF-WAY,NOT APPLICABLE,100,E,WALTON ST,1833,,,,,,,2,NO INDICATION OF INJURY,0,0,0,0,0,2,0,12,5,11,41.900096625,-87.625359341,POINT (-87.625359340701 41.900096625177)
JA511543,,11/02/2017 12:30:00 PM,30,NO CONTROLS,NO CONTROLS,CLEAR,DAYLIGHT,PARKED MOTOR VEHICLE,PARKING LOT,,STRAIGHT AND LEVEL,DRY,NO DEFECTS,NOT ON SCENE (DESK REPORT),NO INJURY / DRIVE AWAY,,,Y,"OVER $1,500",11/14/2017 02:30:00 PM,FOLLOWING TOO CLOSELY,NOT APPLICABLE,16,E,95TH ST,634,,,,,,,2,NO INDICATION OF INJURY,0,0,0,0,0,1,0,12,5,11,41.721844676,-87.62306052,POINT (-87.623060519567 41.721844676144)
JA495858,,11/02/2017 12:35:00 PM,30,NO CONTROLS,NO CONTROLS,RAIN,DAYLIGHT,PARKED MOTOR VEHICLE,DIVIDED - W/MEDIAN BARRIER,,STRAIGHT AND LEVEL,WET,NO DEFECTS,ON SCENE,NO INJURY / DRIVE AWAY,,,,"$501 - $1,500",11/02/2017 12:43:00 PM,WEATHER,NOT APPLICABLE,4131,W,CERMAK RD,1013,,,,,,,3,NO INDICATION OF INJURY,0,0,0,0,0,1,0,12,5,11,41.851381674,-87.728390094,POINT (-87.728390093792 41.851381674187)
JA495870,,11/02/2017 12:45:00 PM,25,NO CONTROLS,NO CONTROLS,CLEAR,DAYLIGHT,PARKED MOTOR VEHICLE,NOT DIVIDED,2,STRAIGHT AND LEVEL,DRY,NO DEFECTS,ON SCENE,NO INJURY / DRIVE AWAY,,,,$500 OR LESS,11/02/2017 12:59:00 PM,DRIVING SKILLS/KNOWLEDGE/EXPERIENCE,UNABLE TO DETERMINE,1000,N,KOLMAR AVE,1111,,,,,,,2,NO INDICATION OF INJURY,0,0,0,0,0,1,0,12,5,11,41.898842747,-87.739947368,POINT (-87.739947368426 41.898842746921)
JA495876,,11/02/2017 12:45:00 PM,30,NO CONTROLS,NO CONTROLS,CLEAR,DAYLIGHT,TURNING,DIVIDED - W/MEDIAN (NOT RAISED),4,STRAIGHT AND LEVEL,DRY,NO DEFECTS,ON SCENE,NO INJURY / DRIVE AWAY,Y,,,"$501 - $1,500",11/02/2017 01:00:00 PM,IMPROPER BACKING,FAILING TO YIELD RIGHT-OF-WAY,328,W,35TH ST,915,,,,,,,2,NO INDICATION OF INJURY,0,0,0,0,0,2,0,12,5,11,41.831005942,-87.635093047,POINT (-87.635093046922 41.831005941898)
JA495851,,11/02/2017 12:48:00 PM,35,STOP SIGN/FLASHER,FUNCTIONING PROPERLY,CLOUDY/OVERCAST,DAYLIGHT,ANGLE,ONE-WAY,3,STRAIGHT AND LEVEL,WET,NO DEFECTS,ON SCENE,INJURY AND / OR TOW DUE TO CRASH,Y,,,"OVER $1,500",11/02/2017 12:59:00 PM,PHYSICAL CONDITION OF DRIVER,FAILING TO REDUCE SPEED TO AVOID CRASH,5500,S,PRAIRIE AVE,231,,,,,,,2,NONINCAPACITATING INJURY,2,0,0,2,0,1,0,12,5,11,41.794392086,-87.619362623,POINT (-87.619362622546 41.794392085533)