RD_NO,CRASH_DATE_EST_I,CRASH_DATE,POSTED_SPEED_LIMIT,TRAFFIC_CONTROL_DEVICE,DEVICE_CONDITION,WEATHER_CONDITION,LIGHTING_CONDITION,FIRST_CRASH_TYPE,TRAFFICWAY_TYPE,LANE_CNT,ALIGNMENT,ROADWAY_SURFACE_COND,ROAD_DEFECT,REPORT_TYPE,CRASH_TYPE,INTERSECTION_RELATED_I,NOT_RIGHT_OF_WAY_I,HIT_AND_RUN_I,DAMAGE,DATE_POLICE_NOTIFIED,PRIM_CONTRIBUTORY_CAUSE,SEC_CONTRIBUTORY_CAUSE,STREET_NO,STREET_DIRECTION,STREET_NAME,BEAT_OF_OCCURRENCE,PHOTOS_TAKEN_I,STATEMENTS_TAKEN_I,DOORING_I,WORK_ZONE_I,WORK_ZONE_TYPE,WORKERS_PRESENT_I,NUM_UNITS,MOST_SEVERE_INJURY,INJURIES_TOTAL,INJURIES_FATAL,INJURIES_INCAPACITATING,INJURIES_NON_INCAPACITATING,INJURIES_REPORTED_NOT_EVIDENT,INJURIES_NO_INDICATION,INJURIES_UNKNOWN,CRASH_HOUR,CRASH_DAY_OF_WEEK,CRASH_MONTH,LATITUDE,LONGITUDE,LOCATION
JA496341,,11/02/2017 06:00:00 PM,30,NO CONTROLS,NO CONTROLS,RAIN,"DARKNESS, LIGHTED ROAD",PEDALCYCLIST,NOT DIVIDED,,STRAIGHT AND LEVEL,WET,WORN SURFACE,ON SCENE,NO INJURY / DRIVE AWAY,,,,$500 OR LESS,11/02/2017 06:16:00 PM,IMPROPER LANE USAGE,IMPROPER LANE USAGE,1213,N,WELLS ST,1821,,,,,,,2,NO INDICATION OF INJURY,0,0,0,0,0,2,0,18,5,11,41.904280629,-87.634347903,POINT (-87.634347903437 41.904280629193)
JA496929,,11/02/2017 06:00:00 PM,0,NO CONTROLS,NO CONTROLS,RAIN,DAYLIGHT,PARKED MOTOR VEHICLE,NOT DIVIDED,4,STRAIGHT AND LEVEL,WET,NO DEFECTS,NOT ON SCENE (DESK REPORT),NO INJURY / DRIVE AWAY,,,,"OVER $1,500",11/03/2017 09:00:00 AM,IMPROPER LANE USAGE,WEATHER,1767,W,95TH ST,2213,,,,,,,2,NO INDICATION OF INJURY,0,0,0,0,0,1,0,18,5,11,41.721038459,-87.66739768,POINT (-87.667397680485 41.721038458772)
JA497700,,11/02/2017 06:00:00 PM,30,NO CONTROLS,NO CONTROLS,RAIN,"DARKNESS, LIGHTED ROAD",TURNING,NOT DIVIDED,2,STRAIGHT AND LEVEL,WET,NO DEFECTS,NOT ON SCENE (DESK REPORT),NO INJURY / DRIVE AWAY,,,,"OVER $1,500",11/03/2017 06:17:00 PM,IMPROPER LANE USAGE,UNABLE TO DETERMINE,6344,S,DR MARTIN LUTHER KING JR DR,312,,,,,,,2,NO INDICATION OF INJURY,0,0,0,0,0,3,0,18,5,11,41.77898204,-87.615743316,POINT (-87.61574331626 41.778982040044)
JA496413,,11/02/2017 06:00:00 PM,35,TRAFFIC SIGNAL,FUNCTIONING PROPERLY,RAIN,"DARKNESS, LIGHTED ROAD",PEDESTRIAN,DIVIDED - W/MEDIAN BARRIER,4,STRAIGHT AND LEVEL,WET,NO DEFECTS,ON SCENE,INJURY AND / OR TOW DUE TO CRASH,Y,,,$500 OR LESS,11/02/2017 06:05:00 PM,IMPROPER TURNING/NO SIGNAL,NOT APPLICABLE,414,S,ASHLAND AVE,1231,,,,,,,2,"REPORTED, NOT EVIDENT",1,0,0,0,1,1,0,18,5,11,41.875901059,-87.666796955,POINT (-87.666796954846 41.875901058823)
JA496351,,11/02/2017 06:05:00 PM,30,NO CONTROLS,NO CONTROLS,RAIN,DUSK,REAR END,NOT DIVIDED,,STRAIGHT AND LEVEL,WET,NO DEFECTS,ON SCENE,NO INJURY / DRIVE AWAY,,,Y,"OVER $1,500",11/02/2017 06:20:00 PM,IMPROPER OVERTAKING/PASSING,NOT APPLICABLE,2710,N,NARRAGANSETT AVE,2512,,,,,,,2,NO INDICATION OF INJURY,0,0,0,0,0,2,0,18,5,11,41.929541729,-87.785804895,POINT (-87.785804894618 41.929541728742)
JA496501,,11/02/2017 06:06:00 PM,30,NO CONTROLS,NO CONTROLS,RAIN,"DARKNESS, LIGHTED ROAD",REAR END,DIVIDED - W/MEDIAN (NOT RAISED),,STRAIGHT AND LEVEL,WET,NO DEFECTS,NOT ON SCENE (DESK REPORT),NO INJURY / DRIVE AWAY,,,Y,"OVER $1,500",11/02/2017 07:45:00 PM,WEATHER,NOT APPLICABLE,1345,N,HUMBOLDT DR,1423,,,,,,,3,NO INDICATION OF INJURY,0,0,0,0,0,3,0,18,5,11,41.905987696,-87.701400493,POINT (-87.701400492651 41.905987696157)
JA496700,,11/02/2017 06:09:00 PM,30,TRAFFIC SIGNAL,FUNCTIONING PROPERLY,CLEAR,DUSK,REAR END,DIVIDED - W/MEDIAN (NOT RAISED),2,STRAIGHT AND LEVEL,UNKNOWN,UNKNOWN,NOT ON SCENE (DESK REPORT),INJURY AND / OR TOW DUE TO CRASH,Y,,Y,"OVER $1,500",11/02/2017 10:15:00 PM,FOLLOWING TOO CLOSELY,UNABLE TO DETERMINE,7010,S,WENTWORTH AVE,731,,,,,,,3,NONINCAPACITATING INJURY,1,0,0,1,0,3,0,18,5,11,41.766878611,-87.629954994,POINT (-87.629954993679 41.766878610918)
JA496416,,11/02/2017 06:10:00 PM,30,TRAFFIC SIGNAL,FUNCTIONING PROPERLY,CLEAR,"DARKNESS, LIGHTED ROAD",TURNING,NOT DIVIDED,4,STRAIGHT ON GRADE,WET,NO DEFECTS,NOT ON SCENE (DESK REPORT),NO INJURY / DRIVE AWAY,Y,,,"OVER $1,500",11/02/2017 07:00:00 PM,FAILING TO YIELD RIGHT-OF-WAY,NOT APPLICABLE,303,E,WACKER DR,114,,,,,,,2,NO INDICATION OF INJURY,0,0,0,0,0,2,0,18,5,11,41.887705379,-87.620588144,POINT (-87.620588143928 41.887705379378)
JA496338,Y,11/02/2017 06:10:00 PM,30,TRAFFIC SIGNAL,FUNCTIONING PROPERLY,RAIN,"DARKNESS, LIGHTED ROAD",REAR END,DIVIDED - W/MEDIAN (NOT RAISED),,STRAIGHT AND LEVEL,WET,NO DEFECTS,NOT ON SCENE (DESK REPORT),NO INJURY / DRIVE AWAY,,,,"OVER $1,500",11/02/2017 06:20:00 PM,DRIVING SKILLS/KNOWLEDGE/EXPERIENCE,NOT APPLICABLE,5558,W,NORTH AVE,2532,,,,,,,2,NO INDICATION OF INJURY,0,0,0,0,0,4,0,18,5,11,41.909490053,-87.765576615,POINT (-87.76557661503 41.909490053066)
JA496489,,11/02/2017 06:12:00 PM,30,NO CONTROLS,NO CONTROLS,RAIN,"DARKNESS, LIGHTED ROAD",PARKED MOTOR VEHICLE,NOT DIVIDED,,STRAIGHT AND LEVEL,WET,NO DEFECTS,ON SCENE,INJURY AND / OR TOW DUE TO CRASH,,,,"OVER $1,500",11/02/2017 07:45:00 PM,UNABLE TO DETERMINE,NOT APPLICABLE,7334,S,BELL AVE,835,,,,,,,2,NO INDICATION OF INJURY,0,0,0,0,0,2,0,18,5,11,41.760040808,-87.679492876,POINT (-87.679492876081 41.76004080771)
JA501501,,11/02/2017 06:15:00 PM,30,TRAFFIC SIGNAL,FUNCTIONING PROPERLY,RAIN,DARKNESS,PEDESTRIAN,NOT DIVIDED,,STRAIGHT AND LEVEL,WET,NO DEFECTS,NOT ON SCENE (DESK REPORT),INJURY AND / OR TOW DUE TO CRASH,Y,,,$500 OR LESS,11/06/2017 05:30:00 PM,UNABLE TO DETERMINE,UNABLE TO DETERMINE,6300,S,STEWART AVE,722,,,,,,,2,NONINCAPACITATING INJURY,1,0,0,1,0,1,0,18,5,11,41.779816753,-87.635194202,POINT (-87.635194202493 41.779816752642)
JA496410,,11/02/2017 06:15:00 PM,30,NO CONTROLS,NO CONTROLS,RAIN,"DARKNESS, LIGHTED ROAD",REAR END,NOT DIVIDED,4,STRAIGHT AND LEVEL,WET,NO DEFECTS,NOT ON SCENE (DESK REPORT),NO INJURY / DRIVE AWAY,,,,"OVER $1,500",11/02/2017 07:00:00 PM,FOLLOWING TOO CLOSELY,UNABLE TO DETERMINE,6451,N,NORTHWEST HWY,1611,,,,,,,2,NO INDICATION OF INJURY,0,0,0,0,0,2,0,18,5,11,41.998083252,-87.808397703,POINT (-87.808397702977 41.998083251992)
JA496374,,11/02/2017 06:15:00 PM,45,NO CONTROLS,NO CONTROLS,RAIN,"DARKNESS, LIGHTED ROAD",REAR END,DIVIDED - W/MEDIAN BARRIER,8,STRAIGHT AND LEVEL,WET,NO DEFECTS,ON SCENE,NO INJURY / DRIVE AWAY,,,Y,"OVER $1,500",11/02/2017 06:16:00 PM,EXCEEDING SAFE SPEED FOR CONDITIONS,WEATHER,4600,S,LAKE SHORE DR SB,222,,,,,,,3,NO INDICATION OF INJURY,0,0,0,0,0,4,0,18,5,11,41.813068124,-87.591528571,POINT (-87.591528570871 41.813068123934)
JA496347,,11/02/2017 06:15:00 PM,30,NO CONTROLS,NO CONTROLS,RAIN,"DARKNESS, LIGHTED ROAD",PEDALCYCLIST,NOT DIVIDED,,STRAIGHT AND LEVEL,WET,NO DEFECTS,ON SCENE,INJURY AND / OR TOW DUE TO CRASH,,,,$500 OR LESS,11/02/2017 06:21:00 PM,FAILING TO REDUCE SPEED TO AVOID CRASH,NOT APPLICABLE,3750,W,MADISON ST,1122,,,,,,,2,"REPORTED, NOT EVIDENT",1,0,0,0,1,4,0,18,5,11,41.880913983,-87.719674075,POINT (-87.719674074666 41.880913982762)
JA496453,,11/02/2017 06:15:00 PM,30,NO CONTROLS,NO CONTROLS,RAIN,DUSK,PARKED MOTOR VEHICLE,ONE-WAY,,STRAIGHT AND LEVEL,WET,NO DEFECTS,NOT ON SCENE (DESK REPORT),NO INJURY / DRIVE AWAY,,,Y,"OVER $1,500",11/02/2017 07:19:00 PM,NOT APPLICABLE,NOT APPLICABLE,3142,W,42ND ST,921,,,,,,,2,NO INDICATION OF INJURY,0,0,0,0,0,1,0,18,5,11,41.817320993,-87.703545013,POINT (-87.703545013092 41.817320992864)
JA496521,,11/02/2017 06:15:00 PM,30,TRAFFIC SIGNAL,FUNCTIONING PROPERLY,RAIN,"DARKNESS, LIGHTED ROAD",SIDESWIPE SAME DIRECTION,OTHER,,STRAIGHT AND LEVEL,WET,NO DEFECTS,NOT ON SCENE (DESK REPORT),NO INJURY / DRIVE AWAY,,,,"OVER $1,500",11/02/2017 08:00:00 PM,IMPROPER OVERTAKING/PASSING,IMPROPER OVERTAKING/PASSING,6300,S,STATE ST,312,,,,,,,2,NO INDICATION OF INJURY,0,0,0,0,0,4,0,18,5,11,41.780008277,-87.625522512,POINT (-87.625522511916 41.780008277408)
JA496383,,11/02/2017 06:20:00 PM,30,TRAFFIC SIGNAL,FUNCTIONING PROPERLY,RAIN,"DARKNESS, LIGHTED ROAD",REAR END,NOT DIVIDED,,STRAIGHT AND LEVEL,WET,NO DEFECTS,NOT ON SCENE (DESK REPORT),INJURY AND / OR TOW DUE TO CRASH,,,,"OVER $1,500",11/02/2017 06:50:00 PM,FOLLOWING TOO CLOSELY,WEATHER,2101,N,ELSTON AVE,1432,,,,,,,3,NONINCAPACITATING INJURY,2,0,0,2,0,1,0,18,5,11,41.91979418,-87.669654609,POINT (-87.66965460865 41.919794180072)
JA496376,,11/02/2017 06:20:00 PM,30,TRAFFIC SIGNAL,FUNCTIONING PROPERLY,RAIN,"DARKNESS, LIGHTED ROAD",REAR END,DIVIDED - W/MEDIAN (NOT RAISED),4,STRAIGHT AND LEVEL,WET,NO DEFECTS,NOT ON SCENE (DESK REPORT),NO INJURY / DRIVE AWAY,Y,,,"OVER $1,500",11/02/2017 06:45:00 PM,FOLLOWING TOO CLOSELY,WEATHER,2409,W,NORTH AVE,1423,,,,,,,2,NO INDICATION OF INJURY,0,0,0,0,0,2,0,18,5,11,41.910206176,-87.687617706,POINT (-87.687617706127 41.910206175655)
JA496439,,11/02/2017 06:20:00 PM,30,NO CONTROLS,NO CONTROLS,CLEAR,"DARKNESS, LIGHTED ROAD",TURNING,DIVIDED - W/MEDIAN (NOT RAISED),4,STRAIGHT AND LEVEL,DRY,NO DEFECTS,NOT ON SCENE (DESK REPORT),NO INJURY / DRIVE AWAY,Y,,,"OVER $1,500",11/02/2017 07:15:00 PM,IMPROPER TURNING/NO SIGNAL,NOT APPLICABLE,7322,N,SHERIDAN RD,2423,,,,,,,2,NO INDICATION OF INJURY,0,0,0,0,0,2,0,18,5,11,42.014622451,-87.66462031,POINT (-87.664620310126 42.014622450603)
JA496826,,11/02/2017 06:20:00 PM,30,NO CONTROLS,NO CONTROLS,RAIN,"DARKNESS, LIGHTED ROAD",REAR END,DIVIDED - W/MEDIAN (NOT RAISED),2,STRAIGHT AND LEVEL,DRY,NO DEFECTS,NOT ON SCENE (DESK REPORT),NO INJURY / DRIVE AWAY,,,,"$501 - $1,500",11/03/2017 05:38:00 AM,CELL PHONE USE OTHER THAN TEXTING,UNABLE TO DETERMINE,5321,W,GRAND AVE,2515,,,,,,,2,NO INDICATION OF INJURY,0,0,0,0,0,2,0,18,5,11,41.91745895,-87.759369849,POINT (-87.759369848829 41.917458950143)
JA496380,,11/02/2017 06:23:00 PM,25,TRAFFIC SIGNAL,FUNCTIONING PROPERLY,RAIN,"DARKNESS, LIGHTED ROAD",REAR END,ONE-WAY,2,STRAIGHT AND LEVEL,WET,NO DEFECTS,ON SCENE,NO INJURY / DRIVE AWAY,Y,,,$500 OR LESS,11/02/2017 06:33:00 PM,UNABLE TO DETERMINE,WEATHER,3199,N,LAKE SHORE DR,1934,,,,,,,2,NO INDICATION OF INJURY,0,0,0,0,0,3,0,18,5,11,41.940279951,-87.638646319,POINT (-87.638646318666 41.940279951159)
JA496393,,11/02/2017 06:24:00 PM,25,NO CONTROLS,NO CONTROLS,RAIN,"DARKNESS, LIGHTED ROAD",PARKED MOTOR VEHICLE,DIVIDED - W/MEDIAN (NOT RAISED),2,STRAIGHT AND LEVEL,WET,NO DEFECTS,NOT ON SCENE (DESK REPORT),NO INJURY / DRIVE AWAY,,,,"$501 - $1,500",11/02/2017 06:53:00 PM,UNABLE TO DETERMINE,UNABLE TO DETERMINE,6549,S,KEELER AVE,833,,,,,,,2,NO INDICATION OF INJURY,0,0,0,0,0,1,0,18,5,11,41.773521573,-87.727361818,POINT (-87.727361818307 41.773521572591)
JA501989,,11/02/2017 06:30:00 PM,30,UNKNOWN,UNKNOWN,UNKNOWN,"DARKNESS, LIGHTED ROAD",OVERTURNED,DIVIDED - W/MEDIAN (NOT RAISED),2,STRAIGHT AND LEVEL,WET,UNKNOWN,NOT ON SCENE (DESK REPORT),NO INJURY / DRIVE AWAY,,,,"OVER $1,500",11/07/2017 03:00:00 AM,IMPROPER TURNING/NO SIGNAL,IMPROPER OVERTAKING/PASSING,915,S,INDEPENDENCE BLVD,1133,,,,,,,2,NO INDICATION OF INJURY,0,0,0,0,0,2,0,18,5,11,41.8695062,-87.719485425,POINT (-87.719485425131 41.86950619982)
JA496494,,11/02/2017 06:30:00 PM,30,NO CONTROLS,NO CONTROLS,RAIN,DUSK,FIXED OBJECT,DIVIDED - W/MEDIAN BARRIER,6,STRAIGHT AND LEVEL,WET,NO DEFECTS,NOT ON SCENE (DESK REPORT),INJURY AND / OR TOW DUE TO CRASH,,,,"OVER $1,500",11/02/2017 07:31:00 PM,WEATHER,DISTRACTION - FROM OUTSIDE VEHICLE,9702,S,STONY ISLAND AVE,511,,,,,,,1,NONINCAPACITATING INJURY,1,0,0,1,0,0,0,18,5,11,41.71860513,-87.585227769,POINT (-87.585227768853 41.718605129818)
JA496396,Y,11/02/2017 06:30:00 PM,30,TRAFFIC SIGNAL,FUNCTIONING PROPERLY,RAIN,"DARKNESS, LIGHTED ROAD",SIDESWIPE SAME DIRECTION,DIVIDED - W/MEDIAN (NOT RAISED),,STRAIGHT AND LEVEL,WET,NO DEFECTS,ON SCENE,NO INJURY / DRIVE AWAY,,,Y,"OVER $1,500",11/02/2017 06:41:00 PM,DRIVING SKILLS/KNOWLEDGE/EXPERIENCE,FAILING TO YIELD RIGHT-OF-WAY,2600,S,CALIFORNIA AVE,1033,,,,,,,2,NO INDICATION OF INJURY,0,0,0,0,0,2,0,18,5,11,41.8445843,-87.695359843,POINT (-87.695359843215 41.844584300311)
JA496900,,11/02/2017 06:30:00 PM,30,TRAFFIC SIGNAL,FUNCTIONING PROPERLY,RAIN,DARKNESS,TURNING,NOT DIVIDED,4,STRAIGHT AND LEVEL,WET,NO DEFECTS,NOT ON SCENE (DESK REPORT),NO INJURY / DRIVE AWAY,,,,"OVER $1,500",11/03/2017 08:32:00 AM,FOLLOWING TOO CLOSELY,UNABLE TO DETERMINE,650,W,ROOSEVELT RD,1232,,,,,,,2,NO INDICATION OF INJURY,0,0,0,0,0,2,0,18,5,11,41.867300043,-87.644311316,POINT (-87.644311315991 41.867300042804)
JA496402,,11/02/2017 06:32:00 PM,30,TRAFFIC SIGNAL,FUNCTIONING PROPERLY,RAIN,"DARKNESS, LIGHTED ROAD",PEDESTRIAN,NOT DIVIDED,2,STRAIGHT AND LEVEL,WET,NO DEFECTS,ON SCENE,INJURY AND / OR TOW DUE TO CRASH,,,,$500 OR LESS,11/02/2017 06:32:00 PM,UNABLE TO DETERMINE,FAILING TO REDUCE SPEED TO AVOID CRASH,2547,N,HALSTED ST,1935,,Y,,,,,2,INCAPACITATING INJURY,1,0,1,0,0,1,0,18,5,11,41.928666219,-87.648726692,POINT (-87.648726691763 41.928666219229)
JA496609,,11/02/2017 06:35:00 PM,25,STOP SIGN/FLASHER,OTHER,RAIN,DAYLIGHT,ANGLE,ONE-WAY,,STRAIGHT AND LEVEL,WET,NO DEFECTS,NOT ON SCENE (DESK REPORT),INJURY AND / OR TOW DUE TO CRASH,Y,,,"OVER $1,500",11/02/2017 09:57:00 PM,DISREGARDING STOP SIGN,FAILING TO YIELD RIGHT-OF-WAY,5000,W,ADAMS ST,1533,,,,,,,2,NO INDICATION OF INJURY,0,0,0,0,0,3,0,18,5,11,41.878651362,-87.74955834,POINT (-87.749558340035 41.878651361639)
JA496561,,11/02/2017 06:40:00 PM,30,NO CONTROLS,NO CONTROLS,RAIN,"DARKNESS, LIGHTED ROAD",TURNING,ONE-WAY,,STRAIGHT AND LEVEL,WET,NO DEFECTS,NOT ON SCENE (DESK REPORT),NO INJURY / DRIVE AWAY,,,,"$501 - $1,500",11/02/2017 08:55:00 PM,IMPROPER TURNING/NO SIGNAL,UNABLE TO DETERMINE,6432,W,GREGORY ST,1613,,,,,,,2,NO INDICATION OF INJURY,0,0,0,0,0,2,0,18,5,11,41.982156516,-87.789024154,POINT (-87.789024153741 41.982156515873)
JA496390,,11/02/2017 06:40:00 PM,30,STOP SIGN/FLASHER,FUNCTIONING PROPERLY,RAIN,"DARKNESS, LIGHTED ROAD",PEDESTRIAN,NOT DIVIDED,4,STRAIGHT AND LEVEL,WET,NO DEFECTS,ON SCENE,INJURY AND / OR TOW DUE TO CRASH,,,,"OVER $1,500",11/02/2017 06:41:00 PM,FAILING TO YIELD RIGHT-OF-WAY,NOT APPLICABLE,4100,W,76TH ST,833,,,,,,,2,INCAPACITATING INJURY,1,0,1,0,0,1,0,18,5,11,41.7551635,-87.72455957,POINT (-87.724559570174 41.755163500032)
JA496408,,11/02/2017 06:40:00 PM,30,LANE USE MARKING,FUNCTIONING PROPERLY,RAIN,DUSK,PEDESTRIAN,DIVIDED - W/MEDIAN (NOT RAISED),4,STRAIGHT AND LEVEL,WET,NO DEFECTS,ON SCENE,INJURY AND / OR TOW DUE TO CRASH,,,,"OVER $1,500",11/02/2017 06:45:00 PM,FAILING TO REDUCE SPEED TO AVOID CRASH,UNABLE TO DETERMINE,8421,W,HIGGINS RD,1614,,Y,,,,,2,NONINCAPACITATING INJURY,1,0,0,1,0,1,0,18,5,11,41.986394718,-87.837562301,POINT (-87.837562301234 41.986394717907)
JA496461,,11/02/2017 06:45:00 PM,30,TRAFFIC SIGNAL,FUNCTIONING PROPERLY,RAIN,"DARKNESS, LIGHTED ROAD",TURNING,DIVIDED - W/MEDIAN (NOT RAISED),1,STRAIGHT AND LEVEL,WET,NO DEFECTS,ON SCENE,NO INJURY / DRIVE AWAY,,,,"$501 - $1,500",11/02/2017 07:08:00 PM,IMPROPER TURNING/NO SIGNAL,FAILING TO YIELD RIGHT-OF-WAY,2558,S,KEDZIE AVE,1024,,,,,,,2,NO INDICATION OF INJURY,0,0,0,0,0,2,0,18,5,11,41.844606751,-87.705189078,POINT (-87.705189078476 41.844606751491)
JA497577,,11/02/2017 06:45:00 PM,30,NO CONTROLS,NO CONTROLS,RAIN,DUSK,TURNING,NOT DIVIDED,,STRAIGHT AND LEVEL,WET,NO DEFECTS,NOT ON SCENE (DESK REPORT),NO INJURY / DRIVE AWAY,,,,"OVER $1,500",11/02/2017 09:00:00 PM,NOT APPLICABLE,NOT APPLICABLE,4454,N,WESTERN AVE,1911,,,,,,,2,NO INDICATION OF INJURY,0,0,0,0,0,2,0,18,5,11,41.96293179,-87.688875837,POINT (-87.688875836878 41.962931789839)
JA496411,,11/02/2017 06:45:00 PM,30,NO CONTROLS,NO CONTROLS,RAIN,DARKNESS,PEDESTRIAN,PARKING LOT,1,STRAIGHT AND LEVEL,WET,NO DEFECTS,NOT ON SCENE (DESK REPORT),NO INJURY / DRIVE AWAY,,,,$500 OR LESS,11/02/2017 07:06:00 PM,UNABLE TO DETERMINE,UNABLE TO DETERMINE,4934,S,KEDZIE AVE,821,,,,,,,2,NO INDICATION OF INJURY,0,0,0,0,0,2,0,18,5,11,41.803445713,-87.703986272,POINT (-87.70398627177 41.803445713074)
JA496423,,11/02/2017 06:45:00 PM,25,TRAFFIC SIGNAL,FUNCTIONING PROPERLY,RAIN,DARKNESS,ANGLE,NOT DIVIDED,,STRAIGHT AND LEVEL,WET,NO DEFECTS,ON SCENE,INJURY AND / OR TOW DUE TO CRASH,,,,"OVER $1,500",11/02/2017 06:46:00 PM,FAILING TO YIELD RIGHT-OF-WAY,UNABLE TO DETERMINE,1807,W,HOWARD ST,2422,,,,,,,2,NO INDICATION OF INJURY,0,0,0,0,0,2,0,18,5,11,42.019293921,-87.676341621,POINT (-87.676341620537 42.019293921323)
JA496398,,11/02/2017 06:45:00 PM,30,STOP SIGN/FLASHER,FUNCTIONING PROPERLY,RAIN,"DARKNESS, LIGHTED ROAD",PEDESTRIAN,NOT DIVIDED,2,STRAIGHT AND LEVEL,WET,NO DEFECTS,ON SCENE,INJURY AND / OR TOW DUE TO CRASH,,,,$500 OR LESS,11/02/2017 06:45:00 PM,WEATHER,FAILING TO YIELD RIGHT-OF-WAY,4800,S,WABASH AVE,224,,,,,,,2,NONINCAPACITATING INJURY,1,0,0,1,0,1,0,18,5,11,41.807348414,-87.624550513,POINT (-87.624550512766 41.807348414344)
JA496472,,11/02/2017 06:47:00 PM,30,RAILROAD CROSSING GATE,FUNCTIONING PROPERLY,RAIN,DARKNESS,REAR END,NOT DIVIDED,4,STRAIGHT AND LEVEL,WET,NO DEFECTS,NOT ON SCENE (DESK REPORT),NO INJURY / DRIVE AWAY,,,,"$501 - $1,500",11/02/2017 07:45:00 PM,UNABLE TO DETERMINE,UNABLE TO DETERMINE,12200,S,HALSTED ST,524,,,,,,,2,NO INDICATION OF INJURY,0,0,0,0,0,2,0,18,5,11,41.67226409,-87.641869199,POINT (-87.641869199308 41.672264090383)
JA496433,,11/02/2017 06:48:00 PM,30,NO CONTROLS,NO CONTROLS,RAIN,"DARKNESS, LIGHTED ROAD",PARKED MOTOR VEHICLE,NOT DIVIDED,2,STRAIGHT AND LEVEL,WET,NO DEFECTS,ON SCENE,INJURY AND / OR TOW DUE TO CRASH,,,,"OVER $1,500",11/02/2017 06:55:00 PM,FAILING TO REDUCE SPEED TO AVOID CRASH,NOT APPLICABLE,2505,S,KOLIN AVE,1013,,,,,,,2,NO INDICATION OF INJURY,0,0,0,0,0,2,0,18,5,11,41.845785502,-87.732560731,POINT (-87.732560730748 41.84578550172)
JA498941,,11/02/2017 06:50:00 PM,30,TRAFFIC SIGNAL,FUNCTIONING PROPERLY,UNKNOWN,"DARKNESS, LIGHTED ROAD",REAR END,NOT DIVIDED,2,STRAIGHT AND LEVEL,UNKNOWN,UNKNOWN,NOT ON SCENE (DESK REPORT),NO INJURY / DRIVE AWAY,Y,,,"$501 - $1,500",11/04/2017 05:30:00 PM,UNABLE TO DETERMINE,UNABLE TO DETERMINE,6199,N,LINCOLN AVE,1711,,,,,,,2,NO INDICATION OF INJURY,0,0,0,0,0,2,0,18,5,11,41.994542305,-87.713896784,POINT (-87.713896783814 41.994542305274)
JA496400,,11/02/2017 06:50:00 PM,30,NO CONTROLS,NO CONTROLS,RAIN,"DARKNESS, LIGHTED ROAD",ANGLE,DIVIDED - W/MEDIAN (NOT RAISED),4,STRAIGHT AND LEVEL,WET,UNKNOWN,ON SCENE,NO INJURY / DRIVE AWAY,,,Y,$500 OR LESS,11/02/2017 07:00:00 PM,UNABLE TO DETERMINE,UNABLE TO DETERMINE,402,E,95TH ST,633,,,,,,,2,NO INDICATION OF INJURY,0,0,0,0,0,2,0,18,5,11,41.722004379,-87.61400173,POINT (-87.614001729852 41.722004379351)
JA496428,,11/02/2017 06:50:00 PM,30,NO CONTROLS,NO CONTROLS,RAIN,"DARKNESS, LIGHTED ROAD",REAR END,NOT DIVIDED,4,STRAIGHT AND LEVEL,WET,NO DEFECTS,ON SCENE,INJURY AND / OR TOW DUE TO CRASH,,,,"OVER $1,500",11/02/2017 07:00:00 PM,UNABLE TO DETERMINE,UNABLE TO DETERMINE,6100,W,HIGGINS AVE,1622,,,,,,,2,NONINCAPACITATING INJURY,2,0,0,2,0,0,0,18,5,11,41.974066645,-87.780640957,POINT (-87.780640956521 41.974066644548)
JA496392,,11/02/2017 06:55:00 PM,30,STOP SIGN/FLASHER,FUNCTIONING PROPERLY,RAIN,"DARKNESS, LIGHTED ROAD",ANGLE,NOT DIVIDED,2,STRAIGHT AND LEVEL,WET,NO DEFECTS,NOT ON SCENE (DESK REPORT),NO INJURY / DRIVE AWAY,Y,,,"OVER $1,500",11/02/2017 07:03:00 PM,FAILING TO YIELD RIGHT-OF-WAY,NOT APPLICABLE,5100,W,AINSLIE ST,1623,,,,,,,2,NO INDICATION OF INJURY,0,0,0,0,0,3,0,18,5,11,41.969871645,-87.755228654,POINT (-87.755228654003 41.96987164538)
JA496434,,11/02/2017 06:55:00 PM,30,NO CONTROLS,NO CONTROLS,CLEAR,"DARKNESS, LIGHTED ROAD",TURNING,DIVIDED - W/MEDIAN (NOT RAISED),4,STRAIGHT AND LEVEL,WET,UNKNOWN,ON SCENE,INJURY AND / OR TOW DUE TO CRASH,,,Y,"OVER $1,500",11/02/2017 07:02:00 PM,IMPROPER TURNING/NO SIGNAL,"OPERATING VEHICLE IN ERRATIC, RECKLESS, CARELESS, NEGLIGENT OR AGGRESSIVE MANNER",5311,S,HARLEM AVE,811,,,,,,,2,NO INDICATION OF INJURY,0,0,0,0,0,2,0,18,5,11,41.795409257,-87.80146255,POINT (-87.801462549765 41.79540925733)