RD_NO,CRASH_DATE_EST_I,CRASH_DATE,POSTED_SPEED_LIMIT,TRAFFIC_CONTROL_DEVICE,DEVICE_CONDITION,WEATHER_CONDITION,LIGHTING_CONDITION,FIRST_CRASH_TYPE,TRAFFICWAY_TYPE,LANE_CNT,ALIGNMENT,ROADWAY_SURFACE_COND,ROAD_DEFECT,REPORT_TYPE,CRASH_TYPE,INTERSECTION_RELATED_I,NOT_RIGHT_OF_WAY_I,HIT_AND_RUN_I,DAMAGE,DATE_POLICE_NOTIFIED,PRIM_CONTRIBUTORY_CAUSE,SEC_CONTRIBUTORY_CAUSE,STREET_NO,STREET_DIRECTION,STREET_NAME,BEAT_OF_OCCURRENCE,PHOTOS_TAKEN_I,STATEMENTS_TAKEN_I,DOORING_I,WORK_ZONE_I,WORK_ZONE_TYPE,WORKERS_PRESENT_I,NUM_UNITS,MOST_SEVERE_INJURY,INJURIES_TOTAL,INJURIES_FATAL,INJURIES_INCAPACITATING,INJURIES_NON_INCAPACITATING,INJURIES_REPORTED_NOT_EVIDENT,INJURIES_NO_INDICATION,INJURIES_UNKNOWN,CRASH_HOUR,CRASH_DAY_OF_WEEK,CRASH_MONTH,LATITUDE,LONGITUDE,LOCATION
JA496444,,11/02/2017 07:00:00 PM,30,NO CONTROLS,NO CONTROLS,RAIN,DUSK,SIDESWIPE SAME DIRECTION,PARKING LOT,,STRAIGHT AND LEVEL,WET,NO DEFECTS,ON SCENE,NO INJURY / DRIVE AWAY,,Y,,$500 OR LESS,11/02/2017 07:05:00 PM,IMPROPER OVERTAKING/PASSING,IMPROPER TURNING/NO SIGNAL,3202,W,CERMAK RD,1022,,,,,,,2,NO INDICATION OF INJURY,0,0,0,0,0,5,0,19,5,11,41.851873058,-87.705386784,POINT (-87.70538678386 41.851873057835)
JA496477,,11/02/2017 07:00:00 PM,30,TRAFFIC SIGNAL,FUNCTIONING PROPERLY,RAIN,"DARKNESS, LIGHTED ROAD",PARKED MOTOR VEHICLE,NOT DIVIDED,2,STRAIGHT AND LEVEL,WET,NO DEFECTS,ON SCENE,NO INJURY / DRIVE AWAY,,,,"OVER $1,500",11/02/2017 07:15:00 PM,IMPROPER OVERTAKING/PASSING,FAILING TO REDUCE SPEED TO AVOID CRASH,740,S,CLARK ST,123,,,,,,,2,NO INDICATION OF INJURY,0,0,0,0,0,1,0,19,5,11,41.872604421,-87.630767057,POINT (-87.630767056961 41.872604420881)
JA496448,,11/02/2017 07:00:00 PM,30,STOP SIGN/FLASHER,NO CONTROLS,RAIN,"DARKNESS, LIGHTED ROAD",REAR END,ONE-WAY,2,STRAIGHT AND LEVEL,WET,NO DEFECTS,ON SCENE,NO INJURY / DRIVE AWAY,Y,,,$500 OR LESS,11/02/2017 07:20:00 PM,FOLLOWING TOO CLOSELY,NOT APPLICABLE,1301,S,INDEPENDENCE BLVD,1011,,,,,,,2,NO INDICATION OF INJURY,0,0,0,0,0,5,0,19,5,11,41.86434945,-87.719319075,POINT (-87.719319075007 41.864349450029)
JA496470,,11/02/2017 07:00:00 PM,30,TRAFFIC SIGNAL,FUNCTIONING PROPERLY,CLEAR,"DARKNESS, LIGHTED ROAD",REAR END,NOT DIVIDED,2,STRAIGHT AND LEVEL,DRY,NO DEFECTS,NOT ON SCENE (DESK REPORT),NO INJURY / DRIVE AWAY,,,Y,"$501 - $1,500",11/02/2017 07:49:00 PM,FAILING TO YIELD RIGHT-OF-WAY,IMPROPER BACKING,6758,W,IRVING PARK RD,1632,,,,,,,2,NO INDICATION OF INJURY,0,0,0,0,0,2,0,19,5,11,41.952853485,-87.796152248,POINT (-87.796152247845 41.952853485169)
JA496575,,11/02/2017 07:00:00 PM,30,NO CONTROLS,NO CONTROLS,CLEAR,"DARKNESS, LIGHTED ROAD",HEAD ON,NOT DIVIDED,2,STRAIGHT AND LEVEL,WET,NO DEFECTS,NOT ON SCENE (DESK REPORT),NO INJURY / DRIVE AWAY,,,,"$501 - $1,500",11/02/2017 09:23:00 PM,IMPROPER BACKING,NOT APPLICABLE,4000,W,LAKE ST,1114,,,,,,,2,NO INDICATION OF INJURY,0,0,0,0,0,2,0,19,5,11,41.885580318,-87.725921924,POINT (-87.725921923893 41.885580318349)
JA496476,,11/02/2017 07:03:00 PM,30,NO CONTROLS,NO CONTROLS,RAIN,"DARKNESS, LIGHTED ROAD",SIDESWIPE SAME DIRECTION,ONE-WAY,2,STRAIGHT AND LEVEL,WET,NO DEFECTS,NOT ON SCENE (DESK REPORT),NO INJURY / DRIVE AWAY,,,,"OVER $1,500",11/02/2017 07:45:00 PM,DISTRACTION - FROM INSIDE VEHICLE,NOT APPLICABLE,105,E,DELAWARE PL,1833,,,,,,,2,NO INDICATION OF INJURY,0,0,0,0,0,3,0,19,5,11,41.89907578,-87.625809524,POINT (-87.62580952351 41.899075780398)
JA496426,,11/02/2017 07:03:00 PM,30,RAILROAD CROSSING GATE,FUNCTIONING PROPERLY,RAIN,"DARKNESS, LIGHTED ROAD",PEDESTRIAN,DIVIDED - W/MEDIAN (NOT RAISED),2,STRAIGHT AND LEVEL,WET,NO DEFECTS,ON SCENE,INJURY AND / OR TOW DUE TO CRASH,,,,$500 OR LESS,11/02/2017 07:03:00 PM,NOT APPLICABLE,NOT APPLICABLE,1732,E,71ST ST,332,,,,,,,2,NONINCAPACITATING INJURY,1,0,0,1,0,1,0,19,5,11,41.766289099,-87.582389841,POINT (-87.58238984106 41.766289099427)
JA496443,,11/02/2017 07:09:00 PM,30,NO CONTROLS,NO CONTROLS,RAIN,"DARKNESS, LIGHTED ROAD",SIDESWIPE SAME DIRECTION,NOT DIVIDED,2,STRAIGHT AND LEVEL,WET,NO DEFECTS,ON SCENE,NO INJURY / DRIVE AWAY,,,,"OVER $1,500",11/02/2017 07:09:00 PM,FAILING TO YIELD RIGHT-OF-WAY,NOT APPLICABLE,7401,N,ROGERS AVE,2422,,,,,,,2,NO INDICATION OF INJURY,0,0,0,0,0,2,0,19,5,11,42.015994756,-87.675056748,POINT (-87.675056747701 42.015994755582)
JA496479,,11/02/2017 07:10:00 PM,30,TRAFFIC SIGNAL,FUNCTIONING PROPERLY,RAIN,"DARKNESS, LIGHTED ROAD",SIDESWIPE SAME DIRECTION,NOT DIVIDED,,STRAIGHT AND LEVEL,WET,NO DEFECTS,NOT ON SCENE (DESK REPORT),NO INJURY / DRIVE AWAY,,,,"OVER $1,500",11/02/2017 07:53:00 PM,FAILING TO YIELD RIGHT-OF-WAY,FAILING TO YIELD RIGHT-OF-WAY,22,E,PEARSON ST,1833,,,,,,,2,NO INDICATION OF INJURY,0,0,0,0,0,2,0,19,5,11,41.89764365,-87.627289406,POINT (-87.627289405923 41.897643650254)
JA496459,,11/02/2017 07:14:00 PM,30,NO CONTROLS,NO CONTROLS,RAIN,DUSK,PEDESTRIAN,NOT DIVIDED,,STRAIGHT AND LEVEL,WET,NO DEFECTS,ON SCENE,INJURY AND / OR TOW DUE TO CRASH,,,,"OVER $1,500",11/02/2017 07:18:00 PM,UNABLE TO DETERMINE,NOT APPLICABLE,51,E,95TH ST,511,,,,,,,2,NONINCAPACITATING INJURY,2,0,0,2,0,0,0,19,5,11,41.721653583,-87.62168005,POINT (-87.621680050414 41.721653582879)
JA496498,,11/02/2017 07:15:00 PM,35,NO CONTROLS,NO CONTROLS,RAIN,"DARKNESS, LIGHTED ROAD",SIDESWIPE SAME DIRECTION,DIVIDED - W/MEDIAN BARRIER,,STRAIGHT AND LEVEL,WET,NO DEFECTS,ON SCENE,INJURY AND / OR TOW DUE TO CRASH,,,,"$501 - $1,500",11/02/2017 07:31:00 PM,UNABLE TO DETERMINE,IMPROPER LANE USAGE,9653,S,HALSTED ST,2223,,,,,,,2,"REPORTED, NOT EVIDENT",1,0,0,0,1,3,0,19,5,11,41.718067866,-87.642973144,POINT (-87.642973144373 41.718067865891)
JA505401,,11/02/2017 07:20:00 PM,30,NO CONTROLS,NO CONTROLS,CLEAR,"DARKNESS, LIGHTED ROAD",TURNING,NOT DIVIDED,2,STRAIGHT AND LEVEL,DRY,NO DEFECTS,NOT ON SCENE (DESK REPORT),NO INJURY / DRIVE AWAY,,,,"OVER $1,500",11/09/2017 04:50:00 PM,FOLLOWING TOO CLOSELY,NOT APPLICABLE,3127,N,CENTRAL AVE,2514,,,,,,,2,NO INDICATION OF INJURY,0,0,0,0,0,2,0,19,5,11,41.93758152,-87.766314892,POINT (-87.766314891796 41.93758152035)
JA497785,,11/02/2017 07:30:00 PM,30,TRAFFIC SIGNAL,FUNCTIONING PROPERLY,RAIN,"DARKNESS, LIGHTED ROAD",SIDESWIPE SAME DIRECTION,NOT DIVIDED,,STRAIGHT AND LEVEL,WET,UNKNOWN,NOT ON SCENE (DESK REPORT),NO INJURY / DRIVE AWAY,,,,"OVER $1,500",11/03/2017 07:00:00 PM,IMPROPER LANE USAGE,NOT APPLICABLE,599,S,AUSTIN BLVD,1513,,,,,,,2,NO INDICATION OF INJURY,0,0,0,0,0,2,0,19,5,11,41.872829098,-87.77426483,POINT (-87.774264830043 41.872829098426)
JA496536,N,11/02/2017 07:30:00 PM,30,NO CONTROLS,NO CONTROLS,RAIN,"DARKNESS, LIGHTED ROAD",SIDESWIPE SAME DIRECTION,DIVIDED - W/MEDIAN BARRIER,,STRAIGHT AND LEVEL,WET,NO DEFECTS,NOT ON SCENE (DESK REPORT),NO INJURY / DRIVE AWAY,,,,"OVER $1,500",11/02/2017 08:00:00 PM,UNABLE TO DETERMINE,NOT APPLICABLE,9700,S,HALSTED ST,2223,,,,,,,2,NO INDICATION OF INJURY,0,0,0,0,0,2,0,19,5,11,41.717537435,-87.64325162,POINT (-87.643251620045 41.717537434869)
JA496894,Y,11/02/2017 07:30:00 PM,30,NO CONTROLS,NO CONTROLS,CLEAR,"DARKNESS, LIGHTED ROAD",PARKED MOTOR VEHICLE,NOT DIVIDED,2,STRAIGHT AND LEVEL,DRY,NO DEFECTS,NOT ON SCENE (DESK REPORT),NO INJURY / DRIVE AWAY,,,Y,"OVER $1,500",11/03/2017 08:30:00 AM,UNABLE TO DETERMINE,NOT APPLICABLE,3915,S,LEAVITT ST,924,,,,,,,2,NO INDICATION OF INJURY,0,0,0,0,0,1,0,19,5,11,41.822602237,-87.679842207,POINT (-87.679842207339 41.822602236813)
JA496483,Y,11/02/2017 07:30:00 PM,30,TRAFFIC SIGNAL,FUNCTIONING PROPERLY,CLEAR,DARKNESS,TURNING,NOT DIVIDED,4,STRAIGHT AND LEVEL,WET,NO DEFECTS,NOT ON SCENE (DESK REPORT),NO INJURY / DRIVE AWAY,,,,"$501 - $1,500",11/02/2017 07:45:00 PM,IMPROPER TURNING/NO SIGNAL,IMPROPER TURNING/NO SIGNAL,6000,N,RAVENSWOOD AVE,2413,,,,,,,2,NO INDICATION OF INJURY,0,0,0,0,0,5,0,19,5,11,41.990811769,-87.67540956,POINT (-87.675409559679 41.990811769473)
JA496474,,11/02/2017 07:30:00 PM,30,TRAFFIC SIGNAL,FUNCTIONING IMPROPERLY,RAIN,"DARKNESS, LIGHTED ROAD",ANGLE,CENTER TURN LANE,4,STRAIGHT AND LEVEL,WET,NO DEFECTS,ON SCENE,INJURY AND / OR TOW DUE TO CRASH,Y,,,"OVER $1,500",11/02/2017 07:33:00 PM,UNABLE TO DETERMINE,UNABLE TO DETERMINE,500,S,CALIFORNIA AVE,1135,,,,,,,2,NO INDICATION OF INJURY,0,0,0,0,0,4,0,19,5,11,41.874839768,-87.696271565,POINT (-87.696271565241 41.874839767646)
JA496542,,11/02/2017 07:30:00 PM,30,TRAFFIC SIGNAL,NO CONTROLS,RAIN,DARKNESS,SIDESWIPE SAME DIRECTION,NOT DIVIDED,4,STRAIGHT AND LEVEL,WET,NO DEFECTS,NOT ON SCENE (DESK REPORT),NO INJURY / DRIVE AWAY,,,,"OVER $1,500",11/02/2017 08:50:00 PM,UNABLE TO DETERMINE,NOT APPLICABLE,455,E,NORTH WATER ST,1834,,,,,,,2,NO INDICATION OF INJURY,0,0,0,0,0,2,0,19,5,11,41.88943939,-87.615561265,POINT (-87.615561265157 41.889439389922)
JA496492,,11/02/2017 07:30:00 PM,30,TRAFFIC SIGNAL,FUNCTIONING PROPERLY,RAIN,"DARKNESS, LIGHTED ROAD",REAR END,NOT DIVIDED,2,STRAIGHT AND LEVEL,WET,NO DEFECTS,NOT ON SCENE (DESK REPORT),NO INJURY / DRIVE AWAY,,,,"OVER $1,500",11/02/2017 08:05:00 PM,EXCEEDING SAFE SPEED FOR CONDITIONS,DRIVING SKILLS/KNOWLEDGE/EXPERIENCE,4400,W,47TH ST,815,,,,,,,2,NO INDICATION OF INJURY,0,0,0,0,0,2,0,19,5,11,41.807856045,-87.733434551,POINT (-87.733434550527 41.807856044504)
JA496520,,11/02/2017 07:45:00 PM,30,NO CONTROLS,NO CONTROLS,CLEAR,"DARKNESS, LIGHTED ROAD",SIDESWIPE SAME DIRECTION,NOT DIVIDED,4,STRAIGHT AND LEVEL,WET,NO DEFECTS,NOT ON SCENE (DESK REPORT),NO INJURY / DRIVE AWAY,,,,$500 OR LESS,11/02/2017 08:22:00 PM,UNABLE TO DETERMINE,UNABLE TO DETERMINE,10200,S,STATE ST,511,,,,,,,2,NO INDICATION OF INJURY,0,0,0,0,0,2,0,19,5,11,41.708937377,-87.623704257,POINT (-87.623704256889 41.708937376755)
JA501476,,11/02/2017 07:50:00 PM,30,TRAFFIC SIGNAL,FUNCTIONING PROPERLY,CLEAR,"DARKNESS, LIGHTED ROAD",REAR END,DIVIDED - W/MEDIAN (NOT RAISED),4,STRAIGHT AND LEVEL,DRY,NO DEFECTS,NOT ON SCENE (DESK REPORT),NO INJURY / DRIVE AWAY,,,,"OVER $1,500",11/06/2017 05:14:00 PM,FAILING TO REDUCE SPEED TO AVOID CRASH,DRIVING SKILLS/KNOWLEDGE/EXPERIENCE,10,W,83RD ST,631,,,,,,,2,NO INDICATION OF INJURY,0,0,0,0,0,2,0,19,5,11,41.743758628,-87.624749698,POINT (-87.624749698267 41.74375862839)
JA496577,,11/02/2017 08:00:00 PM,25,NO CONTROLS,NO CONTROLS,RAIN,"DARKNESS, LIGHTED ROAD",PEDESTRIAN,NOT DIVIDED,,STRAIGHT ON GRADE,WET,NO DEFECTS,ON SCENE,INJURY AND / OR TOW DUE TO CRASH,,,Y,$500 OR LESS,11/02/2017 08:08:00 PM,UNABLE TO DETERMINE,UNABLE TO DETERMINE,901,W,107TH ST,2233,,,,,,,2,"REPORTED, NOT EVIDENT",1,0,0,0,1,1,0,20,5,11,41.699508171,-87.645096068,POINT (-87.645096068445 41.699508171027)
JA497366,,11/02/2017 08:00:00 PM,30,NO CONTROLS,NO CONTROLS,CLEAR,DARKNESS,PARKED MOTOR VEHICLE,NOT DIVIDED,,STRAIGHT AND LEVEL,DRY,NO DEFECTS,NOT ON SCENE (DESK REPORT),NO INJURY / DRIVE AWAY,,,Y,"$501 - $1,500",11/03/2017 02:53:00 PM,UNABLE TO DETERMINE,NOT APPLICABLE,1526,W,21ST ST,1235,,,,,,,2,NO INDICATION OF INJURY,0,0,0,0,0,1,0,20,5,11,41.854304788,-87.664711592,POINT (-87.664711592301 41.854304787577)
JA496531,,11/02/2017 08:00:00 PM,20,NO CONTROLS,NO CONTROLS,UNKNOWN,"DARKNESS, LIGHTED ROAD",SIDESWIPE SAME DIRECTION,ONE-WAY,,STRAIGHT AND LEVEL,WET,UNKNOWN,ON SCENE,INJURY AND / OR TOW DUE TO CRASH,,,,"OVER $1,500",11/02/2017 08:10:00 PM,IMPROPER LANE USAGE,NOT APPLICABLE,5318,N,WINTHROP AVE,2023,,,,,,,2,NO INDICATION OF INJURY,0,0,0,0,0,2,0,20,5,11,41.978776819,-87.658028925,POINT (-87.658028924649 41.978776818744)
JA497672,,11/02/2017 08:00:00 PM,15,STOP SIGN/FLASHER,FUNCTIONING PROPERLY,CLEAR,DAYLIGHT,ANGLE,NOT DIVIDED,,STRAIGHT AND LEVEL,DRY,NO DEFECTS,NOT ON SCENE (DESK REPORT),NO INJURY / DRIVE AWAY,,,Y,"OVER $1,500",11/03/2017 05:30:00 PM,FAILING TO YIELD RIGHT-OF-WAY,UNABLE TO DETERMINE,300,E,101ST ST,511,,,,,,,2,NO INDICATION OF INJURY,0,0,0,0,0,2,0,20,5,11,41.711031476,-87.616237609,POINT (-87.616237608819 41.711031476097)
JA496896,,11/02/2017 08:05:00 PM,35,TRAFFIC SIGNAL,FUNCTIONING PROPERLY,CLEAR,"DARKNESS, LIGHTED ROAD",SIDESWIPE SAME DIRECTION,DIVIDED - W/MEDIAN (NOT RAISED),6,STRAIGHT AND LEVEL,DRY,NO DEFECTS,NOT ON SCENE (DESK REPORT),NO INJURY / DRIVE AWAY,Y,,Y,"OVER $1,500",11/03/2017 08:30:00 AM,FAILING TO REDUCE SPEED TO AVOID CRASH,EXCEEDING SAFE SPEED FOR CONDITIONS,1000,N,MILWAUKEE AVE,1213,,,,,,,2,NO INDICATION OF INJURY,0,0,0,0,0,2,0,20,5,11,41.899759497,-87.661078061,POINT (-87.661078061362 41.899759497226)
JA496522,,11/02/2017 08:05:00 PM,30,TRAFFIC SIGNAL,FUNCTIONING PROPERLY,RAIN,DARKNESS,TURNING,NOT DIVIDED,2,STRAIGHT AND LEVEL,WET,NO DEFECTS,ON SCENE,NO INJURY / DRIVE AWAY,,,,"OVER $1,500",11/02/2017 08:15:00 PM,IMPROPER OVERTAKING/PASSING,IMPROPER OVERTAKING/PASSING,1601,W,83RD ST,614,,,,,,,2,NO INDICATION OF INJURY,0,0,0,0,0,25,0,20,5,11,41.742964896,-87.663305011,POINT (-87.663305010766 41.742964896086)
JA496576,,11/02/2017 08:20:00 PM,25,STOP SIGN/FLASHER,FUNCTIONING PROPERLY,RAIN,DARKNESS,PEDALCYCLIST,DIVIDED - W/MEDIAN (NOT RAISED),2,STRAIGHT AND LEVEL,WET,NO DEFECTS,ON SCENE,INJURY AND / OR TOW DUE TO CRASH,Y,,,$500 OR LESS,11/02/2017 08:32:00 PM,DISREGARDING STOP SIGN,NOT APPLICABLE,1900,S,CALIFORNIA AVE,1022,,,,,,,2,INCAPACITATING INJURY,1,0,1,0,0,1,0,20,5,11,41.855533524,-87.695714955,POINT (-87.695714954669 41.855533523924)
JA496562,,11/02/2017 08:30:00 PM,35,STOP SIGN/FLASHER,FUNCTIONING PROPERLY,RAIN,"DARKNESS, LIGHTED ROAD",SIDESWIPE SAME DIRECTION,ONE-WAY,,STRAIGHT AND LEVEL,WET,NO DEFECTS,NOT ON SCENE (DESK REPORT),NO INJURY / DRIVE AWAY,,,,"$501 - $1,500",11/02/2017 09:00:00 PM,UNABLE TO DETERMINE,UNABLE TO DETERMINE,850,N,DEARBORN ST,1832,,,,,,,2,NO INDICATION OF INJURY,0,0,0,0,0,2,0,20,5,11,41.898091151,-87.62996551,POINT (-87.629965509747 41.898091151115)
JA496603,,11/02/2017 08:30:00 PM,35,TRAFFIC SIGNAL,FUNCTIONING PROPERLY,CLEAR,"DARKNESS, LIGHTED ROAD",SIDESWIPE SAME DIRECTION,ONE-WAY,2,STRAIGHT AND LEVEL,DRY,NO DEFECTS,NOT ON SCENE (DESK REPORT),NO INJURY / DRIVE AWAY,,,,$500 OR LESS,11/02/2017 08:30:00 PM,FAILING TO YIELD RIGHT-OF-WAY,UNABLE TO DETERMINE,700,N,FAIRBANKS CT,1834,,,,,,,2,NO INDICATION OF INJURY,0,0,0,0,0,2,0,20,5,11,41.895050145,-87.620470614,POINT (-87.620470614342 41.89505014535)
JA497736,,11/02/2017 08:30:00 PM,30,TRAFFIC SIGNAL,FUNCTIONING PROPERLY,RAIN,"DARKNESS, LIGHTED ROAD",ANGLE,NOT DIVIDED,2,STRAIGHT AND LEVEL,WET,UNKNOWN,NOT ON SCENE (DESK REPORT),NO INJURY / DRIVE AWAY,Y,,,"OVER $1,500",11/03/2017 06:40:00 PM,DISREGARDING TRAFFIC SIGNALS,NOT APPLICABLE,1600,W,CHICAGO AVE,1213,,,,,,,2,NO INDICATION OF INJURY,0,0,0,0,0,2,0,20,5,11,41.896182324,-87.667356064,POINT (-87.667356064232 41.896182324222)
JA496574,,11/02/2017 08:54:00 PM,15,TRAFFIC SIGNAL,FUNCTIONING PROPERLY,CLEAR,"DARKNESS, LIGHTED ROAD",REAR END,NOT DIVIDED,,STRAIGHT AND LEVEL,WET,NO DEFECTS,ON SCENE,INJURY AND / OR TOW DUE TO CRASH,N,,Y,"OVER $1,500",11/02/2017 08:57:00 PM,FOLLOWING TOO CLOSELY,"OPERATING VEHICLE IN ERRATIC, RECKLESS, CARELESS, NEGLIGENT OR AGGRESSIVE MANNER",6301,S,MELVINA AVE,812,,,,,,,2,"REPORTED, NOT EVIDENT",1,0,0,0,1,1,0,20,5,11,41.777726147,-87.776232115,POINT (-87.776232114731 41.777726146568)
JA496688,Y,11/02/2017 09:00:00 PM,30,UNKNOWN,NO CONTROLS,RAIN,"DARKNESS, LIGHTED ROAD",PEDESTRIAN,ALLEY,1,STRAIGHT AND LEVEL,WET,NO DEFECTS,NOT ON SCENE (DESK REPORT),INJURY AND / OR TOW DUE TO CRASH,,,,$500 OR LESS,11/02/2017 10:36:00 PM,UNABLE TO DETERMINE,UNABLE TO DETERMINE,4934,S,KEDZIE AVE,821,,,,,,,2,NONINCAPACITATING INJURY,1,0,0,1,0,1,0,21,5,11,41.803445713,-87.703986272,POINT (-87.70398627177 41.803445713074)
JA496570,,11/02/2017 09:05:00 PM,25,NO CONTROLS,NO CONTROLS,CLOUDY/OVERCAST,"DARKNESS, LIGHTED ROAD",FIXED OBJECT,DIVIDED - W/MEDIAN BARRIER,3,"CURVE, LEVEL",WET,NO DEFECTS,ON SCENE,NO INJURY / DRIVE AWAY,,,,"OVER $1,500",11/02/2017 09:13:00 PM,WEATHER,EXCEEDING SAFE SPEED FOR CONDITIONS,1000,N,LAKE SHORE DR SB,1824,,,,,,,1,NO INDICATION OF INJURY,0,0,0,0,0,1,0,21,5,11,41.900958919,-87.619928174,POINT (-87.619928173678 41.900958919109)
JA496627,,11/02/2017 09:12:00 PM,30,NO CONTROLS,NO CONTROLS,CLEAR,"DARKNESS, LIGHTED ROAD",PARKED MOTOR VEHICLE,NOT DIVIDED,2,STRAIGHT AND LEVEL,WET,NO DEFECTS,ON SCENE,NO INJURY / DRIVE AWAY,,,Y,"OVER $1,500",11/02/2017 09:38:00 PM,UNABLE TO DETERMINE,UNABLE TO DETERMINE,1062,N,MILWAUKEE AVE,1213,,,,,,,2,NO INDICATION OF INJURY,0,0,0,0,0,1,0,21,5,11,41.901102965,-87.663198449,POINT (-87.663198448929 41.901102964506)
JA496655,,11/02/2017 09:20:00 PM,30,NO CONTROLS,NO CONTROLS,RAIN,"DARKNESS, LIGHTED ROAD",OTHER OBJECT,NOT DIVIDED,4,STRAIGHT AND LEVEL,WET,NO DEFECTS,ON SCENE,INJURY AND / OR TOW DUE TO CRASH,,,,"OVER $1,500",11/02/2017 09:54:00 PM,WEATHER,NOT APPLICABLE,6732,S,SOUTH SHORE DR,331,,N,,,,,1,NO INDICATION OF INJURY,0,0,0,0,0,1,0,21,5,11,41.772569931,-87.566764981,POINT (-87.566764980816 41.772569930802)
JA496595,,11/02/2017 09:20:00 PM,30,NO CONTROLS,FUNCTIONING PROPERLY,CLEAR,"DARKNESS, LIGHTED ROAD",SIDESWIPE OPPOSITE DIRECTION,DIVIDED - W/MEDIAN (NOT RAISED),2,STRAIGHT AND LEVEL,WET,NO DEFECTS,ON SCENE,INJURY AND / OR TOW DUE TO CRASH,,Y,,"OVER $1,500",11/02/2017 09:25:00 PM,PHYSICAL CONDITION OF DRIVER,NOT APPLICABLE,717,E,79TH ST,624,,,,,,,2,INCAPACITATING INJURY,4,0,1,3,0,3,0,21,5,11,41.75114605,-87.606922901,POINT (-87.606922901046 41.751146050129)
JA496614,,11/02/2017 09:20:00 PM,25,UNKNOWN,UNKNOWN,OTHER,DARKNESS,REAR END,NOT DIVIDED,2,STRAIGHT AND LEVEL,WET,UNKNOWN,NOT ON SCENE (DESK REPORT),NO INJURY / DRIVE AWAY,,,,$500 OR LESS,11/02/2017 10:00:00 PM,FOLLOWING TOO CLOSELY,UNABLE TO DETERMINE,2800,N,CLARK ST,1934,,,,,,,2,NO INDICATION OF INJURY,0,0,0,0,0,2,0,21,5,11,41.9328287,-87.645080351,POINT (-87.645080351015 41.932828699843)
JA496643,,11/02/2017 09:35:00 PM,30,NO CONTROLS,NO CONTROLS,RAIN,"DARKNESS, LIGHTED ROAD",PARKED MOTOR VEHICLE,NOT DIVIDED,2,STRAIGHT AND LEVEL,WET,NO DEFECTS,ON SCENE,INJURY AND / OR TOW DUE TO CRASH,,,,"OVER $1,500",11/02/2017 09:35:00 PM,IMPROPER BACKING,NOT APPLICABLE,5845,S,SHIELDS AVE,711,,,,,,,2,NO INDICATION OF INJURY,0,0,0,0,0,3,0,21,5,11,41.787598123,-87.633881082,POINT (-87.633881081585 41.787598122863)
JA497237,,11/02/2017 09:45:00 PM,30,NO CONTROLS,NO CONTROLS,CLEAR,"DARKNESS, LIGHTED ROAD",REAR END,DIVIDED - W/MEDIAN (NOT RAISED),2,STRAIGHT AND LEVEL,DRY,NO DEFECTS,NOT ON SCENE (DESK REPORT),NO INJURY / DRIVE AWAY,,,,"$501 - $1,500",11/03/2017 01:00:00 PM,UNABLE TO DETERMINE,UNABLE TO DETERMINE,2529,N,HALSTED ST,1935,,,,,,,2,NO INDICATION OF INJURY,0,0,0,0,0,2,0,21,5,11,41.928112239,-87.648709116,POINT (-87.648709115754 41.928112239456)
JA496626,,11/02/2017 09:48:00 PM,30,NO CONTROLS,NO CONTROLS,RAIN,"DARKNESS, LIGHTED ROAD",TURNING,NOT DIVIDED,2,STRAIGHT AND LEVEL,WET,NO DEFECTS,ON SCENE,NO INJURY / DRIVE AWAY,Y,,,$500 OR LESS,11/02/2017 10:14:00 PM,FAILING TO YIELD RIGHT-OF-WAY,FAILING TO YIELD RIGHT-OF-WAY,8400,S,VINCENNES AVE,622,,,,,,,2,NO INDICATION OF INJURY,0,0,0,0,0,3,0,21,5,11,41.741409589,-87.638431491,POINT (-87.638431490943 41.741409588823)
JA496618,,11/02/2017 09:50:00 PM,30,NO CONTROLS,NO CONTROLS,CLEAR,"DARKNESS, LIGHTED ROAD",ANGLE,PARKING LOT,2,STRAIGHT AND LEVEL,DRY,NO DEFECTS,NOT ON SCENE (DESK REPORT),NO INJURY / DRIVE AWAY,,Y,,"$501 - $1,500",11/02/2017 09:55:00 PM,IMPROPER BACKING,IMPROPER BACKING,2350,N,CENTRAL AVE,2515,,,,,,,2,NO INDICATION OF INJURY,0,0,0,0,0,3,0,21,5,11,41.923661062,-87.766125517,POINT (-87.766125517117 41.923661062297)
JA496624,,11/02/2017 09:50:00 PM,30,TRAFFIC SIGNAL,FUNCTIONING PROPERLY,RAIN,"DARKNESS, LIGHTED ROAD",REAR END,DIVIDED - W/MEDIAN (NOT RAISED),4,STRAIGHT AND LEVEL,WET,UNKNOWN,NOT ON SCENE (DESK REPORT),NO INJURY / DRIVE AWAY,,,,"$501 - $1,500",11/02/2017 10:00:00 PM,FOLLOWING TOO CLOSELY,NOT APPLICABLE,3958,W,NORTH AVE,2535,,,,,,,2,NO INDICATION OF INJURY,0,0,0,0,0,2,0,21,5,11,41.909997157,-87.726281956,POINT (-87.726281955572 41.909997157489)