RD_NO,CRASH_DATE_EST_I,CRASH_DATE,POSTED_SPEED_LIMIT,TRAFFIC_CONTROL_DEVICE,DEVICE_CONDITION,WEATHER_CONDITION,LIGHTING_CONDITION,FIRST_CRASH_TYPE,TRAFFICWAY_TYPE,LANE_CNT,ALIGNMENT,ROADWAY_SURFACE_COND,ROAD_DEFECT,REPORT_TYPE,CRASH_TYPE,INTERSECTION_RELATED_I,NOT_RIGHT_OF_WAY_I,HIT_AND_RUN_I,DAMAGE,DATE_POLICE_NOTIFIED,PRIM_CONTRIBUTORY_CAUSE,SEC_CONTRIBUTORY_CAUSE,STREET_NO,STREET_DIRECTION,STREET_NAME,BEAT_OF_OCCURRENCE,PHOTOS_TAKEN_I,STATEMENTS_TAKEN_I,DOORING_I,WORK_ZONE_I,WORK_ZONE_TYPE,WORKERS_PRESENT_I,NUM_UNITS,MOST_SEVERE_INJURY,INJURIES_TOTAL,INJURIES_FATAL,INJURIES_INCAPACITATING,INJURIES_NON_INCAPACITATING,INJURIES_REPORTED_NOT_EVIDENT,INJURIES_NO_INDICATION,INJURIES_UNKNOWN,CRASH_HOUR,CRASH_DAY_OF_WEEK,CRASH_MONTH,LATITUDE,LONGITUDE,LOCATION
JA496623,,11/02/2017 09:51:00 PM,40,NO CONTROLS,NO CONTROLS,CLEAR,"DARKNESS, LIGHTED ROAD",REAR END,DIVIDED - W/MEDIAN BARRIER,4,STRAIGHT AND LEVEL,WET,NO DEFECTS,ON SCENE,INJURY AND / OR TOW DUE TO CRASH,,,,"OVER $1,500",11/02/2017 09:57:00 PM,UNABLE TO DETERMINE,UNABLE TO DETERMINE,2300,N,LAKE SHORE DR SB,1814,,,,,,,2,NO INDICATION OF INJURY,0,0,0,0,0,2,0,21,5,11,41.923797792,-87.630777267,POINT (-87.630777266631 41.923797791573)
JA496644,,11/02/2017 09:55:00 PM,30,NO CONTROLS,NO CONTROLS,RAIN,"DARKNESS, LIGHTED ROAD",FIXED OBJECT,DIVIDED - W/MEDIAN (NOT RAISED),4,STRAIGHT AND LEVEL,WET,NO DEFECTS,ON SCENE,INJURY AND / OR TOW DUE TO CRASH,,,,"$501 - $1,500",11/02/2017 09:55:00 PM,"OPERATING VEHICLE IN ERRATIC, RECKLESS, CARELESS, NEGLIGENT OR AGGRESSIVE MANNER",NOT APPLICABLE,10241,S,HALSTED ST,2232,,,,,,,1,NO INDICATION OF INJURY,0,0,0,0,0,3,0,21,5,11,41.70751847,-87.642704444,POINT (-87.642704443993 41.70751846952)
JA501721,,11/02/2017 10:00:00 PM,30,NO CONTROLS,NO CONTROLS,UNKNOWN,DARKNESS,PARKED MOTOR VEHICLE,NOT DIVIDED,2,STRAIGHT AND LEVEL,UNKNOWN,NO DEFECTS,ON SCENE,NO INJURY / DRIVE AWAY,,,,"OVER $1,500",11/06/2017 06:46:00 PM,NOT APPLICABLE,NOT APPLICABLE,1010,W,32ND PL,913,,,,,,,2,NO INDICATION OF INJURY,0,0,0,0,0,1,0,22,5,11,41.835376075,-87.651528621,POINT (-87.651528621232 41.835376075344)
JA500707,,11/02/2017 10:00:00 PM,30,NO CONTROLS,NO CONTROLS,RAIN,DARKNESS,REAR END,OTHER,,STRAIGHT AND LEVEL,WET,NO DEFECTS,NOT ON SCENE (DESK REPORT),INJURY AND / OR TOW DUE TO CRASH,,,,$500 OR LESS,11/06/2017 07:56:00 AM,UNABLE TO DETERMINE,UNABLE TO DETERMINE,7904,S,STONY ISLAND AVE,411,,,,,,,2,"REPORTED, NOT EVIDENT",2,0,0,0,2,2,0,22,5,11,41.751213491,-87.585967001,POINT (-87.585967000776 41.751213491275)
JA496675,,11/02/2017 10:15:00 PM,30,NO CONTROLS,NO CONTROLS,CLEAR,"DARKNESS, LIGHTED ROAD",PARKED MOTOR VEHICLE,ONE-WAY,,STRAIGHT AND LEVEL,WET,NO DEFECTS,NOT ON SCENE (DESK REPORT),NO INJURY / DRIVE AWAY,,,,"$501 - $1,500",11/02/2017 10:45:00 PM,HAD BEEN DRINKING (USE WHEN ARREST IS NOT MADE),IMPROPER BACKING,4145,W,HIRSCH ST,2534,,,,,,,2,NO INDICATION OF INJURY,0,0,0,0,0,1,0,22,5,11,41.906117124,-87.730691489,POINT (-87.730691489361 41.906117124172)
JA497931,,11/02/2017 10:20:00 PM,30,NO CONTROLS,NO CONTROLS,CLEAR,DARKNESS,ANGLE,NOT DIVIDED,,STRAIGHT AND LEVEL,DRY,NO DEFECTS,NOT ON SCENE (DESK REPORT),NO INJURY / DRIVE AWAY,Y,,,"OVER $1,500",11/03/2017 09:52:00 PM,UNABLE TO DETERMINE,UNABLE TO DETERMINE,7807,S,CICERO AVE,834,,,,,,,2,NO INDICATION OF INJURY,0,0,0,0,0,2,0,22,5,11,41.75072749,-87.741268602,POINT (-87.741268602094 41.750727490036)
JA496654,,11/02/2017 10:21:00 PM,30,STOP SIGN/FLASHER,FUNCTIONING PROPERLY,CLEAR,"DARKNESS, LIGHTED ROAD",REAR END,ONE-WAY,1,STRAIGHT AND LEVEL,WET,NO DEFECTS,ON SCENE,NO INJURY / DRIVE AWAY,,,Y,"$501 - $1,500",11/02/2017 10:35:00 PM,FOLLOWING TOO CLOSELY,DRIVING SKILLS/KNOWLEDGE/EXPERIENCE,4015,W,THOMAS ST,1111,,,,,,,2,NO INDICATION OF INJURY,0,0,0,0,0,2,0,22,5,11,41.900723596,-87.726951928,POINT (-87.726951927585 41.900723595508)
JA496662,,11/02/2017 10:27:00 PM,30,NO CONTROLS,NO CONTROLS,CLEAR,"DARKNESS, LIGHTED ROAD",SIDESWIPE SAME DIRECTION,NOT DIVIDED,,STRAIGHT AND LEVEL,WET,NO DEFECTS,ON SCENE,INJURY AND / OR TOW DUE TO CRASH,,,,"OVER $1,500",11/02/2017 10:30:00 PM,FAILING TO YIELD RIGHT-OF-WAY,IMPROPER LANE USAGE,3365,W,DEVON AVE,1711,,,,,,,2,NO INDICATION OF INJURY,0,0,0,0,0,2,0,22,5,11,41.99720058,-87.714158056,POINT (-87.71415805636 41.997200579831)
JA496678,,11/02/2017 10:30:00 PM,35,NO CONTROLS,NO CONTROLS,CLEAR,DARKNESS,OVERTURNED,DIVIDED - W/MEDIAN (NOT RAISED),2,"CURVE, LEVEL",WET,NO DEFECTS,ON SCENE,INJURY AND / OR TOW DUE TO CRASH,,,,"$501 - $1,500",11/02/2017 10:35:00 PM,UNABLE TO DETERMINE,NOT APPLICABLE,1932,E,MARQUETTE DR,331,,,,,,,1,"REPORTED, NOT EVIDENT",1,0,0,0,1,0,0,22,5,11,41.776043137,-87.577977201,POINT (-87.577977201256 41.776043136513)
JA496701,,11/02/2017 10:34:00 PM,30,TRAFFIC SIGNAL,FUNCTIONING PROPERLY,CLEAR,"DARKNESS, LIGHTED ROAD",SIDESWIPE SAME DIRECTION,DIVIDED - W/MEDIAN BARRIER,2,STRAIGHT AND LEVEL,DRY,NO DEFECTS,ON SCENE,INJURY AND / OR TOW DUE TO CRASH,Y,,,"OVER $1,500",11/02/2017 10:37:00 PM,FAILING TO REDUCE SPEED TO AVOID CRASH,IMPROPER OVERTAKING/PASSING,5500,S,PRINCETON AVE,711,,Y,,,,,2,INCAPACITATING INJURY,6,0,1,5,0,0,0,22,5,11,41.794081881,-87.633134703,POINT (-87.633134703265 41.794081881074)
JA469713,,11/02/2017 11:00:00 PM,35,NO CONTROLS,NO CONTROLS,CLEAR,"DARKNESS, LIGHTED ROAD",PARKED MOTOR VEHICLE,ALLEY,,STRAIGHT AND LEVEL,DRY,NO DEFECTS,ON SCENE,NO INJURY / DRIVE AWAY,,,,"OVER $1,500",11/02/2017 11:30:00 PM,NOT APPLICABLE,NOT APPLICABLE,100,E,LAKE ST,114,,,,,,,2,NO INDICATION OF INJURY,0,0,0,0,0,1,0,23,5,11,41.885864153,-87.624485528,POINT (-87.624485528482 41.88586415331)
JA497574,,11/02/2017 11:20:00 PM,30,TRAFFIC SIGNAL,FUNCTIONING PROPERLY,CLEAR,"DARKNESS, LIGHTED ROAD",ANGLE,NOT DIVIDED,,STRAIGHT AND LEVEL,DRY,UNKNOWN,NOT ON SCENE (DESK REPORT),NO INJURY / DRIVE AWAY,,,,"OVER $1,500",11/03/2017 04:57:00 PM,DRIVING SKILLS/KNOWLEDGE/EXPERIENCE,NOT APPLICABLE,7100,S,ROCKWELL ST,831,,,,,,,2,NO INDICATION OF INJURY,0,0,0,0,0,2,0,23,5,11,41.764524555,-87.688279929,POINT (-87.68827992898 41.764524555088)
JA496705,,11/02/2017 11:28:00 PM,35,TRAFFIC SIGNAL,FUNCTIONING PROPERLY,CLEAR,"DARKNESS, LIGHTED ROAD",REAR END,DIVIDED - W/MEDIAN (NOT RAISED),,STRAIGHT AND LEVEL,DRY,NO DEFECTS,ON SCENE,INJURY AND / OR TOW DUE TO CRASH,Y,,,"OVER $1,500",11/02/2017 11:30:00 PM,FOLLOWING TOO CLOSELY,UNDER THE INFLUENCE OF ALCOHOL/DRUGS (USE WHEN ARREST IS EFFECTED),1335,W,GRAND AVE,1215,,,,,,,2,NO INDICATION OF INJURY,0,0,0,0,0,4,0,23,5,11,41.890937735,-87.6603996,POINT (-87.660399600365 41.890937734822)
JA496748,,11/02/2017 11:30:00 PM,30,NO CONTROLS,NO CONTROLS,CLOUDY/OVERCAST,"DARKNESS, LIGHTED ROAD",REAR END,DIVIDED - W/MEDIAN (NOT RAISED),,STRAIGHT AND LEVEL,UNKNOWN,WORN SURFACE,NOT ON SCENE (DESK REPORT),NO INJURY / DRIVE AWAY,,,,"OVER $1,500",11/03/2017 12:25:00 AM,FOLLOWING TOO CLOSELY,NOT APPLICABLE,8930,S,SOUTH CHICAGO AVE,423,,,,,,,2,NO INDICATION OF INJURY,0,0,0,0,0,3,0,23,5,11,41.732928005,-87.559979196,POINT (-87.55997919609 41.732928005493)
JA498048,,11/02/2017 11:43:00 PM,30,TRAFFIC SIGNAL,UNKNOWN,CLEAR,"DARKNESS, LIGHTED ROAD",PEDESTRIAN,DIVIDED - W/MEDIAN (NOT RAISED),,STRAIGHT AND LEVEL,UNKNOWN,UNKNOWN,ON SCENE,NO INJURY / DRIVE AWAY,Y,,,"$501 - $1,500",11/02/2017 11:43:00 PM,UNABLE TO DETERMINE,NOT APPLICABLE,5555,W,NORTH AVE,2532,,,,,,,2,NO INDICATION OF INJURY,0,0,0,0,0,3,0,23,5,11,41.909274567,-87.765187785,POINT (-87.765187784962 41.909274566712)
JA496720,,11/02/2017 11:44:00 PM,30,NO CONTROLS,NO CONTROLS,CLEAR,"DARKNESS, LIGHTED ROAD",SIDESWIPE SAME DIRECTION,NOT DIVIDED,2,STRAIGHT AND LEVEL,WET,NO DEFECTS,ON SCENE,INJURY AND / OR TOW DUE TO CRASH,,,,"OVER $1,500",11/02/2017 11:46:00 PM,IMPROPER OVERTAKING/PASSING,NOT APPLICABLE,517,E,60TH ST,313,,,,,,,2,NO INDICATION OF INJURY,0,0,0,0,0,2,0,23,5,11,41.785649155,-87.612554752,POINT (-87.612554752487 41.785649155067)
JA496721,,11/02/2017 11:45:00 PM,40,NO CONTROLS,NO CONTROLS,CLEAR,"DARKNESS, LIGHTED ROAD",SIDESWIPE SAME DIRECTION,DIVIDED - W/MEDIAN BARRIER,,STRAIGHT ON GRADE,WET,NO DEFECTS,ON SCENE,INJURY AND / OR TOW DUE TO CRASH,,,Y,"OVER $1,500",11/02/2017 11:51:00 PM,IMPROPER OVERTAKING/PASSING,DISREGARDING ROAD MARKINGS,4300,S,LAKE SHORE DR NB,222,,,,,,,2,NO INDICATION OF INJURY,0,0,0,0,0,2,0,23,5,11,41.816792926,-87.594948019,POINT (-87.594948019195 41.816792926274)
JA496708,,11/02/2017 11:46:00 PM,30,NO CONTROLS,NO CONTROLS,CLEAR,"DARKNESS, LIGHTED ROAD",SIDESWIPE SAME DIRECTION,NOT DIVIDED,,STRAIGHT AND LEVEL,DRY,NO DEFECTS,ON SCENE,INJURY AND / OR TOW DUE TO CRASH,,,,$500 OR LESS,11/02/2017 11:46:00 PM,UNDER THE INFLUENCE OF ALCOHOL/DRUGS (USE WHEN ARREST IS EFFECTED),EXCEEDING AUTHORIZED SPEED LIMIT,323,E,PERSHING RD,213,,,,,,,2,NO INDICATION OF INJURY,0,0,0,0,0,3,0,23,5,11,41.823705232,-87.618380433,POINT (-87.618380433494 41.823705232292)
JA496717,Y,11/02/2017 11:49:00 PM,30,TRAFFIC SIGNAL,FUNCTIONING PROPERLY,RAIN,"DARKNESS, LIGHTED ROAD",FIXED OBJECT,DIVIDED - W/MEDIAN (NOT RAISED),4,STRAIGHT AND LEVEL,WET,NO DEFECTS,ON SCENE,INJURY AND / OR TOW DUE TO CRASH,Y,,,"$501 - $1,500",11/03/2017 12:08:00 AM,UNABLE TO DETERMINE,NOT APPLICABLE,247,W,47TH ST,935,,,,,,,1,NONINCAPACITATING INJURY,1,0,0,1,0,0,0,23,5,11,41.808991326,-87.632608702,POINT (-87.632608701577 41.808991326336)
JA496715,,11/02/2017 11:50:00 PM,35,NO CONTROLS,NO CONTROLS,CLEAR,"DARKNESS, LIGHTED ROAD",FIXED OBJECT,NOT DIVIDED,2,STRAIGHT AND LEVEL,DRY,NO DEFECTS,ON SCENE,NO INJURY / DRIVE AWAY,,,,"OVER $1,500",11/02/2017 11:53:00 PM,"EVASIVE ACTION DUE TO ANIMAL, OBJECT, NONMOTORIST","EVASIVE ACTION DUE TO ANIMAL, OBJECT, NONMOTORIST",7011,N,CALDWELL AVE,1621,,,,,,,1,NO INDICATION OF INJURY,0,0,0,0,0,1,0,23,5,11,42.007635047,-87.784822713,POINT (-87.784822713012 42.00763504696)
JA496723,,11/03/2017 12:10:00 AM,30,NO CONTROLS,NO CONTROLS,CLEAR,"DARKNESS, LIGHTED ROAD",PARKED MOTOR VEHICLE,OTHER,1,STRAIGHT AND LEVEL,WET,NO DEFECTS,ON SCENE,NO INJURY / DRIVE AWAY,,,,$500 OR LESS,11/03/2017 12:15:00 AM,IMPROPER BACKING,NOT APPLICABLE,4703,N,HAMLIN AVE,1723,,,,,,,2,NO INDICATION OF INJURY,0,0,0,0,0,1,0,0,6,11,41.966584401,-87.722946756,POINT (-87.722946756237 41.966584400665)
JA496769,,11/03/2017 12:20:00 AM,30,TRAFFIC SIGNAL,FUNCTIONING PROPERLY,RAIN,"DARKNESS, LIGHTED ROAD",ANGLE,NOT DIVIDED,,STRAIGHT AND LEVEL,WET,NO DEFECTS,NOT ON SCENE (DESK REPORT),INJURY AND / OR TOW DUE TO CRASH,Y,,,"OVER $1,500",11/03/2017 01:05:00 AM,FAILING TO YIELD RIGHT-OF-WAY,NOT APPLICABLE,300,W,LAKE ST,122,,,,,,,2,"REPORTED, NOT EVIDENT",3,0,0,0,3,2,0,0,6,11,41.885846166,-87.63547453,POINT (-87.635474529551 41.88584616588)
JA497521,N,11/03/2017 01:00:00 AM,30,NO CONTROLS,NO CONTROLS,CLEAR,UNKNOWN,PARKED MOTOR VEHICLE,DIVIDED - W/MEDIAN (NOT RAISED),,STRAIGHT AND LEVEL,UNKNOWN,NO DEFECTS,NOT ON SCENE (DESK REPORT),NO INJURY / DRIVE AWAY,,,Y,"$501 - $1,500",11/03/2017 04:20:00 PM,UNABLE TO DETERMINE,UNABLE TO DETERMINE,1601,W,CHASE AVE,2423,,,,,,,2,NO INDICATION OF INJURY,0,0,0,0,0,1,0,1,6,11,42.013729064,-87.670343132,POINT (-87.670343132165 42.01372906422)
JA496905,Y,11/03/2017 01:10:00 AM,20,NO CONTROLS,NO CONTROLS,CLEAR,DARKNESS,PARKED MOTOR VEHICLE,NOT DIVIDED,,STRAIGHT AND LEVEL,DRY,NO DEFECTS,ON SCENE,INJURY AND / OR TOW DUE TO CRASH,,,Y,"OVER $1,500",11/03/2017 08:55:00 AM,FAILING TO REDUCE SPEED TO AVOID CRASH,UNABLE TO DETERMINE,2438,E,76TH ST,421,,,,,,,2,NO INDICATION OF INJURY,0,0,0,0,0,1,0,1,6,11,41.757302223,-87.564816705,POINT (-87.564816704502 41.757302223103)
JA496774,,11/03/2017 01:26:00 AM,30,TRAFFIC SIGNAL,FUNCTIONING PROPERLY,RAIN,"DARKNESS, LIGHTED ROAD",REAR END,DIVIDED - W/MEDIAN (NOT RAISED),2,STRAIGHT AND LEVEL,DRY,NO DEFECTS,ON SCENE,NO INJURY / DRIVE AWAY,,,,$500 OR LESS,11/03/2017 01:30:00 AM,DISTRACTION - FROM INSIDE VEHICLE,FOLLOWING TOO CLOSELY,408,E,63RD ST,313,,,,,,,2,NO INDICATION OF INJURY,0,0,0,0,0,3,0,1,6,11,41.780356077,-87.615230062,POINT (-87.61523006207 41.780356077341)
JA496779,,11/03/2017 01:45:00 AM,40,NO CONTROLS,UNKNOWN,CLEAR,"DARKNESS, LIGHTED ROAD",FIXED OBJECT,ONE-WAY,3,STRAIGHT AND LEVEL,DRY,UNKNOWN,NOT ON SCENE (DESK REPORT),INJURY AND / OR TOW DUE TO CRASH,,,,"OVER $1,500",11/03/2017 02:07:00 AM,UNDER THE INFLUENCE OF ALCOHOL/DRUGS (USE WHEN ARREST IS EFFECTED),PHYSICAL CONDITION OF DRIVER,5301,S,LAKE SHORE DR SB,234,,,,,,,1,NO INDICATION OF INJURY,0,0,0,0,0,1,0,1,6,11,41.799608188,-87.581260289,POINT (-87.581260288846 41.799608188394)
JA503637,,11/03/2017 02:00:00 AM,20,NO CONTROLS,NO CONTROLS,UNKNOWN,UNKNOWN,PARKED MOTOR VEHICLE,ONE-WAY,1,STRAIGHT AND LEVEL,UNKNOWN,OTHER,ON SCENE,NO INJURY / DRIVE AWAY,,,Y,$500 OR LESS,11/08/2017 11:00:00 AM,NOT APPLICABLE,UNABLE TO DETERMINE,4411,N,MOZART ST,1724,,,,Y,MAINTENANCE,,2,NO INDICATION OF INJURY,0,0,0,0,0,1,0,2,6,11,41.961619345,-87.699551658,POINT (-87.699551658259 41.961619344973)
JA496786,,11/03/2017 02:20:00 AM,35,OTHER,OTHER,CLEAR,"DARKNESS, LIGHTED ROAD",FIXED OBJECT,NOT DIVIDED,,STRAIGHT AND LEVEL,DRY,NO DEFECTS,ON SCENE,INJURY AND / OR TOW DUE TO CRASH,,,N,"$501 - $1,500",11/03/2017 02:20:00 AM,"OPERATING VEHICLE IN ERRATIC, RECKLESS, CARELESS, NEGLIGENT OR AGGRESSIVE MANNER",NOT APPLICABLE,5509,S,UNION AVE,711,,,,,,,1,NO INDICATION OF INJURY,0,0,0,0,0,1,0,2,6,11,41.793693882,-87.642563711,POINT (-87.642563710554 41.793693881534)
JA496806,,11/03/2017 03:35:00 AM,30,TRAFFIC SIGNAL,FUNCTIONING PROPERLY,CLEAR,"DARKNESS, LIGHTED ROAD",REAR END,NOT DIVIDED,4,STRAIGHT AND LEVEL,DRY,NO DEFECTS,ON SCENE,NO INJURY / DRIVE AWAY,Y,,Y,"OVER $1,500",11/03/2017 03:40:00 AM,FOLLOWING TOO CLOSELY,NOT APPLICABLE,3414,S,ARCHER AVE,912,,,,,,,2,NO INDICATION OF INJURY,0,0,0,0,0,2,0,3,6,11,41.83183073,-87.675527192,POINT (-87.675527191958 41.831830730215)
JA496811,,11/03/2017 03:54:00 AM,35,TRAFFIC SIGNAL,FUNCTIONING PROPERLY,CLEAR,"DARKNESS, LIGHTED ROAD",ANGLE,DIVIDED - W/MEDIAN BARRIER,,STRAIGHT AND LEVEL,DRY,NO DEFECTS,ON SCENE,INJURY AND / OR TOW DUE TO CRASH,Y,,,"OVER $1,500",11/03/2017 03:56:00 AM,FAILING TO REDUCE SPEED TO AVOID CRASH,UNABLE TO DETERMINE,5500,S,CICERO AVE,813,,,,,,,2,NO INDICATION OF INJURY,0,0,0,0,0,3,0,3,6,11,41.792910883,-87.742077343,POINT (-87.742077342959 41.792910883497)
JA498789,,11/03/2017 04:00:00 AM,30,NO CONTROLS,NO CONTROLS,CLEAR,DARKNESS,PARKED MOTOR VEHICLE,DIVIDED - W/MEDIAN (NOT RAISED),2,STRAIGHT AND LEVEL,DRY,NO DEFECTS,NOT ON SCENE (DESK REPORT),NO INJURY / DRIVE AWAY,,,Y,"OVER $1,500",11/04/2017 03:30:00 PM,UNABLE TO DETERMINE,UNABLE TO DETERMINE,3604,N,OAK PARK AVE,1632,,,,,,,2,NO INDICATION OF INJURY,0,0,0,0,0,1,0,4,6,11,41.945671737,-87.796142266,POINT (-87.796142265829 41.945671736559)
JA496820,N,11/03/2017 04:34:00 AM,20,NO CONTROLS,NO CONTROLS,CLEAR,DARKNESS,OTHER OBJECT,ALLEY,1,STRAIGHT AND LEVEL,UNKNOWN,NO DEFECTS,ON SCENE,NO INJURY / DRIVE AWAY,,,,$500 OR LESS,11/03/2017 05:00:00 AM,UNABLE TO DETERMINE,UNABLE TO DETERMINE,2352,S,ASHLAND AVE,1034,,,,N,,,1,NO INDICATION OF INJURY,0,0,0,0,0,1,0,4,6,11,41.848874556,-87.666125923,POINT (-87.666125923002 41.848874555502)
JA496819,,11/03/2017 04:44:00 AM,30,TRAFFIC SIGNAL,FUNCTIONING PROPERLY,CLEAR,"DARKNESS, LIGHTED ROAD",SIDESWIPE SAME DIRECTION,NOT DIVIDED,4,STRAIGHT AND LEVEL,DRY,NO DEFECTS,ON SCENE,INJURY AND / OR TOW DUE TO CRASH,,,Y,"OVER $1,500",11/03/2017 04:46:00 AM,"OPERATING VEHICLE IN ERRATIC, RECKLESS, CARELESS, NEGLIGENT OR AGGRESSIVE MANNER",NOT APPLICABLE,6500,N,CLARK ST,2432,,,,,,,3,"REPORTED, NOT EVIDENT",1,0,0,0,1,4,0,4,6,11,41.999936404,-87.67138055,POINT (-87.671380550014 41.999936403912)
JA505974,,11/03/2017 05:25:00 AM,35,TRAFFIC SIGNAL,FUNCTIONING PROPERLY,CLEAR,"DARKNESS, LIGHTED ROAD",REAR END,DIVIDED - W/MEDIAN BARRIER,6,STRAIGHT AND LEVEL,DRY,NO DEFECTS,NOT ON SCENE (DESK REPORT),NO INJURY / DRIVE AWAY,Y,,,"OVER $1,500",11/10/2017 06:20:00 AM,FAILING TO REDUCE SPEED TO AVOID CRASH,EXCEEDING SAFE SPEED FOR CONDITIONS,400,N,DEARBORN ST,1831,,,,,,,2,NO INDICATION OF INJURY,0,0,0,0,0,2,0,5,6,11,41.889269528,-87.629735331,POINT (-87.629735331044 41.889269528172)
JA496831,,11/03/2017 05:30:00 AM,30,TRAFFIC SIGNAL,FUNCTIONING PROPERLY,CLEAR,"DARKNESS, LIGHTED ROAD",SIDESWIPE SAME DIRECTION,DIVIDED - W/MEDIAN BARRIER,7,STRAIGHT AND LEVEL,DRY,NO DEFECTS,NOT ON SCENE (DESK REPORT),NO INJURY / DRIVE AWAY,,,,"OVER $1,500",11/03/2017 06:05:00 AM,FAILING TO YIELD RIGHT-OF-WAY,NOT APPLICABLE,211,S,MICHIGAN AVE,114,,,,,,,2,NO INDICATION OF INJURY,0,0,0,0,0,2,0,5,6,11,41.879263686,-87.624199353,POINT (-87.624199353001 41.879263686381)
JA496828,,11/03/2017 05:50:00 AM,30,STOP SIGN/FLASHER,FUNCTIONING PROPERLY,CLEAR,"DARKNESS, LIGHTED ROAD",ANGLE,DIVIDED - W/MEDIAN (NOT RAISED),0,STRAIGHT AND LEVEL,DRY,NO DEFECTS,ON SCENE,INJURY AND / OR TOW DUE TO CRASH,Y,,,"OVER $1,500",11/03/2017 05:54:00 AM,FAILING TO YIELD RIGHT-OF-WAY,NOT APPLICABLE,4300,N,LARAMIE AVE,1624,,,,,,,2,NO INDICATION OF INJURY,0,0,0,0,0,2,0,5,6,11,41.958819269,-87.757474373,POINT (-87.757474373098 41.958819269036)
JA496859,,11/03/2017 06:43:00 AM,30,NO CONTROLS,NO CONTROLS,CLEAR,DAWN,SIDESWIPE SAME DIRECTION,DIVIDED - W/MEDIAN (NOT RAISED),2,STRAIGHT AND LEVEL,DRY,NO DEFECTS,ON SCENE,NO INJURY / DRIVE AWAY,,,Y,$500 OR LESS,11/03/2017 06:57:00 AM,IMPROPER OVERTAKING/PASSING,NOT APPLICABLE,5101,N,NAGLE AVE,1622,,,,,,,2,NO INDICATION OF INJURY,0,0,0,0,0,2,0,6,6,11,41.973932852,-87.787758678,POINT (-87.787758677882 41.973932852156)
JA496851,,11/03/2017 06:45:00 AM,30,TRAFFIC SIGNAL,FUNCTIONING PROPERLY,CLEAR,DAWN,PEDESTRIAN,DIVIDED - W/MEDIAN (NOT RAISED),4,STRAIGHT AND LEVEL,DRY,NO DEFECTS,ON SCENE,INJURY AND / OR TOW DUE TO CRASH,Y,,,$500 OR LESS,11/03/2017 06:55:00 AM,UNABLE TO DETERMINE,UNABLE TO DETERMINE,5100,S,KEDZIE AVE,822,,,,,,,2,NONINCAPACITATING INJURY,1,0,0,1,0,1,0,6,6,11,41.80072726,-87.703910217,POINT (-87.703910217369 41.800727259896)
JA496866,,11/03/2017 07:00:00 AM,30,TRAFFIC SIGNAL,FUNCTIONING PROPERLY,CLEAR,DAYLIGHT,TURNING,ONE-WAY,3,STRAIGHT AND LEVEL,DRY,NO DEFECTS,ON SCENE,INJURY AND / OR TOW DUE TO CRASH,Y,,Y,"$501 - $1,500",11/03/2017 07:06:00 AM,IMPROPER TURNING/NO SIGNAL,"OPERATING VEHICLE IN ERRATIC, RECKLESS, CARELESS, NEGLIGENT OR AGGRESSIVE MANNER",11901,S,ASHLAND AVE,524,,,,,,,2,"REPORTED, NOT EVIDENT",1,0,0,0,1,1,0,7,6,11,41.67743887,-87.661236027,POINT (-87.661236027425 41.677438869926)
JA496854,,11/03/2017 07:00:00 AM,30,NO CONTROLS,NO CONTROLS,CLEAR,DAYLIGHT,SIDESWIPE SAME DIRECTION,DIVIDED - W/MEDIAN (NOT RAISED),,STRAIGHT AND LEVEL,DRY,NO DEFECTS,NOT ON SCENE (DESK REPORT),NO INJURY / DRIVE AWAY,,,,"$501 - $1,500",11/03/2017 07:12:00 AM,UNABLE TO DETERMINE,UNABLE TO DETERMINE,1936,W,BELMONT AVE,1922,,,,,,,2,NO INDICATION OF INJURY,0,0,0,0,0,2,0,7,6,11,41.939692177,-87.677409229,POINT (-87.677409229223 41.939692176939)
JA497276,,11/03/2017 07:00:00 AM,15,TRAFFIC SIGNAL,FUNCTIONING PROPERLY,CLEAR,DAYLIGHT,PEDESTRIAN,NOT DIVIDED,4,STRAIGHT AND LEVEL,DRY,NO DEFECTS,NOT ON SCENE (DESK REPORT),NO INJURY / DRIVE AWAY,Y,,Y,"OVER $1,500",11/03/2017 01:40:00 PM,FAILING TO YIELD RIGHT-OF-WAY,UNABLE TO DETERMINE,4300,S,COTTAGE GROVE AVE,221,,,,,,,2,NO INDICATION OF INJURY,0,0,0,0,0,2,0,7,6,11,41.816721626,-87.606853565,POINT (-87.606853565078 41.816721626101)
JA496886,,11/03/2017 07:30:00 AM,30,STOP SIGN/FLASHER,FUNCTIONING PROPERLY,CLEAR,DAYLIGHT,ANGLE,DIVIDED - W/MEDIAN (NOT RAISED),0,STRAIGHT AND LEVEL,DRY,NO DEFECTS,ON SCENE,INJURY AND / OR TOW DUE TO CRASH,Y,,,"OVER $1,500",11/03/2017 07:36:00 AM,FAILING TO YIELD RIGHT-OF-WAY,NOT APPLICABLE,5400,N,NAGLE AVE,1613,,,,,,,2,"REPORTED, NOT EVIDENT",1,0,0,0,1,2,0,7,6,11,41.979364062,-87.787950772,POINT (-87.787950772066 41.979364061738)
JA506025,,11/03/2017 07:43:00 AM,30,NO CONTROLS,NO CONTROLS,CLOUDY/OVERCAST,DAYLIGHT,ANGLE,NOT DIVIDED,4,STRAIGHT AND LEVEL,DRY,NO DEFECTS,ON SCENE,NO INJURY / DRIVE AWAY,,,Y,"OVER $1,500",11/10/2017 07:43:00 AM,FAILING TO YIELD RIGHT-OF-WAY,NOT APPLICABLE,435,N,ASHLAND AVE,1215,,,,,,,2,NO INDICATION OF INJURY,0,0,0,0,0,3,0,7,6,11,41.889837462,-87.666963167,POINT (-87.666963167185 41.889837461891)