RD_NO,CRASH_DATE_EST_I,CRASH_DATE,POSTED_SPEED_LIMIT,TRAFFIC_CONTROL_DEVICE,DEVICE_CONDITION,WEATHER_CONDITION,LIGHTING_CONDITION,FIRST_CRASH_TYPE,TRAFFICWAY_TYPE,LANE_CNT,ALIGNMENT,ROADWAY_SURFACE_COND,ROAD_DEFECT,REPORT_TYPE,CRASH_TYPE,INTERSECTION_RELATED_I,NOT_RIGHT_OF_WAY_I,HIT_AND_RUN_I,DAMAGE,DATE_POLICE_NOTIFIED,PRIM_CONTRIBUTORY_CAUSE,SEC_CONTRIBUTORY_CAUSE,STREET_NO,STREET_DIRECTION,STREET_NAME,BEAT_OF_OCCURRENCE,PHOTOS_TAKEN_I,STATEMENTS_TAKEN_I,DOORING_I,WORK_ZONE_I,WORK_ZONE_TYPE,WORKERS_PRESENT_I,NUM_UNITS,MOST_SEVERE_INJURY,INJURIES_TOTAL,INJURIES_FATAL,INJURIES_INCAPACITATING,INJURIES_NON_INCAPACITATING,INJURIES_REPORTED_NOT_EVIDENT,INJURIES_NO_INDICATION,INJURIES_UNKNOWN,CRASH_HOUR,CRASH_DAY_OF_WEEK,CRASH_MONTH,LATITUDE,LONGITUDE,LOCATION
JA496878,,11/03/2017 07:44:00 AM,30,STOP SIGN/FLASHER,FUNCTIONING PROPERLY,CLEAR,DAYLIGHT,TURNING,NOT DIVIDED,2,STRAIGHT AND LEVEL,DRY,NO DEFECTS,ON SCENE,INJURY AND / OR TOW DUE TO CRASH,Y,Y,,"OVER $1,500",11/03/2017 07:44:00 AM,DRIVING SKILLS/KNOWLEDGE/EXPERIENCE,UNABLE TO DETERMINE,3500,W,31ST ST,1032,,,,,,,2,NONINCAPACITATING INJURY,1,0,0,1,0,1,0,7,6,11,41.837211465,-87.712188403,POINT (-87.712188403329 41.837211464732)
JA497076,,11/03/2017 07:50:00 AM,35,TRAFFIC SIGNAL,FUNCTIONING PROPERLY,CLOUDY/OVERCAST,DAYLIGHT,SIDESWIPE SAME DIRECTION,NOT DIVIDED,4,STRAIGHT AND LEVEL,DRY,NO DEFECTS,NOT ON SCENE (DESK REPORT),NO INJURY / DRIVE AWAY,,,Y,"OVER $1,500",11/03/2017 11:20:00 AM,IMPROPER OVERTAKING/PASSING,IMPROPER OVERTAKING/PASSING,6246,S,COTTAGE GROVE AVE,313,,,,,,,2,NO INDICATION OF INJURY,0,0,0,0,0,2,0,7,6,11,41.780838669,-87.606086518,POINT (-87.60608651777 41.78083866922)
JA496891,,11/03/2017 07:55:00 AM,30,TRAFFIC SIGNAL,FUNCTIONING PROPERLY,CLEAR,DAYLIGHT,SIDESWIPE SAME DIRECTION,NOT DIVIDED,4,STRAIGHT AND LEVEL,DRY,NO DEFECTS,ON SCENE,NO INJURY / DRIVE AWAY,,,Y,"$501 - $1,500",11/03/2017 08:00:00 AM,IMPROPER LANE USAGE,IMPROPER OVERTAKING/PASSING,3920,N,ASHLAND AVE,1922,,,,,,,2,NO INDICATION OF INJURY,0,0,0,0,0,3,0,7,6,11,41.953102089,-87.669162183,POINT (-87.669162182952 41.953102089271)
JA498942,,11/03/2017 08:00:00 AM,30,NO CONTROLS,NO CONTROLS,CLEAR,DAYLIGHT,PARKED MOTOR VEHICLE,ONE-WAY,,STRAIGHT AND LEVEL,DRY,NO DEFECTS,NOT ON SCENE (DESK REPORT),NO INJURY / DRIVE AWAY,,,Y,"OVER $1,500",11/04/2017 05:25:00 PM,UNABLE TO DETERMINE,UNABLE TO DETERMINE,718,W,76TH ST,621,,,,,,,2,NO INDICATION OF INJURY,0,0,0,0,0,1,0,8,6,11,41.756212635,-87.642563781,POINT (-87.642563781445 41.756212635438)
JA496949,,11/03/2017 08:00:00 AM,30,NO CONTROLS,NO CONTROLS,CLEAR,DAYLIGHT,PARKED MOTOR VEHICLE,NOT DIVIDED,2,STRAIGHT AND LEVEL,DRY,NO DEFECTS,NOT ON SCENE (DESK REPORT),NO INJURY / DRIVE AWAY,,,Y,$500 OR LESS,11/03/2017 09:30:00 AM,UNABLE TO DETERMINE,UNABLE TO DETERMINE,1154,N,KEDZIE AVE,1121,,,,,,,2,NO INDICATION OF INJURY,0,0,0,0,0,1,0,8,6,11,41.902648102,-87.706931841,POINT (-87.706931841363 41.902648102406)
JA496913,,11/03/2017 08:00:00 AM,30,NO CONTROLS,NO CONTROLS,CLOUDY/OVERCAST,DAYLIGHT,SIDESWIPE OPPOSITE DIRECTION,DIVIDED - W/MEDIAN (NOT RAISED),2,STRAIGHT AND LEVEL,DRY,NO DEFECTS,ON SCENE,NO INJURY / DRIVE AWAY,,,,$500 OR LESS,11/03/2017 08:10:00 AM,IMPROPER OVERTAKING/PASSING,FAILING TO REDUCE SPEED TO AVOID CRASH,2001,W,19TH ST,1234,,,,,,,2,NO INDICATION OF INJURY,0,0,0,0,0,4,0,8,6,11,41.855723302,-87.676066188,POINT (-87.676066188438 41.855723301816)
JA496889,Y,11/03/2017 08:00:00 AM,25,NO CONTROLS,NO CONTROLS,CLEAR,DAYLIGHT,PARKED MOTOR VEHICLE,DIVIDED - W/MEDIAN (NOT RAISED),1,STRAIGHT AND LEVEL,DRY,NO DEFECTS,NOT ON SCENE (DESK REPORT),NO INJURY / DRIVE AWAY,,,,"OVER $1,500",11/03/2017 08:15:00 AM,UNABLE TO DETERMINE,UNABLE TO DETERMINE,869,W,LILL AVE,1935,,,,,,,2,NO INDICATION OF INJURY,0,0,0,0,0,1,0,8,6,11,41.928020101,-87.651624727,POINT (-87.65162472688 41.928020101468)
JA496925,,11/03/2017 08:05:00 AM,30,NO CONTROLS,NO CONTROLS,CLEAR,DAYLIGHT,SIDESWIPE SAME DIRECTION,NOT DIVIDED,,STRAIGHT AND LEVEL,DRY,NO DEFECTS,NOT ON SCENE (DESK REPORT),NO INJURY / DRIVE AWAY,,,Y,"OVER $1,500",11/03/2017 09:00:00 AM,DRIVING SKILLS/KNOWLEDGE/EXPERIENCE,UNABLE TO DETERMINE,4637,W,ROSCOE ST,1731,,,,,,,2,NO INDICATION OF INJURY,0,0,0,0,0,2,0,8,6,11,41.942415427,-87.743823188,POINT (-87.743823188472 41.942415426721)
JA496898,,11/03/2017 08:05:00 AM,30,TRAFFIC SIGNAL,FUNCTIONING PROPERLY,CLEAR,DAYLIGHT,ANGLE,ONE-WAY,,STRAIGHT AND LEVEL,DRY,NO DEFECTS,ON SCENE,INJURY AND / OR TOW DUE TO CRASH,Y,,,"OVER $1,500",11/03/2017 08:09:00 AM,FAILING TO YIELD RIGHT-OF-WAY,DISREGARDING TRAFFIC SIGNALS,500,E,ILLINOIS ST,1834,,,,,,,3,NONINCAPACITATING INJURY,4,0,0,3,1,2,0,8,6,11,41.891207841,-87.615130303,POINT (-87.615130302871 41.891207840971)
JA496910,,11/03/2017 08:06:00 AM,30,NO CONTROLS,NO CONTROLS,CLEAR,DAYLIGHT,TURNING,NOT DIVIDED,,STRAIGHT AND LEVEL,DRY,NO DEFECTS,NOT ON SCENE (DESK REPORT),NO INJURY / DRIVE AWAY,,,,"$501 - $1,500",11/03/2017 08:36:00 AM,IMPROPER TURNING/NO SIGNAL,NOT APPLICABLE,3815,N,BROADWAY,1925,,,,,,,2,NO INDICATION OF INJURY,0,0,0,0,0,2,0,8,6,11,41.951684523,-87.64947416,POINT (-87.649474160162 41.95168452349)
JA506042,,11/03/2017 08:10:00 AM,30,NO CONTROLS,NO CONTROLS,SNOW,DAYLIGHT,TURNING,NOT DIVIDED,4,STRAIGHT AND LEVEL,SNOW OR SLUSH,NO DEFECTS,ON SCENE,INJURY AND / OR TOW DUE TO CRASH,N,,,"OVER $1,500",11/10/2017 08:16:00 AM,FAILING TO REDUCE SPEED TO AVOID CRASH,NOT APPLICABLE,6059,S,PULASKI RD,823,,,,,,,2,NO INDICATION OF INJURY,0,0,0,0,0,4,0,8,6,11,41.782343618,-87.722717214,POINT (-87.72271721425 41.78234361773)
JA496901,,11/03/2017 08:15:00 AM,30,NO CONTROLS,NO CONTROLS,CLEAR,DAYLIGHT,ANGLE,NOT DIVIDED,4,STRAIGHT AND LEVEL,DRY,NO DEFECTS,ON SCENE,NO INJURY / DRIVE AWAY,,,Y,"OVER $1,500",11/03/2017 08:30:00 AM,FAILING TO YIELD RIGHT-OF-WAY,NOT APPLICABLE,1231,S,WABASH AVE,131,,,,,,,2,NO INDICATION OF INJURY,0,0,0,0,0,2,0,8,6,11,41.866572099,-87.625664337,POINT (-87.625664337226 41.866572099021)
JA497417,,11/03/2017 08:25:00 AM,45,NO CONTROLS,NO CONTROLS,CLEAR,DAYLIGHT,REAR END,ONE-WAY,3,STRAIGHT AND LEVEL,DRY,NO DEFECTS,NOT ON SCENE (DESK REPORT),NO INJURY / DRIVE AWAY,,,,"$501 - $1,500",11/03/2017 03:45:00 PM,UNABLE TO DETERMINE,FOLLOWING TOO CLOSELY,2400,N,LAKE SHORE DR SB,1935,,,,,,,2,NO INDICATION OF INJURY,0,0,0,0,0,3,0,8,6,11,41.92616072,-87.631514665,POINT (-87.631514664826 41.926160719812)
JA496915,,11/03/2017 08:30:00 AM,35,NO CONTROLS,NO CONTROLS,CLEAR,DAYLIGHT,TURNING,NOT DIVIDED,4,STRAIGHT AND LEVEL,DRY,NO DEFECTS,ON SCENE,NO INJURY / DRIVE AWAY,,,,$500 OR LESS,11/03/2017 08:44:00 AM,UNABLE TO DETERMINE,UNABLE TO DETERMINE,4000,W,MADISON ST,1115,,,,,,,2,NO INDICATION OF INJURY,0,0,0,0,0,2,0,8,6,11,41.8808343,-87.725796597,POINT (-87.725796597174 41.880834299772)
JA497286,,11/03/2017 08:33:00 AM,30,UNKNOWN,UNKNOWN,CLEAR,DAYLIGHT,SIDESWIPE SAME DIRECTION,NOT DIVIDED,2,STRAIGHT AND LEVEL,DRY,NO DEFECTS,NOT ON SCENE (DESK REPORT),NO INJURY / DRIVE AWAY,,,,"$501 - $1,500",11/03/2017 01:50:00 PM,UNABLE TO DETERMINE,UNABLE TO DETERMINE,2347,W,63RD ST,825,,,,,,,2,NO INDICATION OF INJURY,0,0,0,0,0,2,0,8,6,11,41.779075277,-87.683023511,POINT (-87.683023511046 41.779075276921)
JA496956,,11/03/2017 08:35:00 AM,30,TRAFFIC SIGNAL,FUNCTIONING PROPERLY,CLEAR,DAYLIGHT,SIDESWIPE SAME DIRECTION,ONE-WAY,,STRAIGHT AND LEVEL,DRY,NO DEFECTS,ON SCENE,NO INJURY / DRIVE AWAY,Y,,Y,"OVER $1,500",11/03/2017 08:35:00 AM,FOLLOWING TOO CLOSELY,IMPROPER OVERTAKING/PASSING,100,N,WELLS ST,122,,,,,,,2,NO INDICATION OF INJURY,0,0,0,0,0,2,0,8,6,11,41.883242094,-87.634006821,POINT (-87.634006820981 41.88324209419)
JA496931,,11/03/2017 08:35:00 AM,35,TRAFFIC SIGNAL,FUNCTIONING PROPERLY,CLOUDY/OVERCAST,DAYLIGHT,SIDESWIPE SAME DIRECTION,OTHER,,STRAIGHT AND LEVEL,DRY,NO DEFECTS,ON SCENE,NO INJURY / DRIVE AWAY,,,,"$501 - $1,500",11/03/2017 08:40:00 AM,UNABLE TO DETERMINE,NOT APPLICABLE,803,S,CLARK ST,123,,,,,,,2,NO INDICATION OF INJURY,0,0,0,0,0,2,0,8,6,11,41.872136171,-87.630461253,POINT (-87.630461252843 41.87213617088)
JA497598,,11/03/2017 08:43:00 AM,30,NO CONTROLS,NO CONTROLS,CLEAR,DAYLIGHT,PARKED MOTOR VEHICLE,ONE-WAY,1,STRAIGHT AND LEVEL,DRY,NO DEFECTS,NOT ON SCENE (DESK REPORT),NO INJURY / DRIVE AWAY,,,Y,"$501 - $1,500",11/03/2017 05:14:00 PM,IMPROPER OVERTAKING/PASSING,NOT APPLICABLE,310,N,SANGAMON ST,1214,Y,,,,,,2,NO INDICATION OF INJURY,0,0,0,0,0,1,0,8,6,11,41.887109862,-87.651163948,POINT (-87.651163948017 41.887109862169)
JA497328,,11/03/2017 08:45:00 AM,25,NO CONTROLS,NO CONTROLS,CLEAR,DAYLIGHT,PARKED MOTOR VEHICLE,DIVIDED - W/MEDIAN (NOT RAISED),4,STRAIGHT AND LEVEL,DRY,NO DEFECTS,NOT ON SCENE (DESK REPORT),NO INJURY / DRIVE AWAY,,,Y,"$501 - $1,500",11/03/2017 02:14:00 PM,UNABLE TO DETERMINE,UNABLE TO DETERMINE,7000,W,ARCHER AVE,811,,,,,,,2,NO INDICATION OF INJURY,0,0,0,0,0,1,0,8,6,11,41.792171417,-87.796525108,POINT (-87.796525108066 41.792171417165)
JA496930,,11/03/2017 08:45:00 AM,20,NO CONTROLS,NO CONTROLS,CLEAR,DAYLIGHT,TURNING,NOT DIVIDED,2,STRAIGHT AND LEVEL,DRY,UNKNOWN,NOT ON SCENE (DESK REPORT),NO INJURY / DRIVE AWAY,,,,"$501 - $1,500",11/03/2017 09:15:00 AM,UNABLE TO DETERMINE,UNABLE TO DETERMINE,3833,W,78TH PL,833,,,,,,,2,NO INDICATION OF INJURY,0,0,0,0,0,2,0,8,6,11,41.75056919,-87.719609857,POINT (-87.719609857482 41.750569190005)
JA496923,,11/03/2017 08:50:00 AM,30,NO CONTROLS,NO CONTROLS,CLEAR,DAYLIGHT,FIXED OBJECT,NOT DIVIDED,4,STRAIGHT AND LEVEL,DRY,NO DEFECTS,ON SCENE,INJURY AND / OR TOW DUE TO CRASH,,,,"$501 - $1,500",11/03/2017 08:51:00 AM,UNABLE TO DETERMINE,NOT APPLICABLE,27,W,PERSHING RD,213,Y,,,,,,1,NO INDICATION OF INJURY,0,0,0,0,0,2,0,8,6,11,41.823590215,-87.627531735,POINT (-87.627531734591 41.823590215454)
JA496958,,11/03/2017 08:50:00 AM,30,NO CONTROLS,NO CONTROLS,CLOUDY/OVERCAST,DAYLIGHT,REAR END,DRIVEWAY,,STRAIGHT ON GRADE,DRY,NO DEFECTS,ON SCENE,INJURY AND / OR TOW DUE TO CRASH,,Y,,"$501 - $1,500",11/03/2017 09:20:00 AM,UNABLE TO DETERMINE,NOT APPLICABLE,2233,W,DIVISION ST,1212,,,,,,,2,"REPORTED, NOT EVIDENT",1,0,0,0,1,1,0,8,6,11,41.902971912,-87.683484931,POINT (-87.683484931346 41.902971912262)
JA797273,,11/03/2017 09:00:00 AM,30,STOP SIGN/FLASHER,NO CONTROLS,CLEAR,DAYLIGHT,TURNING,NOT DIVIDED,,STRAIGHT AND LEVEL,DRY,NO DEFECTS,NOT ON SCENE (DESK REPORT),NO INJURY / DRIVE AWAY,,,,"$501 - $1,500",11/03/2017 01:42:00 PM,FAILING TO YIELD RIGHT-OF-WAY,FAILING TO YIELD RIGHT-OF-WAY,318,S,FEDERAL ST,113,,,,,,,2,NO INDICATION OF INJURY,0,0,0,0,0,2,0,9,6,11,41.877626241,-87.629861971,POINT (-87.629861971218 41.877626240947)
JA497719,,11/03/2017 09:00:00 AM,30,NO CONTROLS,NO CONTROLS,CLEAR,DAYLIGHT,REAR END,NOT DIVIDED,4,STRAIGHT AND LEVEL,DRY,NO DEFECTS,NOT ON SCENE (DESK REPORT),NO INJURY / DRIVE AWAY,,,,"OVER $1,500",11/03/2017 06:30:00 PM,FOLLOWING TOO CLOSELY,NOT APPLICABLE,600,W,CHICAGO AVE,1822,,,,,,,2,NO INDICATION OF INJURY,0,0,0,0,0,2,0,9,6,11,41.896585191,-87.642996182,POINT (-87.642996181725 41.8965851912)
JA497197,,11/03/2017 09:00:00 AM,30,NO CONTROLS,NO CONTROLS,CLEAR,DAYLIGHT,SIDESWIPE OPPOSITE DIRECTION,NOT DIVIDED,2,STRAIGHT AND LEVEL,DRY,NO DEFECTS,NOT ON SCENE (DESK REPORT),NO INJURY / DRIVE AWAY,Y,,,"OVER $1,500",11/03/2017 12:55:00 PM,IMPROPER TURNING/NO SIGNAL,IMPROPER TURNING/NO SIGNAL,318,S,FEDERAL ST,113,,,,,,,2,NO INDICATION OF INJURY,0,0,0,0,0,2,0,9,6,11,41.877626241,-87.629861971,POINT (-87.629861971218 41.877626240947)
JA496959,,11/03/2017 09:00:00 AM,30,NO CONTROLS,NO CONTROLS,CLEAR,DAYLIGHT,TURNING,ONE-WAY,1,STRAIGHT AND LEVEL,DRY,NO DEFECTS,NOT ON SCENE (DESK REPORT),NO INJURY / DRIVE AWAY,,,,$500 OR LESS,11/03/2017 09:46:00 AM,IMPROPER OVERTAKING/PASSING,NOT APPLICABLE,3000,E,91ST ST,424,,,,,,,2,NO INDICATION OF INJURY,0,0,0,0,0,2,0,9,6,11,41.730186664,-87.551190698,POINT (-87.551190698422 41.730186663725)
JA469939,,11/03/2017 09:00:00 AM,30,STOP SIGN/FLASHER,FUNCTIONING PROPERLY,CLEAR,DAYLIGHT,ANGLE,OTHER,0,STRAIGHT AND LEVEL,DRY,NO DEFECTS,ON SCENE,NO INJURY / DRIVE AWAY,Y,,,$500 OR LESS,11/03/2017 09:01:00 AM,FAILING TO YIELD RIGHT-OF-WAY,NOT APPLICABLE,5700,W,MONTROSE AVE,1622,,,,,,,2,NO INDICATION OF INJURY,0,0,0,0,0,2,0,9,6,11,41.96056026,-87.769753866,POINT (-87.769753865928 41.960560260059)
JA513472,,11/03/2017 09:05:00 AM,30,TRAFFIC SIGNAL,FUNCTIONING PROPERLY,CLEAR,DAYLIGHT,REAR END,DIVIDED - W/MEDIAN BARRIER,,STRAIGHT AND LEVEL,DRY,NO DEFECTS,NOT ON SCENE (DESK REPORT),NO INJURY / DRIVE AWAY,,,,"OVER $1,500",11/15/2017 10:15:00 PM,FOLLOWING TOO CLOSELY,NOT APPLICABLE,701,S,LAKE SHORE DR W,114,,,,,,,2,NO INDICATION OF INJURY,0,0,0,0,0,2,0,9,6,11,41.873195893,-87.616934585,POINT (-87.616934585317 41.873195892637)
JA496974,Y,11/03/2017 09:15:00 AM,30,TRAFFIC SIGNAL,FUNCTIONING PROPERLY,CLEAR,DAYLIGHT,SIDESWIPE SAME DIRECTION,NOT DIVIDED,4,STRAIGHT AND LEVEL,DRY,NO DEFECTS,NOT ON SCENE (DESK REPORT),NO INJURY / DRIVE AWAY,,,,"OVER $1,500",11/03/2017 10:00:00 AM,UNABLE TO DETERMINE,UNABLE TO DETERMINE,150,W,OHIO ST,1832,,,,,,,2,NO INDICATION OF INJURY,0,0,0,0,0,2,0,9,6,11,41.892510345,-87.633128445,POINT (-87.633128444993 41.892510345132)
JA497158,,11/03/2017 09:15:00 AM,5,NO CONTROLS,NO CONTROLS,CLEAR,DAYLIGHT,PARKED MOTOR VEHICLE,ONE-WAY,1,STRAIGHT AND LEVEL,DRY,NO DEFECTS,NOT ON SCENE (DESK REPORT),NO INJURY / DRIVE AWAY,,,Y,"OVER $1,500",11/03/2017 12:10:00 PM,UNABLE TO DETERMINE,NOT APPLICABLE,8626,S,COLFAX AVE,423,,,,,,,2,NO INDICATION OF INJURY,0,0,0,0,0,1,0,9,6,11,41.738250212,-87.5613109,POINT (-87.561310900032 41.738250212214)
JA496946,,11/03/2017 09:17:00 AM,30,TRAFFIC SIGNAL,FUNCTIONING PROPERLY,CLEAR,DAYLIGHT,TURNING,CENTER TURN LANE,,STRAIGHT AND LEVEL,DRY,NO DEFECTS,ON SCENE,INJURY AND / OR TOW DUE TO CRASH,Y,,,"OVER $1,500",11/03/2017 09:22:00 AM,IMPROPER LANE USAGE,IMPROPER OVERTAKING/PASSING,3400,S,CALIFORNIA AVE,911,,,,,,,2,NO INDICATION OF INJURY,0,0,0,0,0,2,0,9,6,11,41.832127133,-87.695021464,POINT (-87.695021463612 41.832127132976)
JA496961,,11/03/2017 09:20:00 AM,30,STOP SIGN/FLASHER,FUNCTIONING PROPERLY,CLEAR,DAYLIGHT,TURNING,DIVIDED - W/MEDIAN (NOT RAISED),,STRAIGHT AND LEVEL,DRY,NO DEFECTS,ON SCENE,NO INJURY / DRIVE AWAY,Y,,,"$501 - $1,500",11/03/2017 09:22:00 AM,FAILING TO YIELD RIGHT-OF-WAY,UNABLE TO DETERMINE,3022,S,ARCHER AVE,913,,,,,,,2,NO INDICATION OF INJURY,0,0,0,0,0,2,0,9,6,11,41.839738814,-87.662180251,POINT (-87.662180250538 41.839738814028)
JA496984,,11/03/2017 09:20:00 AM,25,NO CONTROLS,NO CONTROLS,CLOUDY/OVERCAST,DAYLIGHT,SIDESWIPE SAME DIRECTION,NOT DIVIDED,4,STRAIGHT AND LEVEL,DRY,NO DEFECTS,ON SCENE,NO INJURY / DRIVE AWAY,,,,$500 OR LESS,11/03/2017 09:30:00 AM,DRIVING SKILLS/KNOWLEDGE/EXPERIENCE,DRIVING SKILLS/KNOWLEDGE/EXPERIENCE,7345,N,WESTERN AVE,2411,,,,,,,2,NO INDICATION OF INJURY,0,0,0,0,0,2,0,9,6,11,42.015468661,-87.690069582,POINT (-87.690069581911 42.015468661112)
JA497048,,11/03/2017 09:28:00 AM,10,NO CONTROLS,NO CONTROLS,CLEAR,DAYLIGHT,REAR END,PARKING LOT,,STRAIGHT AND LEVEL,DRY,NO DEFECTS,NOT ON SCENE (DESK REPORT),NO INJURY / DRIVE AWAY,,,,"$501 - $1,500",11/03/2017 11:15:00 AM,FOLLOWING TOO CLOSELY,NOT APPLICABLE,800,E,55TH ST,233,,,,,,,2,NO INDICATION OF INJURY,0,0,0,0,0,2,0,9,6,11,41.795075207,-87.606096609,POINT (-87.606096609283 41.795075206809)
JA496969,,11/03/2017 09:30:00 AM,30,STOP SIGN/FLASHER,FUNCTIONING PROPERLY,CLOUDY/OVERCAST,DAYLIGHT,PARKED MOTOR VEHICLE,NOT DIVIDED,2,STRAIGHT AND LEVEL,DRY,NO DEFECTS,ON SCENE,INJURY AND / OR TOW DUE TO CRASH,N,,,"OVER $1,500",11/03/2017 09:36:00 AM,DISTRACTION - FROM INSIDE VEHICLE,UNABLE TO DETERMINE,3233,N,MENARD AVE,1633,,,,,,,3,NO INDICATION OF INJURY,0,0,0,0,0,1,0,9,6,11,41.939533207,-87.771247473,POINT (-87.77124747306 41.939533207204)
JA496990,,11/03/2017 09:30:00 AM,30,NO CONTROLS,NO CONTROLS,CLEAR,DAYLIGHT,SIDESWIPE SAME DIRECTION,NOT DIVIDED,2,STRAIGHT AND LEVEL,DRY,NO DEFECTS,NOT ON SCENE (DESK REPORT),NO INJURY / DRIVE AWAY,,,,$500 OR LESS,11/03/2017 09:45:00 AM,UNABLE TO DETERMINE,UNABLE TO DETERMINE,199,E,63RD ST,312,,,,,,,2,NO INDICATION OF INJURY,0,0,0,0,0,3,0,9,6,11,41.779989275,-87.620460948,POINT (-87.620460948311 41.779989274788)
JA496994,,11/03/2017 09:35:00 AM,25,NO CONTROLS,NO CONTROLS,CLEAR,DAYLIGHT,PARKED MOTOR VEHICLE,NOT DIVIDED,2,STRAIGHT AND LEVEL,DRY,NO DEFECTS,NOT ON SCENE (DESK REPORT),NO INJURY / DRIVE AWAY,,,,"OVER $1,500",11/03/2017 09:38:00 AM,UNABLE TO DETERMINE,UNABLE TO DETERMINE,767,W,DIVERSEY PKWY,1935,,,,,,,2,NO INDICATION OF INJURY,0,0,0,0,0,1,0,9,6,11,41.932611798,-87.648940177,POINT (-87.648940176555 41.932611797695)
JA506181,,11/03/2017 09:55:00 AM,30,STOP SIGN/FLASHER,FUNCTIONING PROPERLY,SNOW,DAYLIGHT,PARKED MOTOR VEHICLE,NOT DIVIDED,2,STRAIGHT AND LEVEL,SNOW OR SLUSH,NO DEFECTS,ON SCENE,NO INJURY / DRIVE AWAY,Y,,,"$501 - $1,500",11/10/2017 09:58:00 AM,WEATHER,NOT APPLICABLE,1432,N,WOOD ST,1424,,,,,,,2,NO INDICATION OF INJURY,0,0,0,0,0,1,0,9,6,11,41.908144994,-87.672657289,POINT (-87.672657289192 41.908144994192)
JA497084,,11/03/2017 10:00:00 AM,30,NO CONTROLS,NO CONTROLS,CLEAR,DAYLIGHT,TURNING,NOT DIVIDED,,STRAIGHT AND LEVEL,DRY,NO DEFECTS,NOT ON SCENE (DESK REPORT),INJURY AND / OR TOW DUE TO CRASH,,,,"OVER $1,500",11/03/2017 11:23:00 AM,IMPROPER TURNING/NO SIGNAL,NOT APPLICABLE,5459,W,WASHINGTON BLVD,1522,,,,,,,2,"REPORTED, NOT EVIDENT",2,0,0,0,2,1,0,10,6,11,41.882165298,-87.762512506,POINT (-87.762512505597 41.882165298467)
JA497585,,11/03/2017 10:00:00 AM,30,NO CONTROLS,NO CONTROLS,CLEAR,DAYLIGHT,PEDESTRIAN,DIVIDED - W/MEDIAN (NOT RAISED),2,STRAIGHT AND LEVEL,WET,NO DEFECTS,NOT ON SCENE (DESK REPORT),INJURY AND / OR TOW DUE TO CRASH,,,Y,$500 OR LESS,11/03/2017 05:05:00 PM,UNABLE TO DETERMINE,UNABLE TO DETERMINE,2805,N,HARLEM AVE,2511,,,,,,,2,NONINCAPACITATING INJURY,1,0,0,1,0,1,0,10,6,11,41.931014027,-87.806355314,POINT (-87.806355313973 41.931014027371)
JA497090,N,11/03/2017 10:00:00 AM,30,NO CONTROLS,NO CONTROLS,CLEAR,DAYLIGHT,PARKED MOTOR VEHICLE,NOT DIVIDED,2,STRAIGHT AND LEVEL,DRY,NO DEFECTS,NOT ON SCENE (DESK REPORT),NO INJURY / DRIVE AWAY,,,Y,"$501 - $1,500",11/03/2017 11:27:00 AM,UNABLE TO DETERMINE,UNABLE TO DETERMINE,4209,W,JACKSON BLVD,1132,,,,,,,2,NO INDICATION OF INJURY,0,0,0,0,0,1,0,10,6,11,41.876911655,-87.730872844,POINT (-87.730872844218 41.876911654559)
JA497068,,11/03/2017 10:05:00 AM,30,UNKNOWN,UNKNOWN,CLEAR,DAYLIGHT,PEDESTRIAN,ONE-WAY,,STRAIGHT AND LEVEL,UNKNOWN,UNKNOWN,NOT ON SCENE (DESK REPORT),INJURY AND / OR TOW DUE TO CRASH,,,,"OVER $1,500",11/03/2017 10:35:00 AM,UNABLE TO DETERMINE,UNABLE TO DETERMINE,817,S,WOLCOTT AVE,1231,,,,,,,2,NONINCAPACITATING INJURY,1,0,0,1,0,1,0,10,6,11,41.87101122,-87.673605373,POINT (-87.673605372589 41.87101122003)
JA497017,,11/03/2017 10:05:00 AM,30,NO CONTROLS,NO CONTROLS,CLEAR,DAYLIGHT,REAR END,DIVIDED - W/MEDIAN (NOT RAISED),6,STRAIGHT AND LEVEL,DRY,NO DEFECTS,ON SCENE,NO INJURY / DRIVE AWAY,,,,"$501 - $1,500",11/03/2017 10:16:00 AM,FOLLOWING TOO CLOSELY,FAILING TO REDUCE SPEED TO AVOID CRASH,3543,S,ARCHER AVE,912,,,,,,,2,NO INDICATION OF INJURY,0,0,0,0,0,2,0,10,6,11,41.82956111,-87.678768812,POINT (-87.678768812071 41.829561109616)
JA497013,,11/03/2017 10:13:00 AM,30,NO CONTROLS,NO CONTROLS,CLOUDY/OVERCAST,DAYLIGHT,SIDESWIPE SAME DIRECTION,DIVIDED - W/MEDIAN (NOT RAISED),2,STRAIGHT AND LEVEL,DRY,NO DEFECTS,ON SCENE,INJURY AND / OR TOW DUE TO CRASH,,,,"OVER $1,500",11/03/2017 10:20:00 AM,FAILING TO YIELD RIGHT-OF-WAY,DISTRACTION - FROM INSIDE VEHICLE,430,N,DAMEN AVE,1221,,,,,,,2,NO INDICATION OF INJURY,0,0,0,0,0,2,0,10,6,11,41.889672998,-87.677018915,POINT (-87.677018914729 41.889672998448)