RD_NO,CRASH_DATE_EST_I,CRASH_DATE,POSTED_SPEED_LIMIT,TRAFFIC_CONTROL_DEVICE,DEVICE_CONDITION,WEATHER_CONDITION,LIGHTING_CONDITION,FIRST_CRASH_TYPE,TRAFFICWAY_TYPE,LANE_CNT,ALIGNMENT,ROADWAY_SURFACE_COND,ROAD_DEFECT,REPORT_TYPE,CRASH_TYPE,INTERSECTION_RELATED_I,NOT_RIGHT_OF_WAY_I,HIT_AND_RUN_I,DAMAGE,DATE_POLICE_NOTIFIED,PRIM_CONTRIBUTORY_CAUSE,SEC_CONTRIBUTORY_CAUSE,STREET_NO,STREET_DIRECTION,STREET_NAME,BEAT_OF_OCCURRENCE,PHOTOS_TAKEN_I,STATEMENTS_TAKEN_I,DOORING_I,WORK_ZONE_I,WORK_ZONE_TYPE,WORKERS_PRESENT_I,NUM_UNITS,MOST_SEVERE_INJURY,INJURIES_TOTAL,INJURIES_FATAL,INJURIES_INCAPACITATING,INJURIES_NON_INCAPACITATING,INJURIES_REPORTED_NOT_EVIDENT,INJURIES_NO_INDICATION,INJURIES_UNKNOWN,CRASH_HOUR,CRASH_DAY_OF_WEEK,CRASH_MONTH,LATITUDE,LONGITUDE,LOCATION
JA497015,,11/03/2017 10:19:00 AM,30,TRAFFIC SIGNAL,FUNCTIONING PROPERLY,CLOUDY/OVERCAST,DAYLIGHT,TURNING,NOT DIVIDED,2,STRAIGHT AND LEVEL,DRY,NO DEFECTS,ON SCENE,NO INJURY / DRIVE AWAY,Y,,,"OVER $1,500",11/03/2017 10:22:00 AM,DRIVING SKILLS/KNOWLEDGE/EXPERIENCE,DISREGARDING OTHER TRAFFIC SIGNS,9900,S,DR MARTIN LUTHER KING JR DR,511,,,,,,,2,NO INDICATION OF INJURY,0,0,0,0,0,2,0,10,6,11,41.714580637,-87.614123395,POINT (-87.614123395176 41.714580637087)
JA497037,,11/03/2017 10:20:00 AM,30,NO CONTROLS,NO CONTROLS,CLEAR,DAYLIGHT,PARKED MOTOR VEHICLE,ONE-WAY,3,STRAIGHT AND LEVEL,DRY,NO DEFECTS,ON SCENE,NO INJURY / DRIVE AWAY,,,,"OVER $1,500",11/03/2017 10:32:00 AM,DRIVING SKILLS/KNOWLEDGE/EXPERIENCE,NOT APPLICABLE,310,S,CLINTON ST,121,,,,,,,2,NO INDICATION OF INJURY,0,0,0,0,0,1,0,10,6,11,41.877658739,-87.641200178,POINT (-87.641200177641 41.877658738882)
JA497072,,11/03/2017 10:40:00 AM,30,NO CONTROLS,NO CONTROLS,CLEAR,DAYLIGHT,SIDESWIPE OPPOSITE DIRECTION,NOT DIVIDED,2,STRAIGHT AND LEVEL,DRY,NO DEFECTS,NOT ON SCENE (DESK REPORT),NO INJURY / DRIVE AWAY,,,,"OVER $1,500",11/03/2017 11:20:00 AM,IMPROPER BACKING,IMPROPER BACKING,2462,S,BLUE ISLAND AVE,1034,,,,,,,2,NO INDICATION OF INJURY,0,0,0,0,0,2,0,10,6,11,41.8476772,-87.678316682,POINT (-87.678316682197 41.847677200391)
JA497113,,11/03/2017 10:45:00 AM,15,NO CONTROLS,NO CONTROLS,CLEAR,DAYLIGHT,FIXED OBJECT,PARKING LOT,,STRAIGHT AND LEVEL,DRY,NO DEFECTS,ON SCENE,NO INJURY / DRIVE AWAY,,Y,,"OVER $1,500",11/03/2017 11:18:00 AM,DRIVING SKILLS/KNOWLEDGE/EXPERIENCE,NOT APPLICABLE,8357,S,COTTAGE GROVE AVE,632,,,,,,,1,NO INDICATION OF INJURY,0,0,0,0,0,2,0,10,6,11,41.742264631,-87.604836752,POINT (-87.604836752016 41.742264630727)
JA497106,,11/03/2017 10:50:00 AM,15,NO CONTROLS,NO CONTROLS,CLEAR,DAYLIGHT,SIDESWIPE OPPOSITE DIRECTION,ALLEY,,STRAIGHT AND LEVEL,DRY,NO DEFECTS,ON SCENE,NO INJURY / DRIVE AWAY,,,,"OVER $1,500",11/03/2017 11:01:00 AM,IMPROPER BACKING,NOT APPLICABLE,1500,N,HALSTED ST,1822,,,,,,,2,NO INDICATION OF INJURY,0,0,0,0,0,2,0,10,6,11,41.908639592,-87.648360153,POINT (-87.648360152682 41.908639591728)
JA497059,,11/03/2017 10:50:00 AM,35,TRAFFIC SIGNAL,FUNCTIONING PROPERLY,CLEAR,DAYLIGHT,SIDESWIPE SAME DIRECTION,NOT DIVIDED,,STRAIGHT AND LEVEL,DRY,NO DEFECTS,ON SCENE,NO INJURY / DRIVE AWAY,,,,$500 OR LESS,11/03/2017 11:00:00 AM,UNABLE TO DETERMINE,UNABLE TO DETERMINE,7901,S,WESTERN AVE,835,,,,,,,2,NO INDICATION OF INJURY,0,0,0,0,0,3,0,10,6,11,41.750060363,-87.682699127,POINT (-87.682699127318 41.750060362735)
JA497109,,11/03/2017 10:50:00 AM,30,NO CONTROLS,NO CONTROLS,CLEAR,DAYLIGHT,SIDESWIPE SAME DIRECTION,DIVIDED - W/MEDIAN (NOT RAISED),2,STRAIGHT AND LEVEL,DRY,NO DEFECTS,ON SCENE,NO INJURY / DRIVE AWAY,,,,"OVER $1,500",11/03/2017 11:15:00 AM,FOLLOWING TOO CLOSELY,NOT APPLICABLE,2618,W,AUGUSTA BLVD,1211,,,,,,,2,NO INDICATION OF INJURY,0,0,0,0,0,2,0,10,6,11,41.899433363,-87.692676287,POINT (-87.692676286879 41.899433362775)
JA497078,,11/03/2017 10:55:00 AM,30,NO CONTROLS,NO CONTROLS,CLEAR,DAYLIGHT,REAR END,NOT DIVIDED,2,STRAIGHT AND LEVEL,DRY,NO DEFECTS,ON SCENE,NO INJURY / DRIVE AWAY,,,,$500 OR LESS,11/03/2017 10:55:00 AM,FOLLOWING TOO CLOSELY,NOT APPLICABLE,100,W,KINZIE ST,1831,,,,,,,2,NO INDICATION OF INJURY,0,0,0,0,0,2,0,10,6,11,41.889321686,-87.631132985,POINT (-87.631132985275 41.88932168585)
JA497094,,11/03/2017 11:00:00 AM,15,NO CONTROLS,NO CONTROLS,CLEAR,DAYLIGHT,PEDESTRIAN,DIVIDED - W/MEDIAN BARRIER,2,STRAIGHT AND LEVEL,DRY,NO DEFECTS,ON SCENE,INJURY AND / OR TOW DUE TO CRASH,,,,"$501 - $1,500",11/03/2017 11:34:00 AM,EXCEEDING SAFE SPEED FOR CONDITIONS,NOT APPLICABLE,2032,E,71ST ST,331,,,,,,,2,INCAPACITATING INJURY,1,0,1,0,0,1,0,11,6,11,41.766362602,-87.574944588,POINT (-87.574944587606 41.766362602128)
JA498980,,11/03/2017 11:00:00 AM,30,NO CONTROLS,NO CONTROLS,CLEAR,DAYLIGHT,PARKED MOTOR VEHICLE,NOT DIVIDED,2,STRAIGHT AND LEVEL,DRY,NO DEFECTS,NOT ON SCENE (DESK REPORT),NO INJURY / DRIVE AWAY,,,Y,$500 OR LESS,11/04/2017 06:10:00 PM,UNABLE TO DETERMINE,UNABLE TO DETERMINE,318,S,FRANCISCO AVE,1124,,,,,,,2,NO INDICATION OF INJURY,0,0,0,0,0,1,0,11,6,11,41.876798607,-87.698776767,POINT (-87.698776767422 41.876798606952)
JA498388,,11/03/2017 11:00:00 AM,20,NO CONTROLS,NO CONTROLS,CLEAR,DAYLIGHT,PARKED MOTOR VEHICLE,ONE-WAY,1,STRAIGHT AND LEVEL,DRY,UNKNOWN,NOT ON SCENE (DESK REPORT),NO INJURY / DRIVE AWAY,,,Y,"$501 - $1,500",11/04/2017 10:20:00 AM,UNABLE TO DETERMINE,UNABLE TO DETERMINE,5211,S,FAIRFIELD AVE,923,,,,,,,2,NO INDICATION OF INJURY,0,0,0,0,0,1,0,11,6,11,41.798812182,-87.692573046,POINT (-87.692573045692 41.798812181984)
JA510043,,11/03/2017 11:00:00 AM,30,NO CONTROLS,NO CONTROLS,CLEAR,DAYLIGHT,SIDESWIPE SAME DIRECTION,DIVIDED - W/MEDIAN (NOT RAISED),,STRAIGHT AND LEVEL,DRY,NO DEFECTS,NOT ON SCENE (DESK REPORT),NO INJURY / DRIVE AWAY,,,Y,"OVER $1,500",11/13/2017 11:30:00 AM,DRIVING SKILLS/KNOWLEDGE/EXPERIENCE,NOT APPLICABLE,4720,S,CICERO AVE,814,,,,,,,2,NO INDICATION OF INJURY,0,0,0,0,0,2,0,11,6,11,41.806963087,-87.743281068,POINT (-87.743281068198 41.806963087306)
JA497064,,11/03/2017 11:00:00 AM,0,NO CONTROLS,NO CONTROLS,CLEAR,DAYLIGHT,PARKED MOTOR VEHICLE,PARKING LOT,0,STRAIGHT AND LEVEL,DRY,NO DEFECTS,ON SCENE,NO INJURY / DRIVE AWAY,,,Y,"OVER $1,500",11/03/2017 11:05:00 AM,UNABLE TO DETERMINE,UNABLE TO DETERMINE,7118,W,GRAND AVE,2512,,,,,,,2,NO INDICATION OF INJURY,0,0,0,0,0,1,0,11,6,11,41.923673275,-87.803381777,POINT (-87.803381776697 41.923673274948)
JA497342,,11/03/2017 11:03:00 AM,30,NO CONTROLS,NO CONTROLS,CLEAR,DAYLIGHT,SIDESWIPE SAME DIRECTION,ONE-WAY,,STRAIGHT AND LEVEL,DRY,NO DEFECTS,ON SCENE,NO INJURY / DRIVE AWAY,,,,"$501 - $1,500",11/03/2017 11:15:00 AM,NOT APPLICABLE,NOT APPLICABLE,7943,S,LANGLEY AVE,624,,,,,,,2,NO INDICATION OF INJURY,0,0,0,0,0,2,0,11,6,11,41.749963625,-87.60747998,POINT (-87.60747998047 41.749963625181)
JA497087,,11/03/2017 11:05:00 AM,30,STOP SIGN/FLASHER,FUNCTIONING PROPERLY,CLEAR,DAYLIGHT,FIXED OBJECT,OTHER,,STRAIGHT AND LEVEL,WET,NO DEFECTS,ON SCENE,NO INJURY / DRIVE AWAY,Y,Y,,$500 OR LESS,11/03/2017 11:10:00 AM,UNABLE TO DETERMINE,UNABLE TO DETERMINE,2623,W,LOGAN BLVD,1431,,,,,,,1,NO INDICATION OF INJURY,0,0,0,0,0,2,0,11,6,11,41.928390489,-87.6935806,POINT (-87.693580600123 41.928390488971)
JA497265,,11/03/2017 11:08:00 AM,25,NO CONTROLS,NO CONTROLS,CLEAR,DAYLIGHT,PARKED MOTOR VEHICLE,PARKING LOT,1,STRAIGHT AND LEVEL,DRY,NO DEFECTS,NOT ON SCENE (DESK REPORT),NO INJURY / DRIVE AWAY,,,,"$501 - $1,500",11/03/2017 01:30:00 PM,UNABLE TO DETERMINE,UNABLE TO DETERMINE,4412,S,PULASKI RD,815,,,,,,,2,NO INDICATION OF INJURY,0,0,0,0,0,1,0,11,6,11,41.81293268,-87.723920832,POINT (-87.723920831766 41.812932679516)
JA497139,,11/03/2017 11:15:00 AM,30,TRAFFIC SIGNAL,FUNCTIONING PROPERLY,CLEAR,DAYLIGHT,REAR END,DIVIDED - W/MEDIAN (NOT RAISED),4,STRAIGHT AND LEVEL,DRY,NO DEFECTS,NOT ON SCENE (DESK REPORT),NO INJURY / DRIVE AWAY,,,,"$501 - $1,500",11/03/2017 12:09:00 PM,FOLLOWING TOO CLOSELY,NOT APPLICABLE,3947,S,DR MARTIN LUTHER KING JR DR,214,,,,,,,2,NO INDICATION OF INJURY,0,0,0,0,0,2,0,11,6,11,41.822547857,-87.616815618,POINT (-87.616815618375 41.8225478573)
JA497134,,11/03/2017 11:15:00 AM,30,NO CONTROLS,NO CONTROLS,CLEAR,DAYLIGHT,TURNING,DIVIDED - W/MEDIAN (NOT RAISED),,STRAIGHT AND LEVEL,DRY,NO DEFECTS,,INJURY AND / OR TOW DUE TO CRASH,,,,"OVER $1,500",11/03/2017 11:20:00 AM,IMPROPER LANE USAGE,UNABLE TO DETERMINE,701,N,SACRAMENTO BLVD,1221,,,,,,,2,NONINCAPACITATING INJURY,1,0,0,1,0,3,0,11,6,11,41.89379723,-87.702004213,POINT (-87.702004213035 41.893797229945)
JA497141,,11/03/2017 11:20:00 AM,30,NO CONTROLS,NO CONTROLS,CLEAR,DAYLIGHT,PARKED MOTOR VEHICLE,PARKING LOT,,STRAIGHT AND LEVEL,DRY,NO DEFECTS,ON SCENE,NO INJURY / DRIVE AWAY,,Y,Y,$500 OR LESS,11/03/2017 11:39:00 AM,UNABLE TO DETERMINE,UNABLE TO DETERMINE,3500,S,DR MARTIN LUTHER KING JR DR,212,,,,,,,2,NO INDICATION OF INJURY,0,0,0,0,0,1,0,11,6,11,41.831086574,-87.617460542,POINT (-87.617460541867 41.831086574167)
JA497120,,11/03/2017 11:25:00 AM,10,NO CONTROLS,NO CONTROLS,CLEAR,DAYLIGHT,ANGLE,NOT DIVIDED,,STRAIGHT AND LEVEL,DRY,NO DEFECTS,ON SCENE,NO INJURY / DRIVE AWAY,,,,"OVER $1,500",11/03/2017 11:43:00 AM,UNABLE TO DETERMINE,UNABLE TO DETERMINE,4649,N,KENTON AVE,1722,,,,,,,2,NO INDICATION OF INJURY,0,0,0,0,0,3,0,11,6,11,41.965884961,-87.74262239,POINT (-87.742622390181 41.965884960686)
JA497115,,11/03/2017 11:25:00 AM,30,TRAFFIC SIGNAL,FUNCTIONING PROPERLY,CLOUDY/OVERCAST,DAYLIGHT,PEDALCYCLIST,OTHER,3,STRAIGHT AND LEVEL,DRY,NO DEFECTS,ON SCENE,INJURY AND / OR TOW DUE TO CRASH,,,Y,$500 OR LESS,11/03/2017 11:31:00 AM,DISREGARDING TRAFFIC SIGNALS,UNABLE TO DETERMINE,100,N,CLINTON ST,121,,,,,,,2,INCAPACITATING INJURY,1,0,1,0,0,1,0,11,6,11,41.883236895,-87.641381616,POINT (-87.641381615901 41.88323689522)
JA497680,,11/03/2017 11:30:00 AM,30,TRAFFIC SIGNAL,FUNCTIONING PROPERLY,CLEAR,DAYLIGHT,REAR END,ONE-WAY,3,STRAIGHT AND LEVEL,DRY,NO DEFECTS,NOT ON SCENE (DESK REPORT),NO INJURY / DRIVE AWAY,,,,"OVER $1,500",11/03/2017 05:30:00 PM,FOLLOWING TOO CLOSELY,NOT APPLICABLE,9900,S,HALSTED ST,2232,,,,,,,2,NO INDICATION OF INJURY,0,0,0,0,0,2,0,11,6,11,41.714118868,-87.643145408,POINT (-87.643145408182 41.71411886809)
JA501106,,11/03/2017 11:30:00 AM,30,NO CONTROLS,NO CONTROLS,UNKNOWN,DAYLIGHT,PARKED MOTOR VEHICLE,NOT DIVIDED,1,STRAIGHT AND LEVEL,UNKNOWN,NO DEFECTS,NOT ON SCENE (DESK REPORT),NO INJURY / DRIVE AWAY,,,Y,"OVER $1,500",11/06/2017 12:50:00 PM,UNABLE TO DETERMINE,UNABLE TO DETERMINE,4600,S,KOLIN AVE,815,,,,,,,2,NO INDICATION OF INJURY,0,0,0,0,0,1,0,11,6,11,41.809497378,-87.732588731,POINT (-87.732588730895 41.809497378089)
JA497144,,11/03/2017 11:44:00 AM,35,NO CONTROLS,NO CONTROLS,CLOUDY/OVERCAST,DAYLIGHT,SIDESWIPE SAME DIRECTION,NOT DIVIDED,2,STRAIGHT AND LEVEL,DRY,NO DEFECTS,ON SCENE,INJURY AND / OR TOW DUE TO CRASH,,,,"OVER $1,500",11/03/2017 11:45:00 AM,"OPERATING VEHICLE IN ERRATIC, RECKLESS, CARELESS, NEGLIGENT OR AGGRESSIVE MANNER",FAILING TO YIELD RIGHT-OF-WAY,2711,W,MONTROSE AVE,1724,,,,,,,2,NO INDICATION OF INJURY,0,0,0,0,0,2,0,11,6,11,41.961151897,-87.696592502,POINT (-87.696592502279 41.961151896758)
JA497215,,11/03/2017 11:50:00 AM,30,NO CONTROLS,NO CONTROLS,CLEAR,DAYLIGHT,TURNING,NOT DIVIDED,,STRAIGHT AND LEVEL,DRY,NO DEFECTS,ON SCENE,NO INJURY / DRIVE AWAY,,,,"OVER $1,500",11/03/2017 11:56:00 AM,IMPROPER TURNING/NO SIGNAL,NOT APPLICABLE,1238,W,BELMONT AVE,1924,,,,N,,,2,NO INDICATION OF INJURY,0,0,0,0,0,2,0,11,6,11,41.939919379,-87.660471467,POINT (-87.66047146675 41.93991937945)
JA497169,,11/03/2017 12:00:00 PM,30,TRAFFIC SIGNAL,FUNCTIONING PROPERLY,CLOUDY/OVERCAST,DAYLIGHT,TURNING,DIVIDED - W/MEDIAN (NOT RAISED),,STRAIGHT AND LEVEL,DRY,NO DEFECTS,ON SCENE,NO INJURY / DRIVE AWAY,Y,,,"OVER $1,500",11/03/2017 12:05:00 PM,FAILING TO YIELD RIGHT-OF-WAY,DISTRACTION - FROM INSIDE VEHICLE,1159,N,DAMEN AVE,1212,,,,,,,2,NO INDICATION OF INJURY,0,0,0,0,0,2,0,12,6,11,41.903168979,-87.677110174,POINT (-87.677110174009 41.903168978816)
JA497591,,11/03/2017 12:00:00 PM,30,NO CONTROLS,NO CONTROLS,CLEAR,"DARKNESS, LIGHTED ROAD",PARKED MOTOR VEHICLE,NOT DIVIDED,2,STRAIGHT AND LEVEL,DRY,NO DEFECTS,NOT ON SCENE (DESK REPORT),NO INJURY / DRIVE AWAY,,,,"OVER $1,500",11/03/2017 06:00:00 PM,UNABLE TO DETERMINE,NOT APPLICABLE,11705,S,LONGWOOD DR,2212,,,,,,,2,NO INDICATION OF INJURY,0,0,0,0,0,1,0,12,6,11,41.680903027,-87.674461791,POINT (-87.674461791432 41.680903027008)
JA497227,,11/03/2017 12:00:00 PM,30,TRAFFIC SIGNAL,FUNCTIONING PROPERLY,CLEAR,DAYLIGHT,TURNING,DIVIDED - W/MEDIAN BARRIER,4,STRAIGHT AND LEVEL,DRY,NO DEFECTS,NOT ON SCENE (DESK REPORT),INJURY AND / OR TOW DUE TO CRASH,Y,,,"OVER $1,500",11/03/2017 12:20:00 PM,UNABLE TO DETERMINE,NOT APPLICABLE,4100,S,CICERO AVE,814,,,,,,,2,NO INDICATION OF INJURY,0,0,0,0,0,2,0,12,6,11,41.818178097,-87.743611856,POINT (-87.743611856242 41.818178096923)
JA497178,,11/03/2017 12:00:00 PM,30,TRAFFIC SIGNAL,FUNCTIONING PROPERLY,CLOUDY/OVERCAST,DAYLIGHT,REAR END,DIVIDED - W/MEDIAN (NOT RAISED),3,STRAIGHT AND LEVEL,DRY,NO DEFECTS,NOT ON SCENE (DESK REPORT),NO INJURY / DRIVE AWAY,,,,"OVER $1,500",11/03/2017 12:30:00 PM,UNABLE TO DETERMINE,UNABLE TO DETERMINE,850,N,MICHIGAN AVE,1833,,,,,,,2,NO INDICATION OF INJURY,0,0,0,0,0,2,0,12,6,11,41.898276218,-87.624245786,POINT (-87.624245785547 41.898276218319)
JA497579,,11/03/2017 12:05:00 PM,20,NO CONTROLS,NO CONTROLS,CLEAR,DAYLIGHT,PARKED MOTOR VEHICLE,NOT DIVIDED,,STRAIGHT AND LEVEL,DRY,NO DEFECTS,NOT ON SCENE (DESK REPORT),NO INJURY / DRIVE AWAY,,,,"OVER $1,500",11/03/2017 05:00:00 PM,IMPROPER LANE USAGE,NOT APPLICABLE,1225,W,117TH ST,524,,,,,,,2,NO INDICATION OF INJURY,0,0,0,0,0,1,0,12,6,11,41.681190596,-87.652832914,POINT (-87.652832914167 41.681190595907)
JA497575,,11/03/2017 12:10:00 PM,0,NO CONTROLS,NO CONTROLS,CLEAR,DAYLIGHT,PARKED MOTOR VEHICLE,PARKING LOT,,STRAIGHT AND LEVEL,DRY,NO DEFECTS,NOT ON SCENE (DESK REPORT),NO INJURY / DRIVE AWAY,,,,"OVER $1,500",11/03/2017 05:00:00 PM,UNABLE TO DETERMINE,UNABLE TO DETERMINE,7900,S,PRINCETON AVE,623,,,,,,,2,NO INDICATION OF INJURY,0,0,0,0,0,1,0,12,6,11,41.75073063,-87.632022639,POINT (-87.632022639063 41.750730629947)
JA497195,,11/03/2017 12:10:00 PM,35,NO CONTROLS,NO CONTROLS,CLEAR,DAYLIGHT,ANGLE,NOT DIVIDED,4,STRAIGHT AND LEVEL,DRY,NO DEFECTS,NOT ON SCENE (DESK REPORT),NO INJURY / DRIVE AWAY,,,,"$501 - $1,500",11/03/2017 12:19:00 PM,FAILING TO YIELD RIGHT-OF-WAY,UNABLE TO DETERMINE,3835,W,MADISON ST,1122,,,,,,,2,NO INDICATION OF INJURY,0,0,0,0,0,2,0,12,6,11,41.880659411,-87.722193669,POINT (-87.722193668857 41.880659411459)
JA498573,,11/03/2017 12:15:00 PM,35,NO CONTROLS,NO CONTROLS,RAIN,DAYLIGHT,REAR END,NOT DIVIDED,,STRAIGHT AND LEVEL,WET,NO DEFECTS,NOT ON SCENE (DESK REPORT),INJURY AND / OR TOW DUE TO CRASH,,,,"$501 - $1,500",11/04/2017 12:15:00 PM,FOLLOWING TOO CLOSELY,NOT APPLICABLE,7270,W,DEVON AVE,1612,,,,,,,2,NONINCAPACITATING INJURY,1,0,0,1,0,1,0,12,6,11,41.997336117,-87.809177612,POINT (-87.809177612163 41.997336116887)
JA497198,,11/03/2017 12:15:00 PM,30,STOP SIGN/FLASHER,FUNCTIONING PROPERLY,CLEAR,DAYLIGHT,REAR END,NOT DIVIDED,2,STRAIGHT AND LEVEL,DRY,NO DEFECTS,NOT ON SCENE (DESK REPORT),NO INJURY / DRIVE AWAY,,,,"$501 - $1,500",11/03/2017 12:37:00 PM,IMPROPER BACKING,IMPROPER BACKING,1500,S,ASHLAND AVE,1233,,,,,,,2,NO INDICATION OF INJURY,0,0,0,0,0,2,0,12,6,11,41.861417857,-87.666388256,POINT (-87.666388256198 41.861417857387)
JA497152,,11/03/2017 12:15:00 PM,30,NO CONTROLS,NO CONTROLS,CLEAR,DAYLIGHT,TURNING,NOT DIVIDED,4,STRAIGHT AND LEVEL,DRY,NO DEFECTS,ON SCENE,INJURY AND / OR TOW DUE TO CRASH,,,,"OVER $1,500",11/03/2017 12:20:00 PM,IMPROPER TURNING/NO SIGNAL,FAILING TO YIELD RIGHT-OF-WAY,722,W,MONROE ST,1232,,,,,,,2,NONINCAPACITATING INJURY,1,0,0,1,0,2,0,12,6,11,41.88062766,-87.645136492,POINT (-87.645136492354 41.880627659526)
JA497254,,11/03/2017 12:20:00 PM,30,TRAFFIC SIGNAL,FUNCTIONING PROPERLY,CLEAR,DAYLIGHT,SIDESWIPE SAME DIRECTION,NOT DIVIDED,,STRAIGHT AND LEVEL,DRY,NO DEFECTS,NOT ON SCENE (DESK REPORT),NO INJURY / DRIVE AWAY,Y,,,"$501 - $1,500",11/03/2017 01:30:00 PM,UNABLE TO DETERMINE,NOT APPLICABLE,2001,N,DAMEN AVE,1432,,,,,,,2,NO INDICATION OF INJURY,0,0,0,0,0,2,0,12,6,11,41.917798868,-87.67747594,POINT (-87.677475939724 41.917798867589)
JA497499,,11/03/2017 12:23:00 PM,10,NO CONTROLS,NO CONTROLS,CLEAR,DAYLIGHT,PARKED MOTOR VEHICLE,PARKING LOT,,STRAIGHT AND LEVEL,DRY,NO DEFECTS,ON SCENE,NO INJURY / DRIVE AWAY,,,Y,"OVER $1,500",11/03/2017 04:03:00 PM,IMPROPER BACKING,NOT APPLICABLE,8560,S,COTTAGE GROVE AVE,632,,,,,,,2,NO INDICATION OF INJURY,0,0,0,0,0,2,0,12,6,11,41.738550929,-87.605023605,POINT (-87.605023605204 41.738550928713)
JA500052,,11/03/2017 12:30:00 PM,30,NO CONTROLS,NO CONTROLS,RAIN,DAYLIGHT,PARKED MOTOR VEHICLE,NOT DIVIDED,1,STRAIGHT ON GRADE,WET,NO DEFECTS,NOT ON SCENE (DESK REPORT),NO INJURY / DRIVE AWAY,,,,"$501 - $1,500",11/05/2017 03:30:00 PM,FAILING TO REDUCE SPEED TO AVOID CRASH,DRIVING SKILLS/KNOWLEDGE/EXPERIENCE,10326,S,SANGAMON ST,2232,,,,,,,2,NO INDICATION OF INJURY,0,0,0,0,0,1,0,12,6,11,41.706055889,-87.646601527,POINT (-87.646601526666 41.706055889011)
JA497372,,11/03/2017 12:35:00 PM,15,STOP SIGN/FLASHER,FUNCTIONING PROPERLY,CLEAR,DAYLIGHT,REAR END,NOT DIVIDED,2,STRAIGHT AND LEVEL,DRY,NO DEFECTS,NOT ON SCENE (DESK REPORT),NO INJURY / DRIVE AWAY,,,,"OVER $1,500",11/03/2017 02:40:00 PM,FOLLOWING TOO CLOSELY,UNABLE TO DETERMINE,1400,E,76TH ST,411,,,,,,,2,NO INDICATION OF INJURY,0,0,0,0,0,2,0,12,6,11,41.75701295,-87.590695432,POINT (-87.590695432338 41.757012950312)
JA497196,,11/03/2017 12:35:00 PM,30,STOP SIGN/FLASHER,NO CONTROLS,CLEAR,DAYLIGHT,ANGLE,DIVIDED - W/MEDIAN (NOT RAISED),,STRAIGHT AND LEVEL,DRY,NO DEFECTS,ON SCENE,NO INJURY / DRIVE AWAY,,,Y,"OVER $1,500",11/03/2017 12:40:00 PM,FAILING TO YIELD RIGHT-OF-WAY,UNABLE TO DETERMINE,2931,W,ADDISON ST,1733,,,,,,,2,NO INDICATION OF INJURY,0,0,0,0,0,2,0,12,6,11,41.946539155,-87.701769109,POINT (-87.701769109441 41.946539154846)
JA497214,,11/03/2017 12:43:00 PM,30,NO CONTROLS,NO CONTROLS,CLEAR,DAYLIGHT,TURNING,NOT DIVIDED,2,STRAIGHT AND LEVEL,DRY,NO DEFECTS,ON SCENE,NO INJURY / DRIVE AWAY,,,,$500 OR LESS,11/03/2017 12:43:00 PM,FAILING TO YIELD RIGHT-OF-WAY,"VISION OBSCURED (SIGNS, TREE LIMBS, BUILDINGS, ETC.)",346,S,KOSTNER AVE,1131,,,,,,,2,NO INDICATION OF INJURY,0,0,0,0,0,4,0,12,6,11,41.875528771,-87.735444935,POINT (-87.735444935426 41.875528770508)
JA497289,,11/03/2017 12:45:00 PM,30,TRAFFIC SIGNAL,UNKNOWN,CLEAR,DAYLIGHT,TURNING,OTHER,0,STRAIGHT AND LEVEL,DRY,NO DEFECTS,ON SCENE,INJURY AND / OR TOW DUE TO CRASH,Y,,,"OVER $1,500",11/03/2017 01:40:00 PM,FAILING TO YIELD RIGHT-OF-WAY,UNABLE TO DETERMINE,8400,W,FOREST PRESERVE AVE,1631,,,,,,,2,NO INDICATION OF INJURY,0,0,0,0,0,2,0,12,6,11,41.940381131,-87.836718168,POINT (-87.836718168277 41.940381130911)
JA497280,,11/03/2017 12:46:00 PM,30,NO CONTROLS,NO CONTROLS,CLEAR,DAYLIGHT,TURNING,NOT DIVIDED,2,STRAIGHT AND LEVEL,DRY,NO DEFECTS,NOT ON SCENE (DESK REPORT),NO INJURY / DRIVE AWAY,,,,"OVER $1,500",11/03/2017 01:30:00 PM,UNABLE TO DETERMINE,UNABLE TO DETERMINE,31,N,SANGAMON ST,1224,,,,,,,2,NO INDICATION OF INJURY,0,0,0,0,0,2,0,12,6,11,41.882710691,-87.650743644,POINT (-87.650743644366 41.882710691189)
JA497245,,11/03/2017 12:53:00 PM,30,TRAFFIC SIGNAL,FUNCTIONING PROPERLY,CLEAR,DAYLIGHT,REAR END,DIVIDED - W/MEDIAN BARRIER,2,STRAIGHT AND LEVEL,DRY,NO DEFECTS,ON SCENE,NO INJURY / DRIVE AWAY,Y,,,"OVER $1,500",11/03/2017 12:56:00 PM,FOLLOWING TOO CLOSELY,FAILING TO REDUCE SPEED TO AVOID CRASH,1650,S,DAMEN AVE,1234,,,,,,,2,NO INDICATION OF INJURY,0,0,0,0,0,2,0,12,6,11,41.858614856,-87.676167369,POINT (-87.676167368693 41.858614856137)
JA497288,,11/03/2017 12:53:00 PM,30,NO CONTROLS,NO CONTROLS,CLEAR,DAYLIGHT,PARKED MOTOR VEHICLE,NOT DIVIDED,2,STRAIGHT AND LEVEL,DRY,NO DEFECTS,NOT ON SCENE (DESK REPORT),NO INJURY / DRIVE AWAY,,,Y,$500 OR LESS,11/03/2017 01:50:00 PM,IMPROPER OVERTAKING/PASSING,NOT APPLICABLE,6900,W,NORTH AVE,2513,,,,,,,2,NO INDICATION OF INJURY,0,0,0,0,0,2,0,12,6,11,41.909103704,-87.797246292,POINT (-87.797246292323 41.909103703975)