RD_NO,CRASH_DATE_EST_I,CRASH_DATE,POSTED_SPEED_LIMIT,TRAFFIC_CONTROL_DEVICE,DEVICE_CONDITION,WEATHER_CONDITION,LIGHTING_CONDITION,FIRST_CRASH_TYPE,TRAFFICWAY_TYPE,LANE_CNT,ALIGNMENT,ROADWAY_SURFACE_COND,ROAD_DEFECT,REPORT_TYPE,CRASH_TYPE,INTERSECTION_RELATED_I,NOT_RIGHT_OF_WAY_I,HIT_AND_RUN_I,DAMAGE,DATE_POLICE_NOTIFIED,PRIM_CONTRIBUTORY_CAUSE,SEC_CONTRIBUTORY_CAUSE,STREET_NO,STREET_DIRECTION,STREET_NAME,BEAT_OF_OCCURRENCE,PHOTOS_TAKEN_I,STATEMENTS_TAKEN_I,DOORING_I,WORK_ZONE_I,WORK_ZONE_TYPE,WORKERS_PRESENT_I,NUM_UNITS,MOST_SEVERE_INJURY,INJURIES_TOTAL,INJURIES_FATAL,INJURIES_INCAPACITATING,INJURIES_NON_INCAPACITATING,INJURIES_REPORTED_NOT_EVIDENT,INJURIES_NO_INDICATION,INJURIES_UNKNOWN,CRASH_HOUR,CRASH_DAY_OF_WEEK,CRASH_MONTH,LATITUDE,LONGITUDE,LOCATION
JA497532,,11/03/2017 04:30:00 PM,35,TRAFFIC SIGNAL,FUNCTIONING PROPERLY,CLEAR,DAYLIGHT,SIDESWIPE SAME DIRECTION,DIVIDED - W/MEDIAN BARRIER,4,STRAIGHT ON HILLCREST,DRY,NO DEFECTS,ON SCENE,NO INJURY / DRIVE AWAY,,,,"OVER $1,500",11/03/2017 04:40:00 PM,FAILING TO YIELD RIGHT-OF-WAY,IMPROPER LANE USAGE,5700,N,CUMBERLAND AVE,1614,,,,,,,2,NO INDICATION OF INJURY,0,0,0,0,0,3,0,16,6,11,41.982599555,-87.836728407,POINT (-87.836728406808 41.982599554701)
JA497556,,11/03/2017 04:33:00 PM,30,TRAFFIC SIGNAL,FUNCTIONING PROPERLY,CLEAR,DAYLIGHT,PEDALCYCLIST,DIVIDED - W/MEDIAN (NOT RAISED),,STRAIGHT AND LEVEL,DRY,NO DEFECTS,ON SCENE,INJURY AND / OR TOW DUE TO CRASH,,,,$500 OR LESS,11/03/2017 04:34:00 PM,IMPROPER OVERTAKING/PASSING,UNABLE TO DETERMINE,559,W,47TH ST,935,,,,,,,2,NONINCAPACITATING INJURY,2,0,0,2,0,3,0,16,6,11,41.808844481,-87.640553069,POINT (-87.64055306869 41.808844480916)
JA497670,,11/03/2017 04:40:00 PM,30,NO CONTROLS,NO CONTROLS,CLEAR,DAYLIGHT,REAR END,DIVIDED - W/MEDIAN (NOT RAISED),,STRAIGHT AND LEVEL,DRY,NO DEFECTS,NOT ON SCENE (DESK REPORT),NO INJURY / DRIVE AWAY,Y,,,"$501 - $1,500",11/03/2017 05:57:00 PM,UNABLE TO DETERMINE,UNABLE TO DETERMINE,6130,S,STATE ST,311,,,,,,,2,NO INDICATION OF INJURY,0,0,0,0,0,2,0,16,6,11,41.782830321,-87.625542386,POINT (-87.625542386158 41.782830321396)
JA497726,,11/03/2017 04:55:00 PM,30,NO CONTROLS,NO CONTROLS,CLEAR,DAYLIGHT,SIDESWIPE SAME DIRECTION,DIVIDED - W/MEDIAN (NOT RAISED),4,STRAIGHT AND LEVEL,DRY,NO DEFECTS,NOT ON SCENE (DESK REPORT),NO INJURY / DRIVE AWAY,,,,"OVER $1,500",11/03/2017 06:35:00 PM,UNABLE TO DETERMINE,UNABLE TO DETERMINE,5805,W,IRVING PARK RD,1633,,,,,,,2,NO INDICATION OF INJURY,0,0,0,0,0,2,0,16,6,11,41.953004468,-87.772102238,POINT (-87.772102238423 41.953004467814)
JA497640,,11/03/2017 04:56:00 PM,30,YIELD,NO CONTROLS,CLEAR,DAYLIGHT,PEDESTRIAN,NOT DIVIDED,,STRAIGHT AND LEVEL,DRY,NO DEFECTS,ON SCENE,INJURY AND / OR TOW DUE TO CRASH,,,Y,$500 OR LESS,11/03/2017 05:08:00 PM,EXCEEDING AUTHORIZED SPEED LIMIT,NOT APPLICABLE,37,W,GARFIELD BLVD,225,,,,,,,2,NONINCAPACITATING INJURY,1,0,0,1,0,1,0,16,6,11,41.794158129,-87.627199212,POINT (-87.627199211624 41.79415812895)
JA497628,,11/03/2017 04:56:00 PM,30,TRAFFIC SIGNAL,FUNCTIONING PROPERLY,CLEAR,DAYLIGHT,TURNING,ONE-WAY,,STRAIGHT AND LEVEL,DRY,NO DEFECTS,NOT ON SCENE (DESK REPORT),NO INJURY / DRIVE AWAY,,,,"OVER $1,500",11/03/2017 05:31:00 PM,IMPROPER OVERTAKING/PASSING,FAILING TO YIELD RIGHT-OF-WAY,2,N,CLARK ST,122,,,,,,,2,NO INDICATION OF INJURY,0,0,0,0,0,2,0,16,6,11,41.882001985,-87.631031637,POINT (-87.63103163675 41.882001985453)
JA497730,,11/03/2017 05:00:00 PM,30,TRAFFIC SIGNAL,FUNCTIONING PROPERLY,CLEAR,"DARKNESS, LIGHTED ROAD",SIDESWIPE SAME DIRECTION,DIVIDED - W/MEDIAN BARRIER,2,STRAIGHT AND LEVEL,DRY,NO DEFECTS,NOT ON SCENE (DESK REPORT),NO INJURY / DRIVE AWAY,,,,"OVER $1,500",11/03/2017 06:30:00 PM,UNABLE TO DETERMINE,UNABLE TO DETERMINE,250,S,MICHIGAN AVE,113,,,,,,,2,NO INDICATION OF INJURY,0,0,0,0,0,2,0,17,6,11,41.87834487,-87.62445364,POINT (-87.624453640106 41.878344870377)
JA497635,,11/03/2017 05:00:00 PM,30,STOP SIGN/FLASHER,FUNCTIONING PROPERLY,CLEAR,DAYLIGHT,ANGLE,NOT DIVIDED,2,STRAIGHT AND LEVEL,DRY,NO DEFECTS,ON SCENE,INJURY AND / OR TOW DUE TO CRASH,Y,,,"OVER $1,500",11/03/2017 05:02:00 PM,FAILING TO YIELD RIGHT-OF-WAY,FAILING TO REDUCE SPEED TO AVOID CRASH,2900,N,NARRAGANSETT AVE,2511,,,,,,,2,NONINCAPACITATING INJURY,2,0,0,2,0,3,0,17,6,11,41.932920425,-87.785900689,POINT (-87.785900689402 41.932920424589)
JA497744,,11/03/2017 05:00:00 PM,15,NO CONTROLS,NO CONTROLS,CLEAR,DUSK,REAR END,PARKING LOT,0,STRAIGHT AND LEVEL,DRY,NO DEFECTS,NOT ON SCENE (DESK REPORT),NO INJURY / DRIVE AWAY,,,,"$501 - $1,500",11/03/2017 06:50:00 PM,FAILING TO YIELD RIGHT-OF-WAY,IMPROPER BACKING,3956,W,NORTH AVE,2535,,,,,,,2,NO INDICATION OF INJURY,0,0,0,0,0,3,0,17,6,11,41.909998335,-87.726197681,POINT (-87.726197681287 41.909998335435)
JA497734,,11/03/2017 05:00:00 PM,30,NO CONTROLS,NO CONTROLS,CLEAR,DAYLIGHT,PARKED MOTOR VEHICLE,NOT DIVIDED,2,STRAIGHT AND LEVEL,DRY,NO DEFECTS,NOT ON SCENE (DESK REPORT),NO INJURY / DRIVE AWAY,,,Y,"OVER $1,500",11/03/2017 06:44:00 PM,UNABLE TO DETERMINE,NOT APPLICABLE,214,S,WOOD ST,1225,,,,,,,2,NO INDICATION OF INJURY,0,0,0,0,0,1,0,17,6,11,41.878274956,-87.671816143,POINT (-87.671816142711 41.878274955887)
JA497622,,11/03/2017 05:00:00 PM,30,NO CONTROLS,NO CONTROLS,CLEAR,DAYLIGHT,REAR END,NOT DIVIDED,,STRAIGHT AND LEVEL,DRY,NO DEFECTS,NOT ON SCENE (DESK REPORT),NO INJURY / DRIVE AWAY,,,Y,"$501 - $1,500",11/03/2017 05:13:00 PM,UNABLE TO DETERMINE,UNABLE TO DETERMINE,91,E,104TH ST,512,,,,,,,2,NO INDICATION OF INJURY,0,0,0,0,0,2,0,17,6,11,41.705276703,-87.620578503,POINT (-87.6205785032 41.705276703485)
JA497660,,11/03/2017 05:00:00 PM,30,NO CONTROLS,NO CONTROLS,CLEAR,DARKNESS,REAR END,NOT DIVIDED,2,STRAIGHT AND LEVEL,DRY,NO DEFECTS,NOT ON SCENE (DESK REPORT),NO INJURY / DRIVE AWAY,,,,"$501 - $1,500",11/03/2017 05:50:00 PM,IMPROPER OVERTAKING/PASSING,NOT APPLICABLE,5650,W,IRVING PARK RD,1624,,,,,,,2,NO INDICATION OF INJURY,0,0,0,0,0,2,0,17,6,11,41.953268632,-87.769076219,POINT (-87.769076219472 41.953268631847)
JA497725,,11/03/2017 05:05:00 PM,30,TRAFFIC SIGNAL,FUNCTIONING PROPERLY,CLEAR,"DARKNESS, LIGHTED ROAD",SIDESWIPE SAME DIRECTION,DIVIDED - W/MEDIAN (NOT RAISED),2,STRAIGHT AND LEVEL,DRY,NO DEFECTS,ON SCENE,NO INJURY / DRIVE AWAY,,,,"OVER $1,500",11/03/2017 06:23:00 PM,FAILING TO YIELD RIGHT-OF-WAY,NOT APPLICABLE,3306,N,PULASKI RD,1731,,,,,,,2,NO INDICATION OF INJURY,0,0,0,0,0,2,0,17,6,11,41.941150429,-87.727393087,POINT (-87.727393087269 41.941150429285)
JA497636,,11/03/2017 05:07:00 PM,35,NO CONTROLS,NO CONTROLS,CLEAR,DAWN,FIXED OBJECT,DIVIDED - W/MEDIAN (NOT RAISED),2,STRAIGHT AND LEVEL,DRY,NO DEFECTS,ON SCENE,NO INJURY / DRIVE AWAY,,,,"OVER $1,500",11/03/2017 05:07:00 PM,"OPERATING VEHICLE IN ERRATIC, RECKLESS, CARELESS, NEGLIGENT OR AGGRESSIVE MANNER",PHYSICAL CONDITION OF DRIVER,2210,W,PERSHING RD,912,,,,,,,1,NO INDICATION OF INJURY,0,0,0,0,0,1,0,17,6,11,41.823152544,-87.680562147,POINT (-87.680562147433 41.823152544283)
JA497648,,11/03/2017 05:15:00 PM,30,NO CONTROLS,NO CONTROLS,CLEAR,DUSK,TURNING,NOT DIVIDED,,STRAIGHT AND LEVEL,DRY,NO DEFECTS,ON SCENE,NO INJURY / DRIVE AWAY,Y,,,$500 OR LESS,11/03/2017 05:30:00 PM,IMPROPER TURNING/NO SIGNAL,NOT APPLICABLE,1930,W,NORWOOD ST,2413,,,,,,,2,NO INDICATION OF INJURY,0,0,0,0,0,5,0,17,6,11,41.992020171,-87.678397646,POINT (-87.678397646202 41.992020170651)
JA497673,,11/03/2017 05:21:00 PM,30,NO CONTROLS,NO CONTROLS,CLEAR,DUSK,PARKED MOTOR VEHICLE,NOT DIVIDED,4,STRAIGHT AND LEVEL,DRY,NO DEFECTS,ON SCENE,NO INJURY / DRIVE AWAY,,,Y,"OVER $1,500",11/03/2017 05:21:00 PM,UNABLE TO DETERMINE,UNABLE TO DETERMINE,6848,S,ASHLAND AVE,725,,,,,,,2,NO INDICATION OF INJURY,0,0,0,0,0,1,0,17,6,11,41.768919001,-87.664071467,POINT (-87.664071466614 41.768919000671)
JA497709,Y,11/03/2017 05:24:00 PM,15,NO CONTROLS,NO CONTROLS,CLEAR,DAYLIGHT,REAR END,ONE-WAY,1,STRAIGHT AND LEVEL,DRY,NO DEFECTS,NOT ON SCENE (DESK REPORT),NO INJURY / DRIVE AWAY,,,Y,"$501 - $1,500",11/03/2017 06:15:00 PM,UNABLE TO DETERMINE,UNABLE TO DETERMINE,3500,W,LELAND AVE,1723,,,,,,,2,NO INDICATION OF INJURY,0,0,0,0,0,2,0,17,6,11,41.966665752,-87.715817114,POINT (-87.715817113728 41.966665751787)
JA500833,,11/03/2017 05:25:00 PM,30,NO CONTROLS,NO CONTROLS,CLOUDY/OVERCAST,DUSK,PARKED MOTOR VEHICLE,DRIVEWAY,,STRAIGHT AND LEVEL,DRY,NO DEFECTS,NOT ON SCENE (DESK REPORT),NO INJURY / DRIVE AWAY,,,,"$501 - $1,500",11/06/2017 10:00:00 AM,IMPROPER BACKING,UNABLE TO DETERMINE,525,E,86TH ST,632,,,,,,,2,NO INDICATION OF INJURY,0,0,0,0,0,1,0,17,6,11,41.738275397,-87.61110457,POINT (-87.611104569892 41.738275397289)
JA499204,,11/03/2017 05:25:00 PM,30,TRAFFIC SIGNAL,FUNCTIONING PROPERLY,CLOUDY/OVERCAST,"DARKNESS, LIGHTED ROAD",TURNING,DIVIDED - W/MEDIAN (NOT RAISED),,STRAIGHT AND LEVEL,DRY,NO DEFECTS,NOT ON SCENE (DESK REPORT),NO INJURY / DRIVE AWAY,Y,,,"OVER $1,500",11/04/2017 10:22:00 PM,FAILING TO YIELD RIGHT-OF-WAY,UNABLE TO DETERMINE,3241,W,PETERSON AVE,1711,,,,,,,2,NO INDICATION OF INJURY,0,0,0,0,0,2,0,17,6,11,41.990254848,-87.710763244,POINT (-87.710763243534 41.990254848132)
JB134215,,11/03/2017 05:30:00 PM,25,NO CONTROLS,NO CONTROLS,CLEAR,DAYLIGHT,PARKED MOTOR VEHICLE,ONE-WAY,,STRAIGHT AND LEVEL,DRY,NO DEFECTS,NOT ON SCENE (DESK REPORT),NO INJURY / DRIVE AWAY,,,,"OVER $1,500",01/29/2018 04:30:00 PM,UNABLE TO DETERMINE,NOT APPLICABLE,7735,S,CREGIER AVE,414,,,,,,,2,NO INDICATION OF INJURY,0,0,0,0,0,1,0,17,6,11,41.754133833,-87.580781255,POINT (-87.580781254949 41.754133832786)
JA497684,,11/03/2017 05:30:00 PM,30,TRAFFIC SIGNAL,FUNCTIONING PROPERLY,RAIN,DAYLIGHT,SIDESWIPE SAME DIRECTION,DIVIDED - W/MEDIAN BARRIER,,STRAIGHT AND LEVEL,DRY,UNKNOWN,NOT ON SCENE (DESK REPORT),NO INJURY / DRIVE AWAY,Y,,,"$501 - $1,500",11/03/2017 06:02:00 PM,UNABLE TO DETERMINE,UNABLE TO DETERMINE,1326,S,LAKE SHORE DR W,132,,,,,,,2,NO INDICATION OF INJURY,0,0,0,0,0,2,0,17,6,11,41.865124991,-87.619539925,POINT (-87.619539924525 41.865124991072)
JA500891,,11/03/2017 05:30:00 PM,30,NO CONTROLS,NO CONTROLS,CLEAR,DAYLIGHT,SIDESWIPE SAME DIRECTION,NOT DIVIDED,,STRAIGHT AND LEVEL,DRY,NO DEFECTS,NOT ON SCENE (DESK REPORT),NO INJURY / DRIVE AWAY,,,,"$501 - $1,500",11/06/2017 10:40:00 AM,FAILING TO YIELD RIGHT-OF-WAY,UNABLE TO DETERMINE,23,N,WACKER DR,122,,,,,,,2,NO INDICATION OF INJURY,0,0,0,0,0,2,0,17,6,11,41.882541849,-87.6366344,POINT (-87.636634400347 41.882541849181)
JA497747,,11/03/2017 05:30:00 PM,30,NO CONTROLS,NO CONTROLS,CLEAR,"DARKNESS, LIGHTED ROAD",PARKED MOTOR VEHICLE,PARKING LOT,,STRAIGHT AND LEVEL,DRY,NO DEFECTS,ON SCENE,NO INJURY / DRIVE AWAY,,,Y,$500 OR LESS,11/03/2017 06:15:00 PM,NOT APPLICABLE,NOT APPLICABLE,327,E,HURON ST,1834,,,,,,,2,NO INDICATION OF INJURY,0,0,0,0,0,1,0,17,6,11,41.894916172,-87.61923712,POINT (-87.619237119575 41.894916172286)
JA497783,,11/03/2017 05:30:00 PM,30,NO CONTROLS,NO CONTROLS,CLEAR,"DARKNESS, LIGHTED ROAD",PARKED MOTOR VEHICLE,NOT DIVIDED,,STRAIGHT AND LEVEL,DRY,UNKNOWN,NOT ON SCENE (DESK REPORT),NO INJURY / DRIVE AWAY,,,Y,"OVER $1,500",11/03/2017 07:17:00 PM,DRIVING SKILLS/KNOWLEDGE/EXPERIENCE,NOT APPLICABLE,1650,E,71ST ST,332,,,,,,,2,NO INDICATION OF INJURY,0,0,0,0,0,1,0,17,6,11,41.766273548,-87.583973481,POINT (-87.583973480565 41.766273547809)
JA498552,,11/03/2017 05:31:00 PM,0,NO CONTROLS,NO CONTROLS,CLEAR,DAYLIGHT,PARKED MOTOR VEHICLE,PARKING LOT,0,STRAIGHT AND LEVEL,DRY,NO DEFECTS,NOT ON SCENE (DESK REPORT),NO INJURY / DRIVE AWAY,,,Y,"$501 - $1,500",11/04/2017 12:30:00 PM,UNABLE TO DETERMINE,NOT APPLICABLE,5322,N,HARLEM AVE,1613,,,,,,,2,NO INDICATION OF INJURY,0,0,0,0,0,2,0,17,6,11,41.977059136,-87.807156885,POINT (-87.807156884728 41.977059136137)
JA497881,,11/03/2017 05:35:00 PM,25,NO CONTROLS,NO CONTROLS,CLEAR,DAYLIGHT,PARKED MOTOR VEHICLE,DIVIDED - W/MEDIAN (NOT RAISED),2,STRAIGHT AND LEVEL,DRY,NO DEFECTS,NOT ON SCENE (DESK REPORT),NO INJURY / DRIVE AWAY,,,Y,"$501 - $1,500",11/03/2017 08:39:00 PM,UNABLE TO DETERMINE,UNABLE TO DETERMINE,4959,S,LAMON AVE,814,,,,,,,2,NO INDICATION OF INJURY,0,0,0,0,0,1,0,17,6,11,41.802207795,-87.745312375,POINT (-87.745312374701 41.802207794654)
JA501491,,11/03/2017 05:35:00 PM,30,NO CONTROLS,NO CONTROLS,CLEAR,DAYLIGHT,REAR END,DIVIDED - W/MEDIAN (NOT RAISED),,STRAIGHT AND LEVEL,DRY,NO DEFECTS,NOT ON SCENE (DESK REPORT),NO INJURY / DRIVE AWAY,,,,"$501 - $1,500",11/06/2017 04:20:00 PM,UNABLE TO DETERMINE,UNABLE TO DETERMINE,225,S,CANAL ST,121,,,,,,,2,NO INDICATION OF INJURY,0,0,0,0,0,2,0,17,6,11,41.878531278,-87.63942746,POINT (-87.639427459627 41.878531278354)
JA502466,,11/03/2017 05:38:00 PM,10,NO CONTROLS,NO CONTROLS,UNKNOWN,UNKNOWN,PARKED MOTOR VEHICLE,PARKING LOT,,STRAIGHT AND LEVEL,UNKNOWN,UNKNOWN,NOT ON SCENE (DESK REPORT),NO INJURY / DRIVE AWAY,,Y,Y,$500 OR LESS,11/07/2017 01:16:00 AM,UNABLE TO DETERMINE,NOT APPLICABLE,4704,S,CICERO AVE,814,,,,,,,2,NO INDICATION OF INJURY,0,0,0,0,0,1,0,17,6,11,41.807417197,-87.743294696,POINT (-87.743294695532 41.807417197386)
JA497717,,11/03/2017 05:38:00 PM,30,NO CONTROLS,NO CONTROLS,CLEAR,DAYLIGHT,REAR END,DIVIDED - W/MEDIAN (NOT RAISED),,STRAIGHT AND LEVEL,DRY,NO DEFECTS,NOT ON SCENE (DESK REPORT),NO INJURY / DRIVE AWAY,,,,"OVER $1,500",11/03/2017 06:25:00 PM,FAILING TO REDUCE SPEED TO AVOID CRASH,FAILING TO REDUCE SPEED TO AVOID CRASH,2741,W,TOUHY AVE,2411,,,,,,,2,NO INDICATION OF INJURY,0,0,0,0,0,2,0,17,6,11,42.011977026,-87.698987208,POINT (-87.698987207642 42.011977025881)
JA501615,,11/03/2017 05:40:00 PM,30,TRAFFIC SIGNAL,FUNCTIONING PROPERLY,UNKNOWN,"DARKNESS, LIGHTED ROAD",SIDESWIPE SAME DIRECTION,ONE-WAY,,STRAIGHT AND LEVEL,UNKNOWN,UNKNOWN,NOT ON SCENE (DESK REPORT),NO INJURY / DRIVE AWAY,,,,$500 OR LESS,11/03/2017 06:30:00 PM,UNABLE TO DETERMINE,UNABLE TO DETERMINE,200,N,CLARK ST,122,,,,,,,2,NO INDICATION OF INJURY,0,0,0,0,0,2,0,17,6,11,41.885766804,-87.63112354,POINT (-87.631123540151 41.885766804303)
JA497657,,11/03/2017 05:40:00 PM,15,NO CONTROLS,NO CONTROLS,CLEAR,DAYLIGHT,PARKED MOTOR VEHICLE,NOT DIVIDED,,STRAIGHT AND LEVEL,DRY,NO DEFECTS,ON SCENE,INJURY AND / OR TOW DUE TO CRASH,,,Y,"OVER $1,500",11/03/2017 05:43:00 PM,UNDER THE INFLUENCE OF ALCOHOL/DRUGS (USE WHEN ARREST IS EFFECTED),"OPERATING VEHICLE IN ERRATIC, RECKLESS, CARELESS, NEGLIGENT OR AGGRESSIVE MANNER",6700,S,LAWNDALE AVE,833,,,,,,,5,NO INDICATION OF INJURY,0,0,0,0,0,1,0,17,6,11,41.77144058,-87.715369385,POINT (-87.715369385298 41.771440579611)
JA497692,,11/03/2017 05:41:00 PM,30,NO CONTROLS,NO CONTROLS,CLEAR,DAYLIGHT,SIDESWIPE SAME DIRECTION,ONE-WAY,,STRAIGHT AND LEVEL,DRY,NO DEFECTS,NOT ON SCENE (DESK REPORT),NO INJURY / DRIVE AWAY,,,,"$501 - $1,500",11/03/2017 06:00:00 PM,UNABLE TO DETERMINE,UNABLE TO DETERMINE,707,W,GRAND AVE,1214,,,,,,,2,NO INDICATION OF INJURY,0,0,0,0,0,2,0,17,6,11,41.891092153,-87.646219956,POINT (-87.646219955701 41.891092153471)
JA497702,,11/03/2017 05:45:00 PM,15,NO CONTROLS,NO CONTROLS,CLEAR,DUSK,FIXED OBJECT,ALLEY,,STRAIGHT AND LEVEL,DRY,NO DEFECTS,ON SCENE,INJURY AND / OR TOW DUE TO CRASH,,,Y,"OVER $1,500",11/03/2017 05:50:00 PM,UNABLE TO DETERMINE,IMPROPER OVERTAKING/PASSING,4004,W,LAKE ST,1114,,,,,,,1,,,,,,,,,17,6,11,41.885585061,-87.726074834,POINT (-87.726074834197 41.885585061074)
JA497686,,11/03/2017 05:45:00 PM,30,UNKNOWN,OTHER,UNKNOWN,UNKNOWN,REAR END,CENTER TURN LANE,,STRAIGHT AND LEVEL,UNKNOWN,UNKNOWN,NOT ON SCENE (DESK REPORT),NO INJURY / DRIVE AWAY,,,,$500 OR LESS,11/03/2017 06:00:00 PM,FOLLOWING TOO CLOSELY,NOT APPLICABLE,2551,N,WESTERN AVE,1432,,,,,,,2,NO INDICATION OF INJURY,0,0,0,0,0,2,0,17,6,11,41.928328398,-87.687615572,POINT (-87.687615572498 41.928328397774)
JA511684,,11/03/2017 05:48:00 PM,30,NO CONTROLS,NO CONTROLS,CLEAR,DUSK,PEDESTRIAN,NOT DIVIDED,2,STRAIGHT AND LEVEL,DRY,NO DEFECTS,NOT ON SCENE (DESK REPORT),INJURY AND / OR TOW DUE TO CRASH,,,,$500 OR LESS,11/14/2017 04:29:00 PM,UNABLE TO DETERMINE,NOT APPLICABLE,4700,S,HALSTED ST,933,,,,,,,2,NONINCAPACITATING INJURY,1,0,0,1,0,1,0,17,6,11,41.808815039,-87.645682953,POINT (-87.645682953152 41.808815039296)
JA497699,,11/03/2017 05:50:00 PM,30,NO CONTROLS,NO CONTROLS,CLEAR,DUSK,PARKED MOTOR VEHICLE,OTHER,4,STRAIGHT AND LEVEL,DRY,NO DEFECTS,,INJURY AND / OR TOW DUE TO CRASH,,,,"OVER $1,500",11/03/2017 05:57:00 PM,UNABLE TO DETERMINE,UNABLE TO DETERMINE,6027,S,ASHLAND AVE,713,,,,,,,3,NONINCAPACITATING INJURY,1,0,0,1,0,1,0,17,6,11,41.784106589,-87.664185721,POINT (-87.664185721122 41.78410658921)
JA497724,,11/03/2017 05:50:00 PM,30,TRAFFIC SIGNAL,FUNCTIONING PROPERLY,CLEAR,"DARKNESS, LIGHTED ROAD",TURNING,DIVIDED - W/MEDIAN BARRIER,,STRAIGHT AND LEVEL,DRY,NO DEFECTS,ON SCENE,INJURY AND / OR TOW DUE TO CRASH,Y,,,"OVER $1,500",11/03/2017 06:23:00 PM,FAILING TO YIELD RIGHT-OF-WAY,NOT APPLICABLE,360,W,WACKER DR,122,,,,,,,2,NO INDICATION OF INJURY,0,0,0,0,0,2,0,17,6,11,41.88582821,-87.637091503,POINT (-87.637091502663 41.885828209986)
JA497693,,11/03/2017 05:50:00 PM,30,TRAFFIC SIGNAL,FUNCTIONING PROPERLY,CLEAR,"DARKNESS, LIGHTED ROAD",REAR END,NOT DIVIDED,2,STRAIGHT AND LEVEL,DRY,NO DEFECTS,NOT ON SCENE (DESK REPORT),NO INJURY / DRIVE AWAY,Y,,,"OVER $1,500",11/03/2017 06:05:00 PM,UNABLE TO DETERMINE,NOT APPLICABLE,2400,N,KEDZIE BLVD,1413,,,,,,,2,NO INDICATION OF INJURY,0,0,0,0,0,4,0,17,6,11,41.924796934,-87.707367725,POINT (-87.707367724723 41.924796933803)
JA497769,,11/03/2017 05:53:00 PM,30,NO CONTROLS,NO CONTROLS,CLEAR,DUSK,REAR END,DIVIDED - W/MEDIAN (NOT RAISED),2,STRAIGHT AND LEVEL,DRY,NO DEFECTS,NOT ON SCENE (DESK REPORT),NO INJURY / DRIVE AWAY,,,,"OVER $1,500",11/03/2017 07:15:00 PM,UNABLE TO DETERMINE,UNABLE TO DETERMINE,4058,W,ADDISON ST,1732,,,,,,,2,NO INDICATION OF INJURY,0,0,0,0,0,4,0,17,6,11,41.946461644,-87.729139018,POINT (-87.729139017664 41.946461643974)
JA497685,,11/03/2017 05:57:00 PM,30,STOP SIGN/FLASHER,FUNCTIONING PROPERLY,CLEAR,DUSK,REAR END,DIVIDED - W/MEDIAN (NOT RAISED),2,STRAIGHT AND LEVEL,DRY,UNKNOWN,ON SCENE,INJURY AND / OR TOW DUE TO CRASH,Y,,,"OVER $1,500",11/03/2017 05:57:00 PM,FOLLOWING TOO CLOSELY,NOT APPLICABLE,1053,E,93RD ST,413,,,,,,,3,NONINCAPACITATING INJURY,2,0,0,2,0,1,0,17,6,11,41.725698989,-87.597609418,POINT (-87.597609417677 41.725698989104)
JA497732,,11/03/2017 06:00:00 PM,25,NO CONTROLS,NO CONTROLS,CLEAR,"DARKNESS, LIGHTED ROAD",FIXED OBJECT,NOT DIVIDED,2,STRAIGHT AND LEVEL,DRY,UNKNOWN,ON SCENE,INJURY AND / OR TOW DUE TO CRASH,,,,"$501 - $1,500",11/03/2017 06:05:00 PM,UNABLE TO DETERMINE,UNABLE TO DETERMINE,5567,W,VAN BUREN ST,1522,,,,,,,1,NONINCAPACITATING INJURY,1,0,0,1,0,0,0,18,6,11,41.874623975,-87.764209117,POINT (-87.764209116854 41.874623975146)
JA497705,,11/03/2017 06:00:00 PM,25,NO CONTROLS,NO CONTROLS,CLEAR,"DARKNESS, LIGHTED ROAD",REAR END,NOT DIVIDED,,STRAIGHT AND LEVEL,DRY,NO DEFECTS,ON SCENE,NO INJURY / DRIVE AWAY,,,,"OVER $1,500",11/03/2017 06:05:00 PM,UNABLE TO DETERMINE,NOT APPLICABLE,1800,W,MONTROSE AVE,1912,,,,,,,2,NO INDICATION OF INJURY,0,0,0,0,0,4,0,18,6,11,41.961626917,-87.674559237,POINT (-87.6745592365 41.961626917209)
JA497792,,11/03/2017 06:00:00 PM,30,NO CONTROLS,NO CONTROLS,CLEAR,"DARKNESS, LIGHTED ROAD",REAR END,DIVIDED - W/MEDIAN BARRIER,,STRAIGHT AND LEVEL,DRY,NO DEFECTS,NOT ON SCENE (DESK REPORT),INJURY AND / OR TOW DUE TO CRASH,,,,"OVER $1,500",11/03/2017 06:50:00 PM,FOLLOWING TOO CLOSELY,NOT APPLICABLE,1600,S,DAMEN AVE,1234,,,,,,,3,"REPORTED, NOT EVIDENT",1,0,0,0,1,3,0,18,6,11,41.859426973,-87.67619322,POINT (-87.676193219675 41.859426973386)
JA497738,,11/03/2017 06:05:00 PM,30,NO CONTROLS,NO CONTROLS,CLEAR,"DARKNESS, LIGHTED ROAD",PARKED MOTOR VEHICLE,DIVIDED - W/MEDIAN (NOT RAISED),,STRAIGHT AND LEVEL,DRY,NO DEFECTS,NOT ON SCENE (DESK REPORT),NO INJURY / DRIVE AWAY,,,,$500 OR LESS,11/03/2017 06:46:00 PM,UNABLE TO DETERMINE,NOT APPLICABLE,1719,N,KIMBALL AVE,1422,,,,,,,2,NO INDICATION OF INJURY,0,0,0,0,0,1,0,18,6,11,41.912449427,-87.711613909,POINT (-87.711613908932 41.912449427188)