RD_NO,CRASH_DATE_EST_I,CRASH_DATE,POSTED_SPEED_LIMIT,TRAFFIC_CONTROL_DEVICE,DEVICE_CONDITION,WEATHER_CONDITION,LIGHTING_CONDITION,FIRST_CRASH_TYPE,TRAFFICWAY_TYPE,LANE_CNT,ALIGNMENT,ROADWAY_SURFACE_COND,ROAD_DEFECT,REPORT_TYPE,CRASH_TYPE,INTERSECTION_RELATED_I,NOT_RIGHT_OF_WAY_I,HIT_AND_RUN_I,DAMAGE,DATE_POLICE_NOTIFIED,PRIM_CONTRIBUTORY_CAUSE,SEC_CONTRIBUTORY_CAUSE,STREET_NO,STREET_DIRECTION,STREET_NAME,BEAT_OF_OCCURRENCE,PHOTOS_TAKEN_I,STATEMENTS_TAKEN_I,DOORING_I,WORK_ZONE_I,WORK_ZONE_TYPE,WORKERS_PRESENT_I,NUM_UNITS,MOST_SEVERE_INJURY,INJURIES_TOTAL,INJURIES_FATAL,INJURIES_INCAPACITATING,INJURIES_NON_INCAPACITATING,INJURIES_REPORTED_NOT_EVIDENT,INJURIES_NO_INDICATION,INJURIES_UNKNOWN,CRASH_HOUR,CRASH_DAY_OF_WEEK,CRASH_MONTH,LATITUDE,LONGITUDE,LOCATION
JA499054,,11/03/2017 06:10:00 PM,30,TRAFFIC SIGNAL,FUNCTIONING PROPERLY,CLEAR,DUSK,SIDESWIPE SAME DIRECTION,NOT DIVIDED,,STRAIGHT AND LEVEL,DRY,NO DEFECTS,NOT ON SCENE (DESK REPORT),NO INJURY / DRIVE AWAY,,,,"$501 - $1,500",11/04/2017 07:05:00 PM,UNABLE TO DETERMINE,UNABLE TO DETERMINE,600,W,BELMONT AVE,1925,,,,,,,2,NO INDICATION OF INJURY,0,0,0,0,0,3,0,18,6,11,41.940152075,-87.6445257,POINT (-87.644525700326 41.94015207546)
JA499760,,11/03/2017 06:13:00 PM,30,NO CONTROLS,NO CONTROLS,CLEAR,DARKNESS,SIDESWIPE OPPOSITE DIRECTION,DIVIDED - W/MEDIAN BARRIER,2,STRAIGHT AND LEVEL,DRY,NO DEFECTS,NOT ON SCENE (DESK REPORT),NO INJURY / DRIVE AWAY,,,,"OVER $1,500",11/05/2017 11:25:00 AM,IMPROPER OVERTAKING/PASSING,NOT APPLICABLE,355,N,LARAMIE AVE,1532,,,,,,,2,NO INDICATION OF INJURY,0,0,0,0,0,2,0,18,6,11,41.887121417,-87.755173644,POINT (-87.755173643863 41.887121416928)
JA497703,,11/03/2017 06:15:00 PM,30,NO CONTROLS,NO CONTROLS,CLEAR,DARKNESS,PARKED MOTOR VEHICLE,DIVIDED - W/MEDIAN (NOT RAISED),1,STRAIGHT AND LEVEL,DRY,NO DEFECTS,ON SCENE,NO INJURY / DRIVE AWAY,,,Y,"$501 - $1,500",11/03/2017 06:20:00 PM,IMPROPER OVERTAKING/PASSING,UNABLE TO DETERMINE,1706,E,79TH ST,414,,,,,,,3,NO INDICATION OF INJURY,0,0,0,0,0,2,0,18,6,11,41.751630046,-87.582854405,POINT (-87.582854404832 41.751630045549)
JA497729,,11/03/2017 06:16:00 PM,30,TRAFFIC SIGNAL,NO CONTROLS,CLEAR,DARKNESS,TURNING,NOT DIVIDED,4,STRAIGHT AND LEVEL,DRY,NO DEFECTS,ON SCENE,INJURY AND / OR TOW DUE TO CRASH,,,,"OVER $1,500",11/03/2017 06:27:00 PM,EQUIPMENT - VEHICLE CONDITION,UNABLE TO DETERMINE,5100,S,ARCHER AVE,815,,,,,,,2,NO INDICATION OF INJURY,0,0,0,0,0,2,0,18,6,11,41.800927845,-87.729129081,POINT (-87.729129080982 41.800927845204)
JA498719,,11/03/2017 06:20:00 PM,15,NO CONTROLS,NO CONTROLS,CLEAR,DAWN,ANGLE,PARKING LOT,2,STRAIGHT AND LEVEL,DRY,NO DEFECTS,NOT ON SCENE (DESK REPORT),NO INJURY / DRIVE AWAY,,,,"OVER $1,500",11/04/2017 02:40:00 PM,UNABLE TO DETERMINE,NOT APPLICABLE,1,S,PULASKI RD,1122,,,,,,,2,NO INDICATION OF INJURY,0,0,0,0,0,2,0,18,6,11,41.880680439,-87.7255224,POINT (-87.725522400262 41.880680439079)
JA497752,,11/03/2017 06:22:00 PM,30,NO CONTROLS,NO CONTROLS,CLEAR,DUSK,REAR END,NOT DIVIDED,,STRAIGHT AND LEVEL,DRY,NO DEFECTS,NOT ON SCENE (DESK REPORT),NO INJURY / DRIVE AWAY,,,,"OVER $1,500",11/03/2017 06:42:00 PM,NOT APPLICABLE,NOT APPLICABLE,6500,S,WESTERN AVE,832,,,,,,,2,NO INDICATION OF INJURY,0,0,0,0,0,6,0,18,6,11,41.775505759,-87.683691462,POINT (-87.683691462002 41.775505758518)
JA497742,,11/03/2017 06:25:00 PM,30,TRAFFIC SIGNAL,FUNCTIONING PROPERLY,CLEAR,"DARKNESS, LIGHTED ROAD",SIDESWIPE SAME DIRECTION,NOT DIVIDED,2,STRAIGHT AND LEVEL,DRY,NO DEFECTS,NOT ON SCENE (DESK REPORT),NO INJURY / DRIVE AWAY,Y,,,"OVER $1,500",11/03/2017 06:40:00 PM,UNABLE TO DETERMINE,NOT APPLICABLE,2200,N,PULASKI RD,2525,,,,,,,2,NO INDICATION OF INJURY,0,0,0,0,0,3,0,18,6,11,41.920915978,-87.726817166,POINT (-87.726817165711 41.920915978434)
JA497763,Y,11/03/2017 06:31:00 PM,30,NO CONTROLS,NO CONTROLS,CLOUDY/OVERCAST,"DARKNESS, LIGHTED ROAD",SIDESWIPE OPPOSITE DIRECTION,DIVIDED - W/MEDIAN BARRIER,,STRAIGHT AND LEVEL,DRY,NO DEFECTS,ON SCENE,INJURY AND / OR TOW DUE TO CRASH,,,,"OVER $1,500",11/03/2017 06:40:00 PM,UNABLE TO DETERMINE,UNABLE TO DETERMINE,4250,N,ASHLAND AVE,1912,,,,,,,3,NONINCAPACITATING INJURY,1,0,0,1,0,1,0,18,6,11,41.959449508,-87.669342613,POINT (-87.669342612865 41.959449507921)
JA497759,,11/03/2017 06:40:00 PM,30,NO CONTROLS,NO CONTROLS,CLEAR,DARKNESS,HEAD ON,ALLEY,,STRAIGHT AND LEVEL,DRY,NO DEFECTS,NOT ON SCENE (DESK REPORT),NO INJURY / DRIVE AWAY,,,Y,"OVER $1,500",11/03/2017 07:00:00 PM,UNABLE TO DETERMINE,UNABLE TO DETERMINE,510,N,KEDZIE AVE,1121,,,,,,,2,NO INDICATION OF INJURY,0,0,0,0,0,5,0,18,6,11,41.89068361,-87.706551086,POINT (-87.706551086002 41.890683609574)
JA502598,,11/03/2017 06:47:00 PM,30,NO CONTROLS,NO CONTROLS,UNKNOWN,"DARKNESS, LIGHTED ROAD",TURNING,CENTER TURN LANE,,STRAIGHT AND LEVEL,DRY,NO DEFECTS,NOT ON SCENE (DESK REPORT),NO INJURY / DRIVE AWAY,N,,,"OVER $1,500",11/07/2017 02:30:00 PM,UNABLE TO DETERMINE,UNABLE TO DETERMINE,4258,N,ASHLAND AVE,1912,,,,,,,2,NO INDICATION OF INJURY,0,0,0,0,0,2,0,18,6,11,41.959675302,-87.669349185,POINT (-87.669349185463 41.959675301621)
JA497776,,11/03/2017 06:57:00 PM,35,NO CONTROLS,NO CONTROLS,CLEAR,"DARKNESS, LIGHTED ROAD",PARKED MOTOR VEHICLE,NOT DIVIDED,4,STRAIGHT AND LEVEL,DRY,NO DEFECTS,ON SCENE,NO INJURY / DRIVE AWAY,,,,"OVER $1,500",11/03/2017 06:57:00 PM,NOT APPLICABLE,NOT APPLICABLE,8649,S,COTTAGE GROVE AVE,632,,,,,,,2,NO INDICATION OF INJURY,0,0,0,0,0,1,0,18,6,11,41.737023701,-87.604686533,POINT (-87.604686532938 41.737023701174)
JA515265,,11/03/2017 07:00:00 PM,30,NO CONTROLS,NO CONTROLS,CLEAR,"DARKNESS, LIGHTED ROAD",REAR END,NOT DIVIDED,4,STRAIGHT AND LEVEL,DRY,NO DEFECTS,NOT ON SCENE (DESK REPORT),NO INJURY / DRIVE AWAY,,,,"OVER $1,500",11/17/2017 12:20:00 PM,FOLLOWING TOO CLOSELY,UNABLE TO DETERMINE,3401,S,ARCHER AVE,912,,,,,,,2,NO INDICATION OF INJURY,0,0,0,0,0,2,0,19,6,11,41.832063904,-87.674684894,POINT (-87.674684893873 41.832063904317)
JA499014,,11/03/2017 07:00:00 PM,25,NO CONTROLS,NO CONTROLS,CLEAR,"DARKNESS, LIGHTED ROAD",PARKED MOTOR VEHICLE,DIVIDED - W/MEDIAN (NOT RAISED),2,STRAIGHT AND LEVEL,WET,NO DEFECTS,NOT ON SCENE (DESK REPORT),NO INJURY / DRIVE AWAY,,,,"$501 - $1,500",11/04/2017 06:30:00 PM,UNABLE TO DETERMINE,UNABLE TO DETERMINE,3859,W,MARQUETTE RD,833,,,,,,,2,NO INDICATION OF INJURY,0,0,0,0,0,1,0,19,6,11,41.771304379,-87.719998051,POINT (-87.719998050968 41.771304378526)
JA497809,,11/03/2017 07:00:00 PM,30,TRAFFIC SIGNAL,FUNCTIONING PROPERLY,CLEAR,"DARKNESS, LIGHTED ROAD",REAR END,DIVIDED - W/MEDIAN (NOT RAISED),4,STRAIGHT AND LEVEL,DRY,NO DEFECTS,NOT ON SCENE (DESK REPORT),NO INJURY / DRIVE AWAY,,,,"$501 - $1,500",11/03/2017 07:30:00 PM,UNABLE TO DETERMINE,UNABLE TO DETERMINE,4758,W,MADISON ST,1113,,,,,,,2,NO INDICATION OF INJURY,0,0,0,0,0,2,0,19,6,11,41.880609278,-87.745157641,POINT (-87.745157641199 41.880609277746)
JA497811,,11/03/2017 07:05:00 PM,30,NO CONTROLS,NO CONTROLS,CLEAR,DARKNESS,PARKED MOTOR VEHICLE,NOT DIVIDED,2,STRAIGHT AND LEVEL,DRY,NO DEFECTS,ON SCENE,INJURY AND / OR TOW DUE TO CRASH,,,Y,"OVER $1,500",11/03/2017 07:08:00 PM,UNDER THE INFLUENCE OF ALCOHOL/DRUGS (USE WHEN ARREST IS EFFECTED),UNDER THE INFLUENCE OF ALCOHOL/DRUGS (USE WHEN ARREST IS EFFECTED),346,N,AVERS AVE,1122,,,,,,,3,NO INDICATION OF INJURY,0,0,0,0,0,1,0,19,6,11,41.886666273,-87.722673918,POINT (-87.722673917518 41.886666272939)
JA497801,,11/03/2017 07:08:00 PM,25,NO CONTROLS,NO CONTROLS,CLEAR,"DARKNESS, LIGHTED ROAD",REAR END,NOT DIVIDED,,STRAIGHT AND LEVEL,DRY,NO DEFECTS,ON SCENE,INJURY AND / OR TOW DUE TO CRASH,,,,"OVER $1,500",11/03/2017 07:31:00 PM,FAILING TO REDUCE SPEED TO AVOID CRASH,FOLLOWING TOO CLOSELY,3031,S,KOSTNER AVE,1031,,,,,,,2,"REPORTED, NOT EVIDENT",2,0,0,0,2,4,0,19,6,11,41.8376702,-87.733944648,POINT (-87.733944647692 41.837670200288)
JA497796,,11/03/2017 07:10:00 PM,30,TRAFFIC SIGNAL,FUNCTIONING PROPERLY,RAIN,"DARKNESS, LIGHTED ROAD",PEDESTRIAN,NOT DIVIDED,2,STRAIGHT AND LEVEL,DRY,NO DEFECTS,NOT ON SCENE (DESK REPORT),NO INJURY / DRIVE AWAY,Y,,,"OVER $1,500",11/03/2017 07:20:00 PM,FAILING TO YIELD RIGHT-OF-WAY,NOT APPLICABLE,10300,S,MICHIGAN AVE,512,,Y,,,,,2,NO INDICATION OF INJURY,0,0,0,0,0,2,0,19,6,11,41.707182175,-87.620361492,POINT (-87.620361492183 41.707182175387)
JA497814,,11/03/2017 07:10:00 PM,30,NO CONTROLS,NO CONTROLS,CLEAR,"DARKNESS, LIGHTED ROAD",SIDESWIPE SAME DIRECTION,NOT DIVIDED,2,STRAIGHT AND LEVEL,DRY,NO DEFECTS,ON SCENE,NO INJURY / DRIVE AWAY,,,Y,"$501 - $1,500",11/03/2017 07:25:00 PM,UNABLE TO DETERMINE,UNABLE TO DETERMINE,7226,W,DEVON AVE,1611,,,,,,,2,NO INDICATION OF INJURY,0,0,0,0,0,2,0,19,6,11,41.997725262,-87.807855474,POINT (-87.807855474402 41.99772526236)
JA497815,,11/03/2017 07:15:00 PM,30,TRAFFIC SIGNAL,FUNCTIONING PROPERLY,CLEAR,"DARKNESS, LIGHTED ROAD",REAR END,OTHER,4,STRAIGHT AND LEVEL,DRY,NO DEFECTS,NOT ON SCENE (DESK REPORT),NO INJURY / DRIVE AWAY,,,Y,"OVER $1,500",11/03/2017 07:45:00 PM,UNABLE TO DETERMINE,UNABLE TO DETERMINE,4001,W,IRVING PARK RD,1732,,,,,,,2,NO INDICATION OF INJURY,0,0,0,0,0,2,0,19,6,11,41.953537357,-87.727695189,POINT (-87.727695188773 41.953537356864)
JA497810,,11/03/2017 07:23:00 PM,25,NO CONTROLS,NO CONTROLS,CLEAR,DARKNESS,FIXED OBJECT,NOT DIVIDED,,STRAIGHT AND LEVEL,DRY,NO DEFECTS,ON SCENE,NO INJURY / DRIVE AWAY,,,,"OVER $1,500",11/03/2017 07:30:00 PM,UNABLE TO DETERMINE,NOT APPLICABLE,1225,W,PRATT BLVD,2432,,,,,,,1,NO INDICATION OF INJURY,0,0,0,0,0,1,0,19,6,11,42.005415147,-87.661973762,POINT (-87.661973762222 42.005415146518)
JA497836,,11/03/2017 07:30:00 PM,30,NO CONTROLS,NO CONTROLS,CLEAR,"DARKNESS, LIGHTED ROAD",SIDESWIPE SAME DIRECTION,ONE-WAY,1,STRAIGHT AND LEVEL,DRY,NO DEFECTS,NOT ON SCENE (DESK REPORT),NO INJURY / DRIVE AWAY,,,,"$501 - $1,500",11/03/2017 08:05:00 PM,FOLLOWING TOO CLOSELY,FOLLOWING TOO CLOSELY,5400,W,FERDINAND ST,1523,,,,,,,2,NO INDICATION OF INJURY,0,0,0,0,0,2,0,19,6,11,41.889008454,-87.760566626,POINT (-87.760566625987 41.889008454062)
JA497835,,11/03/2017 07:30:00 PM,30,TRAFFIC SIGNAL,FUNCTIONING PROPERLY,CLEAR,"DARKNESS, LIGHTED ROAD",TURNING,NOT DIVIDED,,STRAIGHT AND LEVEL,DRY,NO DEFECTS,NOT ON SCENE (DESK REPORT),NO INJURY / DRIVE AWAY,Y,,,"$501 - $1,500",11/03/2017 08:10:00 PM,FOLLOWING TOO CLOSELY,FAILING TO YIELD RIGHT-OF-WAY,799,E,82ND ST,631,,,,,,,2,NO INDICATION OF INJURY,0,0,0,0,0,3,0,19,6,11,41.745687754,-87.605143392,POINT (-87.605143391908 41.745687753944)
JA499927,,11/03/2017 07:30:00 PM,30,NO CONTROLS,NO CONTROLS,CLEAR,"DARKNESS, LIGHTED ROAD",PARKED MOTOR VEHICLE,ONE-WAY,1,STRAIGHT AND LEVEL,DRY,NO DEFECTS,NOT ON SCENE (DESK REPORT),NO INJURY / DRIVE AWAY,,,Y,"OVER $1,500",11/05/2017 02:00:00 PM,UNABLE TO DETERMINE,UNABLE TO DETERMINE,1130,N,MAYFIELD AVE,1511,,,,,,,2,NO INDICATION OF INJURY,0,0,0,0,0,1,0,19,6,11,41.901149195,-87.773056634,POINT (-87.773056634203 41.901149195289)
JA497849,,11/03/2017 07:30:00 PM,15,NO CONTROLS,NO CONTROLS,CLEAR,DARKNESS,FIXED OBJECT,ALLEY,1,STRAIGHT AND LEVEL,DRY,NO DEFECTS,ON SCENE,NO INJURY / DRIVE AWAY,,,,"OVER $1,500",11/03/2017 07:38:00 PM,NOT APPLICABLE,NOT APPLICABLE,4401,S,ASHLAND AVE,924,,,,,,,1,NO INDICATION OF INJURY,0,0,0,0,0,4,0,19,6,11,41.813969782,-87.664960509,POINT (-87.664960509109 41.813969782477)
JA497821,,11/03/2017 07:37:00 PM,30,NO CONTROLS,NO CONTROLS,CLEAR,"DARKNESS, LIGHTED ROAD",SIDESWIPE SAME DIRECTION,NOT DIVIDED,2,STRAIGHT AND LEVEL,DRY,UNKNOWN,NOT ON SCENE (DESK REPORT),NO INJURY / DRIVE AWAY,,,,"OVER $1,500",11/03/2017 07:50:00 PM,IMPROPER LANE USAGE,NOT APPLICABLE,201,S,LARAMIE AVE,1533,,,,,,,2,NO INDICATION OF INJURY,0,0,0,0,0,2,0,19,6,11,41.878428945,-87.754847797,POINT (-87.754847796627 41.878428945107)
JA497830,,11/03/2017 07:40:00 PM,30,STOP SIGN/FLASHER,FUNCTIONING PROPERLY,CLEAR,"DARKNESS, LIGHTED ROAD",ANGLE,NOT DIVIDED,4,STRAIGHT AND LEVEL,DRY,NO DEFECTS,ON SCENE,INJURY AND / OR TOW DUE TO CRASH,Y,,,"OVER $1,500",11/03/2017 07:50:00 PM,FAILING TO YIELD RIGHT-OF-WAY,DRIVING SKILLS/KNOWLEDGE/EXPERIENCE,1500,S,ASHLAND AVE,1233,,,,,,,2,"REPORTED, NOT EVIDENT",1,0,0,0,1,2,0,19,6,11,41.861417857,-87.666388256,POINT (-87.666388256198 41.861417857387)
JA497842,,11/03/2017 07:40:00 PM,0,TRAFFIC SIGNAL,FUNCTIONING PROPERLY,CLEAR,"DARKNESS, LIGHTED ROAD",TURNING,OTHER,0,STRAIGHT AND LEVEL,DRY,NO DEFECTS,NOT ON SCENE (DESK REPORT),INJURY AND / OR TOW DUE TO CRASH,,,,"OVER $1,500",11/03/2017 08:10:00 PM,FAILING TO YIELD RIGHT-OF-WAY,UNABLE TO DETERMINE,1400,W,76TH ST,612,,,,,,,2,NO INDICATION OF INJURY,0,0,0,0,0,8,0,19,6,11,41.755992001,-87.658814075,POINT (-87.658814075348 41.755992000526)
JA497891,,11/03/2017 07:45:00 PM,30,NO CONTROLS,NO CONTROLS,CLEAR,DAYLIGHT,PARKED MOTOR VEHICLE,NOT DIVIDED,2,STRAIGHT AND LEVEL,DRY,NO DEFECTS,ON SCENE,NO INJURY / DRIVE AWAY,,,Y,"OVER $1,500",11/03/2017 07:50:00 PM,UNABLE TO DETERMINE,UNABLE TO DETERMINE,6653,W,BELMONT AVE,2511,,,,,,,2,NO INDICATION OF INJURY,0,0,0,0,0,1,0,19,6,11,41.938093749,-87.792954473,POINT (-87.792954472506 41.938093749016)
JA498940,,11/03/2017 07:45:00 PM,30,TRAFFIC SIGNAL,FUNCTIONING PROPERLY,RAIN,"DARKNESS, LIGHTED ROAD",SIDESWIPE SAME DIRECTION,DIVIDED - W/MEDIAN (NOT RAISED),4,STRAIGHT AND LEVEL,WET,NO DEFECTS,NOT ON SCENE (DESK REPORT),NO INJURY / DRIVE AWAY,,,Y,"$501 - $1,500",11/04/2017 05:00:00 PM,IMPROPER TURNING/NO SIGNAL,IMPROPER OVERTAKING/PASSING,500,S,RACINE AVE,1231,,,,,,,2,NO INDICATION OF INJURY,0,0,0,0,0,2,0,19,6,11,41.875284464,-87.657115297,POINT (-87.657115296866 41.875284464237)
JA497877,,11/03/2017 07:50:00 PM,30,TRAFFIC SIGNAL,FUNCTIONING PROPERLY,CLEAR,"DARKNESS, LIGHTED ROAD",REAR END,DIVIDED - W/MEDIAN (NOT RAISED),4,STRAIGHT AND LEVEL,DRY,NO DEFECTS,ON SCENE,INJURY AND / OR TOW DUE TO CRASH,,,,"OVER $1,500",11/03/2017 08:13:00 PM,EQUIPMENT - VEHICLE CONDITION,FOLLOWING TOO CLOSELY,5223,N,CENTRAL AVE,1623,,,,,,,2,NO INDICATION OF INJURY,0,0,0,0,0,3,0,19,6,11,41.976194816,-87.768323656,POINT (-87.768323655955 41.976194815821)
JA497834,,11/03/2017 07:51:00 PM,25,NO CONTROLS,NO CONTROLS,OTHER,DARKNESS,FIXED OBJECT,OTHER,1,STRAIGHT AND LEVEL,DRY,NO DEFECTS,ON SCENE,NO INJURY / DRIVE AWAY,,,,"$501 - $1,500",11/03/2017 08:00:00 PM,IMPROPER BACKING,IMPROPER BACKING,5712,S,NATOMA AVE,811,,,,,,,2,NO INDICATION OF INJURY,0,0,0,0,0,1,0,19,6,11,41.788141705,-87.787905824,POINT (-87.787905823908 41.78814170461)
JA502480,Y,11/03/2017 08:00:00 PM,30,NO CONTROLS,NO CONTROLS,UNKNOWN,UNKNOWN,PARKED MOTOR VEHICLE,PARKING LOT,,STRAIGHT AND LEVEL,UNKNOWN,NO DEFECTS,NOT ON SCENE (DESK REPORT),NO INJURY / DRIVE AWAY,,,Y,"$501 - $1,500",11/07/2017 01:10:00 PM,UNABLE TO DETERMINE,NOT APPLICABLE,5950,N,KENMORE AVE,2433,,,,,,,2,NO INDICATION OF INJURY,0,0,0,0,0,1,0,20,6,11,41.990539454,-87.656975361,POINT (-87.656975360705 41.990539454146)
JA497853,,11/03/2017 08:10:00 PM,25,TRAFFIC SIGNAL,FUNCTIONING PROPERLY,CLEAR,"DARKNESS, LIGHTED ROAD",REAR END,NOT DIVIDED,3,STRAIGHT AND LEVEL,DRY,NO DEFECTS,,NO INJURY / DRIVE AWAY,Y,,,"$501 - $1,500",11/03/2017 08:17:00 PM,FOLLOWING TOO CLOSELY,FAILING TO REDUCE SPEED TO AVOID CRASH,4504,N,MARINE DR,1914,,,,,,,2,NO INDICATION OF INJURY,0,0,0,0,0,4,0,20,6,11,41.964008231,-87.648376876,POINT (-87.648376876156 41.964008230656)
JA497900,,11/03/2017 08:19:00 PM,30,TRAFFIC SIGNAL,FUNCTIONING PROPERLY,CLEAR,"DARKNESS, LIGHTED ROAD",TURNING,NOT DIVIDED,4,STRAIGHT AND LEVEL,DRY,NO DEFECTS,ON SCENE,NO INJURY / DRIVE AWAY,,,,"OVER $1,500",11/03/2017 08:45:00 PM,IMPROPER OVERTAKING/PASSING,FAILING TO YIELD RIGHT-OF-WAY,300,E,CERMAK RD,132,,,,,,,2,NO INDICATION OF INJURY,0,0,0,0,0,2,0,20,6,11,41.853019479,-87.620611214,POINT (-87.620611213991 41.853019478634)
JA497872,,11/03/2017 08:20:00 PM,30,TRAFFIC SIGNAL,FUNCTIONING PROPERLY,CLEAR,"DARKNESS, LIGHTED ROAD",REAR END,NOT DIVIDED,,STRAIGHT AND LEVEL,DRY,UNKNOWN,NOT ON SCENE (DESK REPORT),NO INJURY / DRIVE AWAY,,,,"OVER $1,500",11/03/2017 08:45:00 PM,DRIVING SKILLS/KNOWLEDGE/EXPERIENCE,NOT APPLICABLE,5173,S,ARCHER AVE,815,,,,,,,2,NO INDICATION OF INJURY,0,0,0,0,0,2,0,20,6,11,41.800079232,-87.73319335,POINT (-87.733193349553 41.800079231633)
JA497910,,11/03/2017 08:30:00 PM,30,TRAFFIC SIGNAL,FUNCTIONING PROPERLY,CLEAR,"DARKNESS, LIGHTED ROAD",REAR END,NOT DIVIDED,,STRAIGHT AND LEVEL,DRY,NO DEFECTS,NOT ON SCENE (DESK REPORT),NO INJURY / DRIVE AWAY,Y,,,"OVER $1,500",11/03/2017 09:10:00 PM,FOLLOWING TOO CLOSELY,NOT APPLICABLE,300,S,LAKE SHORE DR NB,114,,,,,,,2,NO INDICATION OF INJURY,0,0,0,0,0,2,0,20,6,11,41.878313193,-87.617345829,POINT (-87.617345829451 41.878313193163)
JA497998,,11/03/2017 08:30:00 PM,30,TRAFFIC SIGNAL,FUNCTIONING PROPERLY,CLEAR,"DARKNESS, LIGHTED ROAD",REAR END,NOT DIVIDED,2,STRAIGHT AND LEVEL,DRY,NO DEFECTS,NOT ON SCENE (DESK REPORT),NO INJURY / DRIVE AWAY,,,Y,"OVER $1,500",11/03/2017 10:30:00 PM,IMPROPER OVERTAKING/PASSING,IMPROPER OVERTAKING/PASSING,5958,W,DIVERSEY AVE,2514,,,,,,,2,NO INDICATION OF INJURY,0,0,0,0,0,2,0,20,6,11,41.931249818,-87.775906998,POINT (-87.775906998242 41.931249818096)
JA447889,,11/03/2017 08:31:00 PM,30,UNKNOWN,UNKNOWN,CLEAR,"DARKNESS, LIGHTED ROAD",REAR END,DIVIDED - W/MEDIAN (NOT RAISED),4,STRAIGHT AND LEVEL,DRY,NO DEFECTS,ON SCENE,INJURY AND / OR TOW DUE TO CRASH,N,,,"OVER $1,500",11/03/2017 08:40:00 PM,UNABLE TO DETERMINE,NOT APPLICABLE,300,N,LARAMIE AVE,1523,,,,,,,4,"REPORTED, NOT EVIDENT",1,0,0,0,1,8,0,20,6,11,41.885714288,-87.755409078,POINT (-87.755409077735 41.885714287582)
JA498460,,11/03/2017 08:41:00 PM,25,NO CONTROLS,NO CONTROLS,CLEAR,"DARKNESS, LIGHTED ROAD",ANGLE,ONE-WAY,1,STRAIGHT AND LEVEL,DRY,NO DEFECTS,NOT ON SCENE (DESK REPORT),NO INJURY / DRIVE AWAY,,,,"OVER $1,500",11/04/2017 11:15:00 AM,FAILING TO YIELD RIGHT-OF-WAY,NOT APPLICABLE,847,W,RANDOLPH ST,1224,,,,,,,2,NO INDICATION OF INJURY,0,0,0,0,0,2,0,20,6,11,41.884266367,-87.649271468,POINT (-87.64927146812 41.884266367117)
JA497952,,11/03/2017 08:45:00 PM,30,TRAFFIC SIGNAL,FUNCTIONING PROPERLY,CLEAR,"DARKNESS, LIGHTED ROAD",ANGLE,NOT DIVIDED,5,STRAIGHT AND LEVEL,DRY,NO DEFECTS,ON SCENE,INJURY AND / OR TOW DUE TO CRASH,,,,"OVER $1,500",11/03/2017 09:51:00 PM,UNABLE TO DETERMINE,UNABLE TO DETERMINE,200,N,FRANKLIN ST,122,,,,,,,2,NO INDICATION OF INJURY,0,0,0,0,0,2,0,20,6,11,41.885784672,-87.635556924,POINT (-87.635556924462 41.885784672133)
JA497899,,11/03/2017 08:49:00 PM,30,STOP SIGN/FLASHER,FUNCTIONING IMPROPERLY,CLEAR,"DARKNESS, LIGHTED ROAD",ANGLE,DIVIDED - W/MEDIAN (NOT RAISED),2,STRAIGHT AND LEVEL,DRY,NO DEFECTS,ON SCENE,INJURY AND / OR TOW DUE TO CRASH,Y,,Y,"OVER $1,500",11/03/2017 08:50:00 PM,DISREGARDING STOP SIGN,"OPERATING VEHICLE IN ERRATIC, RECKLESS, CARELESS, NEGLIGENT OR AGGRESSIVE MANNER",1600,S,LAWNDALE AVE,1014,,,,,,,2,NONINCAPACITATING INJURY,3,0,0,3,0,0,0,20,6,11,41.858852908,-87.71782129,POINT (-87.717821290091 41.858852908363)
JA519375,,11/03/2017 09:00:00 PM,30,NO CONTROLS,NO CONTROLS,CLEAR,DUSK,OTHER OBJECT,ONE-WAY,,STRAIGHT AND LEVEL,DRY,NO DEFECTS,NOT ON SCENE (DESK REPORT),NO INJURY / DRIVE AWAY,,,,"OVER $1,500",11/20/2017 04:47:00 PM,NOT APPLICABLE,NOT APPLICABLE,626,S,CICERO AVE,1533,,,,,,,1,NO INDICATION OF INJURY,0,0,0,0,0,1,0,21,6,11,41.872268055,-87.745083047,POINT (-87.745083047084 41.872268055263)
JA498588,,11/03/2017 09:00:00 PM,30,NO CONTROLS,NO CONTROLS,CLEAR,"DARKNESS, LIGHTED ROAD",SIDESWIPE SAME DIRECTION,NOT DIVIDED,,STRAIGHT AND LEVEL,DRY,UNKNOWN,NOT ON SCENE (DESK REPORT),NO INJURY / DRIVE AWAY,,,,"OVER $1,500",11/04/2017 12:38:00 PM,UNABLE TO DETERMINE,UNABLE TO DETERMINE,6500,N,SHERIDAN RD,2432,Y,,,,,,2,NO INDICATION OF INJURY,0,0,0,0,0,3,0,21,6,11,42.000443496,-87.660859351,POINT (-87.660859350903 42.000443496129)