RD_NO,CRASH_DATE_EST_I,CRASH_DATE,POSTED_SPEED_LIMIT,TRAFFIC_CONTROL_DEVICE,DEVICE_CONDITION,WEATHER_CONDITION,LIGHTING_CONDITION,FIRST_CRASH_TYPE,TRAFFICWAY_TYPE,LANE_CNT,ALIGNMENT,ROADWAY_SURFACE_COND,ROAD_DEFECT,REPORT_TYPE,CRASH_TYPE,INTERSECTION_RELATED_I,NOT_RIGHT_OF_WAY_I,HIT_AND_RUN_I,DAMAGE,DATE_POLICE_NOTIFIED,PRIM_CONTRIBUTORY_CAUSE,SEC_CONTRIBUTORY_CAUSE,STREET_NO,STREET_DIRECTION,STREET_NAME,BEAT_OF_OCCURRENCE,PHOTOS_TAKEN_I,STATEMENTS_TAKEN_I,DOORING_I,WORK_ZONE_I,WORK_ZONE_TYPE,WORKERS_PRESENT_I,NUM_UNITS,MOST_SEVERE_INJURY,INJURIES_TOTAL,INJURIES_FATAL,INJURIES_INCAPACITATING,INJURIES_NON_INCAPACITATING,INJURIES_REPORTED_NOT_EVIDENT,INJURIES_NO_INDICATION,INJURIES_UNKNOWN,CRASH_HOUR,CRASH_DAY_OF_WEEK,CRASH_MONTH,LATITUDE,LONGITUDE,LOCATION
JA497933,,11/03/2017 09:15:00 PM,30,TRAFFIC SIGNAL,FUNCTIONING PROPERLY,CLEAR,"DARKNESS, LIGHTED ROAD",SIDESWIPE SAME DIRECTION,NOT DIVIDED,,STRAIGHT AND LEVEL,DRY,NO DEFECTS,NOT ON SCENE (DESK REPORT),NO INJURY / DRIVE AWAY,Y,,,"OVER $1,500",11/03/2017 09:45:00 PM,FOLLOWING TOO CLOSELY,NOT APPLICABLE,2,S,MICHIGAN AVE,112,,,,,,,2,NO INDICATION OF INJURY,0,0,0,0,0,2,0,21,6,11,41.88204398,-87.624511037,POINT (-87.624511036615 41.88204398026)
JA497994,,11/03/2017 09:22:00 PM,30,NO CONTROLS,NO CONTROLS,CLEAR,DARKNESS,REAR END,NOT DIVIDED,,STRAIGHT AND LEVEL,DRY,NO DEFECTS,NOT ON SCENE (DESK REPORT),NO INJURY / DRIVE AWAY,,,,"OVER $1,500",11/03/2017 10:36:00 PM,UNABLE TO DETERMINE,UNABLE TO DETERMINE,5300,S,CICERO AVE,814,,,,,,,3,NO INDICATION OF INJURY,0,0,0,0,0,4,0,21,6,11,41.796606075,-87.743004026,POINT (-87.743004025677 41.796606074549)
JA497942,,11/03/2017 09:30:00 PM,30,NO CONTROLS,NO CONTROLS,CLEAR,"DARKNESS, LIGHTED ROAD",REAR END,NOT DIVIDED,,STRAIGHT AND LEVEL,DRY,NO DEFECTS,NOT ON SCENE (DESK REPORT),NO INJURY / DRIVE AWAY,,,,"$501 - $1,500",11/03/2017 10:00:00 PM,UNABLE TO DETERMINE,UNABLE TO DETERMINE,1800,W,MONTROSE AVE,1912,,,,,,,2,NO INDICATION OF INJURY,0,0,0,0,0,2,0,21,6,11,41.961626917,-87.674559237,POINT (-87.6745592365 41.961626917209)
JA498337,,11/03/2017 09:30:00 PM,30,NO CONTROLS,NO CONTROLS,CLEAR,DARKNESS,PARKED MOTOR VEHICLE,NOT DIVIDED,1,STRAIGHT AND LEVEL,DRY,NO DEFECTS,NOT ON SCENE (DESK REPORT),NO INJURY / DRIVE AWAY,,,Y,"OVER $1,500",11/04/2017 09:00:00 AM,UNABLE TO DETERMINE,UNABLE TO DETERMINE,2842,N,RICHMOND ST,1411,,,,,,,2,NO INDICATION OF INJURY,0,0,0,0,0,1,0,21,6,11,41.933347884,-87.701479511,POINT (-87.701479510523 41.933347883689)
JA499807,,11/03/2017 09:30:00 PM,30,NO CONTROLS,NO CONTROLS,CLEAR,DARKNESS,TURNING,NOT DIVIDED,,STRAIGHT AND LEVEL,DRY,NO DEFECTS,NOT ON SCENE (DESK REPORT),NO INJURY / DRIVE AWAY,Y,,,"OVER $1,500",11/05/2017 12:12:00 PM,UNABLE TO DETERMINE,UNABLE TO DETERMINE,7300,S,KEDZIE AVE,835,,,,,,,2,NO INDICATION OF INJURY,0,0,0,0,0,2,0,21,6,11,41.760668583,-87.702854797,POINT (-87.702854797154 41.760668583144)
JA497926,,11/03/2017 09:30:00 PM,30,TRAFFIC SIGNAL,FUNCTIONING PROPERLY,CLEAR,"DARKNESS, LIGHTED ROAD",REAR END,DIVIDED - W/MEDIAN (NOT RAISED),6,STRAIGHT AND LEVEL,DRY,NO DEFECTS,ON SCENE,NO INJURY / DRIVE AWAY,,,Y,"OVER $1,500",11/03/2017 09:32:00 PM,FOLLOWING TOO CLOSELY,NOT APPLICABLE,9903,S,HALSTED ST,2232,,,,,,,2,NO INDICATION OF INJURY,0,0,0,0,0,2,0,21,6,11,41.714068513,-87.642850191,POINT (-87.642850191051 41.71406851293)
JA497961,,11/03/2017 09:35:00 PM,30,STOP SIGN/FLASHER,NO CONTROLS,CLEAR,"DARKNESS, LIGHTED ROAD",ANGLE,ONE-WAY,,STRAIGHT AND LEVEL,DRY,NO DEFECTS,NOT ON SCENE (DESK REPORT),NO INJURY / DRIVE AWAY,,,,"OVER $1,500",11/03/2017 10:30:00 PM,UNABLE TO DETERMINE,NOT APPLICABLE,8200,S,MICHIGAN AVE,631,,,,,,,2,NO INDICATION OF INJURY,0,0,0,0,0,2,0,21,6,11,41.7454376,-87.621381694,POINT (-87.621381693727 41.745437599519)
JA498835,,11/03/2017 09:40:00 PM,30,NO CONTROLS,NO CONTROLS,CLOUDY/OVERCAST,DARKNESS,PARKED MOTOR VEHICLE,NOT DIVIDED,2,STRAIGHT AND LEVEL,WET,NO DEFECTS,NOT ON SCENE (DESK REPORT),NO INJURY / DRIVE AWAY,,,Y,"OVER $1,500",11/04/2017 03:53:00 PM,IMPROPER OVERTAKING/PASSING,IMPROPER OVERTAKING/PASSING,200,E,103RD ST,511,,,,,,,2,NO INDICATION OF INJURY,0,0,0,0,0,1,0,21,6,11,41.70734959,-87.618584762,POINT (-87.618584761621 41.707349590259)
JA497949,,11/03/2017 09:40:00 PM,30,NO CONTROLS,NO CONTROLS,CLEAR,DUSK,SIDESWIPE SAME DIRECTION,NOT DIVIDED,,STRAIGHT AND LEVEL,DRY,NO DEFECTS,ON SCENE,NO INJURY / DRIVE AWAY,,,,"OVER $1,500",11/03/2017 10:30:00 PM,IMPROPER OVERTAKING/PASSING,UNABLE TO DETERMINE,10350,S,TALMAN AVE,2211,,,,,,,2,NO INDICATION OF INJURY,0,0,0,0,0,3,0,21,6,11,41.704818808,-87.688413365,POINT (-87.688413365281 41.704818808119)
JA497950,,11/03/2017 09:45:00 PM,30,TRAFFIC SIGNAL,FUNCTIONING PROPERLY,CLEAR,"DARKNESS, LIGHTED ROAD",TURNING,NOT DIVIDED,2,STRAIGHT AND LEVEL,DRY,NO DEFECTS,NOT ON SCENE (DESK REPORT),NO INJURY / DRIVE AWAY,Y,,,"$501 - $1,500",11/03/2017 10:00:00 PM,UNABLE TO DETERMINE,NOT APPLICABLE,5901,S,KEDZIE AVE,824,,,,,,,2,NO INDICATION OF INJURY,0,0,0,0,0,5,0,21,6,11,41.786159326,-87.703199859,POINT (-87.703199859408 41.78615932619)
JA497996,,11/03/2017 09:50:00 PM,15,NO CONTROLS,NO CONTROLS,CLEAR,DARKNESS,FIXED OBJECT,ALLEY,1,STRAIGHT AND LEVEL,DRY,NO DEFECTS,ON SCENE,INJURY AND / OR TOW DUE TO CRASH,,,,"OVER $1,500",11/03/2017 09:51:00 PM,NOT APPLICABLE,NOT APPLICABLE,5019,W,WABANSIA AVE,2533,,,,,,,1,NO INDICATION OF INJURY,0,0,0,0,0,1,0,21,6,11,41.911274218,-87.751916509,POINT (-87.751916509289 41.911274217852)
JA497957,,11/03/2017 09:50:00 PM,30,NO CONTROLS,NO CONTROLS,CLEAR,"DARKNESS, LIGHTED ROAD",PARKED MOTOR VEHICLE,DIVIDED - W/MEDIAN (NOT RAISED),,STRAIGHT AND LEVEL,DRY,NO DEFECTS,ON SCENE,NO INJURY / DRIVE AWAY,,,,$500 OR LESS,11/03/2017 10:02:00 PM,IMPROPER TURNING/NO SIGNAL,NOT APPLICABLE,1979,N,WILMOT AVE,1434,,,,,,,2,NO INDICATION OF INJURY,0,0,0,0,0,3,0,21,6,11,41.917546012,-87.686735812,POINT (-87.686735812152 41.91754601204)
JA497976,,11/03/2017 09:53:00 PM,30,NO CONTROLS,NO CONTROLS,CLEAR,"DARKNESS, LIGHTED ROAD",PARKED MOTOR VEHICLE,ONE-WAY,2,STRAIGHT AND LEVEL,DRY,NO DEFECTS,ON SCENE,INJURY AND / OR TOW DUE TO CRASH,,,,"OVER $1,500",11/03/2017 09:53:00 PM,UNABLE TO DETERMINE,UNABLE TO DETERMINE,619,W,62ND ST,711,N,,,,,,3,NO INDICATION OF INJURY,0,0,0,0,0,2,0,21,6,11,41.781523679,-87.640808068,POINT (-87.640808068391 41.781523678789)
JA497999,,11/03/2017 10:00:00 PM,30,NO CONTROLS,NO CONTROLS,CLEAR,"DARKNESS, LIGHTED ROAD",FIXED OBJECT,ONE-WAY,,STRAIGHT AND LEVEL,DRY,NO DEFECTS,ON SCENE,INJURY AND / OR TOW DUE TO CRASH,,,,"OVER $1,500",11/03/2017 10:31:00 PM,UNABLE TO DETERMINE,UNABLE TO DETERMINE,4700,S,WENTWORTH AVE,224,,,,,,,1,NO INDICATION OF INJURY,0,0,0,0,0,1,0,22,6,11,41.809082437,-87.631030874,POINT (-87.63103087365 41.809082436649)
JA499081,N,11/03/2017 10:00:00 PM,30,NO CONTROLS,NO CONTROLS,CLEAR,DARKNESS,PARKED MOTOR VEHICLE,ONE-WAY,1,STRAIGHT AND LEVEL,DRY,NO DEFECTS,ON SCENE,NO INJURY / DRIVE AWAY,,,N,"OVER $1,500",11/04/2017 07:30:00 PM,UNABLE TO DETERMINE,NOT APPLICABLE,5468,S,DORCHESTER AVE,234,,,,,,,2,NO INDICATION OF INJURY,0,0,0,0,0,1,0,22,6,11,41.796098048,-87.591853071,POINT (-87.591853071101 41.796098047595)
JA497971,Y,11/03/2017 10:00:00 PM,35,NO CONTROLS,NO CONTROLS,CLEAR,"DARKNESS, LIGHTED ROAD",TURNING,NOT DIVIDED,2,STRAIGHT AND LEVEL,DRY,NO DEFECTS,,NO INJURY / DRIVE AWAY,Y,,,"$501 - $1,500",11/03/2017 10:35:00 PM,UNABLE TO DETERMINE,UNABLE TO DETERMINE,700,N,MICHIGAN AVE,1834,,,,,,,2,NO INDICATION OF INJURY,0,0,0,0,0,2,0,22,6,11,41.894979511,-87.62439997,POINT (-87.624399970455 41.8949795111)
JA497991,,11/03/2017 10:10:00 PM,25,NO CONTROLS,NO CONTROLS,CLEAR,DARKNESS,TURNING,NOT DIVIDED,2,STRAIGHT AND LEVEL,DRY,NO DEFECTS,NOT ON SCENE (DESK REPORT),NO INJURY / DRIVE AWAY,,,,"$501 - $1,500",11/03/2017 10:53:00 PM,FAILING TO REDUCE SPEED TO AVOID CRASH,"OPERATING VEHICLE IN ERRATIC, RECKLESS, CARELESS, NEGLIGENT OR AGGRESSIVE MANNER",700,S,CENTRAL AVE,1513,,,,,,,2,NO INDICATION OF INJURY,0,0,0,0,0,2,0,22,6,11,41.871781241,-87.764714291,POINT (-87.764714290938 41.87178124117)
JA497979,,11/03/2017 10:13:00 PM,30,TRAFFIC SIGNAL,FUNCTIONING PROPERLY,CLEAR,"DARKNESS, LIGHTED ROAD",TURNING,OTHER,2,STRAIGHT AND LEVEL,DRY,NO DEFECTS,ON SCENE,INJURY AND / OR TOW DUE TO CRASH,Y,,,"OVER $1,500",11/03/2017 10:14:00 PM,FAILING TO YIELD RIGHT-OF-WAY,IMPROPER TURNING/NO SIGNAL,4400,W,MADISON ST,1113,,,,,,,3,NO INDICATION OF INJURY,0,0,0,0,0,3,0,22,6,11,41.880718958,-87.735600609,POINT (-87.735600609006 41.880718957876)
JA498023,,11/03/2017 10:15:00 PM,30,NO CONTROLS,NO CONTROLS,CLEAR,"DARKNESS, LIGHTED ROAD",HEAD ON,NOT DIVIDED,2,STRAIGHT AND LEVEL,DRY,NO DEFECTS,ON SCENE,INJURY AND / OR TOW DUE TO CRASH,,,Y,"OVER $1,500",11/03/2017 11:20:00 PM,DRIVING ON WRONG SIDE/WRONG WAY,IMPROPER LANE USAGE,1911,S,KEDZIE AVE,1022,,,,,,,2,NO INDICATION OF INJURY,0,0,0,0,0,2,0,22,6,11,41.855042217,-87.70520031,POINT (-87.705200310225 41.855042217118)
JA497992,,11/03/2017 10:15:00 PM,30,NO CONTROLS,NO CONTROLS,CLEAR,"DARKNESS, LIGHTED ROAD",PARKED MOTOR VEHICLE,ONE-WAY,2,STRAIGHT AND LEVEL,DRY,NO DEFECTS,NOT ON SCENE (DESK REPORT),NO INJURY / DRIVE AWAY,,,,"$501 - $1,500",11/03/2017 10:47:00 PM,UNABLE TO DETERMINE,UNABLE TO DETERMINE,195,E,DELAWARE PL,1833,,,,,,,2,NO INDICATION OF INJURY,0,0,0,0,0,1,0,22,6,11,41.899129755,-87.622143321,POINT (-87.62214332108 41.899129754873)
JA497964,,11/03/2017 10:26:00 PM,30,NO CONTROLS,NO CONTROLS,CLEAR,DARKNESS,FIXED OBJECT,DRIVEWAY,,STRAIGHT ON GRADE,DRY,NO DEFECTS,NOT ON SCENE (DESK REPORT),NO INJURY / DRIVE AWAY,,Y,,$500 OR LESS,11/03/2017 10:26:00 PM,UNABLE TO DETERMINE,ROAD ENGINEERING/SURFACE/MARKING DEFECTS,966,E,92ND ST,413,,,,,,,1,NO INDICATION OF INJURY,0,0,0,0,0,2,0,22,6,11,41.727709297,-87.599825673,POINT (-87.599825673464 41.727709296985)
JA497993,,11/03/2017 10:30:00 PM,30,NO CONTROLS,NO CONTROLS,CLEAR,"DARKNESS, LIGHTED ROAD",REAR END,NOT DIVIDED,1,STRAIGHT AND LEVEL,DRY,WORN SURFACE,ON SCENE,INJURY AND / OR TOW DUE TO CRASH,,,Y,"$501 - $1,500",11/03/2017 10:36:00 PM,FAILING TO REDUCE SPEED TO AVOID CRASH,NOT APPLICABLE,2402,N,HALSTED ST,1935,,,,,,,2,NONINCAPACITATING INJURY,1,0,0,1,0,1,0,22,6,11,41.925540315,-87.648912156,POINT (-87.648912155512 41.925540315432)
JA498053,,11/03/2017 10:30:00 PM,15,NO CONTROLS,NO CONTROLS,CLEAR,"DARKNESS, LIGHTED ROAD",PARKED MOTOR VEHICLE,PARKING LOT,0,STRAIGHT AND LEVEL,DRY,NO DEFECTS,ON SCENE,NO INJURY / DRIVE AWAY,,Y,,"OVER $1,500",11/03/2017 11:10:00 PM,DRIVING SKILLS/KNOWLEDGE/EXPERIENCE,DRIVING SKILLS/KNOWLEDGE/EXPERIENCE,6545,W,64TH PL,812,,,,,,,2,NO INDICATION OF INJURY,0,0,0,0,0,1,0,22,6,11,41.774769826,-87.785387142,POINT (-87.785387141971 41.774769826043)
JA498482,,11/03/2017 10:30:00 PM,25,TRAFFIC SIGNAL,FUNCTIONING PROPERLY,CLEAR,"DARKNESS, LIGHTED ROAD",REAR END,NOT DIVIDED,2,STRAIGHT AND LEVEL,DRY,UNKNOWN,NOT ON SCENE (DESK REPORT),NO INJURY / DRIVE AWAY,,,,"$501 - $1,500",11/04/2017 11:25:00 AM,FOLLOWING TOO CLOSELY,NOT APPLICABLE,1032,E,87TH ST,412,,,,,,,2,NO INDICATION OF INJURY,0,0,0,0,0,2,0,22,6,11,41.736844788,-87.598638264,POINT (-87.598638263939 41.736844788063)
JA498037,,11/03/2017 10:45:00 PM,30,NO CONTROLS,NO CONTROLS,CLEAR,"DARKNESS, LIGHTED ROAD",PARKED MOTOR VEHICLE,ONE-WAY,,STRAIGHT AND LEVEL,DRY,NO DEFECTS,ON SCENE,NO INJURY / DRIVE AWAY,,,Y,"OVER $1,500",11/03/2017 10:55:00 PM,UNABLE TO DETERMINE,EXCEEDING AUTHORIZED SPEED LIMIT,1864,S,KOMENSKY AVE,1012,,,,,,,4,NO INDICATION OF INJURY,0,0,0,0,0,1,0,22,6,11,41.85516134,-87.72621298,POINT (-87.726212979649 41.855161340341)
JA498013,,11/03/2017 10:45:00 PM,40,NO CONTROLS,NO CONTROLS,CLEAR,"DARKNESS, LIGHTED ROAD",SIDESWIPE SAME DIRECTION,DIVIDED - W/MEDIAN BARRIER,,STRAIGHT AND LEVEL,DRY,NO DEFECTS,ON SCENE,NO INJURY / DRIVE AWAY,,,,"$501 - $1,500",11/03/2017 11:05:00 PM,UNABLE TO DETERMINE,IMPROPER OVERTAKING/PASSING,830,N,LAKE SHORE DR NB,1833,,,,,,,2,NO INDICATION OF INJURY,0,0,0,0,0,2,0,22,6,11,41.897576216,-87.617348497,POINT (-87.617348497234 41.897576215992)
JA498032,,11/03/2017 10:45:00 PM,35,TRAFFIC SIGNAL,FUNCTIONING PROPERLY,CLEAR,"DARKNESS, LIGHTED ROAD",TURNING,DIVIDED - W/MEDIAN BARRIER,,STRAIGHT AND LEVEL,DRY,NO DEFECTS,ON SCENE,INJURY AND / OR TOW DUE TO CRASH,,,,"OVER $1,500",11/03/2017 11:50:00 PM,UNABLE TO DETERMINE,NOT APPLICABLE,125,S,LOWER WACKER DR,122,,,,,,,2,NONINCAPACITATING INJURY,4,0,0,4,0,2,0,22,6,11,41.880013822,-87.636535357,POINT (-87.636535357269 41.880013821598)
JA498288,,11/03/2017 10:45:00 PM,20,NO CONTROLS,NO CONTROLS,CLEAR,"DARKNESS, LIGHTED ROAD",PARKED MOTOR VEHICLE,ONE-WAY,,STRAIGHT AND LEVEL,DRY,NO DEFECTS,ON SCENE,NO INJURY / DRIVE AWAY,,,Y,"OVER $1,500",11/04/2017 08:00:00 AM,BICYCLE ADVANCING LEGALLY ON RED LIGHT,NOT APPLICABLE,4116,W,GEORGE ST,2523,,,,,,,3,NO INDICATION OF INJURY,0,0,0,0,0,1,0,22,6,11,41.933704755,-87.730211279,POINT (-87.730211279288 41.933704754563)
JA498278,,11/03/2017 10:55:00 PM,30,TRAFFIC SIGNAL,FUNCTIONING PROPERLY,CLEAR,"DARKNESS, LIGHTED ROAD",REAR END,NOT DIVIDED,4,STRAIGHT AND LEVEL,DRY,NO DEFECTS,NOT ON SCENE (DESK REPORT),NO INJURY / DRIVE AWAY,,,Y,$500 OR LESS,11/04/2017 07:54:00 AM,UNABLE TO DETERMINE,UNABLE TO DETERMINE,10300,S,WESTERN AVE,2211,,,,,,,2,NO INDICATION OF INJURY,0,0,0,0,0,2,0,22,6,11,41.706282332,-87.681763595,POINT (-87.68176359458 41.706282331898)
JA498011,,11/03/2017 10:55:00 PM,30,TRAFFIC SIGNAL,FUNCTIONING PROPERLY,CLEAR,"DARKNESS, LIGHTED ROAD",TURNING,DIVIDED - W/MEDIAN BARRIER,2,STRAIGHT AND LEVEL,DRY,NO DEFECTS,ON SCENE,NO INJURY / DRIVE AWAY,Y,,,"$501 - $1,500",11/03/2017 10:55:00 PM,IMPROPER TURNING/NO SIGNAL,UNABLE TO DETERMINE,759,E,95TH ST,511,,,,,,,2,NO INDICATION OF INJURY,0,0,0,0,0,3,0,22,6,11,41.721935116,-87.604603159,POINT (-87.604603159395 41.721935116339)
JA498078,,11/03/2017 11:00:00 PM,30,UNKNOWN,UNKNOWN,CLEAR,"DARKNESS, LIGHTED ROAD",PARKED MOTOR VEHICLE,ONE-WAY,1,STRAIGHT AND LEVEL,DRY,NO DEFECTS,NOT ON SCENE (DESK REPORT),INJURY AND / OR TOW DUE TO CRASH,,,Y,"OVER $1,500",11/04/2017 12:20:00 AM,UNABLE TO DETERMINE,UNABLE TO DETERMINE,1256,S,SPAULDING AVE,1021,,,,,,,2,NO INDICATION OF INJURY,0,0,0,0,0,1,0,23,6,11,41.864634256,-87.708199817,POINT (-87.708199816705 41.86463425569)
JA498033,N,11/03/2017 11:10:00 PM,30,STOP SIGN/FLASHER,NO CONTROLS,CLEAR,"DARKNESS, LIGHTED ROAD",PARKED MOTOR VEHICLE,ONE-WAY,1,STRAIGHT AND LEVEL,DRY,UNKNOWN,ON SCENE,INJURY AND / OR TOW DUE TO CRASH,,,,"OVER $1,500",11/03/2017 11:20:00 PM,PHYSICAL CONDITION OF DRIVER,UNABLE TO DETERMINE,4133,W,IOWA ST,1111,,,,,,,3,NO INDICATION OF INJURY,0,0,0,0,0,1,0,23,6,11,41.897034475,-87.729769049,POINT (-87.729769049086 41.897034475471)
JA498034,,11/03/2017 11:11:00 PM,30,TRAFFIC SIGNAL,FUNCTIONING PROPERLY,CLEAR,"DARKNESS, LIGHTED ROAD",TURNING,DIVIDED - W/MEDIAN (NOT RAISED),,STRAIGHT AND LEVEL,DRY,NO DEFECTS,ON SCENE,INJURY AND / OR TOW DUE TO CRASH,Y,,,"OVER $1,500",11/03/2017 11:30:00 PM,DRIVING SKILLS/KNOWLEDGE/EXPERIENCE,FAILING TO YIELD RIGHT-OF-WAY,540,W,ROOSEVELT RD,124,,,,,,,2,INCAPACITATING INJURY,4,0,4,0,0,2,0,23,6,11,41.86735016,-87.64079708,POINT (-87.640797080284 41.867350160014)
JA498030,,11/03/2017 11:13:00 PM,35,NO CONTROLS,NO CONTROLS,CLEAR,"DARKNESS, LIGHTED ROAD",FIXED OBJECT,DIVIDED - W/MEDIAN (NOT RAISED),,STRAIGHT AND LEVEL,DRY,NO DEFECTS,ON SCENE,INJURY AND / OR TOW DUE TO CRASH,,,,"$501 - $1,500",11/03/2017 11:13:00 PM,EXCEEDING AUTHORIZED SPEED LIMIT,DRIVING SKILLS/KNOWLEDGE/EXPERIENCE,6100,S,STATE ST,311,,,,,,,1,NO INDICATION OF INJURY,0,0,0,0,0,1,0,23,6,11,41.783685407,-87.625562478,POINT (-87.625562477833 41.783685406962)
JA498051,,11/03/2017 11:15:00 PM,30,OTHER WARNING SIGN,UNKNOWN,CLEAR,"DARKNESS, LIGHTED ROAD",REAR END,NOT DIVIDED,2,STRAIGHT AND LEVEL,UNKNOWN,UNKNOWN,NOT ON SCENE (DESK REPORT),NO INJURY / DRIVE AWAY,,,,"OVER $1,500",11/03/2017 11:30:00 PM,UNABLE TO DETERMINE,NOT APPLICABLE,2448,N,HALSTED ST,1935,,,,,,,2,NO INDICATION OF INJURY,0,0,0,0,0,2,0,23,6,11,41.926873158,-87.64895798,POINT (-87.648957979502 41.926873157799)
JA498049,,11/03/2017 11:15:00 PM,30,STOP SIGN/FLASHER,FUNCTIONING PROPERLY,CLEAR,"DARKNESS, LIGHTED ROAD",ANGLE,OTHER,3,STRAIGHT AND LEVEL,DRY,NO DEFECTS,ON SCENE,INJURY AND / OR TOW DUE TO CRASH,Y,,,"OVER $1,500",11/04/2017 12:45:00 AM,UNABLE TO DETERMINE,UNABLE TO DETERMINE,5600,S,MICHIGAN AVE,225,,,,,,,2,"REPORTED, NOT EVIDENT",2,0,0,0,2,1,0,23,6,11,41.792809505,-87.622562967,POINT (-87.622562966972 41.792809505121)
JA498041,,11/03/2017 11:27:00 PM,35,NO CONTROLS,NO CONTROLS,CLEAR,"DARKNESS, LIGHTED ROAD",SIDESWIPE SAME DIRECTION,DIVIDED - W/MEDIAN (NOT RAISED),,STRAIGHT AND LEVEL,DRY,NO DEFECTS,ON SCENE,INJURY AND / OR TOW DUE TO CRASH,,,Y,"OVER $1,500",11/03/2017 11:31:00 PM,"OPERATING VEHICLE IN ERRATIC, RECKLESS, CARELESS, NEGLIGENT OR AGGRESSIVE MANNER","OPERATING VEHICLE IN ERRATIC, RECKLESS, CARELESS, NEGLIGENT OR AGGRESSIVE MANNER",5531,S,PULASKI RD,822,,,,,,,3,NONINCAPACITATING INJURY,1,0,0,1,0,2,0,23,6,11,41.79233004,-87.72298623,POINT (-87.722986230219 41.792330039883)
JA504413,,11/03/2017 11:28:00 PM,20,NO CONTROLS,NO CONTROLS,CLEAR,"DARKNESS, LIGHTED ROAD",ANGLE,ONE-WAY,,STRAIGHT AND LEVEL,DRY,NO DEFECTS,NOT ON SCENE (DESK REPORT),NO INJURY / DRIVE AWAY,,,,"OVER $1,500",11/08/2017 08:00:00 PM,UNABLE TO DETERMINE,UNABLE TO DETERMINE,1217,W,NORTH SHORE AVE,2432,,,,,,,2,NO INDICATION OF INJURY,0,0,0,0,0,3,0,23,6,11,42.003422989,-87.661552955,POINT (-87.661552955483 42.003422988814)
JA498047,,11/03/2017 11:37:00 PM,30,TRAFFIC SIGNAL,FUNCTIONING PROPERLY,CLEAR,"DARKNESS, LIGHTED ROAD",ANGLE,NOT DIVIDED,2,STRAIGHT AND LEVEL,DRY,NO DEFECTS,ON SCENE,NO INJURY / DRIVE AWAY,Y,,,"OVER $1,500",11/03/2017 11:40:00 PM,FAILING TO REDUCE SPEED TO AVOID CRASH,NOT APPLICABLE,4331,N,PULASKI RD,1723,,,,,,,2,NO INDICATION OF INJURY,0,0,0,0,0,2,0,23,6,11,41.960082878,-87.727655366,POINT (-87.727655366333 41.960082877678)
JA498057,,11/03/2017 11:40:00 PM,30,TRAFFIC SIGNAL,FUNCTIONING PROPERLY,CLEAR,"DARKNESS, LIGHTED ROAD",REAR END,NOT DIVIDED,4,STRAIGHT AND LEVEL,DRY,NO DEFECTS,NOT ON SCENE (DESK REPORT),NO INJURY / DRIVE AWAY,,,,"$501 - $1,500",11/03/2017 11:55:00 PM,UNABLE TO DETERMINE,UNABLE TO DETERMINE,5028,N,BROADWAY,2033,,,,,,,2,NO INDICATION OF INJURY,0,0,0,0,0,2,0,23,6,11,41.973622343,-87.659941244,POINT (-87.659941243732 41.973622342666)
JA498372,Y,11/04/2017 12:00:00 AM,25,NO CONTROLS,NO CONTROLS,UNKNOWN,"DARKNESS, LIGHTED ROAD",PARKED MOTOR VEHICLE,NOT DIVIDED,2,STRAIGHT AND LEVEL,UNKNOWN,NO DEFECTS,ON SCENE,NO INJURY / DRIVE AWAY,,,Y,"OVER $1,500",11/04/2017 09:55:00 AM,UNABLE TO DETERMINE,NOT APPLICABLE,1761,W,LUNT AVE,2424,,,,,,,2,NO INDICATION OF INJURY,0,0,0,0,0,1,0,0,7,11,42.008864038,-87.674641568,POINT (-87.674641567872 42.008864037605)
JA498080,,11/04/2017 12:05:00 AM,30,NO CONTROLS,NO CONTROLS,CLEAR,"DARKNESS, LIGHTED ROAD",FIXED OBJECT,ONE-WAY,2,STRAIGHT AND LEVEL,DRY,NO DEFECTS,ON SCENE,INJURY AND / OR TOW DUE TO CRASH,,,N,"OVER $1,500",11/04/2017 12:10:00 AM,UNABLE TO DETERMINE,UNABLE TO DETERMINE,333,W,GARFIELD BLVD,711,,,,,,,1,NO INDICATION OF INJURY,0,0,0,0,0,1,0,0,7,11,41.794031157,-87.634207352,POINT (-87.634207352346 41.794031156614)
JA498065,,11/04/2017 12:05:00 AM,30,NO CONTROLS,NO CONTROLS,CLEAR,"DARKNESS, LIGHTED ROAD",REAR END,NOT DIVIDED,2,STRAIGHT AND LEVEL,DRY,NO DEFECTS,ON SCENE,NO INJURY / DRIVE AWAY,,,Y,"$501 - $1,500",11/04/2017 12:05:00 AM,IMPROPER OVERTAKING/PASSING,NOT APPLICABLE,1507,N,SEDGWICK ST,1821,,,,,,,2,NO INDICATION OF INJURY,0,0,0,0,0,2,0,0,7,11,41.909478909,-87.638394453,POINT (-87.6383944528 41.909478909363)
JA498088,,11/04/2017 12:10:00 AM,25,NO CONTROLS,NO CONTROLS,CLEAR,"DARKNESS, LIGHTED ROAD",PARKED MOTOR VEHICLE,ONE-WAY,1,STRAIGHT AND LEVEL,DRY,NO DEFECTS,ON SCENE,NO INJURY / DRIVE AWAY,,,,"OVER $1,500",11/04/2017 12:23:00 AM,IMPROPER BACKING,UNABLE TO DETERMINE,9146,S,ADA ST,2222,,,,,,,2,NO INDICATION OF INJURY,0,0,0,0,0,1,0,0,7,11,41.72719836,-87.656884305,POINT (-87.65688430469 41.727198360043)