RD_NO,CRASH_DATE_EST_I,CRASH_DATE,POSTED_SPEED_LIMIT,TRAFFIC_CONTROL_DEVICE,DEVICE_CONDITION,WEATHER_CONDITION,LIGHTING_CONDITION,FIRST_CRASH_TYPE,TRAFFICWAY_TYPE,LANE_CNT,ALIGNMENT,ROADWAY_SURFACE_COND,ROAD_DEFECT,REPORT_TYPE,CRASH_TYPE,INTERSECTION_RELATED_I,NOT_RIGHT_OF_WAY_I,HIT_AND_RUN_I,DAMAGE,DATE_POLICE_NOTIFIED,PRIM_CONTRIBUTORY_CAUSE,SEC_CONTRIBUTORY_CAUSE,STREET_NO,STREET_DIRECTION,STREET_NAME,BEAT_OF_OCCURRENCE,PHOTOS_TAKEN_I,STATEMENTS_TAKEN_I,DOORING_I,WORK_ZONE_I,WORK_ZONE_TYPE,WORKERS_PRESENT_I,NUM_UNITS,MOST_SEVERE_INJURY,INJURIES_TOTAL,INJURIES_FATAL,INJURIES_INCAPACITATING,INJURIES_NON_INCAPACITATING,INJURIES_REPORTED_NOT_EVIDENT,INJURIES_NO_INDICATION,INJURIES_UNKNOWN,CRASH_HOUR,CRASH_DAY_OF_WEEK,CRASH_MONTH,LATITUDE,LONGITUDE,LOCATION
JA498085,,11/04/2017 12:15:00 AM,30,NO CONTROLS,NO CONTROLS,CLEAR,"DARKNESS, LIGHTED ROAD",PARKED MOTOR VEHICLE,ONE-WAY,1,STRAIGHT AND LEVEL,DRY,NO DEFECTS,ON SCENE,NO INJURY / DRIVE AWAY,,,Y,"$501 - $1,500",11/04/2017 12:25:00 AM,IMPROPER BACKING,NOT APPLICABLE,2101,N,MAPLEWOOD AVE,1431,,,,,,,2,NO INDICATION OF INJURY,0,0,0,0,0,1,0,0,7,11,41.919266469,-87.691186084,POINT (-87.691186083611 41.919266468842)
JA498077,,11/04/2017 12:24:00 AM,30,NO CONTROLS,NO CONTROLS,CLEAR,"DARKNESS, LIGHTED ROAD",PARKED MOTOR VEHICLE,ONE-WAY,,STRAIGHT AND LEVEL,DRY,NO DEFECTS,ON SCENE,INJURY AND / OR TOW DUE TO CRASH,,,,"OVER $1,500",11/04/2017 12:24:00 AM,NOT APPLICABLE,NOT APPLICABLE,4808,N,KENTUCKY AVE,1712,,,,,,,2,NO INDICATION OF INJURY,0,0,0,0,0,1,0,0,7,11,41.968377858,-87.743941808,POINT (-87.743941807951 41.968377857677)
JA498102,,11/04/2017 12:48:00 AM,30,STOP SIGN/FLASHER,FUNCTIONING PROPERLY,CLEAR,"DARKNESS, LIGHTED ROAD",ANGLE,ONE-WAY,1,STRAIGHT AND LEVEL,DRY,NO DEFECTS,ON SCENE,NO INJURY / DRIVE AWAY,Y,,,"$501 - $1,500",11/04/2017 12:50:00 AM,DISREGARDING STOP SIGN,FAILING TO YIELD RIGHT-OF-WAY,1400,W,81ST ST,612,,,,,,,2,NO INDICATION OF INJURY,0,0,0,0,0,4,0,0,7,11,41.746894662,-87.658557518,POINT (-87.65855751773 41.746894661685)
JA498558,,11/04/2017 01:00:00 AM,25,NO CONTROLS,NO CONTROLS,UNKNOWN,"DARKNESS, LIGHTED ROAD",PARKED MOTOR VEHICLE,ONE-WAY,1,STRAIGHT AND LEVEL,WET,NO DEFECTS,ON SCENE,NO INJURY / DRIVE AWAY,,,Y,"OVER $1,500",11/04/2017 12:50:00 PM,UNABLE TO DETERMINE,UNABLE TO DETERMINE,6851,S,CHAPPEL AVE,331,,,,,,,2,NO INDICATION OF INJURY,0,0,0,0,0,1,0,1,7,11,41.770135324,-87.575038744,POINT (-87.575038744122 41.770135324283)
JA503140,,11/04/2017 01:00:00 AM,30,NO CONTROLS,NO CONTROLS,CLEAR,"DARKNESS, LIGHTED ROAD",PARKED MOTOR VEHICLE,NOT DIVIDED,,STRAIGHT AND LEVEL,DRY,NO DEFECTS,NOT ON SCENE (DESK REPORT),NO INJURY / DRIVE AWAY,,,,"$501 - $1,500",11/07/2017 09:00:00 PM,IMPROPER OVERTAKING/PASSING,UNABLE TO DETERMINE,71,W,HUBBARD ST,1831,,,,,,,2,NO INDICATION OF INJURY,0,0,0,0,0,1,0,1,7,11,41.8899146,-87.63082841,POINT (-87.630828410162 41.889914599928)
JA498150,,11/04/2017 01:00:00 AM,20,NO CONTROLS,NO CONTROLS,CLEAR,"DARKNESS, LIGHTED ROAD",PARKED MOTOR VEHICLE,ONE-WAY,1,STRAIGHT AND LEVEL,DRY,NO DEFECTS,ON SCENE,NO INJURY / DRIVE AWAY,,,Y,"OVER $1,500",11/04/2017 01:10:00 AM,IMPROPER BACKING,UNABLE TO DETERMINE,1224,N,SPRINGFIELD AVE,2535,,,,,,,2,NO INDICATION OF INJURY,0,0,0,0,0,1,0,1,7,11,41.903538533,-87.724039053,POINT (-87.724039052744 41.903538532661)
JA498114,,11/04/2017 01:05:00 AM,30,TRAFFIC SIGNAL,FUNCTIONING PROPERLY,CLEAR,"DARKNESS, LIGHTED ROAD",REAR END,NOT DIVIDED,2,STRAIGHT AND LEVEL,DRY,NO DEFECTS,ON SCENE,NO INJURY / DRIVE AWAY,,,,$500 OR LESS,11/04/2017 01:07:00 AM,FAILING TO REDUCE SPEED TO AVOID CRASH,DRIVING SKILLS/KNOWLEDGE/EXPERIENCE,1401,W,IRVING PARK RD,1922,,,,,,,3,NO INDICATION OF INJURY,0,0,0,0,0,3,0,1,7,11,41.954244081,-87.664294222,POINT (-87.664294221698 41.954244081069)
JA498119,,11/04/2017 01:09:00 AM,30,TRAFFIC SIGNAL,FUNCTIONING PROPERLY,CLEAR,"DARKNESS, LIGHTED ROAD",TURNING,CENTER TURN LANE,4,STRAIGHT AND LEVEL,DRY,NO DEFECTS,ON SCENE,INJURY AND / OR TOW DUE TO CRASH,Y,,,"OVER $1,500",11/04/2017 01:16:00 AM,FAILING TO YIELD RIGHT-OF-WAY,UNABLE TO DETERMINE,2130,W,FULLERTON AVE,1432,,,,,,,2,NONINCAPACITATING INJURY,1,0,0,1,0,2,0,1,7,11,41.925091054,-87.681919279,POINT (-87.681919279349 41.925091054084)
JA498118,,11/04/2017 01:10:00 AM,30,STOP SIGN/FLASHER,FUNCTIONING PROPERLY,CLEAR,"DARKNESS, LIGHTED ROAD",PARKED MOTOR VEHICLE,ONE-WAY,1,STRAIGHT AND LEVEL,DRY,NO DEFECTS,ON SCENE,INJURY AND / OR TOW DUE TO CRASH,,,,"OVER $1,500",11/04/2017 01:15:00 AM,FAILING TO REDUCE SPEED TO AVOID CRASH,NOT APPLICABLE,4755,S,KOMENSKY AVE,815,,,,,,,3,NO INDICATION OF INJURY,0,0,0,0,0,1,0,1,7,11,41.806232476,-87.724612753,POINT (-87.724612753363 41.806232476198)
JA498117,,11/04/2017 01:13:00 AM,30,TRAFFIC SIGNAL,FUNCTIONING PROPERLY,CLEAR,"DARKNESS, LIGHTED ROAD",ANGLE,NOT DIVIDED,2,STRAIGHT AND LEVEL,DRY,NO DEFECTS,ON SCENE,NO INJURY / DRIVE AWAY,Y,,,"OVER $1,500",11/04/2017 01:17:00 AM,NOT APPLICABLE,NOT APPLICABLE,2400,W,DIVISION ST,1423,,,,,,,2,NO INDICATION OF INJURY,0,0,0,0,0,2,0,1,7,11,41.903124899,-87.687070964,POINT (-87.68707096423 41.903124898943)
JA498130,,11/04/2017 01:15:00 AM,20,NO CONTROLS,NO CONTROLS,CLEAR,"DARKNESS, LIGHTED ROAD",PARKED MOTOR VEHICLE,ONE-WAY,1,STRAIGHT AND LEVEL,DRY,UNKNOWN,ON SCENE,INJURY AND / OR TOW DUE TO CRASH,,,Y,"OVER $1,500",11/04/2017 01:19:00 AM,UNABLE TO DETERMINE,UNABLE TO DETERMINE,6752,S,ELIZABETH ST,724,,,,,,,2,NO INDICATION OF INJURY,0,0,0,0,0,1,0,1,7,11,41.770755176,-87.655628975,POINT (-87.655628975101 41.77075517597)
JA498169,,11/04/2017 01:50:00 AM,25,NO CONTROLS,NO CONTROLS,CLEAR,"DARKNESS, LIGHTED ROAD",SIDESWIPE SAME DIRECTION,NOT DIVIDED,2,STRAIGHT AND LEVEL,DRY,NO DEFECTS,NOT ON SCENE (DESK REPORT),NO INJURY / DRIVE AWAY,,,,"OVER $1,500",11/04/2017 03:00:00 AM,IMPROPER OVERTAKING/PASSING,UNABLE TO DETERMINE,1571,N,MILWAUKEE AVE,1424,,,,,,,2,NO INDICATION OF INJURY,0,0,0,0,0,3,0,1,7,11,41.91014406,-87.676875025,POINT (-87.676875025237 41.910144059622)
JA498148,,11/04/2017 01:55:00 AM,30,NO CONTROLS,NO CONTROLS,CLEAR,"DARKNESS, LIGHTED ROAD",PARKED MOTOR VEHICLE,DIVIDED - W/MEDIAN (NOT RAISED),2,STRAIGHT AND LEVEL,DRY,NO DEFECTS,NOT ON SCENE (DESK REPORT),NO INJURY / DRIVE AWAY,,,Y,"$501 - $1,500",11/04/2017 02:14:00 AM,NOT APPLICABLE,NOT APPLICABLE,2331,N,CALIFORNIA AVE,1431,,,,,,,2,NO INDICATION OF INJURY,0,0,0,0,0,1,0,1,7,11,41.923813037,-87.697242021,POINT (-87.697242020604 41.923813037144)
JA498143,,11/04/2017 02:00:00 AM,30,TRAFFIC SIGNAL,FUNCTIONING PROPERLY,CLEAR,"DARKNESS, LIGHTED ROAD",ANGLE,NOT DIVIDED,2,STRAIGHT AND LEVEL,DRY,NO DEFECTS,ON SCENE,INJURY AND / OR TOW DUE TO CRASH,Y,,Y,"OVER $1,500",11/04/2017 02:18:00 AM,DISREGARDING TRAFFIC SIGNALS,NOT APPLICABLE,6300,S,WENTWORTH AVE,312,,,,,,,2,NONINCAPACITATING INJURY,1,0,0,1,0,1,0,2,7,11,41.779902613,-87.630293806,POINT (-87.630293805556 41.779902613439)
JA498155,,11/04/2017 02:00:00 AM,30,NO CONTROLS,NO CONTROLS,CLEAR,DARKNESS,REAR END,DIVIDED - W/MEDIAN (NOT RAISED),2,STRAIGHT AND LEVEL,DRY,NO DEFECTS,NOT ON SCENE (DESK REPORT),NO INJURY / DRIVE AWAY,,,,"OVER $1,500",11/04/2017 02:36:00 AM,FOLLOWING TOO CLOSELY,DISTRACTION - FROM INSIDE VEHICLE,1958,W,NORTH AVE,1434,,,,,,,2,NO INDICATION OF INJURY,0,0,0,0,0,4,0,2,7,11,41.910585127,-87.677532765,POINT (-87.67753276477 41.910585126556)
JA505130,,11/04/2017 02:00:00 AM,30,TRAFFIC SIGNAL,FUNCTIONING PROPERLY,UNKNOWN,DARKNESS,TURNING,NOT DIVIDED,,STRAIGHT AND LEVEL,UNKNOWN,UNKNOWN,NOT ON SCENE (DESK REPORT),NO INJURY / DRIVE AWAY,Y,,,"OVER $1,500",11/09/2017 01:00:00 PM,IMPROPER OVERTAKING/PASSING,UNABLE TO DETERMINE,7004,S,JEFFERY BLVD,332,,,,,,,2,NO INDICATION OF INJURY,0,0,0,0,0,2,0,2,7,11,41.767783899,-87.576489161,POINT (-87.576489161041 41.767783899363)
JA498140,,11/04/2017 02:01:00 AM,30,NO CONTROLS,NO CONTROLS,CLEAR,"DARKNESS, LIGHTED ROAD",TURNING,DIVIDED - W/MEDIAN (NOT RAISED),4,STRAIGHT AND LEVEL,DRY,NO DEFECTS,ON SCENE,INJURY AND / OR TOW DUE TO CRASH,Y,,,"OVER $1,500",11/04/2017 02:02:00 AM,FAILING TO YIELD RIGHT-OF-WAY,FAILING TO REDUCE SPEED TO AVOID CRASH,6134,N,MILWAUKEE AVE,1611,,,,,,,2,NO INDICATION OF INJURY,0,0,0,0,0,2,0,2,7,11,41.992974509,-87.783951231,POINT (-87.783951230924 41.992974509438)
JA498167,,11/04/2017 02:09:00 AM,30,UNKNOWN,UNKNOWN,CLEAR,"DARKNESS, LIGHTED ROAD",PARKED MOTOR VEHICLE,ONE-WAY,1,STRAIGHT AND LEVEL,DRY,NO DEFECTS,ON SCENE,NO INJURY / DRIVE AWAY,,,Y,"OVER $1,500",11/04/2017 02:10:00 AM,"OPERATING VEHICLE IN ERRATIC, RECKLESS, CARELESS, NEGLIGENT OR AGGRESSIVE MANNER",UNABLE TO DETERMINE,348,W,74TH ST,731,,,,,,,3,NO INDICATION OF INJURY,0,0,0,0,0,1,0,2,7,11,41.760017232,-87.634053231,POINT (-87.634053231139 41.760017232091)
JA498149,,11/04/2017 02:09:00 AM,30,NO CONTROLS,NO CONTROLS,CLEAR,"DARKNESS, LIGHTED ROAD",ANGLE,NOT DIVIDED,2,STRAIGHT AND LEVEL,DRY,NO DEFECTS,ON SCENE,INJURY AND / OR TOW DUE TO CRASH,Y,,Y,"OVER $1,500",11/04/2017 02:09:00 AM,DISREGARDING STOP SIGN,FAILING TO YIELD RIGHT-OF-WAY,2400,W,THOMAS ST,1212,,,,,,,4,NO INDICATION OF INJURY,0,0,0,0,0,5,0,2,7,11,41.901309467,-87.687104571,POINT (-87.687104570969 41.901309467453)
JA498153,,11/04/2017 02:10:00 AM,35,TRAFFIC SIGNAL,FUNCTIONING PROPERLY,CLEAR,"DARKNESS, LIGHTED ROAD",SIDESWIPE OPPOSITE DIRECTION,DIVIDED - W/MEDIAN (NOT RAISED),,STRAIGHT AND LEVEL,DRY,NO DEFECTS,,NO INJURY / DRIVE AWAY,Y,,,"OVER $1,500",11/04/2017 02:12:00 AM,FAILING TO YIELD RIGHT-OF-WAY,FAILING TO YIELD RIGHT-OF-WAY,2301,N,MILWAUKEE AVE,1414,,,,,,,2,NO INDICATION OF INJURY,0,0,0,0,0,4,0,2,7,11,41.923009387,-87.69729638,POINT (-87.69729638003 41.923009387151)
JA498151,,11/04/2017 02:14:00 AM,30,TRAFFIC SIGNAL,FUNCTIONING PROPERLY,CLEAR,"DARKNESS, LIGHTED ROAD",TURNING,DIVIDED - W/MEDIAN (NOT RAISED),,STRAIGHT AND LEVEL,DRY,NO DEFECTS,ON SCENE,INJURY AND / OR TOW DUE TO CRASH,,,Y,"$501 - $1,500",11/04/2017 02:14:00 AM,IMPROPER TURNING/NO SIGNAL,NOT APPLICABLE,1,S,CENTRAL PARK BLVD,1123,,,,,,,2,NO INDICATION OF INJURY,0,0,0,0,0,2,0,2,7,11,41.880791967,-87.715745112,POINT (-87.715745111773 41.880791967127)
JA498154,,11/04/2017 02:15:00 AM,30,TRAFFIC SIGNAL,FUNCTIONING PROPERLY,CLEAR,"DARKNESS, LIGHTED ROAD",TURNING,DIVIDED - W/MEDIAN BARRIER,4,STRAIGHT ON GRADE,DRY,UNKNOWN,,INJURY AND / OR TOW DUE TO CRASH,Y,,,"OVER $1,500",11/04/2017 02:17:00 AM,IMPROPER OVERTAKING/PASSING,FAILING TO YIELD RIGHT-OF-WAY,5701,W,FOSTER AVE,1622,,,,,,,2,NO INDICATION OF INJURY,0,0,0,0,0,2,0,2,7,11,41.975570209,-87.77123425,POINT (-87.771234249898 41.975570208858)
JA498163,,11/04/2017 02:30:00 AM,30,NO CONTROLS,NO CONTROLS,CLEAR,"DARKNESS, LIGHTED ROAD",SIDESWIPE SAME DIRECTION,NOT DIVIDED,4,STRAIGHT AND LEVEL,DRY,NO DEFECTS,NOT ON SCENE (DESK REPORT),NO INJURY / DRIVE AWAY,,,,"OVER $1,500",11/04/2017 02:45:00 AM,UNABLE TO DETERMINE,UNABLE TO DETERMINE,1700,W,FULLERTON AVE,1931,,,,,,,2,NO INDICATION OF INJURY,0,0,0,0,0,5,0,2,7,11,41.925225823,-87.670822459,POINT (-87.670822459101 41.925225822718)
JA498188,Y,11/04/2017 02:38:00 AM,30,NO CONTROLS,NO CONTROLS,CLEAR,"DARKNESS, LIGHTED ROAD",PARKED MOTOR VEHICLE,NOT DIVIDED,2,STRAIGHT AND LEVEL,DRY,NO DEFECTS,ON SCENE,INJURY AND / OR TOW DUE TO CRASH,,,Y,"OVER $1,500",11/04/2017 03:39:00 AM,NOT APPLICABLE,NOT APPLICABLE,3030,W,55TH ST,923,,,,,,,4,NO INDICATION OF INJURY,0,0,0,0,0,1,0,2,7,11,41.793689006,-87.700035329,POINT (-87.700035329243 41.793689005658)
JA498168,,11/04/2017 02:50:00 AM,30,NO CONTROLS,NO CONTROLS,CLEAR,"DARKNESS, LIGHTED ROAD",SIDESWIPE SAME DIRECTION,NOT DIVIDED,4,STRAIGHT AND LEVEL,DRY,NO DEFECTS,ON SCENE,NO INJURY / DRIVE AWAY,,,,$500 OR LESS,11/04/2017 02:51:00 AM,UNABLE TO DETERMINE,NOT APPLICABLE,580,N,ORLEANS ST,1831,,,,,,,2,NO INDICATION OF INJURY,0,0,0,0,0,2,0,2,7,11,41.892330639,-87.637200466,POINT (-87.637200466336 41.892330639243)
JA498172,,11/04/2017 02:55:00 AM,30,NO CONTROLS,NO CONTROLS,CLEAR,DARKNESS,PARKED MOTOR VEHICLE,NOT DIVIDED,4,STRAIGHT AND LEVEL,DRY,NO DEFECTS,ON SCENE,INJURY AND / OR TOW DUE TO CRASH,,,,"OVER $1,500",11/04/2017 02:57:00 AM,IMPROPER LANE USAGE,NOT APPLICABLE,1137,N,LARAMIE AVE,1531,,,,,,,2,NO INDICATION OF INJURY,0,0,0,0,0,2,0,2,7,11,41.901534087,-87.755610545,POINT (-87.755610545394 41.901534087027)
JA498365,Y,11/04/2017 03:00:00 AM,30,NO CONTROLS,NO CONTROLS,UNKNOWN,UNKNOWN,PARKED MOTOR VEHICLE,NOT DIVIDED,1,STRAIGHT AND LEVEL,UNKNOWN,NO DEFECTS,ON SCENE,INJURY AND / OR TOW DUE TO CRASH,Y,,Y,"OVER $1,500",11/04/2017 09:00:00 AM,UNABLE TO DETERMINE,NOT APPLICABLE,5619,W,CATALPA AVE,1622,,,,,,,3,NO INDICATION OF INJURY,0,0,0,0,0,1,0,3,7,11,41.981001032,-87.769258823,POINT (-87.769258822801 41.981001031952)
JA498177,,11/04/2017 03:03:00 AM,30,NO CONTROLS,NO CONTROLS,CLEAR,"DARKNESS, LIGHTED ROAD",FIXED OBJECT,DIVIDED - W/MEDIAN (NOT RAISED),1,STRAIGHT AND LEVEL,DRY,UNKNOWN,ON SCENE,INJURY AND / OR TOW DUE TO CRASH,,Y,Y,"OVER $1,500",11/04/2017 03:04:00 AM,UNABLE TO DETERMINE,UNABLE TO DETERMINE,1446,W,71ST ST,734,,,,,,,1,NO INDICATION OF INJURY,0,0,0,0,0,1,0,3,7,11,41.765061669,-87.660866733,POINT (-87.660866733019 41.765061669214)
JA498220,,11/04/2017 03:05:00 AM,35,NO CONTROLS,NO CONTROLS,OTHER,"DARKNESS, LIGHTED ROAD",FIXED OBJECT,DIVIDED - W/MEDIAN BARRIER,,"CURVE, LEVEL",DRY,NO DEFECTS,ON SCENE,INJURY AND / OR TOW DUE TO CRASH,,,,"OVER $1,500",11/04/2017 03:13:00 AM,UNABLE TO DETERMINE,UNABLE TO DETERMINE,6957,S,VINCENNES AVE,731,,,,,,,1,NONINCAPACITATING INJURY,1,0,0,1,0,0,0,3,7,11,41.767403498,-87.626705734,POINT (-87.626705733929 41.767403497826)
JA498185,,11/04/2017 03:20:00 AM,30,STOP SIGN/FLASHER,FUNCTIONING PROPERLY,CLEAR,"DARKNESS, LIGHTED ROAD",ANGLE,NOT DIVIDED,4,STRAIGHT AND LEVEL,DRY,NO DEFECTS,ON SCENE,INJURY AND / OR TOW DUE TO CRASH,Y,,,"OVER $1,500",11/04/2017 03:30:00 AM,DISREGARDING STOP SIGN,DISREGARDING STOP SIGN,3500,N,SOUTHPORT AVE,1922,,,,,,,2,"REPORTED, NOT EVIDENT",2,0,0,0,2,6,0,3,7,11,41.945286155,-87.664116229,POINT (-87.66411622887 41.945286155083)
JA498184,,11/04/2017 03:20:00 AM,25,NO CONTROLS,NO CONTROLS,CLEAR,"DARKNESS, LIGHTED ROAD",PARKED MOTOR VEHICLE,NOT DIVIDED,2,STRAIGHT AND LEVEL,DRY,NO DEFECTS,ON SCENE,INJURY AND / OR TOW DUE TO CRASH,,,Y,"OVER $1,500",11/04/2017 03:22:00 AM,UNABLE TO DETERMINE,UNABLE TO DETERMINE,7293,W,BARRY AVE,2511,,,,,,,2,,,,,,,,,3,7,11,41.936185964,-87.809065469,POINT (-87.809065469429 41.936185963565)
JA498187,,11/04/2017 03:30:00 AM,10,NO CONTROLS,NO CONTROLS,CLEAR,DARKNESS,PARKED MOTOR VEHICLE,ONE-WAY,,STRAIGHT AND LEVEL,DRY,NO DEFECTS,NOT ON SCENE (DESK REPORT),NO INJURY / DRIVE AWAY,,,Y,"OVER $1,500",11/04/2017 03:51:00 AM,UNABLE TO DETERMINE,UNABLE TO DETERMINE,3825,W,81ST PL,834,,,,,,,2,NO INDICATION OF INJURY,0,0,0,0,0,1,0,3,7,11,41.74487654,-87.71790884,POINT (-87.717908840351 41.744876539906)
JA498195,,11/04/2017 03:30:00 AM,30,NO CONTROLS,NO CONTROLS,CLEAR,"DARKNESS, LIGHTED ROAD",PARKED MOTOR VEHICLE,ONE-WAY,1,STRAIGHT AND LEVEL,DRY,NO DEFECTS,ON SCENE,INJURY AND / OR TOW DUE TO CRASH,,,,"OVER $1,500",11/04/2017 03:33:00 AM,UNABLE TO DETERMINE,NOT APPLICABLE,1840,N,LEAVITT ST,1434,,,,,,,2,NO INDICATION OF INJURY,0,0,0,0,0,1,0,3,7,11,41.914840975,-87.682599918,POINT (-87.682599917935 41.914840974877)
JA498219,,11/04/2017 03:40:00 AM,35,NO CONTROLS,NO CONTROLS,CLEAR,"DARKNESS, LIGHTED ROAD",PARKED MOTOR VEHICLE,ONE-WAY,1,STRAIGHT AND LEVEL,DRY,NO DEFECTS,ON SCENE,INJURY AND / OR TOW DUE TO CRASH,,,Y,"OVER $1,500",11/04/2017 03:42:00 AM,UNDER THE INFLUENCE OF ALCOHOL/DRUGS (USE WHEN ARREST IS EFFECTED),UNABLE TO DETERMINE,1224,W,LILL AVE,1932,,,,,,,3,NO INDICATION OF INJURY,0,0,0,0,0,1,0,3,7,11,41.927862388,-87.659498806,POINT (-87.659498805752 41.927862387883)
JA498699,,11/04/2017 04:00:00 AM,30,TRAFFIC SIGNAL,FUNCTIONING PROPERLY,CLEAR,"DARKNESS, LIGHTED ROAD",REAR END,DIVIDED - W/MEDIAN (NOT RAISED),4,STRAIGHT AND LEVEL,DRY,NO DEFECTS,NOT ON SCENE (DESK REPORT),NO INJURY / DRIVE AWAY,Y,,,"OVER $1,500",11/04/2017 02:20:00 PM,FOLLOWING TOO CLOSELY,NOT APPLICABLE,1030,W,CHICAGO AVE,1213,,,,,,,2,NO INDICATION OF INJURY,0,0,0,0,0,3,0,4,7,11,41.896400054,-87.653749512,POINT (-87.65374951159 41.896400053928)
JA498714,,11/04/2017 04:00:00 AM,30,NO CONTROLS,NO CONTROLS,CLOUDY/OVERCAST,DAWN,PARKED MOTOR VEHICLE,NOT DIVIDED,1,STRAIGHT AND LEVEL,WET,NO DEFECTS,NOT ON SCENE (DESK REPORT),NO INJURY / DRIVE AWAY,,,Y,"OVER $1,500",11/04/2017 02:30:00 PM,FAILING TO YIELD RIGHT-OF-WAY,NOT APPLICABLE,2900,W,55TH ST,923,,,,,,,2,NO INDICATION OF INJURY,0,0,0,0,0,1,0,4,7,11,41.793757841,-87.696304528,POINT (-87.696304528186 41.793757841261)
JA498244,,11/04/2017 04:00:00 AM,30,NO CONTROLS,NO CONTROLS,CLEAR,DARKNESS,PARKED MOTOR VEHICLE,NOT DIVIDED,2,STRAIGHT AND LEVEL,DRY,UNKNOWN,ON SCENE,NO INJURY / DRIVE AWAY,,,Y,"OVER $1,500",11/04/2017 04:40:00 AM,UNABLE TO DETERMINE,UNABLE TO DETERMINE,627,E,38TH PL,212,,,,,,,2,NO INDICATION OF INJURY,0,0,0,0,0,1,0,4,7,11,41.824737844,-87.61172541,POINT (-87.611725410129 41.824737844225)
JA502510,,11/04/2017 04:00:00 AM,10,NO CONTROLS,NO CONTROLS,UNKNOWN,"DARKNESS, LIGHTED ROAD",PARKED MOTOR VEHICLE,PARKING LOT,,STRAIGHT AND LEVEL,UNKNOWN,UNKNOWN,NOT ON SCENE (DESK REPORT),NO INJURY / DRIVE AWAY,,,Y,"OVER $1,500",11/07/2017 02:00:00 PM,UNABLE TO DETERMINE,UNABLE TO DETERMINE,425,W,SURF ST,1934,,,,,,,2,NO INDICATION OF INJURY,0,0,0,0,0,1,0,4,7,11,41.934215574,-87.640402652,POINT (-87.640402651853 41.934215574437)
JA498210,,11/04/2017 04:05:00 AM,5,NO CONTROLS,NO CONTROLS,CLEAR,"DARKNESS, LIGHTED ROAD",PARKED MOTOR VEHICLE,PARKING LOT,,STRAIGHT AND LEVEL,DRY,NO DEFECTS,ON SCENE,NO INJURY / DRIVE AWAY,,,,"$501 - $1,500",11/04/2017 04:10:00 AM,UNABLE TO DETERMINE,IMPROPER BACKING,3598,N,HALSTED ST,1924,,,,,,,2,NO INDICATION OF INJURY,0,0,0,0,0,1,0,4,7,11,41.94726451,-87.649631416,POINT (-87.649631415553 41.947264510386)
JA513872,,11/04/2017 04:10:00 AM,30,NO CONTROLS,NO CONTROLS,CLEAR,DARKNESS,PARKED MOTOR VEHICLE,NOT DIVIDED,,STRAIGHT AND LEVEL,DRY,NO DEFECTS,NOT ON SCENE (DESK REPORT),NO INJURY / DRIVE AWAY,,,Y,"$501 - $1,500",11/16/2017 11:10:00 AM,UNABLE TO DETERMINE,NOT APPLICABLE,631,W,BELMONT AVE,1934,,,,,,,2,NO INDICATION OF INJURY,0,0,0,0,0,1,0,4,7,11,41.93991154,-87.645617906,POINT (-87.645617905803 41.939911540001)
JA498213,,11/04/2017 04:12:00 AM,35,NO CONTROLS,NO CONTROLS,CLEAR,"DARKNESS, LIGHTED ROAD",FIXED OBJECT,NOT DIVIDED,,STRAIGHT AND LEVEL,DRY,NO DEFECTS,ON SCENE,INJURY AND / OR TOW DUE TO CRASH,,N,,"OVER $1,500",11/04/2017 04:15:00 AM,UNABLE TO DETERMINE,UNABLE TO DETERMINE,5813,N,RIDGE AVE,2013,,,,,,,1,NO INDICATION OF INJURY,0,0,0,0,0,1,0,4,7,11,41.987668603,-87.666440271,POINT (-87.666440270537 41.987668602843)
JA498224,,11/04/2017 04:40:00 AM,30,NO CONTROLS,NO CONTROLS,CLEAR,"DARKNESS, LIGHTED ROAD",PARKED MOTOR VEHICLE,ONE-WAY,1,STRAIGHT AND LEVEL,DRY,NO DEFECTS,ON SCENE,NO INJURY / DRIVE AWAY,,,,"OVER $1,500",11/04/2017 04:46:00 AM,DRIVING SKILLS/KNOWLEDGE/EXPERIENCE,NOT APPLICABLE,6930,N,GREENVIEW AVE,2431,,,,,,,2,NO INDICATION OF INJURY,0,0,0,0,0,1,0,4,7,11,42.007578791,-87.667998732,POINT (-87.667998732157 42.007578791408)
JA498225,,11/04/2017 04:46:00 AM,30,NO CONTROLS,NO CONTROLS,CLEAR,"DARKNESS, LIGHTED ROAD",PARKED MOTOR VEHICLE,NOT DIVIDED,2,STRAIGHT AND LEVEL,DRY,NO DEFECTS,ON SCENE,INJURY AND / OR TOW DUE TO CRASH,,,Y,"OVER $1,500",11/04/2017 04:47:00 AM,"OPERATING VEHICLE IN ERRATIC, RECKLESS, CARELESS, NEGLIGENT OR AGGRESSIVE MANNER",DRIVING SKILLS/KNOWLEDGE/EXPERIENCE,2641,W,CHICAGO AVE,1221,,,,,,,2,NO INDICATION OF INJURY,0,0,0,0,0,2,0,4,7,11,41.89556665,-87.693423342,POINT (-87.69342334172 41.895566649992)