RD_NO,CRASH_DATE_EST_I,CRASH_DATE,POSTED_SPEED_LIMIT,TRAFFIC_CONTROL_DEVICE,DEVICE_CONDITION,WEATHER_CONDITION,LIGHTING_CONDITION,FIRST_CRASH_TYPE,TRAFFICWAY_TYPE,LANE_CNT,ALIGNMENT,ROADWAY_SURFACE_COND,ROAD_DEFECT,REPORT_TYPE,CRASH_TYPE,INTERSECTION_RELATED_I,NOT_RIGHT_OF_WAY_I,HIT_AND_RUN_I,DAMAGE,DATE_POLICE_NOTIFIED,PRIM_CONTRIBUTORY_CAUSE,SEC_CONTRIBUTORY_CAUSE,STREET_NO,STREET_DIRECTION,STREET_NAME,BEAT_OF_OCCURRENCE,PHOTOS_TAKEN_I,STATEMENTS_TAKEN_I,DOORING_I,WORK_ZONE_I,WORK_ZONE_TYPE,WORKERS_PRESENT_I,NUM_UNITS,MOST_SEVERE_INJURY,INJURIES_TOTAL,INJURIES_FATAL,INJURIES_INCAPACITATING,INJURIES_NON_INCAPACITATING,INJURIES_REPORTED_NOT_EVIDENT,INJURIES_NO_INDICATION,INJURIES_UNKNOWN,CRASH_HOUR,CRASH_DAY_OF_WEEK,CRASH_MONTH,LATITUDE,LONGITUDE,LOCATION
JA498228,,11/04/2017 04:50:00 AM,30,NO CONTROLS,NO CONTROLS,CLEAR,"DARKNESS, LIGHTED ROAD",PARKED MOTOR VEHICLE,NOT DIVIDED,2,STRAIGHT AND LEVEL,DRY,NO DEFECTS,,INJURY AND / OR TOW DUE TO CRASH,,,,"OVER $1,500",11/04/2017 04:55:00 AM,EXCEEDING AUTHORIZED SPEED LIMIT,DRIVING ON WRONG SIDE/WRONG WAY,2905,W,55TH ST,824,,,,,,,4,NO INDICATION OF INJURY,0,0,0,0,0,1,0,4,7,11,41.793535297,-87.696481028,POINT (-87.696481027874 41.793535296816)
JA498239,,11/04/2017 05:30:00 AM,30,NO CONTROLS,NO CONTROLS,CLEAR,"DARKNESS, LIGHTED ROAD",PARKED MOTOR VEHICLE,NOT DIVIDED,2,STRAIGHT AND LEVEL,DRY,NO DEFECTS,ON SCENE,INJURY AND / OR TOW DUE TO CRASH,,,,"OVER $1,500",11/04/2017 05:31:00 AM,FAILING TO REDUCE SPEED TO AVOID CRASH,NOT APPLICABLE,9936,S,VINCENNES AVE,2213,,N,,,,,2,NO INDICATION OF INJURY,0,0,0,0,0,1,0,5,7,11,41.713049996,-87.653851413,POINT (-87.653851412923 41.713049995734)
JA498264,Y,11/04/2017 05:30:00 AM,30,NO CONTROLS,NO CONTROLS,CLEAR,UNKNOWN,PARKED MOTOR VEHICLE,NOT DIVIDED,2,STRAIGHT AND LEVEL,DRY,NO DEFECTS,ON SCENE,NO INJURY / DRIVE AWAY,,,Y,"OVER $1,500",11/04/2017 06:40:00 AM,UNABLE TO DETERMINE,NOT APPLICABLE,325,E,107TH ST,513,,,,,,,3,NO INDICATION OF INJURY,0,0,0,0,0,1,0,5,7,11,41.699881805,-87.614931717,POINT (-87.614931717272 41.699881805119)
JA498254,,11/04/2017 06:00:00 AM,30,TRAFFIC SIGNAL,FUNCTIONING PROPERLY,CLEAR,"DARKNESS, LIGHTED ROAD",REAR END,ONE-WAY,4,STRAIGHT AND LEVEL,DRY,NO DEFECTS,ON SCENE,NO INJURY / DRIVE AWAY,,,,"OVER $1,500",11/04/2017 06:12:00 AM,DISTRACTION - FROM INSIDE VEHICLE,FAILING TO REDUCE SPEED TO AVOID CRASH,7102,S,STATE ST,323,,,,,,,2,NO INDICATION OF INJURY,0,0,0,0,0,2,0,6,7,11,41.765338707,-87.625049207,POINT (-87.62504920711 41.765338707348)
JA498261,,11/04/2017 06:06:00 AM,30,NO CONTROLS,NO CONTROLS,CLEAR,DAWN,PARKED MOTOR VEHICLE,ONE-WAY,1,STRAIGHT AND LEVEL,DRY,NO DEFECTS,ON SCENE,INJURY AND / OR TOW DUE TO CRASH,,,Y,"OVER $1,500",11/04/2017 06:42:00 AM,UNABLE TO DETERMINE,NOT APPLICABLE,3836,W,19TH ST,1014,,,,,,,2,NO INDICATION OF INJURY,0,0,0,0,0,1,0,6,7,11,41.855141652,-87.721334195,POINT (-87.721334195365 41.855141652358)
JA498297,,11/04/2017 06:20:00 AM,35,TRAFFIC SIGNAL,FUNCTIONING PROPERLY,CLEAR,"DARKNESS, LIGHTED ROAD",TURNING,NOT DIVIDED,2,STRAIGHT AND LEVEL,DRY,NO DEFECTS,NOT ON SCENE (DESK REPORT),NO INJURY / DRIVE AWAY,,,,"$501 - $1,500",11/04/2017 08:40:00 AM,DISREGARDING TRAFFIC SIGNALS,DISREGARDING TRAFFIC SIGNALS,3902,S,WALLACE ST,925,,,,,,,2,NO INDICATION OF INJURY,0,0,0,0,0,2,0,6,7,11,41.823376769,-87.641206897,POINT (-87.64120689672 41.823376769442)
JA498266,,11/04/2017 06:20:00 AM,30,TRAFFIC SIGNAL,FUNCTIONING PROPERLY,CLEAR,DAWN,ANGLE,DIVIDED - W/MEDIAN (NOT RAISED),4,STRAIGHT AND LEVEL,DRY,NO DEFECTS,ON SCENE,NO INJURY / DRIVE AWAY,Y,,Y,"$501 - $1,500",11/04/2017 06:44:00 AM,DISREGARDING TRAFFIC SIGNALS,UNABLE TO DETERMINE,3900,S,WALLACE ST,925,,,,,,,2,NO INDICATION OF INJURY,0,0,0,0,0,2,0,6,7,11,41.82343237,-87.641207889,POINT (-87.641207888873 41.823432370008)
JA498260,,11/04/2017 06:23:00 AM,25,TRAFFIC SIGNAL,FUNCTIONING PROPERLY,CLEAR,DARKNESS,TURNING,OTHER,2,STRAIGHT AND LEVEL,DRY,NO DEFECTS,NOT ON SCENE (DESK REPORT),NO INJURY / DRIVE AWAY,,,,"OVER $1,500",11/04/2017 07:03:00 AM,FAILING TO YIELD RIGHT-OF-WAY,IMPROPER TURNING/NO SIGNAL,3900,S,WALLACE ST,925,,,,,,,2,NO INDICATION OF INJURY,0,0,0,0,0,2,0,6,7,11,41.82343237,-87.641207889,POINT (-87.641207888873 41.823432370008)
JA498252,,11/04/2017 06:24:00 AM,30,NO CONTROLS,NO CONTROLS,CLEAR,"DARKNESS, LIGHTED ROAD",PARKED MOTOR VEHICLE,NOT DIVIDED,,"CURVE, LEVEL",DRY,NO DEFECTS,ON SCENE,NO INJURY / DRIVE AWAY,,,Y,"OVER $1,500",11/04/2017 06:24:00 AM,UNABLE TO DETERMINE,NOT APPLICABLE,5627,N,RIDGE AVE,2013,,,,,,,2,NO INDICATION OF INJURY,0,0,0,0,0,1,0,6,7,11,41.984301223,-87.660938985,POINT (-87.66093898511 41.984301223398)
JA498263,,11/04/2017 06:40:00 AM,25,YIELD,FUNCTIONING PROPERLY,CLOUDY/OVERCAST,DAYLIGHT,TURNING,ONE-WAY,1,STRAIGHT AND LEVEL,DRY,NO DEFECTS,NOT ON SCENE (DESK REPORT),INJURY AND / OR TOW DUE TO CRASH,Y,,,"OVER $1,500",11/04/2017 06:50:00 AM,FAILING TO YIELD RIGHT-OF-WAY,NOT APPLICABLE,2200,E,71ST ST,331,,,,,,,2,NO INDICATION OF INJURY,0,0,0,0,0,2,0,6,7,11,41.76639714,-87.571345935,POINT (-87.571345935413 41.766397140399)
JA498775,,11/04/2017 07:00:00 AM,30,NO CONTROLS,NO CONTROLS,RAIN,DAYLIGHT,TURNING,PARKING LOT,,STRAIGHT AND LEVEL,WET,NO DEFECTS,NOT ON SCENE (DESK REPORT),NO INJURY / DRIVE AWAY,,Y,,"OVER $1,500",11/04/2017 03:00:00 PM,FAILING TO YIELD RIGHT-OF-WAY,NOT APPLICABLE,2406,S,WOLCOTT AVE,1034,,,,,,,2,NO INDICATION OF INJURY,0,0,0,0,0,2,0,7,7,11,41.8482749,-87.673432381,POINT (-87.67343238082 41.848274899855)
JA498286,,11/04/2017 07:30:00 AM,30,NO CONTROLS,NO CONTROLS,RAIN,DAWN,REAR END,NOT DIVIDED,2,STRAIGHT AND LEVEL,WET,NO DEFECTS,ON SCENE,NO INJURY / DRIVE AWAY,Y,,,"OVER $1,500",11/04/2017 07:45:00 AM,UNABLE TO DETERMINE,NOT APPLICABLE,3831,W,26TH ST,1031,,,,,,,2,NO INDICATION OF INJURY,0,0,0,0,0,2,0,7,7,11,41.844190276,-87.720828051,POINT (-87.720828050735 41.844190275694)
JA498275,,11/04/2017 07:36:00 AM,30,TRAFFIC SIGNAL,FUNCTIONING PROPERLY,RAIN,"DARKNESS, LIGHTED ROAD",TURNING,NOT DIVIDED,0,STRAIGHT AND LEVEL,WET,NO DEFECTS,ON SCENE,INJURY AND / OR TOW DUE TO CRASH,Y,,,"OVER $1,500",11/04/2017 07:40:00 AM,IMPROPER LANE USAGE,EQUIPMENT - VEHICLE CONDITION,3604,W,ROOSEVELT RD,1133,,,,,,,2,NO INDICATION OF INJURY,0,0,0,0,0,2,0,7,7,11,41.866397157,-87.715638074,POINT (-87.715638073882 41.866397157071)
JA498292,,11/04/2017 07:40:00 AM,20,TRAFFIC SIGNAL,FUNCTIONING PROPERLY,RAIN,DAYLIGHT,REAR END,NOT DIVIDED,4,STRAIGHT AND LEVEL,WET,UNKNOWN,ON SCENE,NO INJURY / DRIVE AWAY,,,,$500 OR LESS,11/04/2017 08:00:00 AM,FOLLOWING TOO CLOSELY,UNABLE TO DETERMINE,4300,S,CALIFORNIA AVE,922,,,,,,,2,NO INDICATION OF INJURY,0,0,0,0,0,2,0,7,7,11,41.815449611,-87.694569401,POINT (-87.694569400937 41.815449611067)
JA506338,,11/04/2017 07:40:00 AM,30,NO CONTROLS,NO CONTROLS,CLEAR,DAYLIGHT,TURNING,NOT DIVIDED,2,STRAIGHT AND LEVEL,DRY,NO DEFECTS,ON SCENE,NO INJURY / DRIVE AWAY,,,,"$501 - $1,500",11/10/2017 11:15:00 AM,IMPROPER TURNING/NO SIGNAL,IMPROPER TURNING/NO SIGNAL,1511,N,MILWAUKEE AVE,1424,,,,,,,2,NO INDICATION OF INJURY,0,0,0,0,0,2,0,7,7,11,41.909037654,-87.675145922,POINT (-87.67514592249 41.909037654061)
JA498387,,11/04/2017 07:45:00 AM,35,TRAFFIC SIGNAL,FUNCTIONING PROPERLY,CLEAR,DAYLIGHT,REAR END,NOT DIVIDED,2,STRAIGHT AND LEVEL,DRY,NO DEFECTS,NOT ON SCENE (DESK REPORT),NO INJURY / DRIVE AWAY,,,,"$501 - $1,500",11/04/2017 10:09:00 AM,FOLLOWING TOO CLOSELY,FOLLOWING TOO CLOSELY,232,W,63RD ST,711,,,,,,,2,NO INDICATION OF INJURY,0,0,0,0,0,3,0,7,7,11,41.78007919,-87.631398228,POINT (-87.631398227912 41.780079189939)
JA498276,Y,11/04/2017 07:45:00 AM,20,NO CONTROLS,NO CONTROLS,RAIN,DAYLIGHT,SIDESWIPE SAME DIRECTION,ONE-WAY,1,STRAIGHT AND LEVEL,WET,NO DEFECTS,NOT ON SCENE (DESK REPORT),NO INJURY / DRIVE AWAY,,,,"OVER $1,500",11/04/2017 07:50:00 AM,UNABLE TO DETERMINE,UNABLE TO DETERMINE,601,N,RUSH ST,1834,,,,,,,2,NO INDICATION OF INJURY,0,0,0,0,0,2,0,7,7,11,41.892568364,-87.625248397,POINT (-87.625248397383 41.892568363917)
JA498284,,11/04/2017 07:48:00 AM,30,TRAFFIC SIGNAL,FUNCTIONING PROPERLY,CLOUDY/OVERCAST,DAYLIGHT,SIDESWIPE SAME DIRECTION,NOT DIVIDED,6,STRAIGHT AND LEVEL,WET,NO DEFECTS,ON SCENE,NO INJURY / DRIVE AWAY,,,,$500 OR LESS,11/04/2017 08:01:00 AM,DRIVING SKILLS/KNOWLEDGE/EXPERIENCE,UNABLE TO DETERMINE,6858,S,WESTERN AVE,832,,,,,,,2,NO INDICATION OF INJURY,0,0,0,0,0,2,0,7,7,11,41.768420118,-87.683493032,POINT (-87.683493032482 41.768420118063)
JA500967,,11/04/2017 08:00:00 AM,25,NO CONTROLS,NO CONTROLS,RAIN,DAYLIGHT,PARKED MOTOR VEHICLE,NOT DIVIDED,,STRAIGHT AND LEVEL,WET,NO DEFECTS,NOT ON SCENE (DESK REPORT),NO INJURY / DRIVE AWAY,,,Y,"$501 - $1,500",11/06/2017 11:30:00 AM,UNABLE TO DETERMINE,UNABLE TO DETERMINE,101,W,DIVISION ST,1824,,,,,,,2,NO INDICATION OF INJURY,0,0,0,0,0,1,0,8,7,11,41.90378983,-87.631515429,POINT (-87.631515429359 41.903789830013)
JA498312,,11/04/2017 08:00:00 AM,30,NO CONTROLS,NO CONTROLS,CLEAR,DAYLIGHT,PARKED MOTOR VEHICLE,NOT DIVIDED,4,STRAIGHT AND LEVEL,WET,NO DEFECTS,ON SCENE,NO INJURY / DRIVE AWAY,,,Y,"$501 - $1,500",11/04/2017 08:31:00 AM,UNABLE TO DETERMINE,UNABLE TO DETERMINE,10409,S,WESTERN AVE,2212,,,,,,,2,NO INDICATION OF INJURY,0,0,0,0,0,1,0,8,7,11,41.704239936,-87.681408298,POINT (-87.68140829849 41.704239935644)
JA498294,,11/04/2017 08:05:00 AM,30,NO CONTROLS,NO CONTROLS,RAIN,DAWN,REAR END,NOT DIVIDED,2,STRAIGHT AND LEVEL,WET,NO DEFECTS,ON SCENE,INJURY AND / OR TOW DUE TO CRASH,Y,,,"OVER $1,500",11/04/2017 08:10:00 AM,UNABLE TO DETERMINE,"VISION OBSCURED (SIGNS, TREE LIMBS, BUILDINGS, ETC.)",3835,W,71ST ST,833,,,,,,,3,NO INDICATION OF INJURY,0,0,0,0,0,3,0,8,7,11,41.764036148,-87.718779181,POINT (-87.718779180805 41.76403614829)
JA498296,,11/04/2017 08:09:00 AM,30,NO CONTROLS,NO CONTROLS,RAIN,"DARKNESS, LIGHTED ROAD",PARKED MOTOR VEHICLE,DIVIDED - W/MEDIAN (NOT RAISED),4,STRAIGHT AND LEVEL,WET,NO DEFECTS,ON SCENE,INJURY AND / OR TOW DUE TO CRASH,,,,"OVER $1,500",11/04/2017 08:10:00 AM,DISTRACTION - FROM INSIDE VEHICLE,WEATHER,5918,W,IRVING PARK RD,1624,,,,,,,3,NO INDICATION OF INJURY,0,0,0,0,0,1,0,8,7,11,41.953183539,-87.77510102,POINT (-87.775101019986 41.95318353908)
JA498295,,11/04/2017 08:10:00 AM,30,NO CONTROLS,NO CONTROLS,RAIN,DAYLIGHT,REAR END,DIVIDED - W/MEDIAN (NOT RAISED),2,STRAIGHT AND LEVEL,WET,NO DEFECTS,NOT ON SCENE (DESK REPORT),NO INJURY / DRIVE AWAY,,,,"OVER $1,500",11/04/2017 08:30:00 AM,FAILING TO YIELD RIGHT-OF-WAY,IMPROPER BACKING,3157,S,CALIFORNIA AVE,1034,,,,,,,2,NO INDICATION OF INJURY,0,0,0,0,0,2,0,8,7,11,41.834985899,-87.694815191,POINT (-87.694815191365 41.834985899131)
JA498307,,11/04/2017 08:10:00 AM,30,NO CONTROLS,NO CONTROLS,CLOUDY/OVERCAST,DAYLIGHT,REAR END,DIVIDED - W/MEDIAN (NOT RAISED),,STRAIGHT AND LEVEL,WET,NO DEFECTS,NOT ON SCENE (DESK REPORT),NO INJURY / DRIVE AWAY,,,,"OVER $1,500",11/04/2017 09:06:00 AM,FAILING TO YIELD RIGHT-OF-WAY,FAILING TO YIELD RIGHT-OF-WAY,2323,W,111TH ST,2212,,,,,,,2,NO INDICATION OF INJURY,0,0,0,0,0,2,0,8,7,11,41.691679204,-87.679779173,POINT (-87.679779172526 41.691679204031)
JA498349,,11/04/2017 08:15:00 AM,15,NO CONTROLS,NO CONTROLS,RAIN,DAYLIGHT,ANIMAL,ALLEY,1,STRAIGHT AND LEVEL,WET,NO DEFECTS,ON SCENE,NO INJURY / DRIVE AWAY,,,N,"$501 - $1,500",11/04/2017 09:12:00 AM,UNABLE TO DETERMINE,UNABLE TO DETERMINE,5422,W,ADDISON ST,1633,,,,,,,1,NO INDICATION OF INJURY,0,0,0,0,0,1,0,8,7,11,41.946038191,-87.76276949,POINT (-87.762769490272 41.946038190686)
JA498309,N,11/04/2017 08:20:00 AM,30,TRAFFIC SIGNAL,FUNCTIONING PROPERLY,RAIN,DAYLIGHT,TURNING,DIVIDED - W/MEDIAN (NOT RAISED),3,STRAIGHT AND LEVEL,WET,NO DEFECTS,ON SCENE,NO INJURY / DRIVE AWAY,,,Y,"OVER $1,500",11/04/2017 08:31:00 AM,IMPROPER OVERTAKING/PASSING,FAILING TO YIELD RIGHT-OF-WAY,8300,S,DAMEN AVE,614,,,,,,,2,NO INDICATION OF INJURY,0,0,0,0,0,3,0,8,7,11,41.742849981,-87.673107363,POINT (-87.673107362988 41.742849980643)
JA498336,,11/04/2017 08:30:00 AM,30,TRAFFIC SIGNAL,FUNCTIONING PROPERLY,RAIN,DAYLIGHT,TURNING,NOT DIVIDED,2,STRAIGHT AND LEVEL,WET,NO DEFECTS,NOT ON SCENE (DESK REPORT),NO INJURY / DRIVE AWAY,,,,"OVER $1,500",11/04/2017 09:28:00 AM,FAILING TO YIELD RIGHT-OF-WAY,UNABLE TO DETERMINE,130,E,RANDOLPH ST,114,,,,,,,2,NO INDICATION OF INJURY,0,0,0,0,0,2,0,8,7,11,41.884588372,-87.623272561,POINT (-87.623272561055 41.884588371969)
JA498323,Y,11/04/2017 08:45:00 AM,25,TRAFFIC SIGNAL,FUNCTIONING PROPERLY,RAIN,DAYLIGHT,REAR END,NOT DIVIDED,2,STRAIGHT AND LEVEL,WET,NO DEFECTS,ON SCENE,NO INJURY / DRIVE AWAY,,,,$500 OR LESS,11/04/2017 08:52:00 AM,UNABLE TO DETERMINE,NOT APPLICABLE,311,W,BELMONT AVE,1934,,,,,,,2,NO INDICATION OF INJURY,0,0,0,0,0,2,0,8,7,11,41.940321769,-87.638349669,POINT (-87.638349669471 41.940321768867)
JA498338,,11/04/2017 09:00:00 AM,30,TRAFFIC SIGNAL,FUNCTIONING PROPERLY,RAIN,DAYLIGHT,PEDESTRIAN,NOT DIVIDED,,STRAIGHT AND LEVEL,WET,NO DEFECTS,ON SCENE,INJURY AND / OR TOW DUE TO CRASH,Y,,,"OVER $1,500",11/04/2017 09:05:00 AM,DRIVING SKILLS/KNOWLEDGE/EXPERIENCE,WEATHER,5200,W,MADISON ST,1522,,,,,,,2,NONINCAPACITATING INJURY,1,0,0,1,0,1,0,9,7,11,41.880480752,-87.755130433,POINT (-87.755130432965 41.880480751702)
JA504836,,11/04/2017 09:00:00 AM,30,UNKNOWN,UNKNOWN,UNKNOWN,DAYLIGHT,OTHER OBJECT,UNKNOWN,,STRAIGHT AND LEVEL,UNKNOWN,UNKNOWN,NOT ON SCENE (DESK REPORT),NO INJURY / DRIVE AWAY,,,,"OVER $1,500",11/09/2017 09:45:00 AM,"EVASIVE ACTION DUE TO ANIMAL, OBJECT, NONMOTORIST",UNABLE TO DETERMINE,5800,S,THROOP ST,713,,,,,,,1,NO INDICATION OF INJURY,0,0,0,0,0,1,0,9,7,11,41.78862848,-87.6573083,POINT (-87.657308299618 41.788628479575)
JA498331,,11/04/2017 09:00:00 AM,40,NO CONTROLS,NO CONTROLS,RAIN,DAYLIGHT,SIDESWIPE SAME DIRECTION,DIVIDED - W/MEDIAN BARRIER,8,STRAIGHT AND LEVEL,WET,OTHER,ON SCENE,INJURY AND / OR TOW DUE TO CRASH,,,,"OVER $1,500",11/04/2017 09:10:00 AM,WEATHER,ROAD ENGINEERING/SURFACE/MARKING DEFECTS,2701,N,LAKE SHORE DR NB,1935,,,,,,,2,NO INDICATION OF INJURY,0,0,0,0,0,2,0,9,7,11,41.931511662,-87.631774099,POINT (-87.631774099085 41.93151166222)
JA498562,,11/04/2017 09:10:00 AM,30,NO CONTROLS,NO CONTROLS,RAIN,DAYLIGHT,PARKED MOTOR VEHICLE,PARKING LOT,,STRAIGHT AND LEVEL,SNOW OR SLUSH,NO DEFECTS,NOT ON SCENE (DESK REPORT),NO INJURY / DRIVE AWAY,,,Y,"$501 - $1,500",11/04/2017 12:25:00 PM,UNABLE TO DETERMINE,UNABLE TO DETERMINE,1655,E,95TH ST,431,,,,,,,2,NO INDICATION OF INJURY,0,0,0,0,0,1,0,9,7,11,41.722263198,-87.582917635,POINT (-87.582917634619 41.722263198134)
JA498533,,11/04/2017 09:14:00 AM,30,NO CONTROLS,UNKNOWN,RAIN,DAYLIGHT,FIXED OBJECT,ALLEY,,STRAIGHT AND LEVEL,WET,NO DEFECTS,ON SCENE,NO INJURY / DRIVE AWAY,,Y,Y,"OVER $1,500",11/04/2017 11:15:00 AM,IMPROPER BACKING,NOT APPLICABLE,1052,N,MASSASOIT AVE,1511,,,,,,,1,NO INDICATION OF INJURY,0,0,0,0,0,1,0,9,7,11,41.900004003,-87.769369085,POINT (-87.769369084605 41.90000400303)
JA498359,,11/04/2017 09:25:00 AM,35,TRAFFIC SIGNAL,FUNCTIONING PROPERLY,RAIN,DAYLIGHT,REAR END,DIVIDED - W/MEDIAN (NOT RAISED),4,STRAIGHT AND LEVEL,WET,NO DEFECTS,NOT ON SCENE (DESK REPORT),NO INJURY / DRIVE AWAY,,,,"$501 - $1,500",11/04/2017 09:25:00 AM,FOLLOWING TOO CLOSELY,NOT APPLICABLE,6400,W,NORTH AVE,2513,,,,,,,2,NO INDICATION OF INJURY,0,0,0,0,0,2,0,9,7,11,41.909257073,-87.785056593,POINT (-87.785056592855 41.909257073207)
JA506695,,11/04/2017 09:25:00 AM,25,UNKNOWN,UNKNOWN,UNKNOWN,DAYLIGHT,SIDESWIPE SAME DIRECTION,ONE-WAY,3,STRAIGHT AND LEVEL,UNKNOWN,UNKNOWN,NOT ON SCENE (DESK REPORT),NO INJURY / DRIVE AWAY,,,,"OVER $1,500",11/10/2017 04:05:00 PM,UNABLE TO DETERMINE,UNABLE TO DETERMINE,350,N,ORLEANS ST,1831,,,,,,,2,NO INDICATION OF INJURY,0,0,0,0,0,3,0,9,7,11,41.888741038,-87.637080541,POINT (-87.637080540588 41.888741038132)
JA498368,,11/04/2017 09:26:00 AM,15,NO CONTROLS,NO CONTROLS,RAIN,DAYLIGHT,PEDESTRIAN,DIVIDED - W/MEDIAN BARRIER,2,STRAIGHT AND LEVEL,WET,NO DEFECTS,ON SCENE,INJURY AND / OR TOW DUE TO CRASH,,,Y,$500 OR LESS,11/04/2017 09:36:00 AM,IMPROPER LANE USAGE,DISREGARDING STOP SIGN,705,E,81ST ST,631,,,,,,,2,"REPORTED, NOT EVIDENT",1,0,0,0,1,1,0,9,7,11,41.747485046,-87.607326935,POINT (-87.6073269354 41.747485045797)
JA498363,,11/04/2017 09:28:00 AM,30,NO CONTROLS,NO CONTROLS,RAIN,DAYLIGHT,TURNING,ALLEY,2,STRAIGHT AND LEVEL,WET,NO DEFECTS,ON SCENE,INJURY AND / OR TOW DUE TO CRASH,N,,,"OVER $1,500",11/04/2017 09:30:00 AM,FAILING TO YIELD RIGHT-OF-WAY,IMPROPER TURNING/NO SIGNAL,914,N,NOBLE ST,1213,,,,,,,2,NONINCAPACITATING INJURY,1,0,0,1,0,1,0,9,7,11,41.898454457,-87.662613328,POINT (-87.662613328392 41.898454457421)
JA498350,,11/04/2017 09:30:00 AM,30,NO CONTROLS,NO CONTROLS,RAIN,DAYLIGHT,FIXED OBJECT,DIVIDED - W/MEDIAN BARRIER,3,STRAIGHT AND LEVEL,WET,NO DEFECTS,NOT ON SCENE (DESK REPORT),INJURY AND / OR TOW DUE TO CRASH,,,,"OVER $1,500",11/04/2017 09:45:00 AM,NOT APPLICABLE,NOT APPLICABLE,6835,S,STONY ISLAND AVE,332,,,,,,,1,NO INDICATION OF INJURY,0,0,0,0,0,2,0,9,7,11,41.770470971,-87.585819072,POINT (-87.585819071588 41.770470971234)
JA498352,,11/04/2017 09:30:00 AM,25,NO CONTROLS,NO CONTROLS,RAIN,DAYLIGHT,PARKED MOTOR VEHICLE,NOT DIVIDED,1,STRAIGHT AND LEVEL,WET,NO DEFECTS,ON SCENE,NO INJURY / DRIVE AWAY,,,Y,"OVER $1,500",11/04/2017 09:30:00 AM,"OPERATING VEHICLE IN ERRATIC, RECKLESS, CARELESS, NEGLIGENT OR AGGRESSIVE MANNER",UNABLE TO DETERMINE,458,N,AVERS AVE,1122,,,,,,,2,NO INDICATION OF INJURY,0,0,0,0,0,1,0,9,7,11,41.889627887,-87.722394884,POINT (-87.722394884219 41.889627886907)
JA498367,,11/04/2017 09:40:00 AM,0,NO CONTROLS,NO CONTROLS,RAIN,DAYLIGHT,PEDESTRIAN,ALLEY,,STRAIGHT AND LEVEL,WET,NO DEFECTS,ON SCENE,INJURY AND / OR TOW DUE TO CRASH,,N,Y,"OVER $1,500",11/04/2017 09:44:00 AM,FAILING TO YIELD RIGHT-OF-WAY,NOT APPLICABLE,5451,S,LAFLIN ST,934,,,,,,,2,NONINCAPACITATING INJURY,1,0,0,1,0,1,0,9,7,11,41.794372527,-87.662018306,POINT (-87.662018305735 41.794372526595)
JA498571,,11/04/2017 09:40:00 AM,30,STOP SIGN/FLASHER,FUNCTIONING PROPERLY,RAIN,DAYLIGHT,ANGLE,NOT DIVIDED,2,STRAIGHT AND LEVEL,WET,NO DEFECTS,NOT ON SCENE (DESK REPORT),NO INJURY / DRIVE AWAY,Y,,,"$501 - $1,500",11/04/2017 12:48:00 PM,UNABLE TO DETERMINE,UNABLE TO DETERMINE,4454,N,DAMEN AVE,1911,,,,,,,2,NO INDICATION OF INJURY,0,0,0,0,0,2,0,9,7,11,41.9630679,-87.679169421,POINT (-87.679169420602 41.963067900093)
JA498445,,11/04/2017 09:42:00 AM,25,TRAFFIC SIGNAL,FUNCTIONING PROPERLY,RAIN,DAYLIGHT,REAR END,NOT DIVIDED,2,STRAIGHT AND LEVEL,WET,NO DEFECTS,ON SCENE,INJURY AND / OR TOW DUE TO CRASH,,,,"OVER $1,500",11/04/2017 10:35:00 AM,DISREGARDING OTHER TRAFFIC SIGNS,FAILING TO REDUCE SPEED TO AVOID CRASH,345,W,FULLERTON PKWY,1814,,,,,,,2,NONINCAPACITATING INJURY,2,0,0,2,0,1,0,9,7,11,41.925516848,-87.63822189,POINT (-87.638221889715 41.925516848013)
JA498393,,11/04/2017 09:45:00 AM,30,TRAFFIC SIGNAL,FUNCTIONING PROPERLY,RAIN,DAYLIGHT,TURNING,DIVIDED - W/MEDIAN (NOT RAISED),4,STRAIGHT AND LEVEL,WET,NO DEFECTS,NOT ON SCENE (DESK REPORT),NO INJURY / DRIVE AWAY,Y,,Y,"OVER $1,500",11/04/2017 10:20:00 AM,FAILING TO YIELD RIGHT-OF-WAY,UNABLE TO DETERMINE,4798,W,FULLERTON AVE,2521,,,,,,,2,NO INDICATION OF INJURY,0,0,0,0,0,2,0,9,7,11,41.924349916,-87.746243591,POINT (-87.746243590888 41.924349915846)
JA498375,,11/04/2017 09:45:00 AM,25,STOP SIGN/FLASHER,FUNCTIONING PROPERLY,RAIN,DAYLIGHT,PEDESTRIAN,DIVIDED - W/MEDIAN BARRIER,4,STRAIGHT AND LEVEL,WET,NO DEFECTS,ON SCENE,INJURY AND / OR TOW DUE TO CRASH,Y,,,"OVER $1,500",11/04/2017 09:50:00 AM,DISREGARDING STOP SIGN,WEATHER,500,E,SOLIDARITY DR,132,,,,,,,3,"REPORTED, NOT EVIDENT",1,0,0,0,1,2,0,9,7,11,41.866436012,-87.613998339,POINT (-87.613998339216 41.86643601238)
JA501126,,11/04/2017 09:45:00 AM,30,STOP SIGN/FLASHER,FUNCTIONING PROPERLY,RAIN,DAYLIGHT,ANGLE,NOT DIVIDED,4,STRAIGHT AND LEVEL,UNKNOWN,UNKNOWN,NOT ON SCENE (DESK REPORT),NO INJURY / DRIVE AWAY,Y,,,"$501 - $1,500",11/06/2017 01:00:00 PM,FAILING TO YIELD RIGHT-OF-WAY,FAILING TO YIELD RIGHT-OF-WAY,2000,W,SUNNYSIDE AVE,1911,,,,,,,2,NO INDICATION OF INJURY,0,0,0,0,0,2,0,9,7,11,41.963382837,-87.679111996,POINT (-87.679111996142 41.963382837096)