RD_NO,CRASH_DATE_EST_I,CRASH_DATE,POSTED_SPEED_LIMIT,TRAFFIC_CONTROL_DEVICE,DEVICE_CONDITION,WEATHER_CONDITION,LIGHTING_CONDITION,FIRST_CRASH_TYPE,TRAFFICWAY_TYPE,LANE_CNT,ALIGNMENT,ROADWAY_SURFACE_COND,ROAD_DEFECT,REPORT_TYPE,CRASH_TYPE,INTERSECTION_RELATED_I,NOT_RIGHT_OF_WAY_I,HIT_AND_RUN_I,DAMAGE,DATE_POLICE_NOTIFIED,PRIM_CONTRIBUTORY_CAUSE,SEC_CONTRIBUTORY_CAUSE,STREET_NO,STREET_DIRECTION,STREET_NAME,BEAT_OF_OCCURRENCE,PHOTOS_TAKEN_I,STATEMENTS_TAKEN_I,DOORING_I,WORK_ZONE_I,WORK_ZONE_TYPE,WORKERS_PRESENT_I,NUM_UNITS,MOST_SEVERE_INJURY,INJURIES_TOTAL,INJURIES_FATAL,INJURIES_INCAPACITATING,INJURIES_NON_INCAPACITATING,INJURIES_REPORTED_NOT_EVIDENT,INJURIES_NO_INDICATION,INJURIES_UNKNOWN,CRASH_HOUR,CRASH_DAY_OF_WEEK,CRASH_MONTH,LATITUDE,LONGITUDE,LOCATION
JA511664,,11/04/2017 10:00:00 AM,35,TRAFFIC SIGNAL,FUNCTIONING PROPERLY,RAIN,DAYLIGHT,REAR END,NOT DIVIDED,4,STRAIGHT AND LEVEL,WET,NO DEFECTS,NOT ON SCENE (DESK REPORT),NO INJURY / DRIVE AWAY,Y,,,"$501 - $1,500",11/14/2017 04:09:00 PM,FOLLOWING TOO CLOSELY,WEATHER,1098,W,SHERIDAN RD,2432,,,,,,,2,NO INDICATION OF INJURY,0,0,0,0,0,2,0,10,7,11,41.998313781,-87.659108477,POINT (-87.659108477214 41.998313780637)
JA498381,,11/04/2017 10:00:00 AM,30,TRAFFIC SIGNAL,UNKNOWN,RAIN,DAYLIGHT,PARKED MOTOR VEHICLE,NOT DIVIDED,2,STRAIGHT AND LEVEL,WET,UNKNOWN,ON SCENE,INJURY AND / OR TOW DUE TO CRASH,Y,,Y,"OVER $1,500",11/04/2017 10:05:00 AM,DRIVING SKILLS/KNOWLEDGE/EXPERIENCE,UNABLE TO DETERMINE,3400,W,DOUGLAS BLVD,1021,,,,,,,5,INCAPACITATING INJURY,2,0,1,1,0,2,0,10,7,11,41.863015682,-87.710566277,POINT (-87.710566277072 41.863015682088)
JA498416,,11/04/2017 10:00:00 AM,30,STOP SIGN/FLASHER,FUNCTIONING PROPERLY,RAIN,DAYLIGHT,TURNING,DIVIDED - W/MEDIAN (NOT RAISED),2,STRAIGHT AND LEVEL,WET,NO DEFECTS,NOT ON SCENE (DESK REPORT),NO INJURY / DRIVE AWAY,Y,,Y,"OVER $1,500",11/04/2017 10:30:00 AM,DISREGARDING STOP SIGN,DISREGARDING STOP SIGN,3018,N,MILWAUKEE AVE,2523,,,,,,,2,NO INDICATION OF INJURY,0,0,0,0,0,2,0,10,7,11,41.935988659,-87.718982313,POINT (-87.718982312677 41.935988658917)
JA498495,,11/04/2017 10:00:00 AM,20,NO CONTROLS,NO CONTROLS,RAIN,DAYLIGHT,SIDESWIPE OPPOSITE DIRECTION,NOT DIVIDED,1,STRAIGHT AND LEVEL,WET,NO DEFECTS,ON SCENE,NO INJURY / DRIVE AWAY,,,,"OVER $1,500",11/04/2017 10:15:00 AM,UNABLE TO DETERMINE,FAILING TO REDUCE SPEED TO AVOID CRASH,3300,W,ADAMS ST,1124,,,,,,,2,NO INDICATION OF INJURY,0,0,0,0,0,2,0,10,7,11,41.87846559,-87.708556162,POINT (-87.708556161845 41.878465589911)
JA498392,N,11/04/2017 10:01:00 AM,30,NO CONTROLS,NO CONTROLS,RAIN,DAYLIGHT,PEDALCYCLIST,DIVIDED - W/MEDIAN (NOT RAISED),2,STRAIGHT AND LEVEL,WET,UNKNOWN,ON SCENE,INJURY AND / OR TOW DUE TO CRASH,,,,"$501 - $1,500",11/04/2017 10:03:00 AM,WEATHER,WEATHER,4631,S,COTTAGE GROVE AVE,221,,Y,,,,,2,NONINCAPACITATING INJURY,1,0,0,1,0,1,0,10,7,11,41.810417176,-87.606437368,POINT (-87.606437368407 41.810417175906)
JA498412,,11/04/2017 10:02:00 AM,30,TRAFFIC SIGNAL,FUNCTIONING PROPERLY,RAIN,DAYLIGHT,REAR END,NOT DIVIDED,,STRAIGHT AND LEVEL,WET,NO DEFECTS,NOT ON SCENE (DESK REPORT),NO INJURY / DRIVE AWAY,Y,,Y,"OVER $1,500",11/04/2017 10:45:00 AM,FOLLOWING TOO CLOSELY,IMPROPER OVERTAKING/PASSING,1001,W,IRVING PARK RD,1923,,,,,,,2,NO INDICATION OF INJURY,0,0,0,0,0,3,0,10,7,11,41.954377437,-87.654621318,POINT (-87.654621318301 41.954377436807)
JA498444,,11/04/2017 10:15:00 AM,0,NO CONTROLS,NO CONTROLS,RAIN,DAYLIGHT,SIDESWIPE SAME DIRECTION,NOT DIVIDED,1,STRAIGHT AND LEVEL,WET,NO DEFECTS,ON SCENE,NO INJURY / DRIVE AWAY,,,,"$501 - $1,500",11/04/2017 10:20:00 AM,UNABLE TO DETERMINE,UNABLE TO DETERMINE,8318,S,KOSTNER AVE,834,,,,,,,2,NO INDICATION OF INJURY,0,0,0,0,0,2,0,10,7,11,41.741404667,-87.731510979,POINT (-87.731510979211 41.741404666854)
JA498526,Y,11/04/2017 10:15:00 AM,30,NO CONTROLS,NO CONTROLS,RAIN,DAYLIGHT,FIXED OBJECT,OTHER,1,STRAIGHT AND LEVEL,WET,NO DEFECTS,ON SCENE,NO INJURY / DRIVE AWAY,,,Y,"OVER $1,500",11/04/2017 12:00:00 PM,NOT APPLICABLE,NOT APPLICABLE,1000,W,NORTH AVE,1811,,,,,,,2,NO INDICATION OF INJURY,0,0,0,0,0,2,0,10,7,11,41.910948763,-87.653159551,POINT (-87.653159551272 41.910948762561)
JA498580,,11/04/2017 10:20:00 AM,30,TRAFFIC SIGNAL,FUNCTIONING PROPERLY,RAIN,DAYLIGHT,REAR END,DIVIDED - W/MEDIAN (NOT RAISED),4,STRAIGHT AND LEVEL,WET,NO DEFECTS,NOT ON SCENE (DESK REPORT),INJURY AND / OR TOW DUE TO CRASH,Y,,,"OVER $1,500",11/04/2017 12:20:00 PM,IMPROPER OVERTAKING/PASSING,UNABLE TO DETERMINE,500,W,ROOSEVELT RD,124,,,,,,,3,NONINCAPACITATING INJURY,1,0,0,1,0,5,0,10,7,11,41.867362693,-87.639293195,POINT (-87.639293194642 41.867362692617)
JA498555,,11/04/2017 10:20:00 AM,30,NO CONTROLS,NO CONTROLS,RAIN,DAYLIGHT,ANGLE,NOT DIVIDED,1,STRAIGHT AND LEVEL,WET,NO DEFECTS,NOT ON SCENE (DESK REPORT),NO INJURY / DRIVE AWAY,,,,"$501 - $1,500",11/04/2017 12:30:00 PM,FAILING TO YIELD RIGHT-OF-WAY,FAILING TO YIELD RIGHT-OF-WAY,151,E,WACKER DR,114,,,,,,,2,NO INDICATION OF INJURY,0,0,0,0,0,2,0,10,7,11,41.887999887,-87.622565133,POINT (-87.62256513256 41.887999887349)
JA498399,,11/04/2017 10:24:00 AM,25,NO CONTROLS,NO CONTROLS,RAIN,DAYLIGHT,SIDESWIPE SAME DIRECTION,ONE-WAY,1,STRAIGHT ON GRADE,WET,NO DEFECTS,ON SCENE,INJURY AND / OR TOW DUE TO CRASH,,,,"OVER $1,500",11/04/2017 10:24:00 AM,FAILING TO YIELD RIGHT-OF-WAY,UNABLE TO DETERMINE,5836,W,64TH PL,812,,,,,,,2,NO INDICATION OF INJURY,0,0,0,0,0,2,0,10,7,11,41.775314305,-87.767991603,POINT (-87.767991602592 41.775314304925)
JA498474,,11/04/2017 10:30:00 AM,20,NO CONTROLS,NO CONTROLS,RAIN,DAYLIGHT,FIXED OBJECT,PARKING LOT,1,STRAIGHT AND LEVEL,WET,UNKNOWN,NOT ON SCENE (DESK REPORT),INJURY AND / OR TOW DUE TO CRASH,,,N,"$501 - $1,500",11/04/2017 11:35:00 AM,UNABLE TO DETERMINE,UNABLE TO DETERMINE,7050,S,PULASKI RD,833,,,,,,,1,NO INDICATION OF INJURY,0,0,0,0,0,1,0,10,7,11,41.76437292,-87.72251906,POINT (-87.72251905987 41.764372920118)
JA489472,,11/04/2017 10:30:00 AM,30,NO CONTROLS,NO CONTROLS,RAIN,DAYLIGHT,SIDESWIPE SAME DIRECTION,DIVIDED - W/MEDIAN BARRIER,4,STRAIGHT AND LEVEL,WET,NO DEFECTS,NOT ON SCENE (DESK REPORT),NO INJURY / DRIVE AWAY,N,,,"$501 - $1,500",11/04/2017 11:15:00 AM,NOT APPLICABLE,NOT APPLICABLE,5518,S,CICERO AVE,813,,,,,,,2,NO INDICATION OF INJURY,0,0,0,0,0,4,0,10,7,11,41.792474018,-87.741845709,POINT (-87.741845708948 41.792474017912)
JA498443,,11/04/2017 10:30:00 AM,30,NO CONTROLS,NO CONTROLS,RAIN,DAYLIGHT,TURNING,ONE-WAY,,STRAIGHT AND LEVEL,WET,NO DEFECTS,NOT ON SCENE (DESK REPORT),NO INJURY / DRIVE AWAY,Y,,,"OVER $1,500",11/04/2017 11:18:00 AM,IMPROPER TURNING/NO SIGNAL,IMPROPER OVERTAKING/PASSING,133,E,GRAND AVE,1834,,,,,,,2,NO INDICATION OF INJURY,0,0,0,0,0,3,0,10,7,11,41.891621161,-87.624253929,POINT (-87.624253929022 41.891621161011)
JA501389,,11/04/2017 10:30:00 AM,30,TRAFFIC SIGNAL,FUNCTIONING PROPERLY,RAIN,DAYLIGHT,OTHER NONCOLLISION,DIVIDED - W/MEDIAN (NOT RAISED),,STRAIGHT AND LEVEL,WET,UNKNOWN,NOT ON SCENE (DESK REPORT),NO INJURY / DRIVE AWAY,,,,"OVER $1,500",11/06/2017 04:04:00 PM,NOT APPLICABLE,NOT APPLICABLE,455,N,COLUMBUS DR,1834,,,,,,,1,NO INDICATION OF INJURY,0,0,0,0,0,1,0,10,7,11,41.890215195,-87.620150882,POINT (-87.620150881862 41.890215195113)
JA498487,,11/04/2017 10:30:00 AM,30,TRAFFIC SIGNAL,FUNCTIONING PROPERLY,RAIN,DAYLIGHT,REAR END,NOT DIVIDED,2,STRAIGHT AND LEVEL,WET,NO DEFECTS,NOT ON SCENE (DESK REPORT),NO INJURY / DRIVE AWAY,,,,"OVER $1,500",11/04/2017 11:40:00 AM,FOLLOWING TOO CLOSELY,NOT APPLICABLE,6163,N,NAGLE AVE,1611,,,,,,,2,NO INDICATION OF INJURY,0,0,0,0,0,2,0,10,7,11,41.993257695,-87.78739392,POINT (-87.787393920248 41.993257694682)
JA498425,,11/04/2017 10:30:00 AM,30,TRAFFIC SIGNAL,UNKNOWN,RAIN,DAYLIGHT,SIDESWIPE SAME DIRECTION,DIVIDED - W/MEDIAN (NOT RAISED),,STRAIGHT AND LEVEL,WET,NO DEFECTS,NOT ON SCENE (DESK REPORT),NO INJURY / DRIVE AWAY,,,Y,"OVER $1,500",11/04/2017 10:50:00 AM,WEATHER,UNABLE TO DETERMINE,2931,W,PETERSON AVE,2011,,,,,,,2,NO INDICATION OF INJURY,0,0,0,0,0,2,0,10,7,11,41.990313529,-87.702977988,POINT (-87.702977987652 41.990313528649)
JA498636,,11/04/2017 10:30:00 AM,30,NO CONTROLS,NO CONTROLS,RAIN,DAYLIGHT,REAR END,DIVIDED - W/MEDIAN (NOT RAISED),2,STRAIGHT AND LEVEL,WET,NO DEFECTS,NOT ON SCENE (DESK REPORT),NO INJURY / DRIVE AWAY,,,,"OVER $1,500",11/04/2017 01:15:00 PM,FOLLOWING TOO CLOSELY,FAILING TO REDUCE SPEED TO AVOID CRASH,5201,W,LAWRENCE AVE,1623,,,,,,,2,NO INDICATION OF INJURY,0,0,0,0,0,3,0,10,7,11,41.967790796,-87.757777114,POINT (-87.757777113666 41.967790795849)
JA498428,,11/04/2017 10:40:00 AM,30,STOP SIGN/FLASHER,FUNCTIONING PROPERLY,RAIN,DAYLIGHT,TURNING,NOT DIVIDED,,STRAIGHT AND LEVEL,WET,SHOULDER DEFECT,ON SCENE,INJURY AND / OR TOW DUE TO CRASH,Y,,,"OVER $1,500",11/04/2017 10:40:00 AM,IMPROPER TURNING/NO SIGNAL,FOLLOWING TOO CLOSELY,6800,N,CLARK ST,2424,,,,,,,2,INCAPACITATING INJURY,1,0,1,0,0,1,0,10,7,11,42.005366573,-87.673262006,POINT (-87.67326200571 42.005366572754)
JA498442,,11/04/2017 10:40:00 AM,30,NO CONTROLS,NO CONTROLS,RAIN,DAYLIGHT,TURNING,DIVIDED - W/MEDIAN BARRIER,2,STRAIGHT AND LEVEL,WET,NO DEFECTS,ON SCENE,INJURY AND / OR TOW DUE TO CRASH,,,,"OVER $1,500",11/04/2017 10:50:00 AM,IMPROPER TURNING/NO SIGNAL,NOT APPLICABLE,8345,S,ASHLAND AVE,614,,,,,,,2,"REPORTED, NOT EVIDENT",1,0,0,0,1,2,0,10,7,11,41.741741651,-87.663073329,POINT (-87.663073329251 41.741741651402)
JA498418,,11/04/2017 10:40:00 AM,30,STOP SIGN/FLASHER,OTHER,RAIN,DAYLIGHT,ANGLE,OTHER,,STRAIGHT AND LEVEL,WET,NO DEFECTS,ON SCENE,INJURY AND / OR TOW DUE TO CRASH,Y,,,"OVER $1,500",11/04/2017 10:41:00 AM,DISREGARDING STOP SIGN,FAILING TO YIELD RIGHT-OF-WAY,1900,N,CALIFORNIA AVE,1421,,,,,,,2,NO INDICATION OF INJURY,0,0,0,0,0,3,0,10,7,11,41.915761023,-87.697295811,POINT (-87.697295810855 41.915761023246)
JA498589,Y,11/04/2017 10:45:00 AM,30,NO CONTROLS,NO CONTROLS,UNKNOWN,UNKNOWN,PARKED MOTOR VEHICLE,DIVIDED - W/MEDIAN (NOT RAISED),,STRAIGHT AND LEVEL,UNKNOWN,NO DEFECTS,ON SCENE,NO INJURY / DRIVE AWAY,,,Y,"OVER $1,500",11/04/2017 01:00:00 PM,UNABLE TO DETERMINE,NOT APPLICABLE,2449,N,RACINE AVE,1932,,,,,,,3,NO INDICATION OF INJURY,0,0,0,0,0,1,0,10,7,11,41.926749766,-87.658356594,POINT (-87.658356594058 41.926749766094)
JA498458,,11/04/2017 10:45:00 AM,30,STOP SIGN/FLASHER,FUNCTIONING PROPERLY,RAIN,DAYLIGHT,SIDESWIPE OPPOSITE DIRECTION,ONE-WAY,1,STRAIGHT AND LEVEL,WET,NO DEFECTS,NOT ON SCENE (DESK REPORT),NO INJURY / DRIVE AWAY,,,,"$501 - $1,500",11/04/2017 11:05:00 AM,"VISION OBSCURED (SIGNS, TREE LIMBS, BUILDINGS, ETC.)",WEATHER,297,S,KILDARE AVE,1115,,,,,,,2,NO INDICATION OF INJURY,0,0,0,0,0,2,0,10,7,11,41.87704472,-87.732754269,POINT (-87.732754268806 41.877044719527)
JA500107,,11/04/2017 10:49:00 AM,0,NO CONTROLS,NO CONTROLS,CLEAR,DARKNESS,PARKED MOTOR VEHICLE,PARKING LOT,0,STRAIGHT AND LEVEL,DRY,NO DEFECTS,NOT ON SCENE (DESK REPORT),NO INJURY / DRIVE AWAY,,Y,,"OVER $1,500",11/05/2017 04:25:00 PM,FAILING TO REDUCE SPEED TO AVOID CRASH,DRIVING SKILLS/KNOWLEDGE/EXPERIENCE,4400,S,PULASKI RD,815,,,,,,,2,NO INDICATION OF INJURY,0,0,0,0,0,1,0,10,7,11,41.813271598,-87.723935214,POINT (-87.723935214329 41.813271598175)
JA498456,,11/04/2017 10:52:00 AM,30,TRAFFIC SIGNAL,FUNCTIONING PROPERLY,RAIN,DAYLIGHT,REAR END,DIVIDED - W/MEDIAN BARRIER,8,STRAIGHT AND LEVEL,WET,NO DEFECTS,ON SCENE,NO INJURY / DRIVE AWAY,Y,,Y,"OVER $1,500",11/04/2017 10:53:00 AM,UNABLE TO DETERMINE,NOT APPLICABLE,9503,S,STONY ISLAND AVE,431,,,,,,,2,NO INDICATION OF INJURY,0,0,0,0,0,2,0,10,7,11,41.72217898,-87.584961822,POINT (-87.584961821575 41.722178979621)
JA498441,,11/04/2017 10:58:00 AM,30,TRAFFIC SIGNAL,FUNCTIONING PROPERLY,RAIN,DAYLIGHT,REAR END,DIVIDED - W/MEDIAN (NOT RAISED),,STRAIGHT AND LEVEL,WET,NO DEFECTS,ON SCENE,INJURY AND / OR TOW DUE TO CRASH,Y,,,$500 OR LESS,11/04/2017 10:59:00 AM,FAILING TO REDUCE SPEED TO AVOID CRASH,WEATHER,5831,W,IRVING PARK RD,1633,,,,,,,3,"REPORTED, NOT EVIDENT",1,0,0,0,1,4,0,10,7,11,41.952991878,-87.773170345,POINT (-87.773170345231 41.952991877587)
JA498479,,11/04/2017 11:00:00 AM,30,NO CONTROLS,NO CONTROLS,RAIN,DAYLIGHT,TURNING,DIVIDED - W/MEDIAN (NOT RAISED),2,STRAIGHT AND LEVEL,WET,NO DEFECTS,ON SCENE,NO INJURY / DRIVE AWAY,Y,,,$500 OR LESS,11/04/2017 11:06:00 AM,FAILING TO REDUCE SPEED TO AVOID CRASH,EXCEEDING SAFE SPEED FOR CONDITIONS,3235,W,51ST ST,822,,,,,,,2,NO INDICATION OF INJURY,0,0,0,0,0,2,0,11,7,11,41.800692627,-87.705131125,POINT (-87.705131125388 41.800692626629)
JA498462,,11/04/2017 11:00:00 AM,30,TRAFFIC SIGNAL,FUNCTIONING PROPERLY,RAIN,DAYLIGHT,TURNING,CENTER TURN LANE,,STRAIGHT AND LEVEL,WET,NO DEFECTS,ON SCENE,NO INJURY / DRIVE AWAY,Y,,,"OVER $1,500",11/04/2017 11:08:00 AM,IMPROPER LANE USAGE,NOT APPLICABLE,3200,W,47TH ST,821,,,,,,,2,NO INDICATION OF INJURY,0,0,0,0,0,2,0,11,7,11,41.808226246,-87.704031672,POINT (-87.70403167216 41.808226246244)
JA498791,,11/04/2017 11:00:00 AM,30,NO CONTROLS,NO CONTROLS,RAIN,DAYLIGHT,ANGLE,ALLEY,1,STRAIGHT AND LEVEL,WET,UNKNOWN,NOT ON SCENE (DESK REPORT),NO INJURY / DRIVE AWAY,,,Y,"$501 - $1,500",11/04/2017 03:15:00 PM,UNABLE TO DETERMINE,UNABLE TO DETERMINE,7548,S,EMERALD AVE,621,,,,,,,2,NO INDICATION OF INJURY,0,0,0,0,0,2,0,11,7,11,41.756456575,-87.643114349,POINT (-87.643114348751 41.756456574951)
JA498440,,11/04/2017 11:02:00 AM,30,NO CONTROLS,NO CONTROLS,CLEAR,DAYLIGHT,SIDESWIPE SAME DIRECTION,NOT DIVIDED,,STRAIGHT AND LEVEL,WET,NO DEFECTS,ON SCENE,INJURY AND / OR TOW DUE TO CRASH,,,,"OVER $1,500",11/04/2017 11:23:00 AM,IMPROPER OVERTAKING/PASSING,UNABLE TO DETERMINE,8125,S,HALSTED ST,622,,,,,,,3,NONINCAPACITATING INJURY,2,0,0,2,0,0,0,11,7,11,41.746236272,-87.643766038,POINT (-87.643766037833 41.74623627172)
JA498447,,11/04/2017 11:05:00 AM,30,TRAFFIC SIGNAL,FUNCTIONING PROPERLY,RAIN,DAYLIGHT,PEDESTRIAN,DIVIDED - W/MEDIAN (NOT RAISED),,STRAIGHT AND LEVEL,WET,NO DEFECTS,ON SCENE,INJURY AND / OR TOW DUE TO CRASH,Y,,,"OVER $1,500",11/04/2017 11:05:00 AM,DISREGARDING YIELD SIGN,NOT APPLICABLE,4309,W,ADDISON ST,1731,,,,,,,2,INCAPACITATING INJURY,1,0,1,0,0,1,0,11,7,11,41.946157576,-87.735644687,POINT (-87.735644687312 41.946157575612)
JA498468,,11/04/2017 11:05:00 AM,30,NO CONTROLS,NO CONTROLS,RAIN,DAYLIGHT,REAR END,DIVIDED - W/MEDIAN (NOT RAISED),2,STRAIGHT AND LEVEL,WET,NO DEFECTS,ON SCENE,INJURY AND / OR TOW DUE TO CRASH,,,,"OVER $1,500",11/04/2017 11:10:00 AM,FAILING TO REDUCE SPEED TO AVOID CRASH,UNABLE TO DETERMINE,423,W,MARQUETTE RD,722,,,,,,,3,NONINCAPACITATING INJURY,1,0,0,1,0,3,0,11,7,11,41.772509375,-87.635798299,POINT (-87.635798298865 41.772509374626)
JA498464,,11/04/2017 11:10:00 AM,30,NO CONTROLS,NO CONTROLS,CLEAR,DAYLIGHT,TURNING,NOT DIVIDED,4,STRAIGHT AND LEVEL,WET,NO DEFECTS,NOT ON SCENE (DESK REPORT),NO INJURY / DRIVE AWAY,,,,"OVER $1,500",11/04/2017 11:34:00 AM,IMPROPER TURNING/NO SIGNAL,UNABLE TO DETERMINE,21,N,STATE ST,112,,,,,,,2,NO INDICATION OF INJURY,0,0,0,0,0,2,0,11,7,11,41.88254365,-87.62770368,POINT (-87.627703679621 41.882543649986)
JA498704,,11/04/2017 11:13:00 AM,30,TRAFFIC SIGNAL,FUNCTIONING PROPERLY,RAIN,DAYLIGHT,SIDESWIPE SAME DIRECTION,NOT DIVIDED,,STRAIGHT AND LEVEL,WET,NO DEFECTS,NOT ON SCENE (DESK REPORT),NO INJURY / DRIVE AWAY,Y,,Y,"OVER $1,500",11/04/2017 02:20:00 PM,IMPROPER OVERTAKING/PASSING,NOT APPLICABLE,1901,N,ELSTON AVE,1433,,,,,,,2,NO INDICATION OF INJURY,0,0,0,0,0,2,0,11,7,11,41.916547274,-87.666311679,POINT (-87.666311678945 41.916547274199)
JA498489,,11/04/2017 11:15:00 AM,30,STOP SIGN/FLASHER,FUNCTIONING PROPERLY,RAIN,DAYLIGHT,TURNING,NOT DIVIDED,2,STRAIGHT AND LEVEL,WET,NO DEFECTS,ON SCENE,INJURY AND / OR TOW DUE TO CRASH,Y,,,"OVER $1,500",11/04/2017 11:28:00 AM,FAILING TO YIELD RIGHT-OF-WAY,FAILING TO YIELD RIGHT-OF-WAY,1000,N,PARKSIDE AVE,1511,,,,,,,2,"REPORTED, NOT EVIDENT",2,0,0,0,2,1,0,11,7,11,41.898568175,-87.766886304,POINT (-87.766886303588 41.898568175062)
JA498471,,11/04/2017 11:15:00 AM,30,NO CONTROLS,NO CONTROLS,RAIN,DAYLIGHT,PARKED MOTOR VEHICLE,DIVIDED - W/MEDIAN (NOT RAISED),,STRAIGHT AND LEVEL,WET,NO DEFECTS,NOT ON SCENE (DESK REPORT),NO INJURY / DRIVE AWAY,,,,"OVER $1,500",11/04/2017 11:30:00 AM,WEATHER,NOT APPLICABLE,1723,W,DEVON AVE,2433,,,,,,,2,NO INDICATION OF INJURY,0,0,0,0,0,1,0,11,7,11,41.997923643,-87.672914984,POINT (-87.672914984215 41.997923642893)
JA498578,,11/04/2017 11:15:00 AM,30,NO CONTROLS,NO CONTROLS,RAIN,DAYLIGHT,PARKED MOTOR VEHICLE,ONE-WAY,1,STRAIGHT AND LEVEL,WET,NO DEFECTS,NOT ON SCENE (DESK REPORT),NO INJURY / DRIVE AWAY,,,Y,"OVER $1,500",11/04/2017 11:15:00 AM,IMPROPER LANE USAGE,DRIVING SKILLS/KNOWLEDGE/EXPERIENCE,227,N,KOSTNER AVE,1114,,,,,,,2,NO INDICATION OF INJURY,0,0,0,0,0,1,0,11,7,11,41.884222627,-87.735443387,POINT (-87.735443387328 41.884222626724)
JA498631,,11/04/2017 11:20:00 AM,30,NO CONTROLS,NO CONTROLS,RAIN,DAYLIGHT,ANGLE,ONE-WAY,,STRAIGHT AND LEVEL,WET,NO DEFECTS,NOT ON SCENE (DESK REPORT),NO INJURY / DRIVE AWAY,Y,,,"OVER $1,500",11/04/2017 01:32:00 PM,IMPROPER LANE USAGE,IMPROPER LANE USAGE,2728,W,61ST ST,825,,,,,,,2,NO INDICATION OF INJURY,0,0,0,0,0,2,0,11,7,11,41.782889751,-87.692219242,POINT (-87.692219241782 41.782889750649)
JA498499,,11/04/2017 11:23:00 AM,30,NO CONTROLS,NO CONTROLS,RAIN,DAYLIGHT,SIDESWIPE SAME DIRECTION,NOT DIVIDED,2,STRAIGHT AND LEVEL,WET,NO DEFECTS,ON SCENE,NO INJURY / DRIVE AWAY,,,,"OVER $1,500",11/04/2017 11:33:00 AM,IMPROPER OVERTAKING/PASSING,UNABLE TO DETERMINE,3729,W,LAWRENCE AVE,1723,,,,,,,2,NO INDICATION OF INJURY,0,0,0,0,0,3,0,11,7,11,41.968198001,-87.721977035,POINT (-87.721977034541 41.968198001312)
JA498493,,11/04/2017 11:25:00 AM,0,STOP SIGN/FLASHER,FUNCTIONING PROPERLY,RAIN,DAYLIGHT,ANGLE,ONE-WAY,,STRAIGHT AND LEVEL,WET,NO DEFECTS,ON SCENE,INJURY AND / OR TOW DUE TO CRASH,Y,,,"OVER $1,500",11/04/2017 11:32:00 AM,NOT APPLICABLE,NOT APPLICABLE,1158,W,SCHOOL ST,1924,,,,,,,2,NO INDICATION OF INJURY,0,0,0,0,0,4,0,11,7,11,41.941771818,-87.658966802,POINT (-87.658966802497 41.941771817927)
JA498518,,11/04/2017 11:25:00 AM,30,NO CONTROLS,NO CONTROLS,RAIN,DAYLIGHT,SIDESWIPE SAME DIRECTION,NOT DIVIDED,4,STRAIGHT AND LEVEL,WET,NO DEFECTS,NOT ON SCENE (DESK REPORT),NO INJURY / DRIVE AWAY,,,,"OVER $1,500",11/04/2017 12:07:00 PM,FAILING TO YIELD RIGHT-OF-WAY,IMPROPER LANE USAGE,200,S,STATE ST,113,,,,,,,2,NO INDICATION OF INJURY,0,0,0,0,0,2,0,11,7,11,41.879427045,-87.627856486,POINT (-87.627856485786 41.879427045001)
JA498670,,11/04/2017 11:30:00 AM,25,TRAFFIC SIGNAL,FUNCTIONING PROPERLY,CLEAR,DAYLIGHT,ANGLE,DIVIDED - W/MEDIAN (NOT RAISED),4,STRAIGHT AND LEVEL,DRY,NO DEFECTS,NOT ON SCENE (DESK REPORT),NO INJURY / DRIVE AWAY,,,,"$501 - $1,500",11/04/2017 01:48:00 PM,UNABLE TO DETERMINE,UNABLE TO DETERMINE,4500,S,WESTERN AVE,922,,,,,,,2,NO INDICATION OF INJURY,0,0,0,0,0,2,0,11,7,11,41.812017027,-87.684676915,POINT (-87.684676914642 41.812017027229)
JA498514,,11/04/2017 11:30:00 AM,30,OTHER,OTHER,RAIN,DAYLIGHT,ANGLE,DIVIDED - W/MEDIAN BARRIER,,STRAIGHT AND LEVEL,WET,OTHER,ON SCENE,INJURY AND / OR TOW DUE TO CRASH,,,,"OVER $1,500",11/04/2017 12:00:00 PM,FAILING TO YIELD RIGHT-OF-WAY,FAILING TO REDUCE SPEED TO AVOID CRASH,5408,N,MILWAUKEE AVE,1622,,,,,,,2,NO INDICATION OF INJURY,0,0,0,0,0,2,0,11,7,11,41.97959091,-87.771498189,POINT (-87.771498188772 41.979590909922)
JA498784,,11/04/2017 11:30:00 AM,25,NO CONTROLS,NO CONTROLS,RAIN,DAYLIGHT,ANGLE,DIVIDED - W/MEDIAN (NOT RAISED),2,STRAIGHT AND LEVEL,WET,NO DEFECTS,NOT ON SCENE (DESK REPORT),NO INJURY / DRIVE AWAY,,,,"$501 - $1,500",11/04/2017 03:17:00 PM,UNABLE TO DETERMINE,UNABLE TO DETERMINE,5930,S,NAGLE AVE,811,,,,,,,2,NO INDICATION OF INJURY,0,0,0,0,0,2,0,11,7,11,41.78407493,-87.782872532,POINT (-87.782872531757 41.784074929629)
JA498502,,11/04/2017 11:35:00 AM,30,NO CONTROLS,NO CONTROLS,RAIN,DAYLIGHT,SIDESWIPE SAME DIRECTION,ONE-WAY,,STRAIGHT AND LEVEL,WET,NO DEFECTS,ON SCENE,NO INJURY / DRIVE AWAY,,,Y,$500 OR LESS,11/04/2017 11:40:00 AM,FOLLOWING TOO CLOSELY,NOT APPLICABLE,50,E,GRAND AVE,1834,,,,,,,2,NO INDICATION OF INJURY,0,0,0,0,0,2,0,11,7,11,41.891805483,-87.626089378,POINT (-87.626089378443 41.891805483488)