RD_NO,CRASH_DATE_EST_I,CRASH_DATE,POSTED_SPEED_LIMIT,TRAFFIC_CONTROL_DEVICE,DEVICE_CONDITION,WEATHER_CONDITION,LIGHTING_CONDITION,FIRST_CRASH_TYPE,TRAFFICWAY_TYPE,LANE_CNT,ALIGNMENT,ROADWAY_SURFACE_COND,ROAD_DEFECT,REPORT_TYPE,CRASH_TYPE,INTERSECTION_RELATED_I,NOT_RIGHT_OF_WAY_I,HIT_AND_RUN_I,DAMAGE,DATE_POLICE_NOTIFIED,PRIM_CONTRIBUTORY_CAUSE,SEC_CONTRIBUTORY_CAUSE,STREET_NO,STREET_DIRECTION,STREET_NAME,BEAT_OF_OCCURRENCE,PHOTOS_TAKEN_I,STATEMENTS_TAKEN_I,DOORING_I,WORK_ZONE_I,WORK_ZONE_TYPE,WORKERS_PRESENT_I,NUM_UNITS,MOST_SEVERE_INJURY,INJURIES_TOTAL,INJURIES_FATAL,INJURIES_INCAPACITATING,INJURIES_NON_INCAPACITATING,INJURIES_REPORTED_NOT_EVIDENT,INJURIES_NO_INDICATION,INJURIES_UNKNOWN,CRASH_HOUR,CRASH_DAY_OF_WEEK,CRASH_MONTH,LATITUDE,LONGITUDE,LOCATION
JA498528,,11/04/2017 11:42:00 AM,30,STOP SIGN/FLASHER,FUNCTIONING PROPERLY,RAIN,DAYLIGHT,REAR END,NOT DIVIDED,2,STRAIGHT AND LEVEL,WET,NO DEFECTS,ON SCENE,INJURY AND / OR TOW DUE TO CRASH,Y,,,"OVER $1,500",11/04/2017 11:57:00 AM,FOLLOWING TOO CLOSELY,FAILING TO REDUCE SPEED TO AVOID CRASH,1258,W,98TH ST,2213,,,,,,,2,"REPORTED, NOT EVIDENT",1,0,0,0,1,1,0,11,7,11,41.715940974,-87.655114745,POINT (-87.655114745253 41.715940973788)
JA498646,,11/04/2017 11:45:00 AM,25,NO CONTROLS,NO CONTROLS,RAIN,DAYLIGHT,REAR END,DIVIDED - W/MEDIAN (NOT RAISED),4,STRAIGHT AND LEVEL,WET,NO DEFECTS,NOT ON SCENE (DESK REPORT),NO INJURY / DRIVE AWAY,,,,"OVER $1,500",11/04/2017 01:30:00 PM,FOLLOWING TOO CLOSELY,NOT APPLICABLE,2450,W,55TH ST,923,,,,,,,2,NO INDICATION OF INJURY,0,0,0,0,0,2,0,11,7,11,41.793943863,-87.686048967,POINT (-87.686048966727 41.793943863361)
JA498756,,11/04/2017 11:45:00 AM,0,NO CONTROLS,NO CONTROLS,RAIN,DAYLIGHT,PARKED MOTOR VEHICLE,PARKING LOT,0,STRAIGHT AND LEVEL,WET,NO DEFECTS,ON SCENE,NO INJURY / DRIVE AWAY,,Y,Y,"OVER $1,500",11/04/2017 02:41:00 PM,IMPROPER BACKING,UNABLE TO DETERMINE,11213,S,VINCENNES AVE,2234,,,,,,,2,NO INDICATION OF INJURY,0,0,0,0,0,1,0,11,7,11,41.689610552,-87.66476887,POINT (-87.66476886982 41.689610551618)
JA498630,,11/04/2017 11:48:00 AM,30,TRAFFIC SIGNAL,FUNCTIONING PROPERLY,RAIN,DAYLIGHT,REAR END,NOT DIVIDED,,STRAIGHT AND LEVEL,WET,NO DEFECTS,NOT ON SCENE (DESK REPORT),NO INJURY / DRIVE AWAY,,,,"OVER $1,500",11/04/2017 01:30:00 PM,FOLLOWING TOO CLOSELY,NOT APPLICABLE,1615,S,CLARK ST,131,,,,,,,2,NO INDICATION OF INJURY,0,0,0,0,0,2,0,11,7,11,41.859629677,-87.630124899,POINT (-87.630124899277 41.859629677313)
JA498566,,11/04/2017 11:50:00 AM,30,NO CONTROLS,NO CONTROLS,RAIN,DAYLIGHT,ANGLE,ONE-WAY,1,STRAIGHT AND LEVEL,WET,NO DEFECTS,NOT ON SCENE (DESK REPORT),NO INJURY / DRIVE AWAY,,,,"OVER $1,500",11/04/2017 12:45:00 PM,FAILING TO YIELD RIGHT-OF-WAY,NOT APPLICABLE,2532,W,BERWYN AVE,2011,,,,,,,2,NO INDICATION OF INJURY,0,0,0,0,0,2,0,11,7,11,41.977788015,-87.693877083,POINT (-87.693877083265 41.977788015156)
JA498577,,11/04/2017 11:50:00 AM,30,TRAFFIC SIGNAL,FUNCTIONING PROPERLY,RAIN,DAYLIGHT,REAR END,NOT DIVIDED,2,STRAIGHT AND LEVEL,WET,NO DEFECTS,NOT ON SCENE (DESK REPORT),NO INJURY / DRIVE AWAY,,,,"OVER $1,500",11/04/2017 12:38:00 PM,FOLLOWING TOO CLOSELY,EXCEEDING AUTHORIZED SPEED LIMIT,850,N,DAMEN AVE,1212,,,,,,,2,NO INDICATION OF INJURY,0,0,0,0,0,3,0,11,7,11,41.897434213,-87.677242656,POINT (-87.677242656243 41.897434213461)
JA498511,,11/04/2017 12:00:00 PM,10,NO CONTROLS,NO CONTROLS,RAIN,DAYLIGHT,ANGLE,PARKING LOT,0,STRAIGHT AND LEVEL,WET,NO DEFECTS,ON SCENE,NO INJURY / DRIVE AWAY,,,,"$501 - $1,500",11/04/2017 12:10:00 PM,"OPERATING VEHICLE IN ERRATIC, RECKLESS, CARELESS, NEGLIGENT OR AGGRESSIVE MANNER",DRIVING SKILLS/KNOWLEDGE/EXPERIENCE,4210,N,KEDZIE AVE,1724,,,,,,,2,NO INDICATION OF INJURY,0,0,0,0,0,2,0,12,7,11,41.957922716,-87.708288436,POINT (-87.708288435779 41.957922716403)
JA498565,,11/04/2017 12:00:00 PM,0,NO CONTROLS,NO CONTROLS,CLOUDY/OVERCAST,DAYLIGHT,SIDESWIPE OPPOSITE DIRECTION,ALLEY,,STRAIGHT AND LEVEL,WET,UNKNOWN,NOT ON SCENE (DESK REPORT),NO INJURY / DRIVE AWAY,,,,"OVER $1,500",11/04/2017 12:15:00 PM,UNABLE TO DETERMINE,UNABLE TO DETERMINE,11400,S,PRAIRIE AVE,531,,,,,,,2,NO INDICATION OF INJURY,0,0,0,0,0,4,0,12,7,11,41.687078565,-87.617002839,POINT (-87.617002838522 41.687078565107)
JA498557,,11/04/2017 12:00:00 PM,25,NO CONTROLS,NO CONTROLS,CLOUDY/OVERCAST,DAYLIGHT,REAR END,ONE-WAY,1,STRAIGHT AND LEVEL,WET,NO DEFECTS,NOT ON SCENE (DESK REPORT),NO INJURY / DRIVE AWAY,,,,"OVER $1,500",11/04/2017 12:33:00 PM,IMPROPER BACKING,NOT APPLICABLE,3727,N,OSCEOLA AVE,1631,,,,,,,2,NO INDICATION OF INJURY,0,0,0,0,0,3,0,12,7,11,41.947453237,-87.813055845,POINT (-87.813055845112 41.94745323674)
JA498831,,11/04/2017 12:00:00 PM,30,NO CONTROLS,NO CONTROLS,RAIN,DAYLIGHT,PARKED MOTOR VEHICLE,NOT DIVIDED,2,STRAIGHT AND LEVEL,WET,NO DEFECTS,NOT ON SCENE (DESK REPORT),NO INJURY / DRIVE AWAY,,,Y,"$501 - $1,500",11/04/2017 04:00:00 PM,UNABLE TO DETERMINE,UNABLE TO DETERMINE,1600,W,LAKE ST,1215,,,,,,,2,NO INDICATION OF INJURY,0,0,0,0,0,1,0,12,7,11,41.885434986,-87.667088055,POINT (-87.667088055261 41.885434986143)
JA500973,,11/04/2017 12:00:00 PM,30,NO CONTROLS,NO CONTROLS,RAIN,DAYLIGHT,PARKED MOTOR VEHICLE,DIVIDED - W/MEDIAN (NOT RAISED),2,STRAIGHT AND LEVEL,DRY,NO DEFECTS,NOT ON SCENE (DESK REPORT),NO INJURY / DRIVE AWAY,,,Y,$500 OR LESS,11/06/2017 11:37:00 AM,UNABLE TO DETERMINE,UNABLE TO DETERMINE,845,W,MONROE ST,1232,,,,,,,2,NO INDICATION OF INJURY,0,0,0,0,0,1,0,12,7,11,41.880349961,-87.64911194,POINT (-87.649111939878 41.880349961257)
JA500893,,11/04/2017 12:00:00 PM,25,NO CONTROLS,NO CONTROLS,CLEAR,DAYLIGHT,PARKED MOTOR VEHICLE,NOT DIVIDED,,STRAIGHT AND LEVEL,DRY,NO DEFECTS,NOT ON SCENE (DESK REPORT),NO INJURY / DRIVE AWAY,,,,"OVER $1,500",11/06/2017 10:35:00 AM,UNABLE TO DETERMINE,UNABLE TO DETERMINE,4430,W,FULTON ST,1113,,,,,,,2,NO INDICATION OF INJURY,0,0,0,0,0,1,0,12,7,11,41.885469889,-87.736895551,POINT (-87.736895551283 41.88546988877)
JA498521,,11/04/2017 12:00:00 PM,20,NO CONTROLS,NO CONTROLS,RAIN,DAYLIGHT,ANGLE,ONE-WAY,1,STRAIGHT AND LEVEL,WET,UNKNOWN,ON SCENE,NO INJURY / DRIVE AWAY,,,,"$501 - $1,500",11/04/2017 12:10:00 PM,UNABLE TO DETERMINE,UNABLE TO DETERMINE,4102,S,ALBANY AVE,921,,,,,,,2,NO INDICATION OF INJURY,0,0,0,0,0,2,0,12,7,11,41.818922018,-87.702075864,POINT (-87.702075864216 41.818922017658)
JA498547,,11/04/2017 12:00:00 PM,30,NO CONTROLS,NO CONTROLS,RAIN,DAYLIGHT,ANGLE,NOT DIVIDED,,STRAIGHT AND LEVEL,WET,NO DEFECTS,ON SCENE,NO INJURY / DRIVE AWAY,,,,"$501 - $1,500",11/04/2017 12:06:00 PM,IMPROPER BACKING,NOT APPLICABLE,1615,W,46TH ST,924,,,,,,,2,NO INDICATION OF INJURY,0,0,0,0,0,3,0,12,7,11,41.810302496,-87.665719307,POINT (-87.665719307093 41.810302495738)
JA498543,,11/04/2017 12:10:00 PM,30,TRAFFIC SIGNAL,FUNCTIONING IMPROPERLY,CLEAR,DAYLIGHT,ANGLE,NOT DIVIDED,,STRAIGHT AND LEVEL,WET,NO DEFECTS,ON SCENE,INJURY AND / OR TOW DUE TO CRASH,Y,,,"OVER $1,500",11/04/2017 12:11:00 PM,DISREGARDING TRAFFIC SIGNALS,DRIVING SKILLS/KNOWLEDGE/EXPERIENCE,732,W,31ST ST,914,,,,,,,2,NO INDICATION OF INJURY,0,0,0,0,0,2,0,12,7,11,41.83816898,-87.645128213,POINT (-87.645128213284 41.83816898039)
JA498618,,11/04/2017 12:10:00 PM,30,TRAFFIC SIGNAL,FUNCTIONING PROPERLY,RAIN,DAYLIGHT,ANGLE,NOT DIVIDED,,STRAIGHT AND LEVEL,DRY,NO DEFECTS,NOT ON SCENE (DESK REPORT),NO INJURY / DRIVE AWAY,,,,$500 OR LESS,11/04/2017 01:21:00 PM,UNABLE TO DETERMINE,UNABLE TO DETERMINE,4299,S,MARSHFIELD AVE,924,,,,,,,2,NO INDICATION OF INJURY,0,0,0,0,0,2,0,12,7,11,41.815947805,-87.666216701,POINT (-87.666216701335 41.815947804957)
JA498587,,11/04/2017 12:15:00 PM,20,NO CONTROLS,NO CONTROLS,RAIN,DAYLIGHT,PARKED MOTOR VEHICLE,ONE-WAY,1,STRAIGHT AND LEVEL,WET,NO DEFECTS,ON SCENE,NO INJURY / DRIVE AWAY,,,Y,"OVER $1,500",11/04/2017 12:15:00 PM,UNABLE TO DETERMINE,NOT APPLICABLE,3507,N,LAWNDALE AVE,1732,,,,,,,2,NO INDICATION OF INJURY,0,0,0,0,0,1,0,12,7,11,41.944903596,-87.719868894,POINT (-87.719868893643 41.944903595585)
JA498579,,11/04/2017 12:16:00 PM,30,NO CONTROLS,NO CONTROLS,RAIN,DUSK,SIDESWIPE OPPOSITE DIRECTION,DIVIDED - W/MEDIAN (NOT RAISED),2,STRAIGHT AND LEVEL,WET,NO DEFECTS,ON SCENE,INJURY AND / OR TOW DUE TO CRASH,,Y,Y,"OVER $1,500",11/04/2017 12:18:00 PM,UNABLE TO DETERMINE,NOT APPLICABLE,3130,N,CENTRAL PARK AVE,2523,,,,,,,2,"REPORTED, NOT EVIDENT",3,0,0,0,3,1,0,12,7,11,41.938329906,-87.717511788,POINT (-87.717511788274 41.938329906095)
JA498830,,11/04/2017 12:20:00 PM,15,STOP SIGN/FLASHER,FUNCTIONING PROPERLY,RAIN,DAYLIGHT,TURNING,PARKING LOT,,STRAIGHT AND LEVEL,WET,NO DEFECTS,NOT ON SCENE (DESK REPORT),NO INJURY / DRIVE AWAY,,,,"OVER $1,500",11/04/2017 03:55:00 PM,UNABLE TO DETERMINE,NOT APPLICABLE,4300,N,NARRAGANSETT AVE,1632,,,,,,,2,NO INDICATION OF INJURY,0,0,0,0,0,2,0,12,7,11,41.958548346,-87.786918989,POINT (-87.786918988769 41.958548345645)
JA498569,,11/04/2017 12:25:00 PM,30,TRAFFIC SIGNAL,FUNCTIONING PROPERLY,RAIN,DAYLIGHT,REAR END,NOT DIVIDED,3,STRAIGHT AND LEVEL,WET,NO DEFECTS,ON SCENE,NO INJURY / DRIVE AWAY,Y,,,"OVER $1,500",11/04/2017 12:25:00 PM,WEATHER,DRIVING SKILLS/KNOWLEDGE/EXPERIENCE,3433,E,126TH ST,433,,,,,,,2,NO INDICATION OF INJURY,0,0,0,0,0,2,0,12,7,11,41.666004104,-87.540068988,POINT (-87.540068987637 41.666004104395)
JA498642,,11/04/2017 12:30:00 PM,30,TRAFFIC SIGNAL,FUNCTIONING PROPERLY,RAIN,DAYLIGHT,REAR END,NOT DIVIDED,4,STRAIGHT AND LEVEL,WET,NO DEFECTS,NOT ON SCENE (DESK REPORT),NO INJURY / DRIVE AWAY,,,,"$501 - $1,500",11/04/2017 01:30:00 PM,FOLLOWING TOO CLOSELY,NOT APPLICABLE,6501,S,CICERO AVE,833,,,,,,,2,NO INDICATION OF INJURY,0,0,0,0,0,3,0,12,7,11,41.774694542,-87.742013301,POINT (-87.742013300808 41.774694541589)
JA498702,,11/04/2017 12:30:00 PM,30,NO CONTROLS,NO CONTROLS,UNKNOWN,UNKNOWN,PARKED MOTOR VEHICLE,DIVIDED - W/MEDIAN (NOT RAISED),1,STRAIGHT AND LEVEL,UNKNOWN,NO DEFECTS,NOT ON SCENE (DESK REPORT),INJURY AND / OR TOW DUE TO CRASH,,,Y,"OVER $1,500",11/04/2017 02:15:00 PM,UNABLE TO DETERMINE,NOT APPLICABLE,517,N,CENTRAL PARK AVE,1121,,,,,,,2,NO INDICATION OF INJURY,0,0,0,0,0,1,0,12,7,11,41.89089018,-87.716028584,POINT (-87.716028584311 41.890890180056)
JA498625,,11/04/2017 12:30:00 PM,20,NO CONTROLS,NO CONTROLS,RAIN,DAYLIGHT,PARKED MOTOR VEHICLE,NOT DIVIDED,3,STRAIGHT AND LEVEL,WET,NO DEFECTS,NOT ON SCENE (DESK REPORT),NO INJURY / DRIVE AWAY,,,,$500 OR LESS,11/04/2017 01:15:00 PM,DRIVING SKILLS/KNOWLEDGE/EXPERIENCE,NOT APPLICABLE,4631,S,INDIANA AVE,215,,,,,,,2,NO INDICATION OF INJURY,0,0,0,0,0,1,0,12,7,11,41.810191914,-87.62108971,POINT (-87.62108971022 41.810191914381)
JA498570,,11/04/2017 12:30:00 PM,30,LANE USE MARKING,UNKNOWN,RAIN,DAYLIGHT,REAR END,NOT DIVIDED,2,STRAIGHT AND LEVEL,WET,UNKNOWN,ON SCENE,NO INJURY / DRIVE AWAY,,,,"OVER $1,500",11/04/2017 12:35:00 PM,FAILING TO REDUCE SPEED TO AVOID CRASH,FOLLOWING TOO CLOSELY,4554,W,DIVERSEY AVE,2521,,,,,,,2,NO INDICATION OF INJURY,0,0,0,0,0,2,0,12,7,11,41.93171075,-87.741385841,POINT (-87.741385841165 41.931710750023)
JA498593,,11/04/2017 12:35:00 PM,30,NO CONTROLS,NO CONTROLS,CLEAR,DAYLIGHT,REAR END,NOT DIVIDED,4,STRAIGHT AND LEVEL,WET,NO DEFECTS,ON SCENE,NO INJURY / DRIVE AWAY,,,,"OVER $1,500",11/04/2017 12:47:00 PM,UNABLE TO DETERMINE,UNABLE TO DETERMINE,3331,N,AUSTIN AVE,1633,,,,,,,2,NO INDICATION OF INJURY,0,0,0,0,0,2,0,12,7,11,41.941241296,-87.776175528,POINT (-87.776175527931 41.941241295827)
JA498599,,11/04/2017 12:35:00 PM,30,NO CONTROLS,NO CONTROLS,RAIN,DAYLIGHT,TURNING,NOT DIVIDED,2,STRAIGHT AND LEVEL,WET,NO DEFECTS,ON SCENE,INJURY AND / OR TOW DUE TO CRASH,,,,"OVER $1,500",11/04/2017 12:42:00 PM,IMPROPER TURNING/NO SIGNAL,FAILING TO YIELD RIGHT-OF-WAY,5751,N,ELSTON AVE,1622,,,,,,,2,NO INDICATION OF INJURY,0,0,0,0,0,2,0,12,7,11,41.986015859,-87.769998635,POINT (-87.769998634821 41.986015859057)
JA498568,,11/04/2017 12:37:00 PM,30,LANE USE MARKING,WORN REFLECTIVE MATERIAL,RAIN,DAYLIGHT,TURNING,DIVIDED - W/MEDIAN (NOT RAISED),4,STRAIGHT AND LEVEL,WET,WORN SURFACE,ON SCENE,INJURY AND / OR TOW DUE TO CRASH,,,,"OVER $1,500",11/04/2017 12:40:00 PM,FAILING TO YIELD RIGHT-OF-WAY,"VISION OBSCURED (SIGNS, TREE LIMBS, BUILDINGS, ETC.)",6223,N,BROADWAY,2433,,,,,,,2,NO INDICATION OF INJURY,0,0,0,0,0,2,0,12,7,11,41.995268001,-87.660279649,POINT (-87.660279648847 41.995268001076)
JA498892,,11/04/2017 12:45:00 PM,30,NO CONTROLS,NO CONTROLS,RAIN,DAYLIGHT,ANGLE,ONE-WAY,1,STRAIGHT AND LEVEL,WET,NO DEFECTS,NOT ON SCENE (DESK REPORT),NO INJURY / DRIVE AWAY,,,,"OVER $1,500",11/04/2017 04:00:00 PM,DRIVING SKILLS/KNOWLEDGE/EXPERIENCE,UNABLE TO DETERMINE,8642,S,VERNON AVE,632,,,,,,,2,NO INDICATION OF INJURY,0,0,0,0,0,2,0,12,7,11,41.737070303,-87.613067386,POINT (-87.613067386149 41.737070302648)
JA498607,,11/04/2017 12:50:00 PM,15,NO CONTROLS,NO CONTROLS,RAIN,DAYLIGHT,REAR END,NOT DIVIDED,1,STRAIGHT AND LEVEL,WET,UNKNOWN,NOT ON SCENE (DESK REPORT),NO INJURY / DRIVE AWAY,,,,"$501 - $1,500",11/04/2017 01:10:00 PM,WEATHER,IMPROPER BACKING,3847,W,CERMAK RD,1013,,,,,,,2,NO INDICATION OF INJURY,0,0,0,0,0,2,0,12,7,11,41.851478876,-87.721689483,POINT (-87.721689483406 41.851478875758)
JA498610,,11/04/2017 12:50:00 PM,30,TRAFFIC SIGNAL,FUNCTIONING PROPERLY,RAIN,DAYLIGHT,REAR END,DIVIDED - W/MEDIAN BARRIER,6,STRAIGHT AND LEVEL,WET,NO DEFECTS,ON SCENE,INJURY AND / OR TOW DUE TO CRASH,,,,"OVER $1,500",11/04/2017 01:00:00 PM,EXCEEDING SAFE SPEED FOR CONDITIONS,FOLLOWING TOO CLOSELY,5630,S,LAKE SHORE DR SB,331,,,,,,,3,NO INDICATION OF INJURY,0,0,0,0,0,3,0,12,7,11,41.792634073,-87.580473228,POINT (-87.580473228201 41.792634072953)
JA498717,,11/04/2017 12:50:00 PM,25,TRAFFIC SIGNAL,FUNCTIONING PROPERLY,RAIN,DAYLIGHT,REAR END,DIVIDED - W/MEDIAN (NOT RAISED),4,STRAIGHT AND LEVEL,WET,NO DEFECTS,NOT ON SCENE (DESK REPORT),NO INJURY / DRIVE AWAY,,,,"$501 - $1,500",11/04/2017 02:42:00 PM,UNABLE TO DETERMINE,UNABLE TO DETERMINE,5329,S,HARLEM AVE,811,,,,,,,2,NO INDICATION OF INJURY,0,0,0,0,0,2,0,12,7,11,41.794907426,-87.801467732,POINT (-87.801467732307 41.794907425507)
JA498619,,11/04/2017 12:50:00 PM,30,TRAFFIC SIGNAL,FUNCTIONING PROPERLY,RAIN,DAYLIGHT,PARKED MOTOR VEHICLE,DIVIDED - W/MEDIAN (NOT RAISED),2,STRAIGHT AND LEVEL,WET,NO DEFECTS,NOT ON SCENE (DESK REPORT),NO INJURY / DRIVE AWAY,Y,,,"$501 - $1,500",11/04/2017 01:10:00 PM,DISTRACTION - FROM OUTSIDE VEHICLE,NOT APPLICABLE,623,W,WRIGHTWOOD AVE,1935,,,,,,,2,NO INDICATION OF INJURY,0,0,0,0,0,4,0,12,7,11,41.929312825,-87.643786022,POINT (-87.64378602199 41.929312824574)
JA498624,Y,11/04/2017 12:50:00 PM,30,NO CONTROLS,NO CONTROLS,RAIN,DAYLIGHT,REAR END,NOT DIVIDED,,STRAIGHT AND LEVEL,WET,NO DEFECTS,ON SCENE,NO INJURY / DRIVE AWAY,,,Y,$500 OR LESS,11/04/2017 01:30:00 PM,FOLLOWING TOO CLOSELY,NOT APPLICABLE,31,N,STATE ST,112,,,,,,,2,NO INDICATION OF INJURY,0,0,0,0,0,2,0,12,7,11,41.882764148,-87.627711014,POINT (-87.627711013557 41.882764148161)
JA498705,,11/04/2017 12:55:00 PM,30,TRAFFIC SIGNAL,FUNCTIONING PROPERLY,RAIN,DAYLIGHT,TURNING,NOT DIVIDED,2,STRAIGHT AND LEVEL,WET,OTHER,NOT ON SCENE (DESK REPORT),NO INJURY / DRIVE AWAY,,,,"OVER $1,500",11/04/2017 01:30:00 PM,DRIVING SKILLS/KNOWLEDGE/EXPERIENCE,UNABLE TO DETERMINE,11801,S,AVENUE O,433,,,,,,,2,NO INDICATION OF INJURY,0,0,0,0,0,4,0,12,7,11,41.680856136,-87.539956597,POINT (-87.539956597346 41.680856136277)
JA498611,,11/04/2017 12:55:00 PM,30,TRAFFIC SIGNAL,FUNCTIONING PROPERLY,RAIN,DAYLIGHT,PEDESTRIAN,DIVIDED - W/MEDIAN (NOT RAISED),,STRAIGHT AND LEVEL,WET,UNKNOWN,ON SCENE,INJURY AND / OR TOW DUE TO CRASH,,,,$500 OR LESS,11/04/2017 12:58:00 PM,UNABLE TO DETERMINE,NOT APPLICABLE,1000,N,WELLS ST,1823,,,,,,,3,NONINCAPACITATING INJURY,2,0,0,2,0,1,0,12,7,11,41.900578225,-87.634502373,POINT (-87.634502372759 41.900578225469)
JA498685,,11/04/2017 12:55:00 PM,30,TRAFFIC SIGNAL,FUNCTIONING PROPERLY,RAIN,DAYLIGHT,REAR END,NOT DIVIDED,4,STRAIGHT AND LEVEL,WET,UNKNOWN,NOT ON SCENE (DESK REPORT),NO INJURY / DRIVE AWAY,,,Y,$500 OR LESS,11/04/2017 01:59:00 PM,FOLLOWING TOO CLOSELY,FOLLOWING TOO CLOSELY,3033,N,ASHLAND AVE,1932,,,,,,,2,NO INDICATION OF INJURY,0,0,0,0,0,2,0,12,7,11,41.937006363,-87.668418614,POINT (-87.668418614344 41.937006363028)
JA498634,,11/04/2017 12:57:00 PM,25,NO CONTROLS,NO CONTROLS,RAIN,DAYLIGHT,TURNING,NOT DIVIDED,1,STRAIGHT AND LEVEL,WET,UNKNOWN,NOT ON SCENE (DESK REPORT),NO INJURY / DRIVE AWAY,,,,"$501 - $1,500",11/04/2017 01:25:00 PM,UNABLE TO DETERMINE,UNABLE TO DETERMINE,2999,W,57TH ST,824,,,,,,,2,NO INDICATION OF INJURY,0,0,0,0,0,2,0,12,7,11,41.789856199,-87.698512369,POINT (-87.698512368804 41.789856198853)
JA498643,,11/04/2017 01:00:00 PM,30,NO CONTROLS,NO CONTROLS,RAIN,DAYLIGHT,PARKED MOTOR VEHICLE,DIVIDED - W/MEDIAN (NOT RAISED),2,STRAIGHT AND LEVEL,WET,NO DEFECTS,ON SCENE,NO INJURY / DRIVE AWAY,,,,"OVER $1,500",11/04/2017 01:20:00 PM,UNABLE TO DETERMINE,UNABLE TO DETERMINE,925,S,KEDZIE AVE,1134,,,,,,,2,NO INDICATION OF INJURY,0,0,0,0,0,1,0,13,7,11,41.869182297,-87.705611209,POINT (-87.705611208827 41.869182296724)
JA498829,,11/04/2017 01:00:00 PM,30,TRAFFIC SIGNAL,FUNCTIONING PROPERLY,RAIN,DAYLIGHT,TURNING,DIVIDED - W/MEDIAN (NOT RAISED),,STRAIGHT AND LEVEL,WET,NO DEFECTS,ON SCENE,INJURY AND / OR TOW DUE TO CRASH,Y,,,"OVER $1,500",11/04/2017 03:42:00 PM,FAILING TO YIELD RIGHT-OF-WAY,IMPROPER LANE USAGE,1224,W,VAN BUREN ST,1231,,Y,,,,,2,NO INDICATION OF INJURY,0,0,0,0,0,3,0,13,7,11,41.876612388,-87.658037575,POINT (-87.658037575334 41.876612388201)
JA498644,,11/04/2017 01:00:00 PM,20,STOP SIGN/FLASHER,FUNCTIONING PROPERLY,CLEAR,DAYLIGHT,ANGLE,ONE-WAY,1,STRAIGHT AND LEVEL,DRY,NO DEFECTS,ON SCENE,INJURY AND / OR TOW DUE TO CRASH,Y,,Y,"OVER $1,500",11/04/2017 01:10:00 PM,"EVASIVE ACTION DUE TO ANIMAL, OBJECT, NONMOTORIST",DISTRACTION - FROM OUTSIDE VEHICLE,5600,S,JUSTINE ST,713,,,,,,,2,NO INDICATION OF INJURY,0,0,0,0,0,2,0,13,7,11,41.792130668,-87.663449198,POINT (-87.663449197709 41.792130667559)
JA498645,,11/04/2017 01:00:00 PM,30,NO CONTROLS,NO CONTROLS,RAIN,DAYLIGHT,PARKED MOTOR VEHICLE,DIVIDED - W/MEDIAN (NOT RAISED),4,STRAIGHT AND LEVEL,WET,NO DEFECTS,ON SCENE,INJURY AND / OR TOW DUE TO CRASH,,Y,,"OVER $1,500",11/04/2017 01:18:00 PM,EXCEEDING AUTHORIZED SPEED LIMIT,WEATHER,4750,S,ARCHER AVE,821,,,,,,,3,NO INDICATION OF INJURY,0,0,0,0,0,1,0,13,7,11,41.807179474,-87.715768872,POINT (-87.715768871737 41.807179473772)
JA498664,,11/04/2017 01:10:00 PM,10,NO CONTROLS,NO CONTROLS,RAIN,DAYLIGHT,REAR END,OTHER,2,STRAIGHT AND LEVEL,WET,UNKNOWN,NOT ON SCENE (DESK REPORT),NO INJURY / DRIVE AWAY,,Y,,"OVER $1,500",11/04/2017 01:30:00 PM,UNABLE TO DETERMINE,UNABLE TO DETERMINE,7059,S,STATE ST,322,,,,,,,2,NO INDICATION OF INJURY,0,0,0,0,0,2,0,13,7,11,41.765469066,-87.62475894,POINT (-87.624758940498 41.765469066053)
JA498658,,11/04/2017 01:15:00 PM,30,NO CONTROLS,NO CONTROLS,CLEAR,DAYLIGHT,SIDESWIPE SAME DIRECTION,NOT DIVIDED,6,STRAIGHT AND LEVEL,WET,NO DEFECTS,NOT ON SCENE (DESK REPORT),NO INJURY / DRIVE AWAY,,,,"$501 - $1,500",11/04/2017 01:40:00 PM,UNABLE TO DETERMINE,UNABLE TO DETERMINE,1604,W,CHICAGO AVE,1213,,,,,,,2,NO INDICATION OF INJURY,0,0,0,0,0,5,0,13,7,11,41.89617941,-87.667525445,POINT (-87.667525445306 41.896179409912)
JA499843,,11/04/2017 01:15:00 PM,30,TRAFFIC SIGNAL,FUNCTIONING PROPERLY,RAIN,DAYLIGHT,REAR END,NOT DIVIDED,2,STRAIGHT AND LEVEL,WET,NO DEFECTS,NOT ON SCENE (DESK REPORT),NO INJURY / DRIVE AWAY,,,,"OVER $1,500",11/05/2017 12:40:00 PM,FAILING TO REDUCE SPEED TO AVOID CRASH,NOT APPLICABLE,25,E,OAK ST,1833,,,,,,,2,NO INDICATION OF INJURY,0,0,0,0,0,2,0,13,7,11,41.900649782,-87.627416813,POINT (-87.627416813024 41.900649781594)