RD_NO,CRASH_DATE_EST_I,CRASH_DATE,POSTED_SPEED_LIMIT,TRAFFIC_CONTROL_DEVICE,DEVICE_CONDITION,WEATHER_CONDITION,LIGHTING_CONDITION,FIRST_CRASH_TYPE,TRAFFICWAY_TYPE,LANE_CNT,ALIGNMENT,ROADWAY_SURFACE_COND,ROAD_DEFECT,REPORT_TYPE,CRASH_TYPE,INTERSECTION_RELATED_I,NOT_RIGHT_OF_WAY_I,HIT_AND_RUN_I,DAMAGE,DATE_POLICE_NOTIFIED,PRIM_CONTRIBUTORY_CAUSE,SEC_CONTRIBUTORY_CAUSE,STREET_NO,STREET_DIRECTION,STREET_NAME,BEAT_OF_OCCURRENCE,PHOTOS_TAKEN_I,STATEMENTS_TAKEN_I,DOORING_I,WORK_ZONE_I,WORK_ZONE_TYPE,WORKERS_PRESENT_I,NUM_UNITS,MOST_SEVERE_INJURY,INJURIES_TOTAL,INJURIES_FATAL,INJURIES_INCAPACITATING,INJURIES_NON_INCAPACITATING,INJURIES_REPORTED_NOT_EVIDENT,INJURIES_NO_INDICATION,INJURIES_UNKNOWN,CRASH_HOUR,CRASH_DAY_OF_WEEK,CRASH_MONTH,LATITUDE,LONGITUDE,LOCATION
JA502411,,11/04/2017 01:15:00 PM,15,NO CONTROLS,NO CONTROLS,RAIN,DAYLIGHT,PARKED MOTOR VEHICLE,ALLEY,,STRAIGHT AND LEVEL,WET,NO DEFECTS,NOT ON SCENE (DESK REPORT),NO INJURY / DRIVE AWAY,,,Y,"OVER $1,500",11/07/2017 12:30:00 PM,UNABLE TO DETERMINE,UNABLE TO DETERMINE,3906,W,ARGYLE ST,1712,,,,,,,2,NO INDICATION OF INJURY,0,0,0,0,0,1,0,13,7,11,41.972016635,-87.726022992,POINT (-87.726022991664 41.972016634595)
JA498694,,11/04/2017 01:15:00 PM,25,NO CONTROLS,NO CONTROLS,RAIN,DAYLIGHT,PARKED MOTOR VEHICLE,DIVIDED - W/MEDIAN (NOT RAISED),4,STRAIGHT AND LEVEL,WET,NO DEFECTS,NOT ON SCENE (DESK REPORT),NO INJURY / DRIVE AWAY,,,,"$501 - $1,500",11/04/2017 02:12:00 PM,UNABLE TO DETERMINE,UNABLE TO DETERMINE,6000,S,KEDZIE AVE,823,,,,,,,2,NO INDICATION OF INJURY,0,0,0,0,0,1,0,13,7,11,41.784333249,-87.703437297,POINT (-87.70343729709 41.784333248946)
JA498772,,11/04/2017 01:18:00 PM,30,STOP SIGN/FLASHER,FUNCTIONING PROPERLY,CLEAR,DAYLIGHT,SIDESWIPE SAME DIRECTION,ONE-WAY,,STRAIGHT AND LEVEL,WET,NO DEFECTS,NOT ON SCENE (DESK REPORT),NO INJURY / DRIVE AWAY,Y,,Y,"$501 - $1,500",11/04/2017 03:25:00 PM,UNABLE TO DETERMINE,UNABLE TO DETERMINE,7501,S,BLACKSTONE AVE,411,,,,N,,,2,NO INDICATION OF INJURY,0,0,0,0,0,3,0,13,7,11,41.758701749,-87.588219865,POINT (-87.588219865004 41.758701748878)
JA498697,,11/04/2017 01:20:00 PM,30,TRAFFIC SIGNAL,FUNCTIONING PROPERLY,RAIN,DAYLIGHT,REAR END,ONE-WAY,2,STRAIGHT AND LEVEL,WET,NO DEFECTS,NOT ON SCENE (DESK REPORT),NO INJURY / DRIVE AWAY,,,,"$501 - $1,500",11/04/2017 02:20:00 PM,FOLLOWING TOO CLOSELY,NOT APPLICABLE,340,N,LOWER MICHIGAN AVE,111,,,,,,,2,NO INDICATION OF INJURY,0,0,0,0,0,2,0,13,7,11,41.887845762,-87.624742791,POINT (-87.624742790729 41.887845762022)
JA498676,,11/04/2017 01:28:00 PM,20,UNKNOWN,UNKNOWN,UNKNOWN,DAYLIGHT,ANGLE,OTHER,,STRAIGHT AND LEVEL,UNKNOWN,UNKNOWN,NOT ON SCENE (DESK REPORT),NO INJURY / DRIVE AWAY,,,,"$501 - $1,500",11/04/2017 02:00:00 PM,UNABLE TO DETERMINE,UNABLE TO DETERMINE,4555,W,GRAND AVE,2533,,,,,,,2,NO INDICATION OF INJURY,0,0,0,0,0,2,0,13,7,11,41.911624679,-87.740520442,POINT (-87.740520441877 41.91162467933)
JA498683,,11/04/2017 01:30:00 PM,30,NO CONTROLS,NO CONTROLS,RAIN,DAYLIGHT,SIDESWIPE SAME DIRECTION,DIVIDED - W/MEDIAN (NOT RAISED),2,STRAIGHT AND LEVEL,WET,NO DEFECTS,NOT ON SCENE (DESK REPORT),NO INJURY / DRIVE AWAY,,,,"OVER $1,500",11/04/2017 02:00:00 PM,UNABLE TO DETERMINE,UNABLE TO DETERMINE,4620,W,BELMONT AVE,1731,,,,,,,2,NO INDICATION OF INJURY,0,0,0,0,0,2,0,13,7,11,41.938988391,-87.743121423,POINT (-87.743121422564 41.93898839076)
JA498816,,11/04/2017 01:30:00 PM,30,NO CONTROLS,NO CONTROLS,CLEAR,DAYLIGHT,REAR END,DIVIDED - W/MEDIAN (NOT RAISED),1,STRAIGHT AND LEVEL,DRY,NO DEFECTS,NOT ON SCENE (DESK REPORT),NO INJURY / DRIVE AWAY,,,,"OVER $1,500",11/04/2017 01:50:00 PM,IMPROPER BACKING,UNABLE TO DETERMINE,116,N,STATE ST,111,,,,,,,2,NO INDICATION OF INJURY,0,0,0,0,0,2,0,13,7,11,41.883598608,-87.62802862,POINT (-87.628028619824 41.883598608156)
JA498754,,11/04/2017 01:35:00 PM,25,NO CONTROLS,NO CONTROLS,RAIN,DAYLIGHT,ANGLE,DIVIDED - W/MEDIAN (NOT RAISED),4,STRAIGHT AND LEVEL,WET,NO DEFECTS,NOT ON SCENE (DESK REPORT),NO INJURY / DRIVE AWAY,,,,"$501 - $1,500",11/04/2017 03:00:00 PM,UNABLE TO DETERMINE,UNABLE TO DETERMINE,5400,S,PULASKI RD,815,,,,,,,2,NO INDICATION OF INJURY,0,0,0,0,0,2,0,13,7,11,41.794957445,-87.723356565,POINT (-87.723356564996 41.794957444828)
JA498655,,11/04/2017 01:37:00 PM,30,NO CONTROLS,NO CONTROLS,RAIN,DAYLIGHT,REAR END,NOT DIVIDED,,STRAIGHT AND LEVEL,WET,NO DEFECTS,ON SCENE,NO INJURY / DRIVE AWAY,,,,"$501 - $1,500",11/04/2017 01:45:00 PM,WEATHER,FOLLOWING TOO CLOSELY,4699,N,MILWAUKEE AVE,1623,,,,,,,3,NO INDICATION OF INJURY,0,0,0,0,0,3,0,13,7,11,41.965632431,-87.75863587,POINT (-87.758635869986 41.965632430626)
JA498687,,11/04/2017 01:40:00 PM,30,NO CONTROLS,NO CONTROLS,RAIN,DAYLIGHT,TURNING,NOT DIVIDED,4,STRAIGHT AND LEVEL,WET,NO DEFECTS,NOT ON SCENE (DESK REPORT),NO INJURY / DRIVE AWAY,,,,"$501 - $1,500",11/04/2017 02:05:00 PM,FAILING TO YIELD RIGHT-OF-WAY,NOT APPLICABLE,4700,S,LAWNDALE AVE,821,,,,,,,2,NO INDICATION OF INJURY,0,0,0,0,0,2,0,13,7,11,41.80790245,-87.716375968,POINT (-87.716375968062 41.807902449705)
JA498732,,11/04/2017 01:43:00 PM,25,TRAFFIC SIGNAL,FUNCTIONING PROPERLY,RAIN,DAYLIGHT,ANGLE,DIVIDED - W/MEDIAN (NOT RAISED),4,STRAIGHT AND LEVEL,DRY,NO DEFECTS,NOT ON SCENE (DESK REPORT),NO INJURY / DRIVE AWAY,,,,"$501 - $1,500",11/04/2017 02:43:00 PM,UNABLE TO DETERMINE,UNABLE TO DETERMINE,8301,S,CICERO AVE,834,,,,,,,2,NO INDICATION OF INJURY,0,0,0,0,0,2,0,13,7,11,41.741803599,-87.740953582,POINT (-87.740953581987 41.741803598989)
JA498688,,11/04/2017 01:45:00 PM,30,NO CONTROLS,NO CONTROLS,RAIN,DAYLIGHT,PARKED MOTOR VEHICLE,NOT DIVIDED,,STRAIGHT AND LEVEL,WET,NO DEFECTS,ON SCENE,INJURY AND / OR TOW DUE TO CRASH,,,,"OVER $1,500",11/04/2017 01:49:00 PM,EXCEEDING SAFE SPEED FOR CONDITIONS,NOT APPLICABLE,11312,S,MICHIGAN AVE,531,,,,,,,2,NO INDICATION OF INJURY,0,0,0,0,0,1,0,13,7,11,41.688529338,-87.62114755,POINT (-87.621147550396 41.688529337994)
JA498740,,11/04/2017 01:45:00 PM,15,NO CONTROLS,NO CONTROLS,CLOUDY/OVERCAST,DAYLIGHT,TURNING,PARKING LOT,1,STRAIGHT AND LEVEL,WET,NO DEFECTS,NOT ON SCENE (DESK REPORT),NO INJURY / DRIVE AWAY,,,Y,"OVER $1,500",11/04/2017 02:50:00 PM,FAILING TO YIELD RIGHT-OF-WAY,NOT APPLICABLE,5600,S,KEDZIE AVE,822,,,,,,,2,NO INDICATION OF INJURY,0,0,0,0,0,2,0,13,7,11,41.791605035,-87.703648882,POINT (-87.703648882176 41.791605035051)
JA498692,,11/04/2017 01:50:00 PM,30,TRAFFIC SIGNAL,FUNCTIONING PROPERLY,RAIN,DAYLIGHT,TURNING,NOT DIVIDED,,STRAIGHT AND LEVEL,WET,NO DEFECTS,NOT ON SCENE (DESK REPORT),NO INJURY / DRIVE AWAY,,,,"OVER $1,500",11/04/2017 02:23:00 PM,FAILING TO YIELD RIGHT-OF-WAY,NOT APPLICABLE,200,S,MICHIGAN AVE,113,,,,,,,2,NO INDICATION OF INJURY,0,0,0,0,0,2,0,13,7,11,41.879489329,-87.624498125,POINT (-87.624498124934 41.879489328698)
JA498723,,11/04/2017 02:00:00 PM,30,NO CONTROLS,NO CONTROLS,RAIN,DAYLIGHT,REAR END,NOT DIVIDED,2,STRAIGHT AND LEVEL,WET,UNKNOWN,NOT ON SCENE (DESK REPORT),INJURY AND / OR TOW DUE TO CRASH,,,,"$501 - $1,500",11/04/2017 02:45:00 PM,WEATHER,WEATHER,1812,N,CENTRAL AVE,2531,,,,,,,3,NO INDICATION OF INJURY,0,0,0,0,0,6,0,14,7,11,41.913451908,-87.76579173,POINT (-87.765791729828 41.913451907777)
JA498698,,11/04/2017 02:00:00 PM,35,NO CONTROLS,NO CONTROLS,RAIN,DAYLIGHT,REAR END,DIVIDED - W/MEDIAN (NOT RAISED),,STRAIGHT AND LEVEL,WET,NO DEFECTS,NOT ON SCENE (DESK REPORT),INJURY AND / OR TOW DUE TO CRASH,,,Y,"OVER $1,500",11/04/2017 02:20:00 PM,FOLLOWING TOO CLOSELY,NOT APPLICABLE,6800,W,DEVON AVE,1611,,,,,,,2,"REPORTED, NOT EVIDENT",1,0,0,0,1,1,0,14,7,11,41.997063955,-87.797290102,POINT (-87.797290101532 41.997063955333)
JA498752,,11/04/2017 02:00:00 PM,30,STOP SIGN/FLASHER,NO CONTROLS,RAIN,DAYLIGHT,TURNING,NOT DIVIDED,2,STRAIGHT AND LEVEL,WET,NO DEFECTS,NOT ON SCENE (DESK REPORT),NO INJURY / DRIVE AWAY,Y,,,"$501 - $1,500",11/04/2017 02:39:00 PM,UNABLE TO DETERMINE,UNABLE TO DETERMINE,199,E,127TH ST,532,,,,,,,2,NO INDICATION OF INJURY,0,0,0,0,0,6,0,14,7,11,41.66323253,-87.61771683,POINT (-87.617716829553 41.66323253011)
JA498733,,11/04/2017 02:00:00 PM,20,NO CONTROLS,NO CONTROLS,RAIN,DAYLIGHT,ANGLE,NOT DIVIDED,2,STRAIGHT AND LEVEL,WET,UNKNOWN,NOT ON SCENE (DESK REPORT),NO INJURY / DRIVE AWAY,,,,"$501 - $1,500",11/04/2017 02:40:00 PM,FAILING TO YIELD RIGHT-OF-WAY,NOT APPLICABLE,2630,S,WHIPPLE ST,1033,,,,,,,2,NO INDICATION OF INJURY,0,0,0,0,0,2,0,14,7,11,41.843666544,-87.701474993,POINT (-87.701474992786 41.843666544133)
JA502667,,11/04/2017 02:00:00 PM,30,NO CONTROLS,NO CONTROLS,RAIN,DAYLIGHT,SIDESWIPE SAME DIRECTION,NOT DIVIDED,,STRAIGHT AND LEVEL,WET,NO DEFECTS,NOT ON SCENE (DESK REPORT),NO INJURY / DRIVE AWAY,,,,"OVER $1,500",11/07/2017 03:15:00 PM,UNABLE TO DETERMINE,UNABLE TO DETERMINE,6641,S,CICERO AVE,833,,,,,,,2,NO INDICATION OF INJURY,0,0,0,0,0,2,0,14,7,11,41.771735099,-87.741923396,POINT (-87.741923395725 41.771735098662)
JA498788,,11/04/2017 02:05:00 PM,30,TRAFFIC SIGNAL,FUNCTIONING PROPERLY,RAIN,DAYLIGHT,REAR END,NOT DIVIDED,4,STRAIGHT AND LEVEL,WET,NO DEFECTS,ON SCENE,NO INJURY / DRIVE AWAY,N,,,"OVER $1,500",11/04/2017 02:10:00 PM,FOLLOWING TOO CLOSELY,NOT APPLICABLE,6399,W,FULLERTON AVE,2512,,,,,,,2,NO INDICATION OF INJURY,0,0,0,0,0,3,0,14,7,11,41.923568993,-87.785379196,POINT (-87.78537919603 41.923568992727)
JA498743,,11/04/2017 02:05:00 PM,30,TRAFFIC SIGNAL,FUNCTIONING PROPERLY,CLOUDY/OVERCAST,DAYLIGHT,REAR END,DIVIDED - W/MEDIAN (NOT RAISED),4,STRAIGHT AND LEVEL,WET,NO DEFECTS,NOT ON SCENE (DESK REPORT),INJURY AND / OR TOW DUE TO CRASH,,,,"$501 - $1,500",11/04/2017 02:59:00 PM,UNABLE TO DETERMINE,NOT APPLICABLE,5140,W,CHICAGO AVE,1531,,,,,,,2,"REPORTED, NOT EVIDENT",1,0,0,0,1,1,0,14,7,11,41.895057031,-87.754833401,POINT (-87.754833400985 41.895057031082)
JA498728,,11/04/2017 02:07:00 PM,30,NO CONTROLS,NO CONTROLS,RAIN,DAYLIGHT,REAR END,NOT DIVIDED,2,STRAIGHT AND LEVEL,WET,UNKNOWN,NOT ON SCENE (DESK REPORT),NO INJURY / DRIVE AWAY,,,,"OVER $1,500",11/04/2017 02:50:00 PM,UNABLE TO DETERMINE,UNABLE TO DETERMINE,1135,W,115TH ST,524,,,,,,,2,NO INDICATION OF INJURY,0,0,0,0,0,4,0,14,7,11,41.68485556,-87.6508035,POINT (-87.650803499818 41.684855559654)
JA498750,,11/04/2017 02:10:00 PM,30,TRAFFIC SIGNAL,FUNCTIONING PROPERLY,RAIN,DAYLIGHT,ANGLE,DIVIDED - W/MEDIAN (NOT RAISED),,STRAIGHT AND LEVEL,WET,NO DEFECTS,ON SCENE,NO INJURY / DRIVE AWAY,,,,"OVER $1,500",11/04/2017 02:33:00 PM,DISREGARDING TRAFFIC SIGNALS,FAILING TO REDUCE SPEED TO AVOID CRASH,5601,N,WESTERN AVE,2012,,,,,,,2,NO INDICATION OF INJURY,0,0,0,0,0,2,0,14,7,11,41.98326196,-87.689304804,POINT (-87.689304804223 41.983261960459)
JA498720,,11/04/2017 02:10:00 PM,30,STOP SIGN/FLASHER,FUNCTIONING PROPERLY,RAIN,DAYLIGHT,ANGLE,OTHER,,STRAIGHT AND LEVEL,WET,NO DEFECTS,NOT ON SCENE (DESK REPORT),NO INJURY / DRIVE AWAY,Y,,,"OVER $1,500",11/04/2017 02:35:00 PM,FAILING TO YIELD RIGHT-OF-WAY,NOT APPLICABLE,4400,N,PAULINA ST,1912,,,,,,,2,NO INDICATION OF INJURY,0,0,0,0,0,5,0,14,7,11,41.961659232,-87.67098769,POINT (-87.670987689747 41.96165923195)
JA498760,,11/04/2017 02:15:00 PM,30,TRAFFIC SIGNAL,FUNCTIONING PROPERLY,RAIN,DAYLIGHT,REAR END,NOT DIVIDED,4,STRAIGHT AND LEVEL,WET,NO DEFECTS,NOT ON SCENE (DESK REPORT),NO INJURY / DRIVE AWAY,,,,$500 OR LESS,11/04/2017 03:00:00 PM,NOT APPLICABLE,NOT APPLICABLE,9100,S,ASHLAND AVE,2221,,,,,,,2,NO INDICATION OF INJURY,0,0,0,0,0,2,0,14,7,11,41.728389214,-87.662995653,POINT (-87.662995652744 41.728389213977)
JA499775,,11/04/2017 02:15:00 PM,0,TRAFFIC SIGNAL,FUNCTIONING PROPERLY,CLEAR,DAYLIGHT,REAR END,NOT DIVIDED,1,STRAIGHT AND LEVEL,DRY,NO DEFECTS,NOT ON SCENE (DESK REPORT),NO INJURY / DRIVE AWAY,,,,"OVER $1,500",11/05/2017 11:40:00 AM,FOLLOWING TOO CLOSELY,NOT APPLICABLE,4118,W,115TH ST,2211,,,,,,,2,NO INDICATION OF INJURY,0,0,0,0,0,2,0,14,7,11,41.684024003,-87.72323579,POINT (-87.72323579042 41.68402400324)
JA498734,,11/04/2017 02:20:00 PM,30,TRAFFIC SIGNAL,FUNCTIONING PROPERLY,RAIN,DAYLIGHT,REAR END,DIVIDED - W/MEDIAN (NOT RAISED),,STRAIGHT AND LEVEL,WET,NO DEFECTS,ON SCENE,NO INJURY / DRIVE AWAY,Y,,,$500 OR LESS,11/04/2017 02:41:00 PM,FOLLOWING TOO CLOSELY,NOT APPLICABLE,6001,N,CALIFORNIA AVE,2413,,,,,,,2,NO INDICATION OF INJURY,0,0,0,0,0,5,0,14,7,11,41.990532204,-87.699257879,POINT (-87.699257878864 41.990532203884)
JA498747,,11/04/2017 02:30:00 PM,25,TRAFFIC SIGNAL,FUNCTIONING PROPERLY,RAIN,DAYLIGHT,SIDESWIPE SAME DIRECTION,CENTER TURN LANE,4,STRAIGHT AND LEVEL,WET,NO DEFECTS,ON SCENE,NO INJURY / DRIVE AWAY,,,,"OVER $1,500",11/04/2017 02:35:00 PM,IMPROPER LANE USAGE,IMPROPER LANE USAGE,1632,E,57TH DR,331,,,,,,,3,NO INDICATION OF INJURY,0,0,0,0,0,5,0,14,7,11,41.791764324,-87.585559806,POINT (-87.585559805973 41.791764324294)
JA500030,,11/04/2017 02:30:00 PM,30,TRAFFIC SIGNAL,FUNCTIONING PROPERLY,UNKNOWN,DAYLIGHT,REAR END,DIVIDED - W/MEDIAN BARRIER,4,STRAIGHT AND LEVEL,UNKNOWN,UNKNOWN,NOT ON SCENE (DESK REPORT),NO INJURY / DRIVE AWAY,,,Y,"OVER $1,500",11/05/2017 02:30:00 PM,FAILING TO REDUCE SPEED TO AVOID CRASH,UNABLE TO DETERMINE,3001,W,NORTH AVE,1423,,,,,,,2,NO INDICATION OF INJURY,0,0,0,0,0,3,0,14,7,11,41.910062722,-87.702273421,POINT (-87.702273420997 41.910062722443)
JA498755,Y,11/04/2017 02:30:00 PM,30,NO CONTROLS,NO CONTROLS,RAIN,DAYLIGHT,TURNING,NOT DIVIDED,2,STRAIGHT AND LEVEL,WET,NO DEFECTS,NOT ON SCENE (DESK REPORT),NO INJURY / DRIVE AWAY,,,,"$501 - $1,500",11/04/2017 03:05:00 PM,IMPROPER TURNING/NO SIGNAL,IMPROPER TURNING/NO SIGNAL,5499,N,ASHLAND AVE,2012,,,,,,,2,NO INDICATION OF INJURY,0,0,0,0,0,3,0,14,7,11,41.981607973,-87.6696173,POINT (-87.669617299592 41.981607972534)
JA500064,,11/04/2017 02:35:00 PM,45,NO CONTROLS,NO CONTROLS,CLOUDY/OVERCAST,DAYLIGHT,SIDESWIPE SAME DIRECTION,DIVIDED - W/MEDIAN BARRIER,8,STRAIGHT AND LEVEL,UNKNOWN,UNKNOWN,NOT ON SCENE (DESK REPORT),NO INJURY / DRIVE AWAY,,,,"$501 - $1,500",11/05/2017 03:35:00 PM,IMPROPER LANE USAGE,IMPROPER LANE USAGE,4000,N,LAKE SHORE DR SB,1915,,,,,,,2,NO INDICATION OF INJURY,0,0,0,0,0,2,0,14,7,11,41.954689241,-87.644974644,POINT (-87.644974644209 41.954689241342)
JA498746,,11/04/2017 02:40:00 PM,30,TRAFFIC SIGNAL,FUNCTIONING PROPERLY,RAIN,DAYLIGHT,REAR END,DIVIDED - W/MEDIAN (NOT RAISED),,STRAIGHT AND LEVEL,WET,NO DEFECTS,ON SCENE,INJURY AND / OR TOW DUE TO CRASH,,,,"OVER $1,500",11/04/2017 03:00:00 PM,FAILING TO REDUCE SPEED TO AVOID CRASH,NOT APPLICABLE,3350,W,115TH ST,2211,,,,,,,2,"REPORTED, NOT EVIDENT",1,0,0,0,1,2,0,14,7,11,41.684303891,-87.704995578,POINT (-87.704995578083 41.684303891198)
JA498736,,11/04/2017 02:42:00 PM,40,TRAFFIC SIGNAL,FUNCTIONING PROPERLY,RAIN,DAYLIGHT,REAR END,DIVIDED - W/MEDIAN (NOT RAISED),10,STRAIGHT AND LEVEL,WET,NO DEFECTS,ON SCENE,NO INJURY / DRIVE AWAY,,,,"OVER $1,500",11/04/2017 02:45:00 PM,UNABLE TO DETERMINE,UNABLE TO DETERMINE,500,S,LAKE SHORE DR SB,114,,,,,,,3,NO INDICATION OF INJURY,0,0,0,0,0,6,0,14,7,11,41.875756255,-87.61751568,POINT (-87.617515679751 41.875756255241)
JA498817,,11/04/2017 02:45:00 PM,30,TRAFFIC SIGNAL,UNKNOWN,RAIN,DAYLIGHT,REAR END,CENTER TURN LANE,3,STRAIGHT AND LEVEL,UNKNOWN,UNKNOWN,NOT ON SCENE (DESK REPORT),NO INJURY / DRIVE AWAY,,,Y,"$501 - $1,500",11/04/2017 03:00:00 PM,UNABLE TO DETERMINE,NOT APPLICABLE,3541,N,KEDZIE AVE,1733,,,,,,,2,NO INDICATION OF INJURY,0,0,0,0,0,3,0,14,7,11,41.945955811,-87.70765752,POINT (-87.707657520211 41.945955810649)
JA498764,,11/04/2017 02:45:00 PM,30,TRAFFIC SIGNAL,FUNCTIONING PROPERLY,RAIN,DUSK,PEDESTRIAN,NOT DIVIDED,2,STRAIGHT AND LEVEL,WET,NO DEFECTS,ON SCENE,INJURY AND / OR TOW DUE TO CRASH,Y,,,"$501 - $1,500",11/04/2017 03:05:00 PM,UNABLE TO DETERMINE,NOT APPLICABLE,3959,W,ROOSEVELT RD,1011,,,,,,,2,INCAPACITATING INJURY,1,0,1,0,0,1,0,14,7,11,41.866063261,-87.725106516,POINT (-87.725106516484 41.866063260699)
JA500727,,11/04/2017 02:45:00 PM,25,NO CONTROLS,NO CONTROLS,UNKNOWN,UNKNOWN,PARKED MOTOR VEHICLE,NOT DIVIDED,1,STRAIGHT AND LEVEL,DRY,UNKNOWN,NOT ON SCENE (DESK REPORT),NO INJURY / DRIVE AWAY,,,Y,"OVER $1,500",11/06/2017 08:30:00 AM,PHYSICAL CONDITION OF DRIVER,UNABLE TO DETERMINE,10439,S,MORGAN ST,2232,,,,,,,2,NO INDICATION OF INJURY,0,0,0,0,0,1,0,14,7,11,41.703862179,-87.647458048,POINT (-87.64745804752 41.703862178945)
JA498757,,11/04/2017 02:50:00 PM,30,NO CONTROLS,NO CONTROLS,RAIN,DAYLIGHT,REAR END,DIVIDED - W/MEDIAN (NOT RAISED),4,STRAIGHT AND LEVEL,WET,NO DEFECTS,ON SCENE,INJURY AND / OR TOW DUE TO CRASH,,,,"OVER $1,500",11/04/2017 02:55:00 PM,FAILING TO REDUCE SPEED TO AVOID CRASH,WEATHER,3375,W,DEVON AVE,1711,,,,,,,2,NO INDICATION OF INJURY,0,0,0,0,0,2,0,14,7,11,41.997199758,-87.714223015,POINT (-87.714223015367 41.997199758275)
JA498800,,11/04/2017 02:51:00 PM,30,STOP SIGN/FLASHER,FUNCTIONING PROPERLY,RAIN,DAYLIGHT,REAR END,DIVIDED - W/MEDIAN (NOT RAISED),2,STRAIGHT AND LEVEL,WET,NO DEFECTS,ON SCENE,INJURY AND / OR TOW DUE TO CRASH,,,,"OVER $1,500",11/04/2017 03:14:00 PM,EXCEEDING SAFE SPEED FOR CONDITIONS,FOLLOWING TOO CLOSELY,1453,N,CALIFORNIA AVE,1423,,,,,,,2,NO INDICATION OF INJURY,0,0,0,0,0,2,0,14,7,11,41.908138054,-87.696859985,POINT (-87.696859985455 41.908138053692)
JA498803,,11/04/2017 02:52:00 PM,30,NO CONTROLS,NO CONTROLS,RAIN,DAYLIGHT,TURNING,DIVIDED - W/MEDIAN (NOT RAISED),2,STRAIGHT AND LEVEL,WET,NO DEFECTS,ON SCENE,INJURY AND / OR TOW DUE TO CRASH,,,,"OVER $1,500",11/04/2017 02:53:00 PM,FAILING TO REDUCE SPEED TO AVOID CRASH,WEATHER,4417,W,76TH ST,833,,,,,,,2,NONINCAPACITATING INJURY,1,0,0,1,0,1,0,14,7,11,41.754798488,-87.732879293,POINT (-87.732879292504 41.754798488237)
JA500128,,11/04/2017 02:55:00 PM,30,NO CONTROLS,NO CONTROLS,RAIN,DARKNESS,ANGLE,NOT DIVIDED,2,STRAIGHT AND LEVEL,WET,NO DEFECTS,NOT ON SCENE (DESK REPORT),NO INJURY / DRIVE AWAY,,,,"OVER $1,500",11/05/2017 04:50:00 PM,WEATHER,WEATHER,3042,S,KEDVALE AVE,1031,,,,,,,2,NO INDICATION OF INJURY,0,0,0,0,0,2,0,14,7,11,41.837445813,-87.728157461,POINT (-87.728157461498 41.837445812676)
JA498804,,11/04/2017 03:00:00 PM,10,NO CONTROLS,NO CONTROLS,RAIN,DAYLIGHT,SIDESWIPE OPPOSITE DIRECTION,DIVIDED - W/MEDIAN (NOT RAISED),1,STRAIGHT AND LEVEL,WET,NO DEFECTS,NOT ON SCENE (DESK REPORT),NO INJURY / DRIVE AWAY,,,,"OVER $1,500",11/04/2017 03:30:00 PM,UNABLE TO DETERMINE,UNABLE TO DETERMINE,1100,N,LA SALLE DR,1824,,,,,,,2,NO INDICATION OF INJURY,0,0,0,0,0,2,0,15,7,11,41.901886369,-87.633005084,POINT (-87.633005083588 41.901886368565)
JA498819,,11/04/2017 03:00:00 PM,30,TRAFFIC SIGNAL,FUNCTIONING PROPERLY,RAIN,DAYLIGHT,FIXED OBJECT,OTHER,2,STRAIGHT AND LEVEL,WET,NO DEFECTS,ON SCENE,INJURY AND / OR TOW DUE TO CRASH,,,,"OVER $1,500",11/04/2017 03:03:00 PM,IMPROPER LANE USAGE,WEATHER,6809,W,DEVON AVE,1611,,,,,,,1,NO INDICATION OF INJURY,0,0,0,0,0,1,0,15,7,11,41.996788215,-87.79753585,POINT (-87.797535849527 41.996788215111)
JA501762,,11/04/2017 03:00:00 PM,30,NO CONTROLS,NO CONTROLS,CLEAR,DAYLIGHT,REAR END,NOT DIVIDED,2,STRAIGHT AND LEVEL,DRY,NO DEFECTS,NOT ON SCENE (DESK REPORT),NO INJURY / DRIVE AWAY,,,,"OVER $1,500",11/06/2017 08:05:00 PM,FOLLOWING TOO CLOSELY,EXCEEDING AUTHORIZED SPEED LIMIT,6000,W,ADDISON ST,1633,,,,,,,3,NO INDICATION OF INJURY,0,0,0,0,0,4,0,15,7,11,41.945879676,-87.776627421,POINT (-87.776627420937 41.945879675591)
JA498758,,11/04/2017 03:00:00 PM,30,TRAFFIC SIGNAL,FUNCTIONING PROPERLY,RAIN,DAYLIGHT,TURNING,DIVIDED - W/MEDIAN (NOT RAISED),,STRAIGHT AND LEVEL,WET,NO DEFECTS,NOT ON SCENE (DESK REPORT),NO INJURY / DRIVE AWAY,,,,"OVER $1,500",11/04/2017 03:16:00 PM,FAILING TO YIELD RIGHT-OF-WAY,UNABLE TO DETERMINE,600,S,STATE ST,123,,,,,,,2,NO INDICATION OF INJURY,0,0,0,0,0,3,0,15,7,11,41.874541439,-87.627757787,POINT (-87.627757787189 41.874541438718)
JA498776,,11/04/2017 03:03:00 PM,30,NO CONTROLS,NO CONTROLS,RAIN,DAYLIGHT,SIDESWIPE SAME DIRECTION,NOT DIVIDED,2,STRAIGHT AND LEVEL,WET,NO DEFECTS,ON SCENE,NO INJURY / DRIVE AWAY,Y,,,"$501 - $1,500",11/04/2017 03:07:00 PM,FAILING TO YIELD RIGHT-OF-WAY,IMPROPER TURNING/NO SIGNAL,1722,W,GRAND AVE,1215,,,,,,,2,NO INDICATION OF INJURY,0,0,0,0,0,2,0,15,7,11,41.891038676,-87.670557092,POINT (-87.670557092347 41.891038675736)