RD_NO,CRASH_DATE_EST_I,CRASH_DATE,POSTED_SPEED_LIMIT,TRAFFIC_CONTROL_DEVICE,DEVICE_CONDITION,WEATHER_CONDITION,LIGHTING_CONDITION,FIRST_CRASH_TYPE,TRAFFICWAY_TYPE,LANE_CNT,ALIGNMENT,ROADWAY_SURFACE_COND,ROAD_DEFECT,REPORT_TYPE,CRASH_TYPE,INTERSECTION_RELATED_I,NOT_RIGHT_OF_WAY_I,HIT_AND_RUN_I,DAMAGE,DATE_POLICE_NOTIFIED,PRIM_CONTRIBUTORY_CAUSE,SEC_CONTRIBUTORY_CAUSE,STREET_NO,STREET_DIRECTION,STREET_NAME,BEAT_OF_OCCURRENCE,PHOTOS_TAKEN_I,STATEMENTS_TAKEN_I,DOORING_I,WORK_ZONE_I,WORK_ZONE_TYPE,WORKERS_PRESENT_I,NUM_UNITS,MOST_SEVERE_INJURY,INJURIES_TOTAL,INJURIES_FATAL,INJURIES_INCAPACITATING,INJURIES_NON_INCAPACITATING,INJURIES_REPORTED_NOT_EVIDENT,INJURIES_NO_INDICATION,INJURIES_UNKNOWN,CRASH_HOUR,CRASH_DAY_OF_WEEK,CRASH_MONTH,LATITUDE,LONGITUDE,LOCATION
JA498893,,11/04/2017 03:15:00 PM,30,NO CONTROLS,NO CONTROLS,RAIN,DAYLIGHT,PARKED MOTOR VEHICLE,ONE-WAY,,STRAIGHT AND LEVEL,WET,NO DEFECTS,NOT ON SCENE (DESK REPORT),NO INJURY / DRIVE AWAY,,,Y,"$501 - $1,500",11/04/2017 04:45:00 PM,UNABLE TO DETERMINE,UNABLE TO DETERMINE,8334,S,OGLESBY AVE,412,,,,,,,2,NO INDICATION OF INJURY,0,0,0,0,0,1,0,15,7,11,41.743341716,-87.567470522,POINT (-87.56747052174 41.743341715929)
JA498780,,11/04/2017 03:15:00 PM,30,TRAFFIC SIGNAL,FUNCTIONING PROPERLY,RAIN,DAYLIGHT,TURNING,NOT DIVIDED,3,STRAIGHT AND LEVEL,WET,NO DEFECTS,ON SCENE,NO INJURY / DRIVE AWAY,,,Y,$500 OR LESS,11/04/2017 03:20:00 PM,IMPROPER TURNING/NO SIGNAL,UNABLE TO DETERMINE,137,W,CERMAK RD,914,,,,,,,2,NO INDICATION OF INJURY,0,0,0,0,0,2,0,15,7,11,41.852757571,-87.630952871,POINT (-87.630952871001 41.852757571153)
JA498840,,11/04/2017 03:20:00 PM,15,NO CONTROLS,NO CONTROLS,CLEAR,DAYLIGHT,REAR END,PARKING LOT,2,STRAIGHT AND LEVEL,WET,NO DEFECTS,NOT ON SCENE (DESK REPORT),NO INJURY / DRIVE AWAY,,Y,,"$501 - $1,500",11/04/2017 03:50:00 PM,FAILING TO YIELD RIGHT-OF-WAY,NOT APPLICABLE,10736,S,EWING AVE,432,,,,,,,2,NO INDICATION OF INJURY,0,0,0,0,0,3,0,15,7,11,41.699814846,-87.53542689,POINT (-87.535426890482 41.699814846467)
JA498914,,11/04/2017 03:20:00 PM,30,NO CONTROLS,NO CONTROLS,CLOUDY/OVERCAST,DAYLIGHT,REAR END,NOT DIVIDED,,STRAIGHT AND LEVEL,DRY,NO DEFECTS,NOT ON SCENE (DESK REPORT),NO INJURY / DRIVE AWAY,,,,"$501 - $1,500",11/04/2017 05:14:00 PM,FAILING TO YIELD RIGHT-OF-WAY,FOLLOWING TOO CLOSELY,2799,N,LARAMIE AVE,2521,,,,,,,2,NO INDICATION OF INJURY,0,0,0,0,0,4,0,15,7,11,41.931357198,-87.756271665,POINT (-87.756271665065 41.93135719813)
JA498798,,11/04/2017 03:21:00 PM,30,STOP SIGN/FLASHER,NO CONTROLS,RAIN,DAYLIGHT,TURNING,NOT DIVIDED,4,STRAIGHT AND LEVEL,WET,NO DEFECTS,ON SCENE,INJURY AND / OR TOW DUE TO CRASH,Y,,,"OVER $1,500",11/04/2017 03:22:00 PM,"OPERATING VEHICLE IN ERRATIC, RECKLESS, CARELESS, NEGLIGENT OR AGGRESSIVE MANNER",UNABLE TO DETERMINE,334,E,46TH ST,215,,,,,,,2,NO INDICATION OF INJURY,0,0,0,0,0,2,0,15,7,11,41.811281225,-87.618278914,POINT (-87.618278913934 41.811281225278)
JA498845,,11/04/2017 03:24:00 PM,30,NO CONTROLS,NO CONTROLS,RAIN,DAYLIGHT,PARKED MOTOR VEHICLE,NOT DIVIDED,2,STRAIGHT AND LEVEL,WET,NO DEFECTS,ON SCENE,INJURY AND / OR TOW DUE TO CRASH,,Y,Y,"OVER $1,500",11/04/2017 03:28:00 PM,UNABLE TO DETERMINE,NOT APPLICABLE,2753,W,51ST ST,923,,,,,,,3,NO INDICATION OF INJURY,0,0,0,0,0,1,0,15,7,11,41.80088493,-87.693682489,POINT (-87.693682488665 41.800884929817)
JA498848,Y,11/04/2017 03:25:00 PM,30,TRAFFIC SIGNAL,FUNCTIONING PROPERLY,RAIN,DUSK,SIDESWIPE SAME DIRECTION,DIVIDED - W/MEDIAN BARRIER,,STRAIGHT AND LEVEL,WET,NO DEFECTS,ON SCENE,NO INJURY / DRIVE AWAY,,,,"OVER $1,500",11/04/2017 04:03:00 PM,IMPROPER LANE USAGE,NOT APPLICABLE,98,S,MICHIGAN AVE,112,,,,,,,2,NO INDICATION OF INJURY,0,0,0,0,0,2,0,15,7,11,41.880890119,-87.624483266,POINT (-87.624483266019 41.88089011864)
JA498850,,11/04/2017 03:25:00 PM,25,TRAFFIC SIGNAL,FUNCTIONING PROPERLY,RAIN,DUSK,TURNING,DIVIDED - W/MEDIAN (NOT RAISED),4,STRAIGHT AND LEVEL,WET,NO DEFECTS,ON SCENE,INJURY AND / OR TOW DUE TO CRASH,Y,,,"OVER $1,500",11/04/2017 04:03:00 PM,UNABLE TO DETERMINE,NOT APPLICABLE,299,S,AUSTIN BLVD,1513,,,,,,,2,NO INDICATION OF INJURY,0,0,0,0,0,2,0,15,7,11,41.876477699,-87.774381833,POINT (-87.77438183271 41.876477698719)
JA522208,,11/04/2017 03:30:00 PM,30,NO CONTROLS,NO CONTROLS,UNKNOWN,DAYLIGHT,REAR END,DIVIDED - W/MEDIAN (NOT RAISED),,STRAIGHT AND LEVEL,UNKNOWN,UNKNOWN,NOT ON SCENE (DESK REPORT),NO INJURY / DRIVE AWAY,Y,,,"$501 - $1,500",11/22/2017 08:45:00 PM,FOLLOWING TOO CLOSELY,UNABLE TO DETERMINE,4660,W,LAWRENCE AVE,1712,,,,,,,2,NO INDICATION OF INJURY,0,0,0,0,0,2,0,15,7,11,41.968165154,-87.74525377,POINT (-87.745253770149 41.968165153507)
JA498844,,11/04/2017 03:30:00 PM,30,NO CONTROLS,NO CONTROLS,CLEAR,DAYLIGHT,REAR END,DIVIDED - W/MEDIAN (NOT RAISED),3,STRAIGHT AND LEVEL,DRY,NO DEFECTS,NOT ON SCENE (DESK REPORT),NO INJURY / DRIVE AWAY,,,,"OVER $1,500",11/04/2017 04:16:00 PM,FAILING TO REDUCE SPEED TO AVOID CRASH,FOLLOWING TOO CLOSELY,6718,S,RACINE AVE,724,,,,,,,2,NO INDICATION OF INJURY,0,0,0,0,0,2,0,15,7,11,41.77173175,-87.65444208,POINT (-87.654442080273 41.7717317496)
JA498837,,11/04/2017 03:35:00 PM,30,NO CONTROLS,NO CONTROLS,RAIN,DUSK,ANGLE,DIVIDED - W/MEDIAN (NOT RAISED),,STRAIGHT AND LEVEL,WET,NO DEFECTS,ON SCENE,NO INJURY / DRIVE AWAY,,,Y,"OVER $1,500",11/04/2017 04:00:00 PM,UNABLE TO DETERMINE,NOT APPLICABLE,3950,W,OGDEN AVE,1013,,,,,,,2,NO INDICATION OF INJURY,0,0,0,0,0,2,0,15,7,11,41.851635002,-87.723630004,POINT (-87.723630003513 41.851635001922)
JA498843,,11/04/2017 03:40:00 PM,25,NO CONTROLS,NO CONTROLS,RAIN,DAYLIGHT,SIDESWIPE SAME DIRECTION,DIVIDED - W/MEDIAN (NOT RAISED),4,STRAIGHT AND LEVEL,WET,NO DEFECTS,NOT ON SCENE (DESK REPORT),NO INJURY / DRIVE AWAY,,,,"$501 - $1,500",11/04/2017 04:06:00 PM,UNABLE TO DETERMINE,UNABLE TO DETERMINE,5200,S,KEDZIE AVE,822,,,,,,,2,NO INDICATION OF INJURY,0,0,0,0,0,2,0,15,7,11,41.798899651,-87.703857998,POINT (-87.703857997716 41.798899651482)
JA501308,,11/04/2017 03:40:00 PM,30,STOP SIGN/FLASHER,FUNCTIONING PROPERLY,CLEAR,DAYLIGHT,REAR END,DIVIDED - W/MEDIAN (NOT RAISED),2,STRAIGHT AND LEVEL,DRY,NO DEFECTS,NOT ON SCENE (DESK REPORT),NO INJURY / DRIVE AWAY,,,Y,"$501 - $1,500",11/06/2017 03:00:00 PM,UNABLE TO DETERMINE,NOT APPLICABLE,2911,W,PRATT BLVD,2412,,,,,,,2,NO INDICATION OF INJURY,0,0,0,0,0,2,0,15,7,11,42.004684691,-87.702685196,POINT (-87.702685196387 42.004684691027)
JA500957,Y,11/04/2017 03:40:00 PM,30,TRAFFIC SIGNAL,FUNCTIONING PROPERLY,RAIN,DAYLIGHT,REAR END,NOT DIVIDED,3,STRAIGHT AND LEVEL,WET,NO DEFECTS,NOT ON SCENE (DESK REPORT),NO INJURY / DRIVE AWAY,,,,"OVER $1,500",11/06/2017 11:30:00 AM,UNABLE TO DETERMINE,UNABLE TO DETERMINE,100,E,WACKER DR,114,,,,,,,2,NO INDICATION OF INJURY,0,0,0,0,0,2,0,15,7,11,41.888403032,-87.624396423,POINT (-87.624396422774 41.888403031993)
JA498846,,11/04/2017 03:50:00 PM,30,TRAFFIC SIGNAL,FUNCTIONING PROPERLY,RAIN,DAYLIGHT,SIDESWIPE SAME DIRECTION,NOT DIVIDED,4,STRAIGHT AND LEVEL,WET,NO DEFECTS,NOT ON SCENE (DESK REPORT),NO INJURY / DRIVE AWAY,,,,"$501 - $1,500",11/04/2017 04:12:00 PM,FAILING TO YIELD RIGHT-OF-WAY,NOT APPLICABLE,5500,S,ARCHER AVE,814,,,,,,,2,NO INDICATION OF INJURY,0,0,0,0,0,2,0,15,7,11,41.798242846,-87.746656945,POINT (-87.746656944974 41.798242846192)
JA498932,,11/04/2017 03:50:00 PM,30,NO CONTROLS,NO CONTROLS,RAIN,DAYLIGHT,ANGLE,DIVIDED - W/MEDIAN (NOT RAISED),2,STRAIGHT AND LEVEL,WET,UNKNOWN,NOT ON SCENE (DESK REPORT),INJURY AND / OR TOW DUE TO CRASH,,,Y,"$501 - $1,500",11/04/2017 05:30:00 PM,UNABLE TO DETERMINE,UNABLE TO DETERMINE,7205,S,ASHLAND AVE,734,,,,,,,2,"REPORTED, NOT EVIDENT",1,0,0,0,1,1,0,15,7,11,41.762918925,-87.663585252,POINT (-87.663585251737 41.762918925442)
JA499791,,11/04/2017 03:50:00 PM,30,YIELD,NO CONTROLS,RAIN,"DARKNESS, LIGHTED ROAD",SIDESWIPE SAME DIRECTION,ONE-WAY,,STRAIGHT AND LEVEL,WET,NO DEFECTS,NOT ON SCENE (DESK REPORT),NO INJURY / DRIVE AWAY,,Y,,"OVER $1,500",11/05/2017 11:50:00 AM,FAILING TO YIELD RIGHT-OF-WAY,FAILING TO REDUCE SPEED TO AVOID CRASH,2908,N,MARMORA AVE,2514,,,,,,,2,NO INDICATION OF INJURY,0,0,0,0,0,2,0,15,7,11,41.933316461,-87.773755354,POINT (-87.773755353858 41.933316460919)
JA498847,,11/04/2017 03:50:00 PM,35,NO CONTROLS,NO CONTROLS,CLOUDY/OVERCAST,DAYLIGHT,FIXED OBJECT,DIVIDED - W/MEDIAN BARRIER,4,CURVE ON GRADE,WET,WORN SURFACE,ON SCENE,INJURY AND / OR TOW DUE TO CRASH,,,,"OVER $1,500",11/04/2017 03:54:00 PM,EQUIPMENT - VEHICLE CONDITION,NOT APPLICABLE,9000,S,LAKE SHORE DR,424,,,,,,,1,"REPORTED, NOT EVIDENT",1,0,0,0,1,0,0,15,7,11,41.731949548,-87.540284343,POINT (-87.54028434318 41.731949548355)
JA498877,,11/04/2017 03:59:00 PM,30,TRAFFIC SIGNAL,FUNCTIONING PROPERLY,RAIN,DAYLIGHT,HEAD ON,NOT DIVIDED,2,STRAIGHT AND LEVEL,WET,NO DEFECTS,ON SCENE,INJURY AND / OR TOW DUE TO CRASH,Y,Y,,"OVER $1,500",11/04/2017 03:59:00 PM,NOT APPLICABLE,NOT APPLICABLE,532,E,ILLINOIS ST,1834,,,,,,,2,NONINCAPACITATING INJURY,1,0,0,1,0,1,0,15,7,11,41.891233581,-87.613501254,POINT (-87.613501254346 41.891233580643)
JA499154,,11/04/2017 04:00:00 PM,35,NO CONTROLS,NO CONTROLS,RAIN,DAYLIGHT,ANGLE,NOT DIVIDED,4,STRAIGHT AND LEVEL,WET,NO DEFECTS,NOT ON SCENE (DESK REPORT),NO INJURY / DRIVE AWAY,,,,"$501 - $1,500",11/04/2017 09:00:00 PM,FAILING TO YIELD RIGHT-OF-WAY,WEATHER,5143,S,PULASKI RD,822,,,,,,,2,NO INDICATION OF INJURY,0,0,0,0,0,3,0,16,7,11,41.799217682,-87.723187665,POINT (-87.723187665131 41.799217682399)
JA498923,,11/04/2017 04:00:00 PM,35,TRAFFIC SIGNAL,FUNCTIONING PROPERLY,RAIN,DAYLIGHT,SIDESWIPE SAME DIRECTION,CENTER TURN LANE,3,STRAIGHT AND LEVEL,WET,UNKNOWN,NOT ON SCENE (DESK REPORT),NO INJURY / DRIVE AWAY,Y,,,"$501 - $1,500",11/04/2017 05:12:00 PM,NOT APPLICABLE,NOT APPLICABLE,7309,W,IRVING PARK RD,1631,,,,,,,2,NO INDICATION OF INJURY,0,0,0,0,0,2,0,16,7,11,41.952584173,-87.810229101,POINT (-87.810229100755 41.952584173003)
JA500278,,11/04/2017 04:00:00 PM,30,NO CONTROLS,NO CONTROLS,RAIN,DAYLIGHT,ANGLE,OTHER,0,STRAIGHT AND LEVEL,WET,NO DEFECTS,NOT ON SCENE (DESK REPORT),NO INJURY / DRIVE AWAY,,,,"OVER $1,500",11/05/2017 07:13:00 PM,FAILING TO YIELD RIGHT-OF-WAY,DRIVING SKILLS/KNOWLEDGE/EXPERIENCE,1231,S,DAMEN AVE,1233,,,,,,,2,NO INDICATION OF INJURY,0,0,0,0,0,2,0,16,7,11,41.865800032,-87.676073606,POINT (-87.676073606076 41.865800031726)
JA498891,,11/04/2017 04:04:00 PM,30,UNKNOWN,UNKNOWN,RAIN,DAWN,REAR END,NOT DIVIDED,2,STRAIGHT AND LEVEL,WET,UNKNOWN,ON SCENE,INJURY AND / OR TOW DUE TO CRASH,,,,"OVER $1,500",11/04/2017 04:07:00 PM,UNABLE TO DETERMINE,DRIVING SKILLS/KNOWLEDGE/EXPERIENCE,4435,W,FULLERTON AVE,2522,,Y,,,,,2,NO INDICATION OF INJURY,0,0,0,0,0,2,0,16,7,11,41.924241917,-87.738001475,POINT (-87.738001475362 41.924241917057)
JA552509,,11/04/2017 04:05:00 PM,30,TRAFFIC SIGNAL,FUNCTIONING PROPERLY,RAIN,DUSK,REAR END,ONE-WAY,3,STRAIGHT AND LEVEL,WET,UNKNOWN,NOT ON SCENE (DESK REPORT),NO INJURY / DRIVE AWAY,,,,"$501 - $1,500",12/17/2017 09:30:00 AM,FOLLOWING TOO CLOSELY,FOLLOWING TOO CLOSELY,100,W,GRAND AVE,1831,,,,,,,2,NO INDICATION OF INJURY,0,0,0,0,0,2,0,16,7,11,41.89173502,-87.631201689,POINT (-87.631201688792 41.891735020379)
JA498875,,11/04/2017 04:10:00 PM,30,NO CONTROLS,NO CONTROLS,OTHER,DAYLIGHT,REAR END,DIVIDED - W/MEDIAN (NOT RAISED),,STRAIGHT AND LEVEL,WET,NO DEFECTS,NOT ON SCENE (DESK REPORT),INJURY AND / OR TOW DUE TO CRASH,,,,"OVER $1,500",11/04/2017 04:30:00 PM,FOLLOWING TOO CLOSELY,FOLLOWING TOO CLOSELY,5821,N,SHERIDAN RD,2022,,,,,,,2,"REPORTED, NOT EVIDENT",1,0,0,0,1,2,0,16,7,11,41.987989518,-87.655175896,POINT (-87.655175895984 41.987989517899)
JA498884,N,11/04/2017 04:10:00 PM,30,TRAFFIC SIGNAL,FUNCTIONING PROPERLY,RAIN,"DARKNESS, LIGHTED ROAD",SIDESWIPE SAME DIRECTION,DIVIDED - W/MEDIAN BARRIER,4,STRAIGHT AND LEVEL,WET,NO DEFECTS,ON SCENE,NO INJURY / DRIVE AWAY,,,Y,$500 OR LESS,11/04/2017 04:15:00 PM,IMPROPER OVERTAKING/PASSING,WEATHER,6401,N,SHERIDAN RD,2432,,,,,,,2,NO INDICATION OF INJURY,0,0,0,0,0,3,0,16,7,11,41.998308806,-87.659696383,POINT (-87.659696383256 41.99830880639)
JA498901,,11/04/2017 04:10:00 PM,30,TRAFFIC SIGNAL,FUNCTIONING PROPERLY,CLOUDY/OVERCAST,DAYLIGHT,TURNING,NOT DIVIDED,,STRAIGHT AND LEVEL,WET,NO DEFECTS,NOT ON SCENE (DESK REPORT),NO INJURY / DRIVE AWAY,Y,,Y,$500 OR LESS,11/04/2017 04:50:00 PM,IMPROPER BACKING,NOT APPLICABLE,41,S,ASHLAND AVE,1224,,,,,,,2,NO INDICATION OF INJURY,0,0,0,0,0,2,0,16,7,11,41.880206558,-87.666613313,POINT (-87.666613313459 41.880206558235)
JA498889,,11/04/2017 04:10:00 PM,30,STOP SIGN/FLASHER,UNKNOWN,CLOUDY/OVERCAST,DAYLIGHT,REAR END,NOT DIVIDED,,STRAIGHT AND LEVEL,WET,UNKNOWN,NOT ON SCENE (DESK REPORT),NO INJURY / DRIVE AWAY,,,,"$501 - $1,500",11/04/2017 04:45:00 PM,WEATHER,WEATHER,2131,N,KOSTNER AVE,2522,,,,,,,2,NO INDICATION OF INJURY,0,0,0,0,0,2,0,16,7,11,41.919834909,-87.736260166,POINT (-87.736260166276 41.919834908984)
JA499766,,11/04/2017 04:15:00 PM,30,STOP SIGN/FLASHER,FUNCTIONING PROPERLY,CLOUDY/OVERCAST,DAYLIGHT,REAR END,NOT DIVIDED,2,STRAIGHT AND LEVEL,WET,UNKNOWN,NOT ON SCENE (DESK REPORT),NO INJURY / DRIVE AWAY,,,,"$501 - $1,500",11/05/2017 11:23:00 AM,FOLLOWING TOO CLOSELY,FOLLOWING TOO CLOSELY,634,E,115TH ST,531,,,,,,,2,NO INDICATION OF INJURY,0,0,0,0,0,2,0,16,7,11,41.685591879,-87.606972531,POINT (-87.606972530772 41.685591878832)
JA498861,,11/04/2017 04:15:00 PM,30,NO CONTROLS,NO CONTROLS,RAIN,DAYLIGHT,SIDESWIPE SAME DIRECTION,NOT DIVIDED,2,STRAIGHT AND LEVEL,WET,NO DEFECTS,ON SCENE,NO INJURY / DRIVE AWAY,,,,"$501 - $1,500",11/04/2017 04:19:00 PM,IMPROPER LANE USAGE,UNABLE TO DETERMINE,7544,S,JEFFERY BLVD,414,,,,,,,2,NO INDICATION OF INJURY,0,0,0,0,0,2,0,16,7,11,41.757543252,-87.576260567,POINT (-87.576260567081 41.757543251659)
JA498874,,11/04/2017 04:15:00 PM,30,TRAFFIC SIGNAL,FUNCTIONING PROPERLY,CLOUDY/OVERCAST,DAYLIGHT,REAR END,NOT DIVIDED,,STRAIGHT AND LEVEL,WET,NO DEFECTS,ON SCENE,INJURY AND / OR TOW DUE TO CRASH,,,,"$501 - $1,500",11/04/2017 04:15:00 PM,FOLLOWING TOO CLOSELY,NOT APPLICABLE,100,E,103RD ST,511,,,,,,,2,INCAPACITATING INJURY,2,0,1,1,0,2,0,16,7,11,41.707325932,-87.620133867,POINT (-87.620133867078 41.707325931756)
JA498769,,11/04/2017 04:15:00 PM,30,STOP SIGN/FLASHER,MISSING,RAIN,DAYLIGHT,ANGLE,NOT DIVIDED,4,STRAIGHT AND LEVEL,WET,NO DEFECTS,,INJURY AND / OR TOW DUE TO CRASH,Y,,,"OVER $1,500",11/11/2017 04:43:00 PM,FAILING TO YIELD RIGHT-OF-WAY,WEATHER,759,N,LEAMINGTON AVE,1531,,,,,,,2,"REPORTED, NOT EVIDENT",1,0,0,0,1,3,0,16,7,11,41.894745367,-87.754225228,POINT (-87.754225227837 41.894745367338)
JA498919,,11/04/2017 04:30:00 PM,0,NO CONTROLS,NO CONTROLS,CLOUDY/OVERCAST,DAYLIGHT,REAR END,DIVIDED - W/MEDIAN (NOT RAISED),,STRAIGHT AND LEVEL,WET,NO DEFECTS,ON SCENE,INJURY AND / OR TOW DUE TO CRASH,,,N,"OVER $1,500",11/04/2017 04:45:00 PM,NOT APPLICABLE,NOT APPLICABLE,3852,W,47TH ST,821,,,,,,,2,NO INDICATION OF INJURY,0,0,0,0,0,4,0,16,7,11,41.808015046,-87.720807035,POINT (-87.720807035051 41.808015045845)
JA498984,Y,11/04/2017 04:30:00 PM,30,TRAFFIC SIGNAL,FUNCTIONING PROPERLY,CLEAR,DAYLIGHT,TURNING,NOT DIVIDED,3,STRAIGHT AND LEVEL,DRY,NO DEFECTS,NOT ON SCENE (DESK REPORT),NO INJURY / DRIVE AWAY,,,,"OVER $1,500",11/04/2017 06:08:00 PM,FOLLOWING TOO CLOSELY,NOT APPLICABLE,433,W,HARRISON ST,124,,,,,,,2,NO INDICATION OF INJURY,0,0,0,0,0,2,0,16,7,11,41.874301044,-87.639082121,POINT (-87.639082121332 41.874301044496)
JA498937,,11/04/2017 04:30:00 PM,30,NO CONTROLS,NO CONTROLS,RAIN,DAYLIGHT,REAR END,DIVIDED - W/MEDIAN (NOT RAISED),,STRAIGHT AND LEVEL,WET,NO DEFECTS,NOT ON SCENE (DESK REPORT),NO INJURY / DRIVE AWAY,,,,"OVER $1,500",11/04/2017 05:20:00 PM,FOLLOWING TOO CLOSELY,NOT APPLICABLE,1701,N,HARLEM AVE,2513,,,,,,,2,NO INDICATION OF INJURY,0,0,0,0,0,2,0,16,7,11,41.910800319,-87.805682715,POINT (-87.805682715111 41.91080031883)
JA498956,Y,11/04/2017 04:30:00 PM,20,NO CONTROLS,NO CONTROLS,RAIN,UNKNOWN,PARKED MOTOR VEHICLE,ONE-WAY,3,STRAIGHT AND LEVEL,WET,NO DEFECTS,ON SCENE,NO INJURY / DRIVE AWAY,,,Y,$500 OR LESS,11/04/2017 05:27:00 PM,UNABLE TO DETERMINE,UNABLE TO DETERMINE,2306,N,MANGO AVE,2515,,,,,,,2,NO INDICATION OF INJURY,0,0,0,0,0,1,0,16,7,11,41.922357932,-87.769727824,POINT (-87.769727824449 41.922357931668)
JA498903,,11/04/2017 04:35:00 PM,15,NO CONTROLS,NO CONTROLS,CLEAR,DAYLIGHT,PARKED MOTOR VEHICLE,PARKING LOT,1,STRAIGHT AND LEVEL,DRY,NO DEFECTS,NOT ON SCENE (DESK REPORT),NO INJURY / DRIVE AWAY,,,Y,"OVER $1,500",11/04/2017 04:50:00 PM,UNABLE TO DETERMINE,UNABLE TO DETERMINE,6345,S,COTTAGE GROVE AVE,312,,,,,,,2,NO INDICATION OF INJURY,0,0,0,0,0,1,0,16,7,11,41.779081515,-87.605754756,POINT (-87.605754755655 41.779081515222)
JA498958,,11/04/2017 04:40:00 PM,30,NO CONTROLS,NO CONTROLS,CLOUDY/OVERCAST,DUSK,SIDESWIPE SAME DIRECTION,DIVIDED - W/MEDIAN (NOT RAISED),,STRAIGHT AND LEVEL,WET,NO DEFECTS,NOT ON SCENE (DESK REPORT),NO INJURY / DRIVE AWAY,,,,"OVER $1,500",11/04/2017 05:40:00 PM,FAILING TO YIELD RIGHT-OF-WAY,NOT APPLICABLE,1251,W,103RD ST,2232,,,,,,,2,NO INDICATION OF INJURY,0,0,0,0,0,2,0,16,7,11,41.706695092,-87.654664531,POINT (-87.654664531136 41.706695092442)
JA498896,,11/04/2017 04:40:00 PM,40,NO CONTROLS,NO CONTROLS,RAIN,DAYLIGHT,REAR END,DIVIDED - W/MEDIAN BARRIER,,STRAIGHT AND LEVEL,WET,NO DEFECTS,ON SCENE,NO INJURY / DRIVE AWAY,,,,"OVER $1,500",11/04/2017 04:50:00 PM,EXCEEDING SAFE SPEED FOR CONDITIONS,WEATHER,1000,N,LAKE SHORE DR NB,1824,,,,,,,2,NO INDICATION OF INJURY,0,0,0,0,0,2,0,16,7,11,41.901002863,-87.619779806,POINT (-87.619779806193 41.901002863094)
JA498912,,11/04/2017 04:45:00 PM,30,STOP SIGN/FLASHER,FUNCTIONING PROPERLY,RAIN,DAYLIGHT,REAR END,NOT DIVIDED,2,STRAIGHT AND LEVEL,WET,NO DEFECTS,NOT ON SCENE (DESK REPORT),NO INJURY / DRIVE AWAY,,,,$500 OR LESS,11/04/2017 05:00:00 PM,NOT APPLICABLE,NOT APPLICABLE,5800,S,RACINE AVE,713,,,,,,,2,NO INDICATION OF INJURY,0,0,0,0,0,3,0,16,7,11,41.788665207,-87.654883473,POINT (-87.654883472849 41.788665207448)
JA498931,,11/04/2017 04:45:00 PM,30,TRAFFIC SIGNAL,FUNCTIONING PROPERLY,RAIN,DAYLIGHT,REAR END,NOT DIVIDED,4,STRAIGHT AND LEVEL,WET,NO DEFECTS,NOT ON SCENE (DESK REPORT),NO INJURY / DRIVE AWAY,,,,"OVER $1,500",11/04/2017 05:10:00 PM,WEATHER,NOT APPLICABLE,90,E,LA SALLE DR,1814,,,,,,,2,NO INDICATION OF INJURY,0,0,0,0,0,2,0,16,7,11,41.912548539,-87.627162667,POINT (-87.627162667228 41.912548538618)
JA499004,,11/04/2017 04:50:00 PM,30,STOP SIGN/FLASHER,FUNCTIONING PROPERLY,RAIN,DUSK,REAR END,DIVIDED - W/MEDIAN (NOT RAISED),2,STRAIGHT AND LEVEL,WET,NO DEFECTS,NOT ON SCENE (DESK REPORT),INJURY AND / OR TOW DUE TO CRASH,,,,"OVER $1,500",11/04/2017 06:20:00 PM,FAILING TO REDUCE SPEED TO AVOID CRASH,WEATHER,7501,W,ADDISON ST,1631,,,,,,,2,"REPORTED, NOT EVIDENT",1,0,0,0,1,1,0,16,7,11,41.945009225,-87.814395026,POINT (-87.814395026299 41.945009224848)
JA498976,,11/04/2017 05:00:00 PM,30,STOP SIGN/FLASHER,FUNCTIONING PROPERLY,RAIN,DUSK,TURNING,NOT DIVIDED,,"CURVE, LEVEL",WET,NO DEFECTS,ON SCENE,NO INJURY / DRIVE AWAY,,,,"OVER $1,500",11/04/2017 05:15:00 PM,FOLLOWING TOO CLOSELY,DRIVING SKILLS/KNOWLEDGE/EXPERIENCE,13300,S,BRAINARD AVE,433,Y,,,,,,2,NO INDICATION OF INJURY,0,0,0,0,0,2,0,17,7,11,41.653486647,-87.552667963,POINT (-87.55266796284 41.653486646849)
JA499034,,11/04/2017 05:00:00 PM,35,TRAFFIC SIGNAL,FUNCTIONING PROPERLY,RAIN,"DARKNESS, LIGHTED ROAD",REAR END,DIVIDED - W/MEDIAN BARRIER,,STRAIGHT ON GRADE,WET,NO DEFECTS,NOT ON SCENE (DESK REPORT),NO INJURY / DRIVE AWAY,,,,"OVER $1,500",11/04/2017 07:00:00 PM,WEATHER,NOT APPLICABLE,5420,W,DEVON AVE,1621,,,,,,,2,NO INDICATION OF INJURY,0,0,0,0,0,2,0,17,7,11,41.997438954,-87.764630624,POINT (-87.764630624231 41.997438953581)