RD_NO,CRASH_DATE_EST_I,CRASH_DATE,POSTED_SPEED_LIMIT,TRAFFIC_CONTROL_DEVICE,DEVICE_CONDITION,WEATHER_CONDITION,LIGHTING_CONDITION,FIRST_CRASH_TYPE,TRAFFICWAY_TYPE,LANE_CNT,ALIGNMENT,ROADWAY_SURFACE_COND,ROAD_DEFECT,REPORT_TYPE,CRASH_TYPE,INTERSECTION_RELATED_I,NOT_RIGHT_OF_WAY_I,HIT_AND_RUN_I,DAMAGE,DATE_POLICE_NOTIFIED,PRIM_CONTRIBUTORY_CAUSE,SEC_CONTRIBUTORY_CAUSE,STREET_NO,STREET_DIRECTION,STREET_NAME,BEAT_OF_OCCURRENCE,PHOTOS_TAKEN_I,STATEMENTS_TAKEN_I,DOORING_I,WORK_ZONE_I,WORK_ZONE_TYPE,WORKERS_PRESENT_I,NUM_UNITS,MOST_SEVERE_INJURY,INJURIES_TOTAL,INJURIES_FATAL,INJURIES_INCAPACITATING,INJURIES_NON_INCAPACITATING,INJURIES_REPORTED_NOT_EVIDENT,INJURIES_NO_INDICATION,INJURIES_UNKNOWN,CRASH_HOUR,CRASH_DAY_OF_WEEK,CRASH_MONTH,LATITUDE,LONGITUDE,LOCATION
JA499128,,11/04/2017 07:35:00 PM,30,NO CONTROLS,NO CONTROLS,RAIN,"DARKNESS, LIGHTED ROAD",REAR END,DIVIDED - W/MEDIAN (NOT RAISED),4,STRAIGHT AND LEVEL,WET,NO DEFECTS,ON SCENE,INJURY AND / OR TOW DUE TO CRASH,,,,"OVER $1,500",11/04/2017 07:36:00 PM,WEATHER,FOLLOWING TOO CLOSELY,1465,E,130TH ST,434,,,,,,,2,NO INDICATION OF INJURY,0,0,0,0,0,4,0,19,7,11,41.660283894,-87.58866624,POINT (-87.58866623998 41.660283893596)
JA499113,,11/04/2017 07:40:00 PM,35,TRAFFIC SIGNAL,FUNCTIONING PROPERLY,RAIN,DARKNESS,SIDESWIPE SAME DIRECTION,DIVIDED - W/MEDIAN (NOT RAISED),4,STRAIGHT AND LEVEL,WET,NO DEFECTS,ON SCENE,INJURY AND / OR TOW DUE TO CRASH,,,,"OVER $1,500",11/04/2017 07:56:00 PM,UNABLE TO DETERMINE,WEATHER,8258,S,WESTERN AVE,835,,,,,,,2,NO INDICATION OF INJURY,0,0,0,0,0,3,0,19,7,11,41.742889586,-87.682826639,POINT (-87.682826638553 41.742889585658)
JA499117,,11/04/2017 07:40:00 PM,30,NO CONTROLS,NO CONTROLS,CLEAR,"DARKNESS, LIGHTED ROAD",PARKED MOTOR VEHICLE,NOT DIVIDED,2,STRAIGHT AND LEVEL,DRY,NO DEFECTS,NOT ON SCENE (DESK REPORT),NO INJURY / DRIVE AWAY,,,,"OVER $1,500",11/04/2017 08:00:00 PM,UNABLE TO DETERMINE,NOT APPLICABLE,1835,W,NORTH AVE,1424,,,,,,,2,NO INDICATION OF INJURY,0,0,0,0,0,3,0,19,7,11,41.910429626,-87.673941681,POINT (-87.673941681121 41.910429625867)
JA499148,,11/04/2017 07:45:00 PM,30,NO CONTROLS,NO CONTROLS,RAIN,DARKNESS,PARKED MOTOR VEHICLE,NOT DIVIDED,,STRAIGHT AND LEVEL,WET,NO DEFECTS,ON SCENE,NO INJURY / DRIVE AWAY,,,Y,"$501 - $1,500",11/04/2017 07:50:00 PM,UNABLE TO DETERMINE,NOT APPLICABLE,1319,N,CENTRAL AVE,2532,,,,,,,2,NO INDICATION OF INJURY,0,0,0,0,0,1,0,19,7,11,41.904608643,-87.765597327,POINT (-87.765597326779 41.904608642571)
JA499150,,11/04/2017 07:45:00 PM,30,NO CONTROLS,NO CONTROLS,RAIN,"DARKNESS, LIGHTED ROAD",REAR END,DRIVEWAY,,STRAIGHT AND LEVEL,WET,NO DEFECTS,NOT ON SCENE (DESK REPORT),NO INJURY / DRIVE AWAY,,,,"$501 - $1,500",11/04/2017 08:47:00 PM,UNABLE TO DETERMINE,UNABLE TO DETERMINE,5700,S,LAKE SHORE DR,331,,,,,,,2,NO INDICATION OF INJURY,0,0,0,0,0,2,0,19,7,11,41.791420282,-87.580147769,POINT (-87.580147768689 41.791420282098)
JA499105,,11/04/2017 07:46:00 PM,35,TRAFFIC SIGNAL,FUNCTIONING PROPERLY,RAIN,"DARKNESS, LIGHTED ROAD",OTHER OBJECT,DIVIDED - W/MEDIAN BARRIER,,STRAIGHT AND LEVEL,WET,UNKNOWN,ON SCENE,INJURY AND / OR TOW DUE TO CRASH,,,Y,"OVER $1,500",11/04/2017 07:46:00 PM,FOLLOWING TOO CLOSELY,NOT APPLICABLE,10300,S,HALSTED ST,2232,,,,,,,2,NO INDICATION OF INJURY,0,0,0,0,0,2,0,19,7,11,41.706823337,-87.642977469,POINT (-87.642977469284 41.706823336585)
JA499115,,11/04/2017 07:49:00 PM,30,STOP SIGN/FLASHER,FUNCTIONING PROPERLY,RAIN,"DARKNESS, LIGHTED ROAD",REAR END,NOT DIVIDED,2,STRAIGHT AND LEVEL,WET,NO DEFECTS,ON SCENE,NO INJURY / DRIVE AWAY,Y,,,"OVER $1,500",11/04/2017 07:55:00 PM,WEATHER,FOLLOWING TOO CLOSELY,11001,S,AVENUE O,433,,,,,,,2,NO INDICATION OF INJURY,0,0,0,0,0,4,0,19,7,11,41.695399297,-87.539956977,POINT (-87.539956976919 41.69539929736)
JA502358,,11/04/2017 07:50:00 PM,30,NO CONTROLS,NO CONTROLS,CLEAR,DARKNESS,TURNING,NOT DIVIDED,2,STRAIGHT AND LEVEL,WET,NO DEFECTS,NOT ON SCENE (DESK REPORT),NO INJURY / DRIVE AWAY,,,,"$501 - $1,500",11/07/2017 11:45:00 AM,FAILING TO YIELD RIGHT-OF-WAY,NOT APPLICABLE,1482,N,MILWAUKEE AVE,1424,,,,,,,2,NO INDICATION OF INJURY,0,0,0,0,0,2,0,19,7,11,41.908819096,-87.675256338,POINT (-87.675256337559 41.908819095618)
JA499145,,11/04/2017 08:00:00 PM,30,TRAFFIC SIGNAL,FUNCTIONING PROPERLY,RAIN,"DARKNESS, LIGHTED ROAD",REAR END,NOT DIVIDED,4,STRAIGHT AND LEVEL,WET,NO DEFECTS,NOT ON SCENE (DESK REPORT),NO INJURY / DRIVE AWAY,,,,"$501 - $1,500",11/04/2017 08:35:00 PM,FOLLOWING TOO CLOSELY,NOT APPLICABLE,5100,S,KEDZIE AVE,822,,,,,,,2,NO INDICATION OF INJURY,0,0,0,0,0,4,0,20,7,11,41.80072726,-87.703910217,POINT (-87.703910217369 41.800727259896)
JA502986,,11/04/2017 08:00:00 PM,30,NO CONTROLS,NO CONTROLS,RAIN,DAYLIGHT,TURNING,NOT DIVIDED,2,STRAIGHT AND LEVEL,WET,UNKNOWN,NOT ON SCENE (DESK REPORT),NO INJURY / DRIVE AWAY,,,,"OVER $1,500",11/07/2017 06:54:00 PM,UNABLE TO DETERMINE,UNABLE TO DETERMINE,206,W,127TH ST,523,,,,,,,2,NO INDICATION OF INJURY,0,0,0,0,0,3,0,20,7,11,41.663494761,-87.627293541,POINT (-87.627293540835 41.66349476121)
JA499888,,11/04/2017 08:00:00 PM,30,TRAFFIC SIGNAL,FUNCTIONING PROPERLY,RAIN,DARKNESS,REAR END,DIVIDED - W/MEDIAN (NOT RAISED),4,STRAIGHT AND LEVEL,WET,UNKNOWN,NOT ON SCENE (DESK REPORT),NO INJURY / DRIVE AWAY,,,,"OVER $1,500",11/05/2017 01:32:00 PM,FOLLOWING TOO CLOSELY,DRIVING SKILLS/KNOWLEDGE/EXPERIENCE,455,S,CICERO AVE,1131,,,,,,,2,NO INDICATION OF INJURY,0,0,0,0,0,3,0,20,7,11,41.874140156,-87.74488983,POINT (-87.744889830024 41.87414015565)
JA499165,,11/04/2017 08:00:00 PM,30,NO CONTROLS,NO CONTROLS,RAIN,"DARKNESS, LIGHTED ROAD",REAR END,DIVIDED - W/MEDIAN (NOT RAISED),,STRAIGHT AND LEVEL,WET,NO DEFECTS,NOT ON SCENE (DESK REPORT),NO INJURY / DRIVE AWAY,,,Y,$500 OR LESS,11/04/2017 09:15:00 PM,FOLLOWING TOO CLOSELY,WEATHER,7501,W,IRVING PARK RD,1631,,,,,,,2,NO INDICATION OF INJURY,0,0,0,0,0,3,0,20,7,11,41.952483085,-87.814691799,POINT (-87.814691799425 41.952483084614)
JA499151,,11/04/2017 08:19:00 PM,30,TRAFFIC SIGNAL,FUNCTIONING PROPERLY,RAIN,"DARKNESS, LIGHTED ROAD",TURNING,ONE-WAY,1,STRAIGHT AND LEVEL,WET,NO DEFECTS,ON SCENE,NO INJURY / DRIVE AWAY,Y,,,"$501 - $1,500",11/04/2017 09:00:00 PM,IMPROPER TURNING/NO SIGNAL,NOT APPLICABLE,28,E,DELAWARE PL,1833,,,,,,,2,NO INDICATION OF INJURY,0,0,0,0,0,2,0,20,7,11,41.899272002,-87.627015567,POINT (-87.627015566701 41.899272002338)
JA499152,,11/04/2017 08:20:00 PM,30,TRAFFIC SIGNAL,FUNCTIONING PROPERLY,CLEAR,"DARKNESS, LIGHTED ROAD",REAR END,DIVIDED - W/MEDIAN (NOT RAISED),1,STRAIGHT AND LEVEL,DRY,SHOULDER DEFECT,NOT ON SCENE (DESK REPORT),NO INJURY / DRIVE AWAY,,,,"OVER $1,500",11/04/2017 08:50:00 PM,UNABLE TO DETERMINE,UNABLE TO DETERMINE,200,N,WABASH AVE,111,,,,,,,2,NO INDICATION OF INJURY,0,0,0,0,0,2,0,20,7,11,41.885757418,-87.626426369,POINT (-87.626426369268 41.88575741772)
JA499178,N,11/04/2017 08:30:00 PM,30,NO CONTROLS,NO CONTROLS,RAIN,"DARKNESS, LIGHTED ROAD",PARKED MOTOR VEHICLE,NOT DIVIDED,2,STRAIGHT AND LEVEL,WET,NO DEFECTS,ON SCENE,INJURY AND / OR TOW DUE TO CRASH,,,,"OVER $1,500",11/04/2017 09:31:00 PM,EXCEEDING SAFE SPEED FOR CONDITIONS,WEATHER,1830,S,DAMEN AVE,1234,,,,,,,2,NO INDICATION OF INJURY,0,0,0,0,0,1,0,20,7,11,41.856790186,-87.676118222,POINT (-87.676118221858 41.85679018625)
JA499156,,11/04/2017 08:40:00 PM,35,NO CONTROLS,UNKNOWN,RAIN,"DARKNESS, LIGHTED ROAD",TURNING,NOT DIVIDED,2,STRAIGHT AND LEVEL,WET,NO DEFECTS,ON SCENE,NO INJURY / DRIVE AWAY,N,,,"$501 - $1,500",11/04/2017 08:44:00 PM,UNABLE TO DETERMINE,NOT APPLICABLE,2683,N,HALSTED ST,1935,,,,,,,2,NO INDICATION OF INJURY,0,0,0,0,0,2,0,20,7,11,41.931375185,-87.648818482,POINT (-87.64881848229 41.93137518472)
JA499222,,11/04/2017 08:45:00 PM,30,TRAFFIC SIGNAL,FUNCTIONING PROPERLY,RAIN,"DARKNESS, LIGHTED ROAD",REAR END,DIVIDED - W/MEDIAN (NOT RAISED),,STRAIGHT AND LEVEL,WET,NO DEFECTS,NOT ON SCENE (DESK REPORT),NO INJURY / DRIVE AWAY,,,,"OVER $1,500",11/04/2017 10:45:00 PM,IMPROPER BACKING,NOT APPLICABLE,2345,W,ARMITAGE AVE,1434,,,,,,,2,NO INDICATION OF INJURY,0,0,0,0,0,2,0,20,7,11,41.917466481,-87.686816237,POINT (-87.686816236886 41.91746648069)
JA499219,,11/04/2017 09:00:00 PM,10,NO CONTROLS,NO CONTROLS,RAIN,"DARKNESS, LIGHTED ROAD",PARKED MOTOR VEHICLE,PARKING LOT,,STRAIGHT AND LEVEL,WET,"RUT, HOLES",ON SCENE,NO INJURY / DRIVE AWAY,,,,$500 OR LESS,11/04/2017 09:00:00 PM,WEATHER,NOT APPLICABLE,2111,W,LEXINGTON ST,1225,,,,N,,,2,NO INDICATION OF INJURY,0,0,0,0,0,1,0,21,7,11,41.872225349,-87.679373607,POINT (-87.679373606996 41.872225349407)
JA499218,,11/04/2017 09:00:00 PM,30,TRAFFIC SIGNAL,UNKNOWN,UNKNOWN,UNKNOWN,TURNING,NOT DIVIDED,,STRAIGHT AND LEVEL,UNKNOWN,UNKNOWN,ON SCENE,NO INJURY / DRIVE AWAY,,,Y,"OVER $1,500",11/04/2017 10:27:00 PM,UNABLE TO DETERMINE,UNABLE TO DETERMINE,4300,S,LA SALLE ST,215,,,,,,,2,NO INDICATION OF INJURY,0,0,0,0,0,2,0,21,7,11,41.816438805,-87.629586596,POINT (-87.629586596136 41.816438804918)
JA499176,,11/04/2017 09:00:00 PM,30,NO CONTROLS,NO CONTROLS,RAIN,DARKNESS,SIDESWIPE SAME DIRECTION,NOT DIVIDED,2,STRAIGHT AND LEVEL,WET,NO DEFECTS,ON SCENE,NO INJURY / DRIVE AWAY,,,Y,"OVER $1,500",11/04/2017 09:20:00 PM,UNABLE TO DETERMINE,UNABLE TO DETERMINE,5500,W,IRVING PARK RD,1624,,,,,,,2,NO INDICATION OF INJURY,0,0,0,0,0,2,0,21,7,11,41.953320153,-87.764666198,POINT (-87.764666197546 41.953320152506)
JA500442,,11/04/2017 09:00:00 PM,30,NO CONTROLS,NO CONTROLS,RAIN,"DARKNESS, LIGHTED ROAD",PARKED MOTOR VEHICLE,DIVIDED - W/MEDIAN (NOT RAISED),2,STRAIGHT AND LEVEL,WET,NO DEFECTS,ON SCENE,NO INJURY / DRIVE AWAY,,,Y,"OVER $1,500",11/05/2017 10:00:00 PM,IMPROPER BACKING,IMPROPER BACKING,3717,W,26TH ST,1031,,,,,,,2,NO INDICATION OF INJURY,0,0,0,0,0,1,0,21,7,11,41.844227177,-87.71802222,POINT (-87.718022219612 41.844227176665)
JA499211,,11/04/2017 09:00:00 PM,30,UNKNOWN,UNKNOWN,RAIN,"DARKNESS, LIGHTED ROAD",PARKED MOTOR VEHICLE,ONE-WAY,1,STRAIGHT AND LEVEL,WET,UNKNOWN,NOT ON SCENE (DESK REPORT),NO INJURY / DRIVE AWAY,,,Y,"OVER $1,500",11/04/2017 09:46:00 PM,UNABLE TO DETERMINE,WEATHER,314,N,LOREL AVE,1523,,,,,,,2,NO INDICATION OF INJURY,0,0,0,0,0,1,0,21,7,11,41.886072238,-87.759093742,POINT (-87.759093742125 41.88607223784)
JA499171,,11/04/2017 09:15:00 PM,30,NO CONTROLS,NO CONTROLS,RAIN,"DARKNESS, LIGHTED ROAD",PARKED MOTOR VEHICLE,NOT DIVIDED,2,STRAIGHT AND LEVEL,WET,NO DEFECTS,ON SCENE,NO INJURY / DRIVE AWAY,,,,"OVER $1,500",11/04/2017 09:20:00 PM,WEATHER,NOT APPLICABLE,7056,S,MORGAN ST,733,,,,,,,2,NO INDICATION OF INJURY,0,0,0,0,0,1,0,21,7,11,41.765273481,-87.649417419,POINT (-87.649417419384 41.765273480749)
JA499181,,11/04/2017 09:20:00 PM,35,TRAFFIC SIGNAL,FUNCTIONING PROPERLY,FOG/SMOKE/HAZE,"DARKNESS, LIGHTED ROAD",PEDESTRIAN,DIVIDED - W/MEDIAN (NOT RAISED),4,STRAIGHT AND LEVEL,WET,NO DEFECTS,ON SCENE,INJURY AND / OR TOW DUE TO CRASH,Y,,,"$501 - $1,500",11/04/2017 09:21:00 PM,FAILING TO YIELD RIGHT-OF-WAY,UNABLE TO DETERMINE,6359,W,FULLERTON AVE,2512,,Y,,,,,2,NONINCAPACITATING INJURY,1,0,0,1,0,1,0,21,7,11,41.923568993,-87.785379196,POINT (-87.78537919603 41.923568992727)
JA500078,,11/04/2017 09:25:00 PM,35,NO CONTROLS,NO CONTROLS,CLEAR,DARKNESS,REAR END,NOT DIVIDED,,STRAIGHT AND LEVEL,DRY,NO DEFECTS,NOT ON SCENE (DESK REPORT),NO INJURY / DRIVE AWAY,,,,"OVER $1,500",11/05/2017 04:00:00 PM,DRIVING SKILLS/KNOWLEDGE/EXPERIENCE,DRIVING SKILLS/KNOWLEDGE/EXPERIENCE,2414,N,SHEFFIELD AVE,1932,,,,,,,2,NO INDICATION OF INJURY,0,0,0,0,0,2,0,21,7,11,41.925855377,-87.653771154,POINT (-87.653771154467 41.925855377207)
JA499200,,11/04/2017 09:25:00 PM,30,TRAFFIC SIGNAL,FUNCTIONING PROPERLY,RAIN,"DARKNESS, LIGHTED ROAD",REAR END,NOT DIVIDED,2,STRAIGHT AND LEVEL,WET,NO DEFECTS,ON SCENE,NO INJURY / DRIVE AWAY,Y,,,"$501 - $1,500",11/04/2017 09:33:00 PM,UNABLE TO DETERMINE,UNABLE TO DETERMINE,5500,S,WELLS ST,711,,,,,,,3,NO INDICATION OF INJURY,0,0,0,0,0,3,0,21,7,11,41.794199485,-87.631925482,POINT (-87.631925482492 41.794199485414)
JA499253,,11/04/2017 09:30:00 PM,30,UNKNOWN,UNKNOWN,RAIN,"DARKNESS, LIGHTED ROAD",TURNING,DIVIDED - W/MEDIAN (NOT RAISED),4,STRAIGHT AND LEVEL,WET,UNKNOWN,ON SCENE,INJURY AND / OR TOW DUE TO CRASH,,,Y,"$501 - $1,500",11/04/2017 10:48:00 PM,FOLLOWING TOO CLOSELY,UNABLE TO DETERMINE,2959,N,CICERO AVE,2521,,,,,,,2,NO INDICATION OF INJURY,0,0,0,0,0,2,0,21,7,11,41.935138656,-87.746591974,POINT (-87.746591973657 41.935138655966)
JA499192,,11/04/2017 09:30:00 PM,30,TRAFFIC SIGNAL,FUNCTIONING PROPERLY,RAIN,DARKNESS,REAR END,CENTER TURN LANE,,STRAIGHT AND LEVEL,WET,NO DEFECTS,ON SCENE,NO INJURY / DRIVE AWAY,,,,$500 OR LESS,11/04/2017 09:40:00 PM,FAILING TO REDUCE SPEED TO AVOID CRASH,FOLLOWING TOO CLOSELY,4210,N,CICERO AVE,1624,,,,,,,2,NO INDICATION OF INJURY,0,0,0,0,0,2,0,21,7,11,41.957429417,-87.747574416,POINT (-87.747574416049 41.957429416618)
JA499235,,11/04/2017 09:45:00 PM,30,TRAFFIC SIGNAL,FUNCTIONING PROPERLY,RAIN,"DARKNESS, LIGHTED ROAD",TURNING,CENTER TURN LANE,4,STRAIGHT AND LEVEL,WET,NO DEFECTS,ON SCENE,INJURY AND / OR TOW DUE TO CRASH,Y,,Y,"OVER $1,500",11/04/2017 10:21:00 PM,IMPROPER TURNING/NO SIGNAL,UNABLE TO DETERMINE,140,W,43RD ST,925,,,,,,,2,NO INDICATION OF INJURY,0,0,0,0,0,2,0,21,7,11,41.816542464,-87.630268134,POINT (-87.630268133818 41.816542463675)
JA499622,,11/04/2017 09:45:00 PM,40,TRAFFIC SIGNAL,FUNCTIONING PROPERLY,CLEAR,"DARKNESS, LIGHTED ROAD",REAR END,NOT DIVIDED,4,STRAIGHT AND LEVEL,WET,NO DEFECTS,NOT ON SCENE (DESK REPORT),NO INJURY / DRIVE AWAY,,,,$500 OR LESS,11/05/2017 09:29:00 AM,FOLLOWING TOO CLOSELY,UNABLE TO DETERMINE,6350,W,DEVON AVE,1611,,,,,,,2,NO INDICATION OF INJURY,0,0,0,0,0,2,0,21,7,11,41.997466794,-87.787338597,POINT (-87.787338597339 41.997466794382)
JA499213,,11/04/2017 09:56:00 PM,30,UNKNOWN,FUNCTIONING PROPERLY,RAIN,"DARKNESS, LIGHTED ROAD",SIDESWIPE OPPOSITE DIRECTION,PARKING LOT,1,STRAIGHT AND LEVEL,WET,NO DEFECTS,NOT ON SCENE (DESK REPORT),NO INJURY / DRIVE AWAY,,,Y,"$501 - $1,500",11/04/2017 10:02:00 PM,DRIVING ON WRONG SIDE/WRONG WAY,UNABLE TO DETERMINE,798,W,81ST ST,621,,,,,,,2,NO INDICATION OF INJURY,0,0,0,0,0,2,0,21,7,11,41.747109191,-87.643877056,POINT (-87.643877056496 41.747109190959)
JA500127,,11/04/2017 10:00:00 PM,30,TRAFFIC SIGNAL,FUNCTIONING PROPERLY,RAIN,"DARKNESS, LIGHTED ROAD",PEDESTRIAN,DIVIDED - W/MEDIAN (NOT RAISED),4,STRAIGHT AND LEVEL,WET,NO DEFECTS,ON SCENE,INJURY AND / OR TOW DUE TO CRASH,,,Y,$500 OR LESS,11/05/2017 04:32:00 PM,FAILING TO YIELD RIGHT-OF-WAY,NOT APPLICABLE,6300,S,STATE ST,312,,,,,,,2,NONINCAPACITATING INJURY,1,0,0,1,0,1,0,22,7,11,41.780008277,-87.625522512,POINT (-87.625522511916 41.780008277408)
JA500737,,11/04/2017 10:00:00 PM,30,YIELD,FUNCTIONING PROPERLY,CLEAR,DARKNESS,SIDESWIPE SAME DIRECTION,ONE-WAY,,STRAIGHT AND LEVEL,DRY,NO DEFECTS,NOT ON SCENE (DESK REPORT),NO INJURY / DRIVE AWAY,,,,"$501 - $1,500",11/06/2017 08:47:00 AM,IMPROPER LANE USAGE,NOT APPLICABLE,7601,S,STATE ST,623,,,,,,,2,NO INDICATION OF INJURY,0,0,0,0,0,2,0,22,7,11,41.756403093,-87.624576516,POINT (-87.624576515698 41.756403092616)
JA498128,,11/04/2017 10:00:00 PM,30,TRAFFIC SIGNAL,FUNCTIONING PROPERLY,CLEAR,"DARKNESS, LIGHTED ROAD",SIDESWIPE SAME DIRECTION,NOT DIVIDED,,STRAIGHT AND LEVEL,DRY,NO DEFECTS,,INJURY AND / OR TOW DUE TO CRASH,Y,,,"OVER $1,500",11/05/2017 01:30:00 AM,IMPROPER LANE USAGE,NOT APPLICABLE,532,N,CLARK ST,1831,,,,,,,2,"REPORTED, NOT EVIDENT",1,0,0,0,1,1,0,22,7,11,41.891765981,-87.631277644,POINT (-87.631277644397 41.891765980964)
JA500412,,11/04/2017 10:05:00 PM,25,TRAFFIC SIGNAL,FUNCTIONING PROPERLY,CLEAR,"DARKNESS, LIGHTED ROAD",TURNING,NOT DIVIDED,2,STRAIGHT AND LEVEL,DRY,NO DEFECTS,NOT ON SCENE (DESK REPORT),NO INJURY / DRIVE AWAY,Y,,,"OVER $1,500",11/05/2017 09:25:00 PM,UNABLE TO DETERMINE,UNABLE TO DETERMINE,1548,N,CLYBOURN AVE,1822,,,,,,,2,NO INDICATION OF INJURY,0,0,0,0,0,2,0,22,7,11,41.909511923,-87.647778028,POINT (-87.647778027718 41.909511922541)
JA499262,,11/04/2017 10:15:00 PM,45,NO CONTROLS,NO CONTROLS,RAIN,"DARKNESS, LIGHTED ROAD",FIXED OBJECT,RAMP,2,CURVE ON GRADE,WET,NO DEFECTS,ON SCENE,INJURY AND / OR TOW DUE TO CRASH,,,,"OVER $1,500",11/04/2017 10:52:00 PM,EXCEEDING SAFE SPEED FOR CONDITIONS,WEATHER,6500,S,CHICAGO SKYWAY IB,312,,,,,,,1,NO INDICATION OF INJURY,0,0,0,0,0,3,0,22,7,11,41.775404678,-87.62764969,POINT (-87.627649690436 41.775404677534)
JA499265,,11/04/2017 10:15:00 PM,30,TRAFFIC SIGNAL,FUNCTIONING PROPERLY,RAIN,"DARKNESS, LIGHTED ROAD",TURNING,NOT DIVIDED,2,STRAIGHT AND LEVEL,WET,NO DEFECTS,NOT ON SCENE (DESK REPORT),NO INJURY / DRIVE AWAY,,,,"OVER $1,500",11/04/2017 11:15:00 PM,FAILING TO YIELD RIGHT-OF-WAY,IMPROPER OVERTAKING/PASSING,1653,W,CONGRESS PKWY,1231,,,,,,,2,NO INDICATION OF INJURY,0,0,0,0,0,2,0,22,7,11,41.875033341,-87.668753001,POINT (-87.668753001303 41.875033341441)
JA505321,,11/04/2017 10:15:00 PM,30,TRAFFIC SIGNAL,FUNCTIONING PROPERLY,RAIN,"DARKNESS, LIGHTED ROAD",REAR END,DIVIDED - W/MEDIAN (NOT RAISED),2,STRAIGHT AND LEVEL,WET,NO DEFECTS,NOT ON SCENE (DESK REPORT),NO INJURY / DRIVE AWAY,Y,,,"$501 - $1,500",11/09/2017 03:30:00 PM,UNABLE TO DETERMINE,NOT APPLICABLE,351,E,87TH ST,632,,,,,,,2,NO INDICATION OF INJURY,0,0,0,0,0,2,0,22,7,11,41.736376767,-87.615732512,POINT (-87.615732511966 41.73637676746)
JA499316,,11/04/2017 10:25:00 PM,25,NO CONTROLS,NO CONTROLS,RAIN,"DARKNESS, LIGHTED ROAD",PARKED MOTOR VEHICLE,NOT DIVIDED,1,STRAIGHT AND LEVEL,WET,NO DEFECTS,ON SCENE,INJURY AND / OR TOW DUE TO CRASH,,,Y,"OVER $1,500",11/04/2017 11:56:00 PM,UNABLE TO DETERMINE,UNABLE TO DETERMINE,3037,N,LONG AVE,2514,,,,,,,3,NO INDICATION OF INJURY,0,0,0,0,0,1,0,22,7,11,41.936126799,-87.761358599,POINT (-87.761358599411 41.936126798596)
JA499233,,11/04/2017 10:25:00 PM,30,TRAFFIC SIGNAL,FUNCTIONING PROPERLY,RAIN,"DARKNESS, LIGHTED ROAD",ANGLE,NOT DIVIDED,2,STRAIGHT AND LEVEL,WET,NO DEFECTS,ON SCENE,NO INJURY / DRIVE AWAY,Y,,,"OVER $1,500",11/04/2017 10:26:00 PM,UNDER THE INFLUENCE OF ALCOHOL/DRUGS (USE WHEN ARREST IS EFFECTED),DISREGARDING TRAFFIC SIGNALS,1200,N,CENTRAL PARK AVE,2535,,,,,,,2,NO INDICATION OF INJURY,0,0,0,0,0,2,0,22,7,11,41.902842811,-87.716711377,POINT (-87.716711376801 41.902842810544)
JA499242,,11/04/2017 10:30:00 PM,30,TRAFFIC SIGNAL,FUNCTIONING PROPERLY,RAIN,"DARKNESS, LIGHTED ROAD",TURNING,UNKNOWN,,STRAIGHT AND LEVEL,WET,NO DEFECTS,NOT ON SCENE (DESK REPORT),NO INJURY / DRIVE AWAY,,,,"$501 - $1,500",11/04/2017 11:00:00 PM,IMPROPER TURNING/NO SIGNAL,IMPROPER LANE USAGE,5700,N,SHERIDAN RD,2022,,,,,,,2,NO INDICATION OF INJURY,0,0,0,0,0,2,0,22,7,11,41.985641095,-87.655388544,POINT (-87.655388544127 41.985641095429)
JA500254,,11/04/2017 10:30:00 PM,30,TRAFFIC SIGNAL,FUNCTIONING PROPERLY,CLEAR,"DARKNESS, LIGHTED ROAD",SIDESWIPE SAME DIRECTION,NOT DIVIDED,,STRAIGHT AND LEVEL,WET,NO DEFECTS,NOT ON SCENE (DESK REPORT),NO INJURY / DRIVE AWAY,Y,,,"OVER $1,500",11/05/2017 05:45:00 PM,UNABLE TO DETERMINE,UNABLE TO DETERMINE,827,W,NORTH AVE,1822,,,,,,,2,NO INDICATION OF INJURY,0,0,0,0,0,2,0,22,7,11,41.910791777,-87.649436574,POINT (-87.649436574473 41.910791777487)
JA499266,,11/04/2017 10:40:00 PM,30,TRAFFIC SIGNAL,FUNCTIONING PROPERLY,CLEAR,"DARKNESS, LIGHTED ROAD",SIDESWIPE SAME DIRECTION,DIVIDED - W/MEDIAN BARRIER,4,STRAIGHT AND LEVEL,WET,NO DEFECTS,,NO INJURY / DRIVE AWAY,Y,,,"$501 - $1,500",11/04/2017 11:15:00 PM,IMPROPER LANE USAGE,NOT APPLICABLE,197,N,STATE ST,111,,,,,,,2,NO INDICATION OF INJURY,0,0,0,0,0,3,0,22,7,11,41.885679202,-87.627791592,POINT (-87.627791591719 41.885679201574)
JA499279,Y,11/04/2017 10:40:00 PM,15,NO CONTROLS,NO CONTROLS,RAIN,"DARKNESS, LIGHTED ROAD",PARKED MOTOR VEHICLE,ONE-WAY,1,STRAIGHT AND LEVEL,WET,NO DEFECTS,ON SCENE,INJURY AND / OR TOW DUE TO CRASH,,,Y,"OVER $1,500",11/04/2017 10:50:00 PM,NOT APPLICABLE,NOT APPLICABLE,6044,S,EBERHART AVE,313,,,,,,,2,NO INDICATION OF INJURY,0,0,0,0,0,1,0,22,7,11,41.784409204,-87.613390953,POINT (-87.613390952909 41.784409204057)