RD_NO,CRASH_DATE_EST_I,CRASH_DATE,POSTED_SPEED_LIMIT,TRAFFIC_CONTROL_DEVICE,DEVICE_CONDITION,WEATHER_CONDITION,LIGHTING_CONDITION,FIRST_CRASH_TYPE,TRAFFICWAY_TYPE,LANE_CNT,ALIGNMENT,ROADWAY_SURFACE_COND,ROAD_DEFECT,REPORT_TYPE,CRASH_TYPE,INTERSECTION_RELATED_I,NOT_RIGHT_OF_WAY_I,HIT_AND_RUN_I,DAMAGE,DATE_POLICE_NOTIFIED,PRIM_CONTRIBUTORY_CAUSE,SEC_CONTRIBUTORY_CAUSE,STREET_NO,STREET_DIRECTION,STREET_NAME,BEAT_OF_OCCURRENCE,PHOTOS_TAKEN_I,STATEMENTS_TAKEN_I,DOORING_I,WORK_ZONE_I,WORK_ZONE_TYPE,WORKERS_PRESENT_I,NUM_UNITS,MOST_SEVERE_INJURY,INJURIES_TOTAL,INJURIES_FATAL,INJURIES_INCAPACITATING,INJURIES_NON_INCAPACITATING,INJURIES_REPORTED_NOT_EVIDENT,INJURIES_NO_INDICATION,INJURIES_UNKNOWN,CRASH_HOUR,CRASH_DAY_OF_WEEK,CRASH_MONTH,LATITUDE,LONGITUDE,LOCATION
JA499248,,11/04/2017 10:40:00 PM,25,NO CONTROLS,NO CONTROLS,RAIN,"DARKNESS, LIGHTED ROAD",PARKED MOTOR VEHICLE,NOT DIVIDED,1,STRAIGHT AND LEVEL,WET,NO DEFECTS,ON SCENE,INJURY AND / OR TOW DUE TO CRASH,,,,"OVER $1,500",11/04/2017 10:41:00 PM,EXCEEDING SAFE SPEED FOR CONDITIONS,NOT APPLICABLE,9762,S,BEVERLY AVE,2213,,,,,,,2,NO INDICATION OF INJURY,0,0,0,0,0,1,0,22,7,11,41.715990969,-87.660780275,POINT (-87.660780274542 41.715990969024)
JA499247,,11/04/2017 10:40:00 PM,30,TRAFFIC SIGNAL,FUNCTIONING PROPERLY,RAIN,"DARKNESS, LIGHTED ROAD",TURNING,NOT DIVIDED,,STRAIGHT AND LEVEL,WET,NO DEFECTS,ON SCENE,INJURY AND / OR TOW DUE TO CRASH,Y,,,"OVER $1,500",11/04/2017 10:46:00 PM,FAILING TO YIELD RIGHT-OF-WAY,IMPROPER TURNING/NO SIGNAL,7900,S,STONY ISLAND AVE,411,,,,,,,2,NO INDICATION OF INJURY,0,0,0,0,0,2,0,22,7,11,41.751460603,-87.585971993,POINT (-87.585971992965 41.751460603167)
JA499180,,11/04/2017 10:46:00 PM,30,STOP SIGN/FLASHER,FUNCTIONING PROPERLY,RAIN,"DARKNESS, LIGHTED ROAD",TURNING,NOT DIVIDED,1,STRAIGHT AND LEVEL,WET,NO DEFECTS,ON SCENE,INJURY AND / OR TOW DUE TO CRASH,,,,"OVER $1,500",11/04/2017 10:49:00 PM,FAILING TO YIELD RIGHT-OF-WAY,NOT APPLICABLE,10200,S,STATE ST,511,,,,,,,2,NO INDICATION OF INJURY,0,0,0,0,0,2,0,22,7,11,41.708937377,-87.623704257,POINT (-87.623704256889 41.708937376755)
JA499269,,11/04/2017 10:58:00 PM,30,NO CONTROLS,NO CONTROLS,FOG/SMOKE/HAZE,"DARKNESS, LIGHTED ROAD",TURNING,NOT DIVIDED,2,STRAIGHT AND LEVEL,WET,UNKNOWN,ON SCENE,INJURY AND / OR TOW DUE TO CRASH,,,Y,"OVER $1,500",11/04/2017 11:00:00 PM,EXCEEDING SAFE SPEED FOR CONDITIONS,FAILING TO REDUCE SPEED TO AVOID CRASH,4805,N,LIPPS AVE,1623,,,,,,,2,NO INDICATION OF INJURY,0,0,0,0,0,2,0,22,7,11,41.968096734,-87.759284354,POINT (-87.759284353749 41.968096733632)
JA499277,,11/04/2017 10:59:00 PM,35,TRAFFIC SIGNAL,FUNCTIONING PROPERLY,CLEAR,"DARKNESS, LIGHTED ROAD",ANGLE,DIVIDED - W/MEDIAN (NOT RAISED),,STRAIGHT AND LEVEL,DRY,NO DEFECTS,ON SCENE,INJURY AND / OR TOW DUE TO CRASH,Y,,Y,"OVER $1,500",11/04/2017 11:09:00 PM,"OPERATING VEHICLE IN ERRATIC, RECKLESS, CARELESS, NEGLIGENT OR AGGRESSIVE MANNER",DISREGARDING TRAFFIC SIGNALS,1200,S,HALSTED ST,1232,,,,,,,4,NO INDICATION OF INJURY,0,0,0,0,0,9,0,22,7,11,41.867125251,-87.647064808,POINT (-87.647064808299 41.867125250673)
JA499342,,11/04/2017 11:00:00 PM,45,LANE USE MARKING,NO CONTROLS,CLEAR,"DARKNESS, LIGHTED ROAD",SIDESWIPE SAME DIRECTION,DIVIDED - W/MEDIAN BARRIER,4,STRAIGHT AND LEVEL,WET,NO DEFECTS,NOT ON SCENE (DESK REPORT),NO INJURY / DRIVE AWAY,,,,"$501 - $1,500",11/05/2017 01:15:00 AM,FAILING TO YIELD RIGHT-OF-WAY,NOT APPLICABLE,799,N,LAKE SHORE DR,1833,,,,,,,2,NO INDICATION OF INJURY,0,0,0,0,0,6,0,23,7,11,41.896839272,-87.616884298,POINT (-87.616884297948 41.896839271517)
JA499830,,11/04/2017 11:00:00 PM,0,TRAFFIC SIGNAL,FUNCTIONING PROPERLY,RAIN,"DARKNESS, LIGHTED ROAD",TURNING,NOT DIVIDED,6,STRAIGHT AND LEVEL,WET,NO DEFECTS,NOT ON SCENE (DESK REPORT),NO INJURY / DRIVE AWAY,,,Y,"OVER $1,500",11/05/2017 12:15:00 PM,IMPROPER TURNING/NO SIGNAL,NOT APPLICABLE,6300,S,CORNELL DR,331,,,,,,,2,NO INDICATION OF INJURY,0,0,0,0,0,2,0,23,7,11,41.780552153,-87.584743303,POINT (-87.584743303478 41.780552152579)
JA499303,,11/04/2017 11:02:00 PM,30,NO CONTROLS,NO CONTROLS,FOG/SMOKE/HAZE,"DARKNESS, LIGHTED ROAD",SIDESWIPE SAME DIRECTION,NOT DIVIDED,4,STRAIGHT AND LEVEL,WET,NO DEFECTS,ON SCENE,INJURY AND / OR TOW DUE TO CRASH,,,Y,"OVER $1,500",11/04/2017 11:30:00 PM,UNABLE TO DETERMINE,UNABLE TO DETERMINE,3926,W,FULLERTON AVE,2524,,,,,,,3,NO INDICATION OF INJURY,0,0,0,0,0,4,0,23,7,11,41.924611753,-87.725415536,POINT (-87.725415535848 41.924611753254)
JA499263,Y,11/04/2017 11:10:00 PM,30,UNKNOWN,FUNCTIONING PROPERLY,RAIN,"DARKNESS, LIGHTED ROAD",TURNING,NOT DIVIDED,,STRAIGHT AND LEVEL,WET,NO DEFECTS,NOT ON SCENE (DESK REPORT),NO INJURY / DRIVE AWAY,,,Y,"OVER $1,500",11/04/2017 11:23:00 PM,CELL PHONE USE OTHER THAN TEXTING,DISTRACTION - FROM INSIDE VEHICLE,1304,W,DIVISION ST,1433,,,,,,,2,NO INDICATION OF INJURY,0,0,0,0,0,2,0,23,7,11,41.90355744,-87.660890627,POINT (-87.660890626866 41.903557439856)
JA499280,,11/04/2017 11:15:00 PM,30,TRAFFIC SIGNAL,FUNCTIONING PROPERLY,RAIN,"DARKNESS, LIGHTED ROAD",REAR END,DIVIDED - W/MEDIAN BARRIER,4,STRAIGHT AND LEVEL,WET,NO DEFECTS,ON SCENE,NO INJURY / DRIVE AWAY,Y,,,"OVER $1,500",11/04/2017 11:15:00 PM,FOLLOWING TOO CLOSELY,WEATHER,1057,W,ROOSEVELT RD,1232,,,,,,,2,NO INDICATION OF INJURY,0,0,0,0,0,2,0,23,7,11,41.866944421,-87.653171053,POINT (-87.653171052509 41.866944420808)
JA499336,Y,11/04/2017 11:23:00 PM,30,NO CONTROLS,NO CONTROLS,OTHER,"DARKNESS, LIGHTED ROAD",FIXED OBJECT,DIVIDED - W/MEDIAN BARRIER,4,STRAIGHT AND LEVEL,WET,NO DEFECTS,ON SCENE,INJURY AND / OR TOW DUE TO CRASH,,,,"OVER $1,500",11/04/2017 11:23:00 PM,NOT APPLICABLE,NOT APPLICABLE,6833,S,STONY ISLAND AVE,332,,,,,,,1,NO INDICATION OF INJURY,0,0,0,0,0,1,0,23,7,11,41.770527537,-87.585820441,POINT (-87.58582044116 41.770527536976)
JA499282,,11/04/2017 11:27:00 PM,30,TRAFFIC SIGNAL,FUNCTIONING PROPERLY,RAIN,"DARKNESS, LIGHTED ROAD",REAR END,DIVIDED - W/MEDIAN BARRIER,,STRAIGHT ON GRADE,WET,NO DEFECTS,ON SCENE,NO INJURY / DRIVE AWAY,,,Y,"OVER $1,500",11/04/2017 11:28:00 PM,FOLLOWING TOO CLOSELY,EXCEEDING SAFE SPEED FOR CONDITIONS,5301,S,HARLEM AVE,811,,,,,,,2,NO INDICATION OF INJURY,0,0,0,0,0,4,0,23,7,11,41.795688053,-87.801459671,POINT (-87.801459670523 41.795688052768)
JA500333,,11/04/2017 11:30:00 PM,30,NO CONTROLS,NO CONTROLS,RAIN,DAYLIGHT,SIDESWIPE SAME DIRECTION,NOT DIVIDED,2,STRAIGHT AND LEVEL,WET,UNKNOWN,NOT ON SCENE (DESK REPORT),NO INJURY / DRIVE AWAY,,,,"OVER $1,500",11/05/2017 08:04:00 PM,UNABLE TO DETERMINE,UNABLE TO DETERMINE,30,E,LAKE ST,111,,,,,,,2,NO INDICATION OF INJURY,0,0,0,0,0,2,0,23,7,11,41.885862105,-87.626858645,POINT (-87.626858645214 41.885862105116)
JA501636,,11/04/2017 11:30:00 PM,30,TRAFFIC SIGNAL,FUNCTIONING PROPERLY,CLOUDY/OVERCAST,"DARKNESS, LIGHTED ROAD",SIDESWIPE SAME DIRECTION,DIVIDED - W/MEDIAN (NOT RAISED),2,STRAIGHT AND LEVEL,WET,UNKNOWN,NOT ON SCENE (DESK REPORT),NO INJURY / DRIVE AWAY,Y,,,"$501 - $1,500",11/06/2017 06:30:00 PM,UNABLE TO DETERMINE,UNABLE TO DETERMINE,185,N,STATE ST,111,,,,,,,2,NO INDICATION OF INJURY,0,0,0,0,0,2,0,23,7,11,41.885438245,-87.627786372,POINT (-87.627786371509 41.885438245281)
JA499288,,11/04/2017 11:30:00 PM,30,TRAFFIC SIGNAL,FUNCTIONING PROPERLY,RAIN,"DARKNESS, LIGHTED ROAD",TURNING,NOT DIVIDED,,STRAIGHT AND LEVEL,WET,NO DEFECTS,ON SCENE,INJURY AND / OR TOW DUE TO CRASH,Y,,Y,"OVER $1,500",11/04/2017 11:34:00 PM,UNABLE TO DETERMINE,IMPROPER TURNING/NO SIGNAL,100,N,HAMLIN BLVD,1122,,,,,,,2,NO INDICATION OF INJURY,0,0,0,0,0,4,0,23,7,11,41.881949478,-87.720968802,POINT (-87.720968802268 41.881949477729)
JA499546,,11/04/2017 11:30:00 PM,30,NO CONTROLS,NO CONTROLS,RAIN,"DARKNESS, LIGHTED ROAD",FIXED OBJECT,NOT DIVIDED,2,STRAIGHT AND LEVEL,WET,NO DEFECTS,ON SCENE,INJURY AND / OR TOW DUE TO CRASH,,Y,,"$501 - $1,500",11/05/2017 07:19:00 AM,UNABLE TO DETERMINE,UNABLE TO DETERMINE,3600,W,LEXINGTON ST,1133,,Y,,,,,1,NO INDICATION OF INJURY,0,0,0,0,0,1,0,23,7,11,41.871849259,-87.715709829,POINT (-87.715709828623 41.871849258907)
JA500437,,11/04/2017 11:30:00 PM,10,NO CONTROLS,NO CONTROLS,CLEAR,DARKNESS,PARKED MOTOR VEHICLE,PARKING LOT,,STRAIGHT AND LEVEL,DRY,NO DEFECTS,NOT ON SCENE (DESK REPORT),NO INJURY / DRIVE AWAY,,,,$500 OR LESS,11/05/2017 09:45:00 PM,IMPROPER BACKING,UNABLE TO DETERMINE,329,N,DEARBORN ST,1831,,,,,,,2,NO INDICATION OF INJURY,0,0,0,0,0,1,0,23,7,11,41.888301227,-87.629406692,POINT (-87.629406692352 41.888301227425)
JA499298,Y,11/04/2017 11:35:00 PM,30,NO CONTROLS,NO CONTROLS,RAIN,DARKNESS,SIDESWIPE SAME DIRECTION,NOT DIVIDED,,STRAIGHT AND LEVEL,WET,NO DEFECTS,ON SCENE,NO INJURY / DRIVE AWAY,,,,$500 OR LESS,11/04/2017 11:37:00 PM,IMPROPER TURNING/NO SIGNAL,FAILING TO REDUCE SPEED TO AVOID CRASH,2446,N,HALSTED ST,1935,,,,,,,3,NO INDICATION OF INJURY,0,0,0,0,0,2,0,23,7,11,41.92681524,-87.648955925,POINT (-87.648955925115 41.926815239567)
JA499294,,11/04/2017 11:35:00 PM,30,TRAFFIC SIGNAL,FUNCTIONING PROPERLY,FOG/SMOKE/HAZE,"DARKNESS, LIGHTED ROAD",REAR END,DIVIDED - W/MEDIAN (NOT RAISED),,STRAIGHT AND LEVEL,DRY,NO DEFECTS,ON SCENE,INJURY AND / OR TOW DUE TO CRASH,,,,"OVER $1,500",11/04/2017 11:38:00 PM,FOLLOWING TOO CLOSELY,NOT APPLICABLE,5983,N,RIDGE AVE,2012,,,,,,,3,NO INDICATION OF INJURY,0,0,0,0,0,3,0,23,7,11,41.990565934,-87.671461555,POINT (-87.671461555433 41.990565933515)
JA499287,,11/04/2017 11:41:00 PM,30,NO CONTROLS,NO CONTROLS,OTHER,DARKNESS,PARKED MOTOR VEHICLE,ONE-WAY,,STRAIGHT AND LEVEL,WET,NO DEFECTS,ON SCENE,INJURY AND / OR TOW DUE TO CRASH,,,Y,"OVER $1,500",11/04/2017 11:44:00 PM,"OPERATING VEHICLE IN ERRATIC, RECKLESS, CARELESS, NEGLIGENT OR AGGRESSIVE MANNER",DISREGARDING OTHER TRAFFIC SIGNS,4103,W,FLETCHER ST,2523,,,,,,,3,NO INDICATION OF INJURY,0,0,0,0,0,2,0,23,7,11,41.938035148,-87.729857041,POINT (-87.729857041443 41.938035147692)
JA499311,,11/04/2017 11:45:00 PM,15,NO CONTROLS,NO CONTROLS,RAIN,DUSK,PEDESTRIAN,ALLEY,,STRAIGHT AND LEVEL,WET,OTHER,ON SCENE,INJURY AND / OR TOW DUE TO CRASH,,,Y,$500 OR LESS,11/04/2017 11:50:00 PM,"OPERATING VEHICLE IN ERRATIC, RECKLESS, CARELESS, NEGLIGENT OR AGGRESSIVE MANNER",EXCEEDING AUTHORIZED SPEED LIMIT,2009,S,WABASH AVE,131,,,,,,,2,NONINCAPACITATING INJURY,1,0,0,1,0,1,0,23,7,11,41.855181877,-87.625405657,POINT (-87.625405657306 41.855181877027)
JA499319,,11/04/2017 11:55:00 PM,45,NO CONTROLS,NO CONTROLS,RAIN,"DARKNESS, LIGHTED ROAD",OTHER OBJECT,DIVIDED - W/MEDIAN BARRIER,,STRAIGHT AND LEVEL,WET,NO DEFECTS,ON SCENE,INJURY AND / OR TOW DUE TO CRASH,,,,"OVER $1,500",11/05/2017 12:02:00 AM,WEATHER,UNABLE TO DETERMINE,4301,S,LAKE SHORE DR NB,222,,,,,,,1,NONINCAPACITATING INJURY,1,0,0,1,0,0,0,23,7,11,41.816901798,-87.594693183,POINT (-87.594693182865 41.816901798316)
JA503075,Y,11/04/2017 11:55:00 PM,30,NO CONTROLS,NO CONTROLS,CLEAR,"DARKNESS, LIGHTED ROAD",PARKED MOTOR VEHICLE,DIVIDED - W/MEDIAN (NOT RAISED),,STRAIGHT AND LEVEL,WET,NO DEFECTS,NOT ON SCENE (DESK REPORT),NO INJURY / DRIVE AWAY,,,Y,$500 OR LESS,11/07/2017 07:50:00 PM,UNABLE TO DETERMINE,NOT APPLICABLE,3402,N,MENARD AVE,1633,,,,,,,2,NO INDICATION OF INJURY,0,0,0,0,0,1,0,23,7,11,41.942274722,-87.771644613,POINT (-87.771644612568 41.942274722151)
JA499706,Y,11/05/2017 12:01:00 AM,15,NO CONTROLS,NO CONTROLS,UNKNOWN,UNKNOWN,PARKED MOTOR VEHICLE,PARKING LOT,,STRAIGHT AND LEVEL,UNKNOWN,NO DEFECTS,ON SCENE,NO INJURY / DRIVE AWAY,,Y,Y,"$501 - $1,500",11/05/2017 10:29:00 AM,UNABLE TO DETERMINE,NOT APPLICABLE,848,W,MONTROSE AVE,1914,,,,,,,2,NO INDICATION OF INJURY,0,0,0,0,0,1,0,0,1,11,41.961924432,-87.651878234,POINT (-87.651878233771 41.961924431743)
JA503965,,11/05/2017 12:01:00 AM,0,NO CONTROLS,NO CONTROLS,RAIN,"DARKNESS, LIGHTED ROAD",REAR END,NOT DIVIDED,2,STRAIGHT AND LEVEL,WET,NO DEFECTS,NOT ON SCENE (DESK REPORT),INJURY AND / OR TOW DUE TO CRASH,,,,"OVER $1,500",11/08/2017 03:10:00 PM,WEATHER,FOLLOWING TOO CLOSELY,141,W,76TH ST,623,,,,,,,2,"REPORTED, NOT EVIDENT",1,0,0,0,1,2,0,0,1,11,41.756235278,-87.628680558,POINT (-87.628680558122 41.756235277746)
JA499330,,11/05/2017 12:01:00 AM,25,NO CONTROLS,NO CONTROLS,RAIN,DARKNESS,PARKED MOTOR VEHICLE,NOT DIVIDED,2,STRAIGHT AND LEVEL,WET,NO DEFECTS,NOT ON SCENE (DESK REPORT),NO INJURY / DRIVE AWAY,,,Y,"$501 - $1,500",11/05/2017 12:31:00 AM,UNABLE TO DETERMINE,UNABLE TO DETERMINE,5813,W,RICE ST,1511,,,,,,,2,NO INDICATION OF INJURY,0,0,0,0,0,1,0,0,1,11,41.8955713,-87.770867603,POINT (-87.770867603337 41.895571300487)
JA499353,,11/05/2017 12:15:00 AM,35,TRAFFIC SIGNAL,FUNCTIONING PROPERLY,RAIN,"DARKNESS, LIGHTED ROAD",TURNING,DIVIDED - W/MEDIAN (NOT RAISED),,STRAIGHT AND LEVEL,WET,NO DEFECTS,ON SCENE,NO INJURY / DRIVE AWAY,,,Y,"OVER $1,500",11/05/2017 01:20:00 AM,IMPROPER OVERTAKING/PASSING,NOT APPLICABLE,8700,S,HALSTED ST,2223,,,,,,,2,NO INDICATION OF INJURY,0,0,0,0,0,2,0,0,1,11,41.735785266,-87.64375883,POINT (-87.643758829628 41.735785266472)
JA499349,,11/05/2017 12:20:00 AM,30,NO CONTROLS,NO CONTROLS,RAIN,"DARKNESS, LIGHTED ROAD",FIXED OBJECT,ONE-WAY,2,STRAIGHT AND LEVEL,WET,NO DEFECTS,ON SCENE,INJURY AND / OR TOW DUE TO CRASH,,,,"OVER $1,500",11/05/2017 12:29:00 AM,WEATHER,UNABLE TO DETERMINE,1126,W,99TH ST,2223,,,,,,,1,NO INDICATION OF INJURY,0,0,0,0,0,1,0,0,1,11,41.714240501,-87.651464396,POINT (-87.651464396165 41.714240500986)
JA499341,,11/05/2017 12:30:00 AM,9,TRAFFIC SIGNAL,FUNCTIONING PROPERLY,RAIN,"DARKNESS, LIGHTED ROAD",TURNING,DIVIDED - W/MEDIAN (NOT RAISED),2,STRAIGHT AND LEVEL,WET,NO DEFECTS,NOT ON SCENE (DESK REPORT),NO INJURY / DRIVE AWAY,,,,"$501 - $1,500",11/05/2017 12:50:00 AM,IMPROPER TURNING/NO SIGNAL,UNABLE TO DETERMINE,6700,S,JEFFERY BLVD,332,,,,,,,2,NO INDICATION OF INJURY,0,0,0,0,0,2,0,0,1,11,41.773368409,-87.576638552,POINT (-87.576638552177 41.773368408547)
JA499460,,11/05/2017 12:30:00 AM,30,TRAFFIC SIGNAL,FUNCTIONING PROPERLY,CLEAR,"DARKNESS, LIGHTED ROAD",PARKED MOTOR VEHICLE,NOT DIVIDED,2,STRAIGHT AND LEVEL,WET,NO DEFECTS,ON SCENE,INJURY AND / OR TOW DUE TO CRASH,,,Y,"OVER $1,500",11/05/2017 03:36:00 AM,NOT APPLICABLE,NOT APPLICABLE,603,N,FRANKLIN ST,1831,,,,,,,2,NO INDICATION OF INJURY,0,0,0,0,0,1,0,0,1,11,41.892482116,-87.635451456,POINT (-87.635451456425 41.892482115995)
JA499538,Y,11/05/2017 12:30:00 AM,30,NO CONTROLS,NO CONTROLS,RAIN,"DARKNESS, LIGHTED ROAD",PARKED MOTOR VEHICLE,NOT DIVIDED,,STRAIGHT AND LEVEL,WET,NO DEFECTS,ON SCENE,NO INJURY / DRIVE AWAY,,,Y,"OVER $1,500",11/05/2017 06:10:00 AM,EXCEEDING SAFE SPEED FOR CONDITIONS,UNABLE TO DETERMINE,529,N,KEDZIE AVE,1221,,,,Y,CONSTRUCTION,,2,NO INDICATION OF INJURY,0,0,0,0,0,1,0,0,1,11,41.8912235,-87.706277642,POINT (-87.706277642123 41.891223500494)
JA499332,N,11/05/2017 12:37:00 AM,30,NO CONTROLS,NO CONTROLS,RAIN,"DARKNESS, LIGHTED ROAD",PARKED MOTOR VEHICLE,ONE-WAY,1,STRAIGHT AND LEVEL,WET,NO DEFECTS,ON SCENE,NO INJURY / DRIVE AWAY,,,Y,"$501 - $1,500",11/05/2017 12:49:00 AM,UNABLE TO DETERMINE,NOT APPLICABLE,5015,W,PALMER ST,2522,,,,,,,2,NO INDICATION OF INJURY,0,0,0,0,0,1,0,0,1,11,41.920402601,-87.751830544,POINT (-87.751830543661 41.920402601006)
JA499333,,11/05/2017 12:41:00 AM,30,TRAFFIC SIGNAL,FUNCTIONING PROPERLY,RAIN,"DARKNESS, LIGHTED ROAD",REAR END,DIVIDED - W/MEDIAN BARRIER,,STRAIGHT ON HILLCREST,WET,NO DEFECTS,ON SCENE,INJURY AND / OR TOW DUE TO CRASH,Y,,,"OVER $1,500",11/05/2017 12:46:00 AM,WEATHER,UNABLE TO DETERMINE,3833,S,PULASKI RD,821,,,,,,,2,NO INDICATION OF INJURY,0,0,0,0,0,2,0,0,1,11,41.823284912,-87.723910324,POINT (-87.723910324486 41.823284912131)
JA499372,,11/05/2017 12:45:00 AM,30,NO CONTROLS,NO CONTROLS,RAIN,"DARKNESS, LIGHTED ROAD",SIDESWIPE SAME DIRECTION,DIVIDED - W/MEDIAN (NOT RAISED),2,STRAIGHT AND LEVEL,WET,NO DEFECTS,NOT ON SCENE (DESK REPORT),NO INJURY / DRIVE AWAY,,,,"$501 - $1,500",11/05/2017 01:19:00 AM,DRIVING SKILLS/KNOWLEDGE/EXPERIENCE,NOT APPLICABLE,1471,W,WEBSTER AVE,1811,,,,,,,2,NO INDICATION OF INJURY,0,0,0,0,0,2,0,0,1,11,41.921492622,-87.665998498,POINT (-87.665998498257 41.921492621986)
JA499351,,11/05/2017 12:45:00 AM,30,NO CONTROLS,NO CONTROLS,RAIN,"DARKNESS, LIGHTED ROAD",TURNING,NOT DIVIDED,2,STRAIGHT AND LEVEL,WET,NO DEFECTS,NOT ON SCENE (DESK REPORT),NO INJURY / DRIVE AWAY,N,,N,"OVER $1,500",11/05/2017 01:30:00 AM,IMPROPER TURNING/NO SIGNAL,PHYSICAL CONDITION OF DRIVER,49,E,HARRISON ST,123,,,,,,,2,NO INDICATION OF INJURY,0,0,0,0,0,2,0,0,1,11,41.874298024,-87.626031332,POINT (-87.626031331742 41.87429802381)
JA499389,,11/05/2017 12:50:00 AM,30,NO CONTROLS,NOT FUNCTIONING,RAIN,DARKNESS,REAR END,UNKNOWN,,STRAIGHT AND LEVEL,WET,NO DEFECTS,ON SCENE,NO INJURY / DRIVE AWAY,,N,Y,"OVER $1,500",11/05/2017 01:04:00 AM,FOLLOWING TOO CLOSELY,FOLLOWING TOO CLOSELY,2801,W,DIVISION ST,1211,,,,,,,2,NO INDICATION OF INJURY,0,0,0,0,0,3,0,0,1,11,41.902815291,-87.696938703,POINT (-87.696938703372 41.902815291275)
JA499403,,11/05/2017 12:55:00 AM,30,NO CONTROLS,NO CONTROLS,RAIN,"DARKNESS, LIGHTED ROAD",FIXED OBJECT,DIVIDED - W/MEDIAN BARRIER,2,"CURVE, LEVEL",WET,NO DEFECTS,ON SCENE,INJURY AND / OR TOW DUE TO CRASH,,,,"$501 - $1,500",11/05/2017 01:01:00 AM,UNABLE TO DETERMINE,DISTRACTION - FROM OUTSIDE VEHICLE,2233,S,DR MARTIN LUTHER KING JR DR,132,,,,,,,1,NONINCAPACITATING INJURY,1,0,0,1,0,0,0,0,1,11,41.852075574,-87.618850804,POINT (-87.618850803918 41.852075574499)
JA499861,Y,11/05/2017 01:00:00 AM,30,NO CONTROLS,NO CONTROLS,UNKNOWN,UNKNOWN,PARKED MOTOR VEHICLE,NOT DIVIDED,2,STRAIGHT AND LEVEL,UNKNOWN,UNKNOWN,ON SCENE,NO INJURY / DRIVE AWAY,,,Y,"OVER $1,500",11/05/2017 12:45:00 PM,UNABLE TO DETERMINE,UNABLE TO DETERMINE,5141,S,KOSTNER AVE,815,,,,,,,2,NO INDICATION OF INJURY,0,0,0,0,0,1,0,1,1,11,41.799239494,-87.732987749,POINT (-87.732987748999 41.799239494063)
JA500297,Y,11/05/2017 01:00:00 AM,30,NO CONTROLS,NO CONTROLS,UNKNOWN,UNKNOWN,PARKED MOTOR VEHICLE,NOT DIVIDED,2,STRAIGHT AND LEVEL,UNKNOWN,UNKNOWN,NOT ON SCENE (DESK REPORT),NO INJURY / DRIVE AWAY,,,Y,$500 OR LESS,11/05/2017 07:30:00 PM,UNABLE TO DETERMINE,NOT APPLICABLE,5930,W,ADAMS BLVD,1513,,,,,,,2,NO INDICATION OF INJURY,0,0,0,0,0,1,0,1,1,11,41.877749464,-87.77261267,POINT (-87.77261267026 41.877749464487)
JA499381,,11/05/2017 01:00:00 AM,30,NO CONTROLS,NO CONTROLS,CLEAR,"DARKNESS, LIGHTED ROAD",HEAD ON,NOT DIVIDED,2,STRAIGHT AND LEVEL,WET,NO DEFECTS,,INJURY AND / OR TOW DUE TO CRASH,,,Y,"OVER $1,500",11/05/2017 01:04:00 AM,UNABLE TO DETERMINE,UNABLE TO DETERMINE,3332,W,59TH ST,822,,,,,,,3,NONINCAPACITATING INJURY,1,0,0,1,0,1,0,1,1,11,41.786298497,-87.707081939,POINT (-87.707081938548 41.786298496573)
JA502633,,11/05/2017 01:00:00 AM,30,NO CONTROLS,NO CONTROLS,CLEAR,DARKNESS,PARKED MOTOR VEHICLE,PARKING LOT,,STRAIGHT AND LEVEL,DRY,NO DEFECTS,NOT ON SCENE (DESK REPORT),NO INJURY / DRIVE AWAY,,,,"OVER $1,500",11/07/2017 02:53:00 PM,NOT APPLICABLE,NOT APPLICABLE,2047,N,MILWAUKEE AVE,1431,,,,,,,2,NO INDICATION OF INJURY,0,0,0,0,0,2,0,1,1,11,41.918520305,-87.689944658,POINT (-87.689944658176 41.918520305149)
JA505944,Y,11/05/2017 01:00:00 AM,30,NO CONTROLS,NO CONTROLS,CLEAR,DUSK,PARKED MOTOR VEHICLE,ALLEY,1,STRAIGHT AND LEVEL,DRY,NO DEFECTS,NOT ON SCENE (DESK REPORT),NO INJURY / DRIVE AWAY,,,Y,"$501 - $1,500",11/07/2017 12:10:00 AM,UNABLE TO DETERMINE,NOT APPLICABLE,3524,W,VAN BUREN ST,1133,,,,,,,2,NO INDICATION OF INJURY,0,0,0,0,0,1,0,1,1,11,41.875522116,-87.714126307,POINT (-87.714126306565 41.875522116071)
JA499359,,11/05/2017 01:00:00 AM,30,NO CONTROLS,NO CONTROLS,RAIN,"DARKNESS, LIGHTED ROAD",PARKED MOTOR VEHICLE,DIVIDED - W/MEDIAN (NOT RAISED),2,STRAIGHT AND LEVEL,WET,NO DEFECTS,NOT ON SCENE (DESK REPORT),NO INJURY / DRIVE AWAY,,,,"OVER $1,500",11/05/2017 01:10:00 AM,UNABLE TO DETERMINE,NOT APPLICABLE,2610,N,HALSTED ST,1935,,,,,,,2,NO INDICATION OF INJURY,0,0,0,0,0,1,0,1,1,11,41.92946206,-87.649049478,POINT (-87.649049478059 41.929462059691)