RD_NO,CRASH_DATE_EST_I,CRASH_DATE,POSTED_SPEED_LIMIT,TRAFFIC_CONTROL_DEVICE,DEVICE_CONDITION,WEATHER_CONDITION,LIGHTING_CONDITION,FIRST_CRASH_TYPE,TRAFFICWAY_TYPE,LANE_CNT,ALIGNMENT,ROADWAY_SURFACE_COND,ROAD_DEFECT,REPORT_TYPE,CRASH_TYPE,INTERSECTION_RELATED_I,NOT_RIGHT_OF_WAY_I,HIT_AND_RUN_I,DAMAGE,DATE_POLICE_NOTIFIED,PRIM_CONTRIBUTORY_CAUSE,SEC_CONTRIBUTORY_CAUSE,STREET_NO,STREET_DIRECTION,STREET_NAME,BEAT_OF_OCCURRENCE,PHOTOS_TAKEN_I,STATEMENTS_TAKEN_I,DOORING_I,WORK_ZONE_I,WORK_ZONE_TYPE,WORKERS_PRESENT_I,NUM_UNITS,MOST_SEVERE_INJURY,INJURIES_TOTAL,INJURIES_FATAL,INJURIES_INCAPACITATING,INJURIES_NON_INCAPACITATING,INJURIES_REPORTED_NOT_EVIDENT,INJURIES_NO_INDICATION,INJURIES_UNKNOWN,CRASH_HOUR,CRASH_DAY_OF_WEEK,CRASH_MONTH,LATITUDE,LONGITUDE,LOCATION
JA499358,,11/05/2017 01:04:00 AM,30,NO CONTROLS,NO CONTROLS,RAIN,"DARKNESS, LIGHTED ROAD",ANGLE,NOT DIVIDED,,STRAIGHT AND LEVEL,WET,NO DEFECTS,ON SCENE,INJURY AND / OR TOW DUE TO CRASH,Y,,,"OVER $1,500",11/05/2017 01:04:00 AM,FAILING TO YIELD RIGHT-OF-WAY,WEATHER,1022,W,CHICAGO AVE,1213,,,,,,,2,"REPORTED, NOT EVIDENT",1,0,0,0,1,1,0,1,1,11,41.896403014,-87.653560092,POINT (-87.653560091853 41.896403013596)
JA499384,,11/05/2017 01:05:00 AM,35,NO CONTROLS,NO CONTROLS,OTHER,"DARKNESS, LIGHTED ROAD",PARKED MOTOR VEHICLE,DIVIDED - W/MEDIAN (NOT RAISED),4,STRAIGHT AND LEVEL,WET,UNKNOWN,ON SCENE,INJURY AND / OR TOW DUE TO CRASH,,,,"OVER $1,500",11/05/2017 01:06:00 AM,DISTRACTION - FROM OUTSIDE VEHICLE,NOT APPLICABLE,4443,W,NORTH AVE,2533,,,,,,,2,NO INDICATION OF INJURY,0,0,0,0,0,1,0,1,1,11,41.909617877,-87.738101048,POINT (-87.73810104846 41.909617877071)
JA499339,,11/05/2017 01:10:00 AM,30,NO CONTROLS,NO CONTROLS,CLEAR,"DARKNESS, LIGHTED ROAD",TURNING,ONE-WAY,2,STRAIGHT AND LEVEL,UNKNOWN,NO DEFECTS,ON SCENE,NO INJURY / DRIVE AWAY,Y,,,"OVER $1,500",11/05/2017 01:23:00 AM,IMPROPER TURNING/NO SIGNAL,UNABLE TO DETERMINE,425,N,WELLS ST,1831,,,,,,,2,NO INDICATION OF INJURY,0,0,0,0,0,2,0,1,1,11,41.889943683,-87.633880539,POINT (-87.63388053932 41.889943682842)
JA499379,,11/05/2017 01:15:00 AM,10,NO CONTROLS,NO CONTROLS,CLEAR,"DARKNESS, LIGHTED ROAD",FIXED OBJECT,PARKING LOT,1,STRAIGHT AND LEVEL,DRY,NO DEFECTS,NOT ON SCENE (DESK REPORT),NO INJURY / DRIVE AWAY,,Y,,"OVER $1,500",11/05/2017 01:17:00 AM,EXCEEDING AUTHORIZED SPEED LIMIT,IMPROPER TURNING/NO SIGNAL,208,W,INSTITUTE PL,1823,,,,,,,1,NO INDICATION OF INJURY,0,0,0,0,0,1,0,1,1,11,41.897525505,-87.634643164,POINT (-87.634643163698 41.897525504837)
JA499352,,11/05/2017 01:20:00 AM,30,TRAFFIC SIGNAL,FUNCTIONING PROPERLY,RAIN,"DARKNESS, LIGHTED ROAD",TURNING,NOT DIVIDED,4,STRAIGHT AND LEVEL,WET,NO DEFECTS,ON SCENE,INJURY AND / OR TOW DUE TO CRASH,Y,,,"OVER $1,500",11/05/2017 01:21:00 AM,IMPROPER TURNING/NO SIGNAL,FAILING TO REDUCE SPEED TO AVOID CRASH,4800,N,KIMBALL AVE,1712,,,,,,,2,NONINCAPACITATING INJURY,1,0,0,1,0,2,0,1,1,11,41.968488878,-87.713513494,POINT (-87.713513494027 41.968488877833)
JA499378,,11/05/2017 01:20:00 AM,30,LANE USE MARKING,FUNCTIONING PROPERLY,RAIN,"DARKNESS, LIGHTED ROAD",SIDESWIPE SAME DIRECTION,DIVIDED - W/MEDIAN BARRIER,,STRAIGHT AND LEVEL,WET,NO DEFECTS,ON SCENE,NO INJURY / DRIVE AWAY,,,,"OVER $1,500",11/05/2017 01:30:00 AM,IMPROPER LANE USAGE,FAILING TO REDUCE SPEED TO AVOID CRASH,238,W,CERMAK RD,914,,,,,,,2,NO INDICATION OF INJURY,0,0,0,0,0,2,0,1,1,11,41.852939607,-87.633607481,POINT (-87.633607481328 41.852939607414)
JA499405,,11/05/2017 01:30:00 AM,15,NO CONTROLS,NO CONTROLS,CLOUDY/OVERCAST,"DARKNESS, LIGHTED ROAD",FIXED OBJECT,NOT DIVIDED,1,STRAIGHT AND LEVEL,WET,UNKNOWN,ON SCENE,INJURY AND / OR TOW DUE TO CRASH,,Y,,"OVER $1,500",11/05/2017 01:30:00 AM,IMPROPER TURNING/NO SIGNAL,NOT APPLICABLE,3555,W,LAWRENCE AVE,1723,,,,,,,1,,,,,,,,,1,1,11,41.968241975,-87.718033679,POINT (-87.718033679109 41.96824197526)
JA499415,,11/05/2017 01:30:00 AM,30,NO CONTROLS,NO CONTROLS,RAIN,"DARKNESS, LIGHTED ROAD",PARKED MOTOR VEHICLE,ONE-WAY,,STRAIGHT AND LEVEL,WET,NO DEFECTS,ON SCENE,INJURY AND / OR TOW DUE TO CRASH,,,Y,"OVER $1,500",11/05/2017 01:40:00 AM,UNABLE TO DETERMINE,NOT APPLICABLE,4645,N,HARDING AVE,1723,,,,,,,2,NO INDICATION OF INJURY,0,0,0,0,0,1,0,1,1,11,41.965904911,-87.726595658,POINT (-87.726595657611 41.965904911332)
JA499369,,11/05/2017 01:35:00 AM,30,TRAFFIC SIGNAL,FUNCTIONING PROPERLY,RAIN,DARKNESS,TURNING,NOT DIVIDED,,STRAIGHT AND LEVEL,WET,NO DEFECTS,NOT ON SCENE (DESK REPORT),NO INJURY / DRIVE AWAY,,,,"$501 - $1,500",11/05/2017 01:45:00 AM,EQUIPMENT - VEHICLE CONDITION,WEATHER,6398,W,MONTROSE AVE,1622,,,,,,,2,NO INDICATION OF INJURY,0,0,0,0,0,4,0,1,1,11,41.960327559,-87.786746699,POINT (-87.786746698653 41.960327559226)
JA499364,,11/05/2017 01:38:00 AM,30,TRAFFIC SIGNAL,FUNCTIONING PROPERLY,RAIN,"DARKNESS, LIGHTED ROAD",ANGLE,ONE-WAY,3,STRAIGHT AND LEVEL,WET,NO DEFECTS,ON SCENE,INJURY AND / OR TOW DUE TO CRASH,Y,,,"OVER $1,500",11/05/2017 01:41:00 AM,DISREGARDING TRAFFIC SIGNALS,NOT APPLICABLE,5500,S,WENTWORTH AVE,225,,,,,,,2,"REPORTED, NOT EVIDENT",1,0,0,0,1,5,0,1,1,11,,,
JA499780,,11/05/2017 01:45:00 AM,30,NO CONTROLS,NO CONTROLS,RAIN,DARKNESS,REAR END,NOT DIVIDED,3,STRAIGHT AND LEVEL,WET,UNKNOWN,NOT ON SCENE (DESK REPORT),NO INJURY / DRIVE AWAY,,,Y,"$501 - $1,500",11/05/2017 11:40:00 AM,UNABLE TO DETERMINE,UNABLE TO DETERMINE,5300,S,CICERO AVE,814,,,,,,,2,NO INDICATION OF INJURY,0,0,0,0,0,2,0,1,1,11,41.796606075,-87.743004026,POINT (-87.743004025677 41.796606074549)
JA499371,,11/05/2017 01:45:00 AM,30,NO CONTROLS,NO CONTROLS,FOG/SMOKE/HAZE,"DARKNESS, LIGHTED ROAD",PARKED MOTOR VEHICLE,NOT DIVIDED,,STRAIGHT AND LEVEL,WET,UNKNOWN,ON SCENE,INJURY AND / OR TOW DUE TO CRASH,,,N,"OVER $1,500",11/05/2017 01:53:00 AM,DISTRACTION - FROM OUTSIDE VEHICLE,UNABLE TO DETERMINE,618,N,HAMLIN AVE,1122,,,,,,,2,NO INDICATION OF INJURY,0,0,0,0,0,1,0,1,1,11,41.892363512,-87.721245864,POINT (-87.721245863951 41.89236351165)
JA499402,,11/05/2017 01:47:00 AM,30,NO CONTROLS,NO CONTROLS,RAIN,"DARKNESS, LIGHTED ROAD",PARKED MOTOR VEHICLE,NOT DIVIDED,1,STRAIGHT AND LEVEL,WET,NO DEFECTS,ON SCENE,INJURY AND / OR TOW DUE TO CRASH,,,Y,"OVER $1,500",11/05/2017 01:47:00 AM,FAILING TO REDUCE SPEED TO AVOID CRASH,WEATHER,10643,S,DR MARTIN LUTHER KING JR DR,512,,,,,,,4,NO INDICATION OF INJURY,0,0,0,0,0,1,0,1,1,11,41.70055741,-87.613438909,POINT (-87.613438909446 41.70055740983)
JA499409,,11/05/2017 01:47:00 AM,30,NO CONTROLS,NO CONTROLS,FOG/SMOKE/HAZE,"DARKNESS, LIGHTED ROAD",PARKED MOTOR VEHICLE,ONE-WAY,2,STRAIGHT AND LEVEL,WET,NO DEFECTS,ON SCENE,INJURY AND / OR TOW DUE TO CRASH,,,Y,"OVER $1,500",11/05/2017 01:55:00 AM,IMPROPER LANE USAGE,FAILING TO REDUCE SPEED TO AVOID CRASH,11421,S,ASHLAND AVE,2234,,,,,,,2,NO INDICATION OF INJURY,0,0,0,0,0,1,0,1,1,11,41.686183253,-87.661298393,POINT (-87.661298392757 41.686183253317)
JA499375,,11/05/2017 01:56:00 AM,30,SCHOOL ZONE,FUNCTIONING PROPERLY,CLEAR,"DARKNESS, LIGHTED ROAD",ANGLE,DIVIDED - W/MEDIAN (NOT RAISED),,STRAIGHT AND LEVEL,WET,NO DEFECTS,ON SCENE,INJURY AND / OR TOW DUE TO CRASH,Y,,,"OVER $1,500",11/05/2017 01:57:00 AM,FAILING TO REDUCE SPEED TO AVOID CRASH,UNABLE TO DETERMINE,8400,S,YATES BLVD,412,,,,,,,2,NONINCAPACITATING INJURY,5,0,0,5,0,0,0,1,1,11,41.742552782,-87.566242523,POINT (-87.566242522868 41.742552781968)
JA499425,,11/05/2017 02:00:00 AM,30,NO CONTROLS,NO CONTROLS,RAIN,"DARKNESS, LIGHTED ROAD",FIXED OBJECT,NOT DIVIDED,4,STRAIGHT ON GRADE,WET,NO DEFECTS,ON SCENE,INJURY AND / OR TOW DUE TO CRASH,,N,,"OVER $1,500",11/05/2017 02:05:00 AM,UNABLE TO DETERMINE,UNABLE TO DETERMINE,8401,S,ASHLAND AVE,614,,,,,,,1,NONINCAPACITATING INJURY,1,0,0,1,0,1,0,2,1,11,41.741163599,-87.663055058,POINT (-87.663055058218 41.741163599397)
JA499422,,11/05/2017 02:07:00 AM,30,NO CONTROLS,NO CONTROLS,RAIN,DARKNESS,PARKED MOTOR VEHICLE,NOT DIVIDED,,STRAIGHT AND LEVEL,WET,UNKNOWN,ON SCENE,INJURY AND / OR TOW DUE TO CRASH,,,,"OVER $1,500",11/05/2017 02:10:00 AM,UNABLE TO DETERMINE,DRIVING SKILLS/KNOWLEDGE/EXPERIENCE,2620,W,51ST ST,923,,,,,,,2,NONINCAPACITATING INJURY,1,0,0,1,0,0,0,2,1,11,41.801164898,-87.690098533,POINT (-87.690098532631 41.801164898212)
JA499416,Y,11/05/2017 02:10:00 AM,30,TRAFFIC SIGNAL,FUNCTIONING PROPERLY,CLEAR,"DARKNESS, LIGHTED ROAD",REAR END,NOT DIVIDED,,STRAIGHT AND LEVEL,WET,NO DEFECTS,ON SCENE,NO INJURY / DRIVE AWAY,,,,$500 OR LESS,11/05/2017 02:15:00 AM,FAILING TO REDUCE SPEED TO AVOID CRASH,NOT APPLICABLE,5058,W,GRAND AVE,2533,,,,,,,2,NO INDICATION OF INJURY,0,0,0,0,0,4,0,2,1,11,41.916760313,-87.752866224,POINT (-87.752866223957 41.916760313025)
JA499420,,11/05/2017 02:11:00 AM,30,NO CONTROLS,NO CONTROLS,RAIN,"DARKNESS, LIGHTED ROAD",PARKED MOTOR VEHICLE,NOT DIVIDED,2,STRAIGHT AND LEVEL,WET,NO DEFECTS,ON SCENE,INJURY AND / OR TOW DUE TO CRASH,,,,"OVER $1,500",11/05/2017 02:13:00 AM,"DISTRACTION - OTHER ELECTRONIC DEVICE (NAVIGATION DEVICE, DVD PLAYER, ETC.)",NOT APPLICABLE,1256,W,94TH ST,2222,,,,,,,3,NO INDICATION OF INJURY,0,0,0,0,0,1,0,2,1,11,41.723243802,-87.655283196,POINT (-87.655283195522 41.723243801532)
JA499412,,11/05/2017 02:14:00 AM,30,STOP SIGN/FLASHER,FUNCTIONING IMPROPERLY,RAIN,"DARKNESS, LIGHTED ROAD",TURNING,NOT DIVIDED,2,STRAIGHT AND LEVEL,WET,UNKNOWN,ON SCENE,NO INJURY / DRIVE AWAY,Y,,,"$501 - $1,500",11/05/2017 02:15:00 AM,FAILING TO YIELD RIGHT-OF-WAY,FAILING TO REDUCE SPEED TO AVOID CRASH,5600,W,GUNNISON ST,1622,,,,,,,2,NO INDICATION OF INJURY,0,0,0,0,0,2,0,2,1,11,41.968797385,-87.767642193,POINT (-87.767642192842 41.968797384565)
JA499434,,11/05/2017 02:30:00 AM,30,NO CONTROLS,NO CONTROLS,RAIN,"DARKNESS, LIGHTED ROAD",REAR END,ONE-WAY,2,STRAIGHT AND LEVEL,WET,UNKNOWN,NOT ON SCENE (DESK REPORT),NO INJURY / DRIVE AWAY,,,,"$501 - $1,500",11/05/2017 02:50:00 AM,FOLLOWING TOO CLOSELY,NOT APPLICABLE,3801,W,HARRISON ST,1133,,,,,,,2,NO INDICATION OF INJURY,0,0,0,0,0,2,0,2,1,11,41.873404645,-87.720399628,POINT (-87.720399628297 41.873404645345)
JA499429,,11/05/2017 02:30:00 AM,15,NO CONTROLS,NO CONTROLS,CLEAR,DARKNESS,PARKED MOTOR VEHICLE,NOT DIVIDED,4,STRAIGHT AND LEVEL,DRY,NO DEFECTS,ON SCENE,INJURY AND / OR TOW DUE TO CRASH,,,Y,"OVER $1,500",11/06/2017 02:35:00 AM,FAILING TO REDUCE SPEED TO AVOID CRASH,UNABLE TO DETERMINE,2124,W,SCHOOL ST,1921,,,,,,,3,NO INDICATION OF INJURY,0,0,0,0,0,1,0,2,1,11,41.94146247,-87.681896612,POINT (-87.681896612254 41.941462470195)
JA500456,,11/05/2017 02:40:00 AM,35,TRAFFIC SIGNAL,FUNCTIONING PROPERLY,CLEAR,DAYLIGHT,SIDESWIPE SAME DIRECTION,NOT DIVIDED,2,STRAIGHT AND LEVEL,DRY,NO DEFECTS,NOT ON SCENE (DESK REPORT),NO INJURY / DRIVE AWAY,,,Y,"$501 - $1,500",11/05/2017 10:30:00 PM,UNABLE TO DETERMINE,NOT APPLICABLE,30,W,83RD ST,622,,,,,,,2,NO INDICATION OF INJURY,0,0,0,0,0,2,0,2,1,11,41.743745272,-87.625610677,POINT (-87.625610676731 41.743745271579)
JA499441,,11/05/2017 02:45:00 AM,30,NO CONTROLS,NO CONTROLS,CLEAR,"DARKNESS, LIGHTED ROAD",PARKED MOTOR VEHICLE,DIVIDED - W/MEDIAN (NOT RAISED),2,STRAIGHT AND LEVEL,WET,NO DEFECTS,ON SCENE,INJURY AND / OR TOW DUE TO CRASH,,,,"OVER $1,500",11/05/2017 02:45:00 AM,DISTRACTION - FROM OUTSIDE VEHICLE,EXCEEDING SAFE SPEED FOR CONDITIONS,5823,W,55TH ST,811,,,,,,,3,NO INDICATION OF INJURY,0,0,0,0,0,1,0,2,1,11,41.792508246,-87.768253013,POINT (-87.768253013255 41.792508246108)
JA500264,,11/05/2017 02:48:00 AM,15,STOP SIGN/FLASHER,NO CONTROLS,CLEAR,DARKNESS,FIXED OBJECT,NOT DIVIDED,1,STRAIGHT AND LEVEL,DRY,WORN SURFACE,ON SCENE,INJURY AND / OR TOW DUE TO CRASH,,Y,Y,"$501 - $1,500",11/05/2017 07:00:00 PM,"OPERATING VEHICLE IN ERRATIC, RECKLESS, CARELESS, NEGLIGENT OR AGGRESSIVE MANNER",NOT APPLICABLE,427,N,CENTRAL PARK BLVD,1123,,,,,,,1,NO INDICATION OF INJURY,0,0,0,0,0,2,0,2,1,11,41.889027212,-87.716116725,POINT (-87.7161167246 41.889027211842)
JA499458,,11/05/2017 02:50:00 AM,30,TRAFFIC SIGNAL,FUNCTIONING PROPERLY,CLEAR,"DARKNESS, LIGHTED ROAD",REAR END,DIVIDED - W/MEDIAN BARRIER,4,STRAIGHT AND LEVEL,DRY,UNKNOWN,NOT ON SCENE (DESK REPORT),NO INJURY / DRIVE AWAY,Y,,Y,"OVER $1,500",11/05/2017 02:55:00 AM,FAILING TO REDUCE SPEED TO AVOID CRASH,UNABLE TO DETERMINE,800,N,LAKE SHORE DR,1833,,,,,,,2,NO INDICATION OF INJURY,0,0,0,0,0,2,0,2,1,11,41.896828045,-87.617207703,POINT (-87.617207703311 41.896828045009)
JA499444,,11/05/2017 03:00:00 AM,45,NO CONTROLS,NO CONTROLS,CLEAR,"DARKNESS, LIGHTED ROAD",OTHER NONCOLLISION,DIVIDED - W/MEDIAN BARRIER,,STRAIGHT AND LEVEL,DRY,NO DEFECTS,ON SCENE,INJURY AND / OR TOW DUE TO CRASH,,,,"OVER $1,500",11/05/2017 03:15:00 AM,UNABLE TO DETERMINE,NOT APPLICABLE,1400,S,LAKE SHORE DR E,132,,,,,,,1,NO INDICATION OF INJURY,0,0,0,0,0,2,0,3,1,11,41.864116957,-87.618949975,POINT (-87.618949975476 41.864116957253)
JA499446,,11/05/2017 03:01:00 AM,30,NO CONTROLS,NO CONTROLS,RAIN,"DARKNESS, LIGHTED ROAD",PARKED MOTOR VEHICLE,NOT DIVIDED,2,STRAIGHT AND LEVEL,WET,NO DEFECTS,,INJURY AND / OR TOW DUE TO CRASH,,,,"OVER $1,500",11/05/2017 03:01:00 AM,UNABLE TO DETERMINE,DISTRACTION - FROM INSIDE VEHICLE,225,N,LARAMIE AVE,1532,,,,,,,3,NO INDICATION OF INJURY,0,0,0,0,0,1,0,3,1,11,41.885180341,-87.755095294,POINT (-87.755095293627 41.885180340982)
JA499463,,11/05/2017 03:30:00 AM,30,TRAFFIC SIGNAL,FUNCTIONING PROPERLY,RAIN,"DARKNESS, LIGHTED ROAD",REAR END,NOT DIVIDED,2,STRAIGHT AND LEVEL,WET,NO DEFECTS,ON SCENE,INJURY AND / OR TOW DUE TO CRASH,,,Y,$500 OR LESS,11/05/2017 03:35:00 AM,NOT APPLICABLE,NOT APPLICABLE,5023,N,WESTERN AVE,2031,,,,,,,2,NONINCAPACITATING INJURY,1,0,0,1,0,3,0,3,1,11,41.972980555,-87.68890454,POINT (-87.688904539914 41.972980554765)
JA499689,,11/05/2017 03:30:00 AM,30,TRAFFIC SIGNAL,FUNCTIONING PROPERLY,RAIN,"DARKNESS, LIGHTED ROAD",FIXED OBJECT,NOT DIVIDED,2,STRAIGHT AND LEVEL,WET,NO DEFECTS,NOT ON SCENE (DESK REPORT),NO INJURY / DRIVE AWAY,Y,,,"$501 - $1,500",11/05/2017 10:30:00 AM,ROAD ENGINEERING/SURFACE/MARKING DEFECTS,NOT APPLICABLE,779,N,MILWAUKEE AVE,1214,,,,,,,1,NO INDICATION OF INJURY,0,0,0,0,0,1,0,3,1,11,41.895961841,-87.654760693,POINT (-87.654760693278 41.895961841448)
JA500315,,11/05/2017 03:30:00 AM,30,NO CONTROLS,NO CONTROLS,RAIN,"DARKNESS, LIGHTED ROAD",SIDESWIPE SAME DIRECTION,NOT DIVIDED,,STRAIGHT AND LEVEL,WET,NO DEFECTS,NOT ON SCENE (DESK REPORT),NO INJURY / DRIVE AWAY,,,,"$501 - $1,500",11/05/2017 07:50:00 PM,UNABLE TO DETERMINE,NOT APPLICABLE,832,W,GRAND AVE,1214,,,,,,,2,NO INDICATION OF INJURY,0,0,0,0,0,2,0,3,1,11,41.891279248,-87.648850939,POINT (-87.648850938997 41.891279247529)
JA499727,,11/05/2017 04:00:00 AM,30,NO CONTROLS,NO CONTROLS,RAIN,DARKNESS,TURNING,NOT DIVIDED,2,STRAIGHT AND LEVEL,WET,UNKNOWN,NOT ON SCENE (DESK REPORT),NO INJURY / DRIVE AWAY,Y,,,"$501 - $1,500",11/05/2017 11:00:00 AM,UNABLE TO DETERMINE,UNABLE TO DETERMINE,2631,W,63RD ST,825,,,,,,,2,NO INDICATION OF INJURY,0,0,0,0,0,2,0,4,1,11,41.779061507,-87.689672968,POINT (-87.689672968093 41.779061507016)
JA500145,,11/05/2017 04:00:00 AM,30,NO CONTROLS,NO CONTROLS,RAIN,DARKNESS,FIXED OBJECT,NOT DIVIDED,2,STRAIGHT AND LEVEL,WET,NO DEFECTS,NOT ON SCENE (DESK REPORT),NO INJURY / DRIVE AWAY,,,,"OVER $1,500",11/05/2017 05:00:00 PM,DRIVING ON WRONG SIDE/WRONG WAY,UNABLE TO DETERMINE,3130,S,KEDZIE AVE,1032,,,,,,,2,NO INDICATION OF INJURY,0,0,0,0,0,2,0,4,1,11,41.83630372,-87.704944591,POINT (-87.704944591171 41.836303720344)
JA499508,N,11/05/2017 04:00:00 AM,25,TRAFFIC SIGNAL,FUNCTIONING PROPERLY,RAIN,"DARKNESS, LIGHTED ROAD",ANGLE,NOT DIVIDED,2,STRAIGHT AND LEVEL,WET,NO DEFECTS,ON SCENE,NO INJURY / DRIVE AWAY,Y,,Y,"OVER $1,500",11/05/2017 04:54:00 AM,DISREGARDING TRAFFIC SIGNALS,DRIVING SKILLS/KNOWLEDGE/EXPERIENCE,3602,W,ARMITAGE AVE,2525,,,,,,,2,NO INDICATION OF INJURY,0,0,0,0,0,2,0,4,1,11,41.917390874,-87.716914122,POINT (-87.716914121546 41.917390874409)
JA506119,,11/05/2017 04:00:00 AM,30,NO CONTROLS,NO CONTROLS,CLEAR,"DARKNESS, LIGHTED ROAD",PARKED MOTOR VEHICLE,NOT DIVIDED,,STRAIGHT AND LEVEL,DRY,NO DEFECTS,NOT ON SCENE (DESK REPORT),NO INJURY / DRIVE AWAY,,,Y,"OVER $1,500",11/10/2017 09:30:00 AM,UNABLE TO DETERMINE,UNABLE TO DETERMINE,1916,W,DICKENS AVE,1432,,,,,,,2,NO INDICATION OF INJURY,0,0,0,0,0,1,0,4,1,11,41.919715088,-87.675979621,POINT (-87.675979620933 41.919715088092)
JA499478,N,11/05/2017 04:01:00 AM,35,NO CONTROLS,NO CONTROLS,RAIN,"DARKNESS, LIGHTED ROAD",FIXED OBJECT,DIVIDED - W/MEDIAN BARRIER,8,"CURVE, LEVEL",WET,NO DEFECTS,ON SCENE,INJURY AND / OR TOW DUE TO CRASH,,N,,"OVER $1,500",11/05/2017 04:07:00 AM,EXCEEDING SAFE SPEED FOR CONDITIONS,WEATHER,1000,N,LAKE SHORE DR,1824,,,,,,,1,"REPORTED, NOT EVIDENT",1,0,0,0,1,0,0,4,1,11,41.900752974,-87.624235,POINT (-87.62423499978 41.900752974042)
JA499523,,11/05/2017 04:25:00 AM,30,NO CONTROLS,NO CONTROLS,CLEAR,DARKNESS,PARKED MOTOR VEHICLE,DIVIDED - W/MEDIAN (NOT RAISED),2,STRAIGHT AND LEVEL,WET,UNKNOWN,ON SCENE,INJURY AND / OR TOW DUE TO CRASH,,,Y,$500 OR LESS,11/05/2017 06:04:00 AM,PHYSICAL CONDITION OF DRIVER,PHYSICAL CONDITION OF DRIVER,1542,N,KINGSBURY ST,1822,,,,,,,3,NO INDICATION OF INJURY,0,0,0,0,0,1,0,4,1,11,41.909204211,-87.652891451,POINT (-87.652891451266 41.909204211306)
JA499547,,11/05/2017 04:30:00 AM,20,NO CONTROLS,NO CONTROLS,RAIN,DARKNESS,PARKED MOTOR VEHICLE,ONE-WAY,,STRAIGHT AND LEVEL,WET,NO DEFECTS,NOT ON SCENE (DESK REPORT),NO INJURY / DRIVE AWAY,,,Y,"OVER $1,500",11/05/2017 07:30:00 AM,UNABLE TO DETERMINE,NOT APPLICABLE,8405,S,MAY ST,613,,,,,,,2,NO INDICATION OF INJURY,0,0,0,0,0,1,0,4,1,11,41.741208608,-87.652127763,POINT (-87.652127762691 41.741208607787)
JA499485,,11/05/2017 04:52:00 AM,30,NO CONTROLS,NO CONTROLS,CLEAR,"DARKNESS, LIGHTED ROAD",FIXED OBJECT,DIVIDED - W/MEDIAN (NOT RAISED),4,STRAIGHT AND LEVEL,WET,NO DEFECTS,ON SCENE,INJURY AND / OR TOW DUE TO CRASH,,,Y,"OVER $1,500",11/05/2017 04:52:00 AM,UNABLE TO DETERMINE,UNABLE TO DETERMINE,4125,W,55TH ST,813,,,,,,,1,NO INDICATION OF INJURY,0,0,0,0,0,1,0,4,1,11,41.793064728,-87.726774387,POINT (-87.726774386589 41.793064728349)
JA499490,,11/05/2017 04:55:00 AM,30,NO CONTROLS,NO CONTROLS,CLEAR,"DARKNESS, LIGHTED ROAD",FIXED OBJECT,DIVIDED - W/MEDIAN (NOT RAISED),4,STRAIGHT AND LEVEL,DRY,NO DEFECTS,ON SCENE,NO INJURY / DRIVE AWAY,,,N,"OVER $1,500",11/05/2017 05:06:00 AM,UNDER THE INFLUENCE OF ALCOHOL/DRUGS (USE WHEN ARREST IS EFFECTED),IMPROPER TURNING/NO SIGNAL,1333,N,PULASKI RD,2535,,,,,,,2,NO INDICATION OF INJURY,0,0,0,0,0,1,0,4,1,11,41.905448526,-87.726240823,POINT (-87.726240823209 41.905448525638)
JA499487,,11/05/2017 04:55:00 AM,30,NO CONTROLS,NO CONTROLS,CLEAR,"DARKNESS, LIGHTED ROAD",SIDESWIPE SAME DIRECTION,NOT DIVIDED,4,STRAIGHT AND LEVEL,WET,NO DEFECTS,ON SCENE,INJURY AND / OR TOW DUE TO CRASH,,,,"OVER $1,500",11/05/2017 05:00:00 AM,IMPROPER OVERTAKING/PASSING,FAILING TO YIELD RIGHT-OF-WAY,4001,W,ADDISON ST,1731,,,,,,,2,NO INDICATION OF INJURY,0,0,0,0,0,2,0,4,1,11,41.946262278,-87.727489959,POINT (-87.727489958626 41.946262277577)
JA499491,,11/05/2017 05:00:00 AM,30,NO CONTROLS,NO CONTROLS,CLEAR,DAYLIGHT,REAR END,NOT DIVIDED,4,STRAIGHT AND LEVEL,WET,NO DEFECTS,NOT ON SCENE (DESK REPORT),NO INJURY / DRIVE AWAY,,,,"OVER $1,500",11/05/2017 07:14:00 AM,FAILING TO YIELD RIGHT-OF-WAY,UNABLE TO DETERMINE,1101,S,CANAL ST,124,,,,,,,2,NO INDICATION OF INJURY,0,0,0,0,0,2,0,5,1,11,41.868889711,-87.639098928,POINT (-87.639098928088 41.868889711112)
JA499941,,11/05/2017 05:00:00 AM,30,STOP SIGN/FLASHER,FUNCTIONING PROPERLY,RAIN,"DARKNESS, LIGHTED ROAD",REAR END,DIVIDED - W/MEDIAN (NOT RAISED),,STRAIGHT AND LEVEL,WET,NO DEFECTS,NOT ON SCENE (DESK REPORT),NO INJURY / DRIVE AWAY,,,,"OVER $1,500",11/05/2017 02:10:00 PM,FAILING TO REDUCE SPEED TO AVOID CRASH,FOLLOWING TOO CLOSELY,4298,W,DIVERSEY AVE,2523,,,,,,,2,NO INDICATION OF INJURY,0,0,0,0,0,4,0,5,1,11,41.931804414,-87.734286473,POINT (-87.734286473273 41.931804413876)