RD_NO,CRASH_DATE_EST_I,CRASH_DATE,POSTED_SPEED_LIMIT,TRAFFIC_CONTROL_DEVICE,DEVICE_CONDITION,WEATHER_CONDITION,LIGHTING_CONDITION,FIRST_CRASH_TYPE,TRAFFICWAY_TYPE,LANE_CNT,ALIGNMENT,ROADWAY_SURFACE_COND,ROAD_DEFECT,REPORT_TYPE,CRASH_TYPE,INTERSECTION_RELATED_I,NOT_RIGHT_OF_WAY_I,HIT_AND_RUN_I,DAMAGE,DATE_POLICE_NOTIFIED,PRIM_CONTRIBUTORY_CAUSE,SEC_CONTRIBUTORY_CAUSE,STREET_NO,STREET_DIRECTION,STREET_NAME,BEAT_OF_OCCURRENCE,PHOTOS_TAKEN_I,STATEMENTS_TAKEN_I,DOORING_I,WORK_ZONE_I,WORK_ZONE_TYPE,WORKERS_PRESENT_I,NUM_UNITS,MOST_SEVERE_INJURY,INJURIES_TOTAL,INJURIES_FATAL,INJURIES_INCAPACITATING,INJURIES_NON_INCAPACITATING,INJURIES_REPORTED_NOT_EVIDENT,INJURIES_NO_INDICATION,INJURIES_UNKNOWN,CRASH_HOUR,CRASH_DAY_OF_WEEK,CRASH_MONTH,LATITUDE,LONGITUDE,LOCATION
JA501259,,11/05/2017 05:00:00 AM,30,NO CONTROLS,NO CONTROLS,CLEAR,DARKNESS,REAR END,ONE-WAY,,STRAIGHT AND LEVEL,DRY,NO DEFECTS,NOT ON SCENE (DESK REPORT),NO INJURY / DRIVE AWAY,,,,"OVER $1,500",11/06/2017 02:30:00 PM,UNABLE TO DETERMINE,UNABLE TO DETERMINE,4038,W,CONGRESS PKWY,1132,,,,,,,2,NO INDICATION OF INJURY,0,0,0,0,0,2,0,5,1,11,41.874448152,-87.727014573,POINT (-87.727014572884 41.874448151663)
JA502958,Y,11/05/2017 05:00:00 AM,30,NO CONTROLS,NO CONTROLS,CLEAR,DARKNESS,PARKED MOTOR VEHICLE,ONE-WAY,,STRAIGHT AND LEVEL,UNKNOWN,NO DEFECTS,NOT ON SCENE (DESK REPORT),NO INJURY / DRIVE AWAY,,,,"OVER $1,500",11/07/2017 06:20:00 PM,UNABLE TO DETERMINE,NOT APPLICABLE,5155,W,HENDERSON ST,1634,,,,,,,2,NO INDICATION OF INJURY,0,0,0,0,0,1,0,5,1,11,41.941331594,-87.756502603,POINT (-87.756502602739 41.941331593884)
JA499499,,11/05/2017 05:25:00 AM,25,NO CONTROLS,NO CONTROLS,CLEAR,"DARKNESS, LIGHTED ROAD",PARKED MOTOR VEHICLE,ONE-WAY,1,STRAIGHT AND LEVEL,WET,NO DEFECTS,ON SCENE,INJURY AND / OR TOW DUE TO CRASH,,,,"OVER $1,500",11/05/2017 05:25:00 AM,DRIVING SKILLS/KNOWLEDGE/EXPERIENCE,IMPROPER LANE USAGE,5521,S,MASON AVE,811,,,,,,,4,NO INDICATION OF INJURY,0,0,0,0,0,1,0,5,1,11,41.791908814,-87.770674635,POINT (-87.770674634585 41.791908814275)
JA499601,,11/05/2017 05:30:00 AM,30,NO CONTROLS,NO CONTROLS,RAIN,"DARKNESS, LIGHTED ROAD",REAR END,NOT DIVIDED,2,STRAIGHT AND LEVEL,WET,NO DEFECTS,NOT ON SCENE (DESK REPORT),INJURY AND / OR TOW DUE TO CRASH,,,,"OVER $1,500",11/05/2017 08:55:00 AM,"OPERATING VEHICLE IN ERRATIC, RECKLESS, CARELESS, NEGLIGENT OR AGGRESSIVE MANNER",FOLLOWING TOO CLOSELY,531,W,BELMONT AVE,1934,,,,,,,2,NO INDICATION OF INJURY,0,0,0,0,0,3,0,5,1,11,41.939956718,-87.643128761,POINT (-87.643128760973 41.939956717959)
JA499514,,11/05/2017 05:30:00 AM,40,NO CONTROLS,NO CONTROLS,FOG/SMOKE/HAZE,"DARKNESS, LIGHTED ROAD",SIDESWIPE SAME DIRECTION,DIVIDED - W/MEDIAN (NOT RAISED),,STRAIGHT AND LEVEL,WET,NO DEFECTS,ON SCENE,INJURY AND / OR TOW DUE TO CRASH,,,Y,"OVER $1,500",11/05/2017 05:37:00 AM,UNABLE TO DETERMINE,NOT APPLICABLE,8511,W,IRVING PARK RD,1631,,,,,,,2,NO INDICATION OF INJURY,0,0,0,0,0,2,0,5,1,11,41.952112046,-87.839585992,POINT (-87.8395859916 41.952112045997)
JA469516,,11/05/2017 05:40:00 AM,0,STOP SIGN/FLASHER,WORN REFLECTIVE MATERIAL,RAIN,"DARKNESS, LIGHTED ROAD",TURNING,DIVIDED - W/MEDIAN BARRIER,4,STRAIGHT AND LEVEL,WET,"RUT, HOLES",ON SCENE,INJURY AND / OR TOW DUE TO CRASH,Y,,,"OVER $1,500",11/05/2017 06:20:00 AM,EXCEEDING SAFE SPEED FOR CONDITIONS,FAILING TO REDUCE SPEED TO AVOID CRASH,4029,W,FULLERTON AVE,2525,,,,,,,2,NO INDICATION OF INJURY,0,0,0,0,0,2,0,5,1,11,41.924360468,-87.72797969,POINT (-87.727979690008 41.924360468119)
JA499513,,11/05/2017 05:50:00 AM,30,NO CONTROLS,NO CONTROLS,CLOUDY/OVERCAST,DAWN,PARKED MOTOR VEHICLE,DIVIDED - W/MEDIAN (NOT RAISED),,STRAIGHT AND LEVEL,DRY,UNKNOWN,ON SCENE,INJURY AND / OR TOW DUE TO CRASH,,,Y,"OVER $1,500",11/05/2017 05:50:00 AM,UNABLE TO DETERMINE,DRIVING SKILLS/KNOWLEDGE/EXPERIENCE,5200,S,WESTERN AVE,923,,,,,,,2,NO INDICATION OF INJURY,0,0,0,0,0,1,0,5,1,11,41.799240596,-87.68432188,POINT (-87.68432188021 41.799240596148)
JA499507,,11/05/2017 05:55:00 AM,30,TRAFFIC SIGNAL,FUNCTIONING PROPERLY,FOG/SMOKE/HAZE,DARKNESS,FIXED OBJECT,DIVIDED - W/MEDIAN (NOT RAISED),4,STRAIGHT AND LEVEL,WET,NO DEFECTS,ON SCENE,INJURY AND / OR TOW DUE TO CRASH,,,,"OVER $1,500",11/05/2017 06:04:00 AM,FAILING TO REDUCE SPEED TO AVOID CRASH,UNABLE TO DETERMINE,5130,W,LAWRENCE AVE,1623,,,,,,,1,NONINCAPACITATING INJURY,1,0,0,1,0,0,0,5,1,11,41.968033552,-87.75609189,POINT (-87.756091889851 41.968033552352)
JA499611,,11/05/2017 06:00:00 AM,30,NO CONTROLS,NO CONTROLS,CLEAR,DAWN,REAR END,ONE-WAY,4,STRAIGHT AND LEVEL,WET,NO DEFECTS,NOT ON SCENE (DESK REPORT),NO INJURY / DRIVE AWAY,,,,$500 OR LESS,11/05/2017 09:00:00 AM,IMPROPER LANE USAGE,UNABLE TO DETERMINE,10000,W,OHARE ST,1651,,,,,,,2,NO INDICATION OF INJURY,0,0,0,0,0,4,0,6,1,11,41.976201139,-87.905309125,POINT (-87.905309125103 41.976201139024)
JA499555,,11/05/2017 06:10:00 AM,30,TRAFFIC SIGNAL,FUNCTIONING PROPERLY,CLEAR,DAWN,ANGLE,DIVIDED - W/MEDIAN (NOT RAISED),2,STRAIGHT AND LEVEL,WET,NO DEFECTS,NOT ON SCENE (DESK REPORT),NO INJURY / DRIVE AWAY,,,Y,"OVER $1,500",11/05/2017 07:45:00 AM,DISREGARDING TRAFFIC SIGNALS,UNABLE TO DETERMINE,5200,N,CLARK ST,2012,,,,,,,2,NO INDICATION OF INJURY,0,0,0,0,0,2,0,6,1,11,41.976230337,-87.668567175,POINT (-87.668567175023 41.976230336649)
JA499511,,11/05/2017 06:12:00 AM,30,NO CONTROLS,NO CONTROLS,RAIN,DAWN,PARKED MOTOR VEHICLE,ALLEY,1,STRAIGHT AND LEVEL,WET,NO DEFECTS,ON SCENE,NO INJURY / DRIVE AWAY,,,Y,$500 OR LESS,11/05/2017 06:15:00 AM,UNABLE TO DETERMINE,UNABLE TO DETERMINE,4925,S,LA CROSSE AVE,814,,,,,,,2,NO INDICATION OF INJURY,0,0,0,0,0,1,0,6,1,11,41.80318907,-87.744111259,POINT (-87.7441112594 41.803189069514)
JA500399,,11/05/2017 06:15:00 AM,30,TRAFFIC SIGNAL,FUNCTIONING PROPERLY,CLEAR,"DARKNESS, LIGHTED ROAD",ANGLE,DIVIDED - W/MEDIAN (NOT RAISED),4,STRAIGHT AND LEVEL,DRY,NO DEFECTS,NOT ON SCENE (DESK REPORT),NO INJURY / DRIVE AWAY,,,Y,"$501 - $1,500",11/05/2017 09:10:00 PM,FAILING TO YIELD RIGHT-OF-WAY,UNABLE TO DETERMINE,1600,W,FOSTER AVE,2012,,,,,,,2,NO INDICATION OF INJURY,0,0,0,0,0,2,0,6,1,11,41.976280077,-87.669739656,POINT (-87.669739656476 41.97628007725)
JA499519,,11/05/2017 06:20:00 AM,30,NO CONTROLS,NO CONTROLS,RAIN,DUSK,PARKED MOTOR VEHICLE,NOT DIVIDED,2,STRAIGHT AND LEVEL,WET,NO DEFECTS,,INJURY AND / OR TOW DUE TO CRASH,,,,"OVER $1,500",11/05/2017 06:25:00 AM,UNABLE TO DETERMINE,NOT APPLICABLE,3709,W,GRAND AVE,2535,,,,,,,4,INCAPACITATING INJURY,1,0,1,0,0,0,0,6,1,11,41.90357607,-87.720219012,POINT (-87.720219012216 41.903576070244)
JA499518,,11/05/2017 06:21:00 AM,35,NO CONTROLS,NO CONTROLS,OTHER,DAWN,FIXED OBJECT,DIVIDED - W/MEDIAN BARRIER,8,"CURVE, LEVEL",WET,NO DEFECTS,ON SCENE,INJURY AND / OR TOW DUE TO CRASH,,,,"OVER $1,500",11/05/2017 06:24:00 AM,WEATHER,DRIVING SKILLS/KNOWLEDGE/EXPERIENCE,1000,N,LAKE SHORE DR NB,1824,,,,,,,1,NO INDICATION OF INJURY,0,0,0,0,0,2,0,6,1,11,41.901002863,-87.619779806,POINT (-87.619779806193 41.901002863094)
JA499534,,11/05/2017 06:50:00 AM,25,STOP SIGN/FLASHER,NO CONTROLS,CLEAR,DAWN,FIXED OBJECT,NOT DIVIDED,,STRAIGHT ON GRADE,WET,NO DEFECTS,ON SCENE,INJURY AND / OR TOW DUE TO CRASH,,,Y,"$501 - $1,500",11/05/2017 07:00:00 AM,UNABLE TO DETERMINE,UNABLE TO DETERMINE,3301,N,KENNETH AVE,1731,,,,,,,1,NO INDICATION OF INJURY,0,0,0,0,0,1,0,6,1,11,41.940861011,-87.738174678,POINT (-87.738174678209 41.9408610113)
JA499640,,11/05/2017 07:00:00 AM,30,NO CONTROLS,NO CONTROLS,CLEAR,DAYLIGHT,PARKED MOTOR VEHICLE,ONE-WAY,,STRAIGHT AND LEVEL,DRY,NO DEFECTS,NOT ON SCENE (DESK REPORT),NO INJURY / DRIVE AWAY,,,,$500 OR LESS,11/05/2017 09:40:00 AM,UNABLE TO DETERMINE,UNABLE TO DETERMINE,6611,N,LAKEWOOD AVE,2432,,,,,,,2,NO INDICATION OF INJURY,0,0,0,0,0,1,0,7,1,11,42.00285416,-87.663261075,POINT (-87.663261074781 42.002854159994)
JA499537,,11/05/2017 07:00:00 AM,25,NO CONTROLS,NO CONTROLS,CLEAR,"DARKNESS, LIGHTED ROAD",PARKED MOTOR VEHICLE,ONE-WAY,,STRAIGHT AND LEVEL,WET,NO DEFECTS,NOT ON SCENE (DESK REPORT),NO INJURY / DRIVE AWAY,,,,"$501 - $1,500",11/05/2017 07:20:00 AM,UNABLE TO DETERMINE,UNABLE TO DETERMINE,65,E,GRAND AVE,1834,,,,,,,2,NO INDICATION OF INJURY,0,0,0,0,0,1,0,7,1,11,41.89160065,-87.62543311,POINT (-87.625433109893 41.891600649869)
JA499582,,11/05/2017 07:02:00 AM,30,TRAFFIC SIGNAL,FUNCTIONING PROPERLY,CLEAR,"DARKNESS, LIGHTED ROAD",ANGLE,DIVIDED - W/MEDIAN (NOT RAISED),4,STRAIGHT AND LEVEL,WET,NO DEFECTS,ON SCENE,INJURY AND / OR TOW DUE TO CRASH,Y,,,"OVER $1,500",11/05/2017 08:10:00 AM,UNABLE TO DETERMINE,UNABLE TO DETERMINE,1600,N,ASHLAND AVE,1433,,,,,,,2,NO INDICATION OF INJURY,0,0,0,0,0,2,0,7,1,11,41.910719243,-87.667840807,POINT (-87.66784080722 41.910719243344)
JA499559,,11/05/2017 07:10:00 AM,30,TRAFFIC SIGNAL,FUNCTIONING PROPERLY,RAIN,DAYLIGHT,REAR END,NOT DIVIDED,4,STRAIGHT AND LEVEL,WET,NO DEFECTS,NOT ON SCENE (DESK REPORT),INJURY AND / OR TOW DUE TO CRASH,,,,"OVER $1,500",11/05/2017 08:45:00 AM,FAILING TO YIELD RIGHT-OF-WAY,UNABLE TO DETERMINE,500,S,MICHIGAN AVE,123,,,,,,,2,NONINCAPACITATING INJURY,1,0,0,1,0,2,0,7,1,11,41.875658543,-87.624404941,POINT (-87.624404940923 41.87565854302)
JA499572,,11/05/2017 07:25:00 AM,35,OTHER,OTHER,RAIN,DAWN,REAR END,DIVIDED - W/MEDIAN BARRIER,,STRAIGHT AND LEVEL,WET,NO DEFECTS,ON SCENE,INJURY AND / OR TOW DUE TO CRASH,,,,"OVER $1,500",11/05/2017 07:28:00 AM,DISTRACTION - FROM OUTSIDE VEHICLE,FOLLOWING TOO CLOSELY,1100,N,LAKE SHORE DR SB,1824,,,,,,,2,INCAPACITATING INJURY,3,0,2,1,0,0,0,7,1,11,41.902481646,-87.624221044,POINT (-87.624221043591 41.902481646226)
JA499571,,11/05/2017 07:25:00 AM,35,LANE USE MARKING,OTHER,RAIN,DAWN,FIXED OBJECT,DIVIDED - W/MEDIAN BARRIER,8,"CURVE, LEVEL",WET,NO DEFECTS,ON SCENE,NO INJURY / DRIVE AWAY,,,,"OVER $1,500",11/05/2017 07:28:00 AM,WEATHER,UNABLE TO DETERMINE,1000,N,LAKE SHORE DR SB,1824,,,,,,,1,NO INDICATION OF INJURY,0,0,0,0,0,1,0,7,1,11,41.900958919,-87.619928174,POINT (-87.619928173678 41.900958919109)
JA499916,,11/05/2017 07:30:00 AM,0,NO CONTROLS,NO CONTROLS,CLEAR,DARKNESS,ANGLE,PARKING LOT,,STRAIGHT AND LEVEL,DRY,NO DEFECTS,NOT ON SCENE (DESK REPORT),NO INJURY / DRIVE AWAY,,,,$500 OR LESS,11/05/2017 01:00:00 PM,UNABLE TO DETERMINE,UNABLE TO DETERMINE,351,E,103RD ST,512,,,,,,,2,NO INDICATION OF INJURY,0,0,0,0,0,2,0,7,1,11,41.707198541,-87.614162594,POINT (-87.614162593741 41.707198540794)
JA499551,Y,11/05/2017 07:30:00 AM,20,NO CONTROLS,NO CONTROLS,CLEAR,"DARKNESS, LIGHTED ROAD",PARKED MOTOR VEHICLE,ONE-WAY,,STRAIGHT AND LEVEL,WET,NO DEFECTS,ON SCENE,NO INJURY / DRIVE AWAY,,,Y,"OVER $1,500",11/05/2017 07:30:00 AM,NOT APPLICABLE,NOT APPLICABLE,4740,N,DRAKE AVE,1723,,,,,,,2,NO INDICATION OF INJURY,0,0,0,0,0,1,0,7,1,11,41.967761338,-87.717161721,POINT (-87.717161720543 41.967761337541)
JA499577,,11/05/2017 07:40:00 AM,30,TRAFFIC SIGNAL,FUNCTIONING PROPERLY,CLOUDY/OVERCAST,DAYLIGHT,SIDESWIPE OPPOSITE DIRECTION,NOT DIVIDED,2,STRAIGHT AND LEVEL,WET,NO DEFECTS,ON SCENE,INJURY AND / OR TOW DUE TO CRASH,Y,,,"OVER $1,500",11/05/2017 07:45:00 AM,UNABLE TO DETERMINE,UNABLE TO DETERMINE,5058,S,KEDZIE AVE,821,,,,,,,2,NO INDICATION OF INJURY,0,0,0,0,0,2,0,7,1,11,41.800906541,-87.703914804,POINT (-87.703914804028 41.800906540505)
JA449578,,11/05/2017 07:45:00 AM,45,NO CONTROLS,NO CONTROLS,RAIN,DAYLIGHT,OTHER OBJECT,DIVIDED - W/MEDIAN BARRIER,3,CURVE ON GRADE,WET,NO DEFECTS,ON SCENE,INJURY AND / OR TOW DUE TO CRASH,,,,"OVER $1,500",11/05/2017 07:50:00 AM,EXCEEDING SAFE SPEED FOR CONDITIONS,NOT APPLICABLE,645,N,LAKE SHORE DR NB,1834,,,,,,,1,NO INDICATION OF INJURY,0,0,0,0,0,2,0,7,1,11,41.894111595,-87.614622361,POINT (-87.614622361224 41.894111594966)
JA499589,,11/05/2017 07:50:00 AM,40,NO CONTROLS,NO CONTROLS,CLOUDY/OVERCAST,DAYLIGHT,FIXED OBJECT,DIVIDED - W/MEDIAN BARRIER,8,STRAIGHT AND LEVEL,WET,NO DEFECTS,ON SCENE,INJURY AND / OR TOW DUE TO CRASH,,,,"OVER $1,500",11/05/2017 08:08:00 AM,WEATHER,DRIVING SKILLS/KNOWLEDGE/EXPERIENCE,1500,N,LAKE SHORE DR NB,1824,,,,,,,1,NO INDICATION OF INJURY,0,0,0,0,0,1,0,7,1,11,41.909610717,-87.625833647,POINT (-87.625833647032 41.9096107172)
JA499580,,11/05/2017 07:51:00 AM,30,TRAFFIC SIGNAL,FUNCTIONING PROPERLY,RAIN,DAWN,REAR END,DIVIDED - W/MEDIAN (NOT RAISED),4,STRAIGHT AND LEVEL,WET,NO DEFECTS,NOT ON SCENE (DESK REPORT),NO INJURY / DRIVE AWAY,,,,"OVER $1,500",11/05/2017 08:07:00 AM,FOLLOWING TOO CLOSELY,DISTRACTION - FROM INSIDE VEHICLE,2157,N,CICERO AVE,2522,,,,,,,2,NO INDICATION OF INJURY,0,0,0,0,0,2,0,7,1,11,41.920481688,-87.74606089,POINT (-87.746060889741 41.920481687782)
JA499617,,11/05/2017 08:00:00 AM,30,NO CONTROLS,NO CONTROLS,CLEAR,DAYLIGHT,OTHER NONCOLLISION,ONE-WAY,,STRAIGHT AND LEVEL,WET,NO DEFECTS,,NO INJURY / DRIVE AWAY,,,,"OVER $1,500",11/05/2017 09:23:00 AM,UNABLE TO DETERMINE,UNABLE TO DETERMINE,209,S,WELLS ST,122,,,,,,,1,,,,,,,,,8,1,11,41.8790919,-87.633607891,POINT (-87.633607890765 41.879091899514)
JA499575,,11/05/2017 08:05:00 AM,30,TRAFFIC SIGNAL,FUNCTIONING PROPERLY,RAIN,DAYLIGHT,SIDESWIPE SAME DIRECTION,DIVIDED - W/MEDIAN BARRIER,2,"CURVE, LEVEL",WET,NO DEFECTS,ON SCENE,INJURY AND / OR TOW DUE TO CRASH,,,,"OVER $1,500",11/05/2017 08:08:00 AM,EXCEEDING SAFE SPEED FOR CONDITIONS,DRIVING SKILLS/KNOWLEDGE/EXPERIENCE,6101,N,MILWAUKEE AVE,1611,,,,,,,2,NO INDICATION OF INJURY,0,0,0,0,0,3,0,8,1,11,41.992338049,-87.783017595,POINT (-87.783017595354 41.992338049022)
JA499592,,11/05/2017 08:15:00 AM,30,NO CONTROLS,NO CONTROLS,RAIN,DAYLIGHT,REAR END,DIVIDED - W/MEDIAN (NOT RAISED),,STRAIGHT AND LEVEL,WET,NO DEFECTS,ON SCENE,NO INJURY / DRIVE AWAY,,,,"$501 - $1,500",11/05/2017 08:20:00 AM,EXCEEDING SAFE SPEED FOR CONDITIONS,EXCEEDING SAFE SPEED FOR CONDITIONS,299,W,127TH ST,523,,Y,,,,,2,NO INDICATION OF INJURY,0,0,0,0,0,2,0,8,1,11,41.663243314,-87.629310628,POINT (-87.62931062803 41.663243314027)
JA499581,,11/05/2017 08:15:00 AM,30,TRAFFIC SIGNAL,FUNCTIONING PROPERLY,CLOUDY/OVERCAST,DAYLIGHT,ANGLE,NOT DIVIDED,2,STRAIGHT AND LEVEL,WET,NO DEFECTS,ON SCENE,NO INJURY / DRIVE AWAY,,,,"$501 - $1,500",11/05/2017 08:18:00 AM,IMPROPER LANE USAGE,NOT APPLICABLE,1141,N,CENTRAL PARK AVE,1121,,,,,,,2,NO INDICATION OF INJURY,0,0,0,0,0,2,0,8,1,11,41.902179167,-87.716395571,POINT (-87.716395570984 41.902179167129)
JA500035,,11/05/2017 08:30:00 AM,30,NO CONTROLS,NO CONTROLS,CLEAR,DAYLIGHT,SIDESWIPE SAME DIRECTION,NOT DIVIDED,2,STRAIGHT AND LEVEL,DRY,NO DEFECTS,NOT ON SCENE (DESK REPORT),NO INJURY / DRIVE AWAY,,,,"OVER $1,500",11/05/2017 03:10:00 PM,UNABLE TO DETERMINE,UNABLE TO DETERMINE,1100,S,CLARK ST,123,,,,,,,2,NO INDICATION OF INJURY,0,0,0,0,0,2,0,8,1,11,41.869057497,-87.630622884,POINT (-87.630622884334 41.869057497035)
JA499677,,11/05/2017 08:45:00 AM,35,TRAFFIC SIGNAL,FUNCTIONING PROPERLY,CLEAR,DAYLIGHT,REAR END,DIVIDED - W/MEDIAN (NOT RAISED),2,STRAIGHT AND LEVEL,DRY,NO DEFECTS,NOT ON SCENE (DESK REPORT),NO INJURY / DRIVE AWAY,,,,"$501 - $1,500",11/05/2017 09:00:00 AM,IMPROPER OVERTAKING/PASSING,NOT APPLICABLE,5601,W,BELMONT AVE,2514,,,,,,,2,NO INDICATION OF INJURY,0,0,0,0,0,2,0,8,1,11,41.938464265,-87.766558171,POINT (-87.766558171492 41.938464265422)
JA499603,Y,11/05/2017 08:53:00 AM,30,NO CONTROLS,NO CONTROLS,CLOUDY/OVERCAST,DAYLIGHT,FIXED OBJECT,ONE-WAY,4,STRAIGHT ON GRADE,WET,NO DEFECTS,ON SCENE,NO INJURY / DRIVE AWAY,,,Y,"OVER $1,500",11/05/2017 08:55:00 AM,FAILING TO YIELD RIGHT-OF-WAY,"OPERATING VEHICLE IN ERRATIC, RECKLESS, CARELESS, NEGLIGENT OR AGGRESSIVE MANNER",222,N,JEFFERSON ST,1214,,,,,,,1,NO INDICATION OF INJURY,0,0,0,0,0,1,0,8,1,11,41.886488132,-87.642943308,POINT (-87.642943308357 41.886488132473)
JA500551,N,11/05/2017 09:00:00 AM,35,NO CONTROLS,FUNCTIONING PROPERLY,UNKNOWN,DAYLIGHT,SIDESWIPE SAME DIRECTION,NOT DIVIDED,2,STRAIGHT AND LEVEL,WET,NO DEFECTS,NOT ON SCENE (DESK REPORT),NO INJURY / DRIVE AWAY,,,,"$501 - $1,500",11/05/2017 09:00:00 AM,IMPROPER OVERTAKING/PASSING,IMPROPER OVERTAKING/PASSING,3441,W,GRAND AVE,1121,,,,,,,2,NO INDICATION OF INJURY,0,0,0,0,0,2,0,9,1,11,41.90052616,-87.712682588,POINT (-87.712682587959 41.900526159988)
JA500213,,11/05/2017 09:00:00 AM,30,NO CONTROLS,NO CONTROLS,RAIN,DAYLIGHT,PARKED MOTOR VEHICLE,ONE-WAY,,STRAIGHT AND LEVEL,WET,NO DEFECTS,NOT ON SCENE (DESK REPORT),NO INJURY / DRIVE AWAY,,,Y,"OVER $1,500",11/05/2017 05:45:00 PM,UNABLE TO DETERMINE,NOT APPLICABLE,9631,S,EXCHANGE AVE,431,,,,,,,2,NO INDICATION OF INJURY,0,0,0,0,0,1,0,9,1,11,41.719983582,-87.552278514,POINT (-87.552278514123 41.719983581833)
JA499648,,11/05/2017 09:00:00 AM,30,TRAFFIC SIGNAL,FUNCTIONING PROPERLY,CLEAR,DAYLIGHT,ANGLE,NOT DIVIDED,4,STRAIGHT AND LEVEL,WET,NO DEFECTS,NOT ON SCENE (DESK REPORT),NO INJURY / DRIVE AWAY,,,,"$501 - $1,500",11/05/2017 09:30:00 AM,FAILING TO YIELD RIGHT-OF-WAY,FAILING TO REDUCE SPEED TO AVOID CRASH,7859,S,STATE ST,623,,,,,,,2,NO INDICATION OF INJURY,0,0,0,0,0,2,0,9,1,11,41.75100958,-87.624401416,POINT (-87.624401416141 41.75100958029)
JA499808,,11/05/2017 09:00:00 AM,30,NO CONTROLS,NO CONTROLS,RAIN,DAYLIGHT,PARKED MOTOR VEHICLE,NOT DIVIDED,4,STRAIGHT AND LEVEL,WET,NO DEFECTS,NOT ON SCENE (DESK REPORT),NO INJURY / DRIVE AWAY,,,Y,"OVER $1,500",11/05/2017 12:00:00 PM,UNABLE TO DETERMINE,UNABLE TO DETERMINE,2304,S,ARCHER AVE,914,,,,,,,2,NO INDICATION OF INJURY,0,0,0,0,0,1,0,9,1,11,41.850955802,-87.639041754,POINT (-87.639041753913 41.850955801858)
JA499620,,11/05/2017 09:05:00 AM,30,TRAFFIC SIGNAL,FUNCTIONING PROPERLY,FOG/SMOKE/HAZE,DAYLIGHT,SIDESWIPE SAME DIRECTION,DIVIDED - W/MEDIAN BARRIER,2,STRAIGHT AND LEVEL,WET,NO DEFECTS,NOT ON SCENE (DESK REPORT),NO INJURY / DRIVE AWAY,,,,"$501 - $1,500",11/05/2017 09:25:00 AM,EQUIPMENT - VEHICLE CONDITION,NOT APPLICABLE,4811,W,PETERSON AVE,1621,,,,,,,2,NO INDICATION OF INJURY,0,0,0,0,0,3,0,9,1,11,41.989786441,-87.748694226,POINT (-87.748694225706 41.9897864414)
JA499710,Y,11/05/2017 09:05:00 AM,30,NO CONTROLS,NO CONTROLS,CLOUDY/OVERCAST,UNKNOWN,PARKED MOTOR VEHICLE,DIVIDED - W/MEDIAN (NOT RAISED),2,STRAIGHT AND LEVEL,UNKNOWN,NO DEFECTS,NOT ON SCENE (DESK REPORT),NO INJURY / DRIVE AWAY,,,Y,"OVER $1,500",11/05/2017 10:51:00 AM,UNABLE TO DETERMINE,UNABLE TO DETERMINE,1334,N,LARAMIE AVE,2532,,,,,,,2,NO INDICATION OF INJURY,0,0,0,0,0,1,0,9,1,11,41.905107033,-87.755987631,POINT (-87.755987630722 41.90510703314)
JA499638,,11/05/2017 09:30:00 AM,15,OTHER,NO CONTROLS,RAIN,DAYLIGHT,FIXED OBJECT,PARKING LOT,,STRAIGHT AND LEVEL,WET,UNKNOWN,NOT ON SCENE (DESK REPORT),NO INJURY / DRIVE AWAY,,,,"OVER $1,500",11/05/2017 09:50:00 AM,IMPROPER BACKING,IMPROPER BACKING,6605,S,HALSTED ST,723,,,,,,,2,NO INDICATION OF INJURY,0,0,0,0,0,2,0,9,1,11,41.774126994,-87.644493479,POINT (-87.644493478753 41.774126994076)
JA499637,,11/05/2017 09:30:00 AM,20,NO CONTROLS,NO CONTROLS,RAIN,DAYLIGHT,PARKED MOTOR VEHICLE,ONE-WAY,,STRAIGHT AND LEVEL,WET,NO DEFECTS,ON SCENE,NO INJURY / DRIVE AWAY,,,,"OVER $1,500",11/05/2017 09:30:00 AM,IMPROPER BACKING,NOT APPLICABLE,4237,N,SPRINGFIELD AVE,1723,,,,,,,2,NO INDICATION OF INJURY,0,0,0,0,0,1,0,9,1,11,41.958449432,-87.725160839,POINT (-87.725160838583 41.958449431504)
JA500085,Y,11/05/2017 10:00:00 AM,20,NO CONTROLS,NO CONTROLS,CLEAR,"DARKNESS, LIGHTED ROAD",PARKED MOTOR VEHICLE,NOT DIVIDED,2,STRAIGHT AND LEVEL,DRY,NO DEFECTS,NOT ON SCENE (DESK REPORT),NO INJURY / DRIVE AWAY,,,Y,"OVER $1,500",11/05/2017 04:05:00 PM,FAILING TO REDUCE SPEED TO AVOID CRASH,DRIVING SKILLS/KNOWLEDGE/EXPERIENCE,5919,S,WHIPPLE ST,824,,,,,,,2,NO INDICATION OF INJURY,0,0,0,0,0,1,0,10,1,11,41.785709676,-87.699527217,POINT (-87.699527217283 41.785709676159)
JA500059,,11/05/2017 10:00:00 AM,30,NO CONTROLS,NO CONTROLS,RAIN,DAYLIGHT,PARKED MOTOR VEHICLE,ONE-WAY,1,STRAIGHT AND LEVEL,WET,NO DEFECTS,ON SCENE,NO INJURY / DRIVE AWAY,,,Y,"$501 - $1,500",11/05/2017 02:59:00 PM,UNABLE TO DETERMINE,NOT APPLICABLE,4411,S,RICHMOND ST,922,,,,,,,2,NO INDICATION OF INJURY,0,0,0,0,0,1,0,10,1,11,41.81330083,-87.697894016,POINT (-87.697894015512 41.813300829762)