RD_NO,CRASH_DATE_EST_I,CRASH_DATE,POSTED_SPEED_LIMIT,TRAFFIC_CONTROL_DEVICE,DEVICE_CONDITION,WEATHER_CONDITION,LIGHTING_CONDITION,FIRST_CRASH_TYPE,TRAFFICWAY_TYPE,LANE_CNT,ALIGNMENT,ROADWAY_SURFACE_COND,ROAD_DEFECT,REPORT_TYPE,CRASH_TYPE,INTERSECTION_RELATED_I,NOT_RIGHT_OF_WAY_I,HIT_AND_RUN_I,DAMAGE,DATE_POLICE_NOTIFIED,PRIM_CONTRIBUTORY_CAUSE,SEC_CONTRIBUTORY_CAUSE,STREET_NO,STREET_DIRECTION,STREET_NAME,BEAT_OF_OCCURRENCE,PHOTOS_TAKEN_I,STATEMENTS_TAKEN_I,DOORING_I,WORK_ZONE_I,WORK_ZONE_TYPE,WORKERS_PRESENT_I,NUM_UNITS,MOST_SEVERE_INJURY,INJURIES_TOTAL,INJURIES_FATAL,INJURIES_INCAPACITATING,INJURIES_NON_INCAPACITATING,INJURIES_REPORTED_NOT_EVIDENT,INJURIES_NO_INDICATION,INJURIES_UNKNOWN,CRASH_HOUR,CRASH_DAY_OF_WEEK,CRASH_MONTH,LATITUDE,LONGITUDE,LOCATION
JA499692,,11/05/2017 10:03:00 AM,0,NO CONTROLS,NO CONTROLS,RAIN,DAYLIGHT,PARKED MOTOR VEHICLE,PARKING LOT,,STRAIGHT AND LEVEL,WET,NO DEFECTS,ON SCENE,NO INJURY / DRIVE AWAY,,Y,,"OVER $1,500",11/05/2017 10:03:00 AM,UNABLE TO DETERMINE,UNABLE TO DETERMINE,2060,N,NARRAGANSETT AVE,2512,,,,,,,2,NO INDICATION OF INJURY,0,0,0,0,0,1,0,10,1,11,41.918146778,-87.785423081,POINT (-87.785423080503 41.918146777838)
JA499708,,11/05/2017 10:05:00 AM,30,TRAFFIC SIGNAL,FUNCTIONING PROPERLY,CLEAR,DAYLIGHT,SIDESWIPE OPPOSITE DIRECTION,NOT DIVIDED,4,STRAIGHT AND LEVEL,DRY,NO DEFECTS,NOT ON SCENE (DESK REPORT),NO INJURY / DRIVE AWAY,,,Y,"OVER $1,500",11/05/2017 10:58:00 AM,DRIVING SKILLS/KNOWLEDGE/EXPERIENCE,UNABLE TO DETERMINE,800,W,MONTROSE AVE,1914,,,,,,,2,NO INDICATION OF INJURY,0,0,0,0,0,2,0,10,1,11,41.961952099,-87.649977333,POINT (-87.649977333109 41.961952099022)
JA499759,,11/05/2017 10:10:00 AM,20,NO CONTROLS,NO CONTROLS,CLEAR,DAYLIGHT,ANGLE,PARKING LOT,2,STRAIGHT AND LEVEL,DRY,NO DEFECTS,NOT ON SCENE (DESK REPORT),INJURY AND / OR TOW DUE TO CRASH,,,,"OVER $1,500",11/05/2017 11:42:00 AM,FAILING TO YIELD RIGHT-OF-WAY,UNABLE TO DETERMINE,1224,S,WABASH AVE,131,,,,,,,2,NONINCAPACITATING INJURY,2,0,0,2,0,1,0,10,1,11,41.866724354,-87.625961148,POINT (-87.625961148378 41.866724354056)
JA499694,,11/05/2017 10:20:00 AM,30,NO CONTROLS,NO CONTROLS,CLEAR,DAYLIGHT,ANGLE,DIVIDED - W/MEDIAN (NOT RAISED),,STRAIGHT AND LEVEL,DRY,NO DEFECTS,NOT ON SCENE (DESK REPORT),NO INJURY / DRIVE AWAY,Y,,,"$501 - $1,500",11/05/2017 10:46:00 AM,"VISION OBSCURED (SIGNS, TREE LIMBS, BUILDINGS, ETC.)","VISION OBSCURED (SIGNS, TREE LIMBS, BUILDINGS, ETC.)",3500,S,ARTESIAN AVE,911,,,,,,,2,NO INDICATION OF INJURY,0,0,0,0,0,3,0,10,1,11,41.83016572,-87.686442975,POINT (-87.686442975163 41.830165720139)
JA499719,,11/05/2017 10:27:00 AM,5,NO CONTROLS,NO CONTROLS,RAIN,DAYLIGHT,PARKED MOTOR VEHICLE,PARKING LOT,0,STRAIGHT AND LEVEL,WET,NO DEFECTS,ON SCENE,NO INJURY / DRIVE AWAY,,,,"$501 - $1,500",11/05/2017 10:28:00 AM,IMPROPER TURNING/NO SIGNAL,IMPROPER TURNING/NO SIGNAL,2303,S,WESTERN AVE,1034,,,,,,,2,NO INDICATION OF INJURY,0,0,0,0,0,1,0,10,1,11,41.850108855,-87.685437646,POINT (-87.685437646194 41.850108855499)
JA499736,,11/05/2017 10:30:00 AM,30,NO CONTROLS,NO CONTROLS,RAIN,DAYLIGHT,ANGLE,RAMP,1,STRAIGHT AND LEVEL,DRY,NO DEFECTS,NOT ON SCENE (DESK REPORT),NO INJURY / DRIVE AWAY,,,,"$501 - $1,500",11/05/2017 11:13:00 AM,UNABLE TO DETERMINE,UNABLE TO DETERMINE,1730,W,ESTES AVE,2423,,,,,,,2,NO INDICATION OF INJURY,0,0,0,0,0,2,0,10,1,11,42.011537533,-87.673623061,POINT (-87.673623060564 42.011537533148)
JA506771,,11/05/2017 10:30:00 AM,25,NO CONTROLS,NO CONTROLS,CLEAR,DAYLIGHT,PARKED MOTOR VEHICLE,PARKING LOT,1,STRAIGHT AND LEVEL,DRY,NO DEFECTS,NOT ON SCENE (DESK REPORT),NO INJURY / DRIVE AWAY,,,,"$501 - $1,500",11/10/2017 04:31:00 PM,UNABLE TO DETERMINE,UNABLE TO DETERMINE,6435,W,ARCHER AVE,811,,,,,,,2,NO INDICATION OF INJURY,0,0,0,0,0,1,0,10,1,11,41.792206331,-87.783167629,POINT (-87.783167628519 41.792206330932)
JA499765,,11/05/2017 10:40:00 AM,30,NO CONTROLS,NO CONTROLS,CLOUDY/OVERCAST,DAYLIGHT,SIDESWIPE SAME DIRECTION,ONE-WAY,2,STRAIGHT AND LEVEL,DRY,NO DEFECTS,NOT ON SCENE (DESK REPORT),NO INJURY / DRIVE AWAY,,,,"OVER $1,500",11/05/2017 11:30:00 AM,IMPROPER TURNING/NO SIGNAL,NOT APPLICABLE,111,E,ERIE ST,1834,,,,,,,2,NO INDICATION OF INJURY,0,0,0,0,0,6,0,10,1,11,41.894016643,-87.624833927,POINT (-87.624833926631 41.89401664282)
JA499753,,11/05/2017 10:40:00 AM,30,TRAFFIC SIGNAL,FUNCTIONING PROPERLY,RAIN,DAYLIGHT,SIDESWIPE SAME DIRECTION,NOT DIVIDED,2,STRAIGHT AND LEVEL,WET,NO DEFECTS,NOT ON SCENE (DESK REPORT),NO INJURY / DRIVE AWAY,,,,"$501 - $1,500",11/05/2017 11:25:00 AM,FAILING TO YIELD RIGHT-OF-WAY,UNABLE TO DETERMINE,4800,N,DAMEN AVE,2032,,,,,,,2,NO INDICATION OF INJURY,0,0,0,0,0,4,0,10,1,11,41.968845182,-87.679334725,POINT (-87.679334724736 41.968845181711)
JA499756,,11/05/2017 10:45:00 AM,30,STOP SIGN/FLASHER,FUNCTIONING PROPERLY,RAIN,DAYLIGHT,TURNING,NOT DIVIDED,,CURVE ON GRADE,WET,NO DEFECTS,ON SCENE,INJURY AND / OR TOW DUE TO CRASH,Y,,,"OVER $1,500",11/05/2017 11:00:00 AM,FAILING TO REDUCE SPEED TO AVOID CRASH,UNABLE TO DETERMINE,12700,S,INDIANA AVE,532,,Y,,,,,2,NONINCAPACITATING INJURY,2,0,0,2,0,1,0,10,1,11,41.663254479,-87.61778866,POINT (-87.617788659925 41.663254478672)
JA499855,,11/05/2017 10:45:00 AM,35,NO CONTROLS,NO CONTROLS,RAIN,DAYLIGHT,SIDESWIPE SAME DIRECTION,DIVIDED - W/MEDIAN BARRIER,3,STRAIGHT ON HILLCREST,WET,NO DEFECTS,NOT ON SCENE (DESK REPORT),NO INJURY / DRIVE AWAY,,,,"$501 - $1,500",11/05/2017 12:50:00 PM,IMPROPER LANE USAGE,NOT APPLICABLE,5735,N,CUMBERLAND AVE,1614,,,,,,,2,NO INDICATION OF INJURY,0,0,0,0,0,2,0,10,1,11,41.983686849,-87.836434052,POINT (-87.836434052448 41.983686849169)
JA501631,,11/05/2017 10:45:00 AM,30,NO CONTROLS,NO CONTROLS,RAIN,DAYLIGHT,OTHER OBJECT,NOT DIVIDED,,STRAIGHT AND LEVEL,DRY,"RUT, HOLES",NOT ON SCENE (DESK REPORT),NO INJURY / DRIVE AWAY,,,,"OVER $1,500",11/06/2017 06:20:00 PM,ROAD CONSTRUCTION/MAINTENANCE,NOT APPLICABLE,4430,N,LINCOLN AVE,1911,,,,Y,CONSTRUCTION,,1,NO INDICATION OF INJURY,0,0,0,0,0,1,0,10,1,11,41.96221314,-87.684533034,POINT (-87.684533034097 41.962213139521)
JA500082,,11/05/2017 10:45:00 AM,30,NO CONTROLS,NO CONTROLS,RAIN,DAYLIGHT,ANGLE,ALLEY,,STRAIGHT AND LEVEL,WET,NO DEFECTS,NOT ON SCENE (DESK REPORT),NO INJURY / DRIVE AWAY,,,,"$501 - $1,500",11/05/2017 04:00:00 PM,UNABLE TO DETERMINE,UNABLE TO DETERMINE,750,N,DAMEN AVE,1221,,,,,,,2,NO INDICATION OF INJURY,0,0,0,0,0,3,0,10,1,11,41.895619665,-87.677191092,POINT (-87.677191092365 41.895619664969)
JA499732,Y,11/05/2017 10:50:00 AM,35,TRAFFIC SIGNAL,FUNCTIONING PROPERLY,RAIN,DARKNESS,TURNING,NOT DIVIDED,6,STRAIGHT AND LEVEL,WET,NO DEFECTS,ON SCENE,INJURY AND / OR TOW DUE TO CRASH,,,,"OVER $1,500",11/05/2017 11:15:00 AM,UNABLE TO DETERMINE,UNABLE TO DETERMINE,2600,N,WESTERN AVE,1411,,,,,,,2,NONINCAPACITATING INJURY,2,0,0,2,0,1,0,10,1,11,41.92866979,-87.687922236,POINT (-87.687922235539 41.92866978991)
JA501400,,11/05/2017 11:00:00 AM,30,NO CONTROLS,NO CONTROLS,RAIN,DAYLIGHT,PARKED MOTOR VEHICLE,NOT DIVIDED,2,STRAIGHT AND LEVEL,WET,NO DEFECTS,NOT ON SCENE (DESK REPORT),NO INJURY / DRIVE AWAY,,,,"$501 - $1,500",11/06/2017 04:26:00 PM,IMPROPER BACKING,NOT APPLICABLE,11300,S,STATE ST,522,,,,,,,2,NO INDICATION OF INJURY,0,0,0,0,0,1,0,11,1,11,41.688907079,-87.623141607,POINT (-87.623141606801 41.688907079153)
JA499783,,11/05/2017 11:00:00 AM,10,NO CONTROLS,NO CONTROLS,CLEAR,DAYLIGHT,PARKED MOTOR VEHICLE,ALLEY,1,STRAIGHT AND LEVEL,WET,NO DEFECTS,NOT ON SCENE (DESK REPORT),NO INJURY / DRIVE AWAY,,,,"OVER $1,500",11/05/2017 11:40:00 AM,UNABLE TO DETERMINE,UNABLE TO DETERMINE,9129,S,KINGSTON AVE,423,,,,,,,2,NO INDICATION OF INJURY,0,0,0,0,0,1,0,11,1,11,41.729054916,-87.561994098,POINT (-87.561994097889 41.729054916096)
JA501345,,11/05/2017 11:00:00 AM,35,NO CONTROLS,NO CONTROLS,CLEAR,DAYLIGHT,PARKED MOTOR VEHICLE,NOT DIVIDED,,STRAIGHT AND LEVEL,DRY,NO DEFECTS,NOT ON SCENE (DESK REPORT),NO INJURY / DRIVE AWAY,,,Y,"$501 - $1,500",11/06/2017 03:45:00 PM,UNABLE TO DETERMINE,UNABLE TO DETERMINE,4730,N,KIMBALL AVE,1723,,,,,,,2,NO INDICATION OF INJURY,0,0,0,0,0,1,0,11,1,11,41.967517205,-87.713485375,POINT (-87.713485374831 41.967517204525)
JA499752,,11/05/2017 11:00:00 AM,25,NO CONTROLS,NO CONTROLS,CLOUDY/OVERCAST,DAYLIGHT,TURNING,NOT DIVIDED,,STRAIGHT AND LEVEL,WET,NO DEFECTS,NOT ON SCENE (DESK REPORT),NO INJURY / DRIVE AWAY,,,,"OVER $1,500",11/05/2017 11:22:00 AM,UNABLE TO DETERMINE,UNABLE TO DETERMINE,3432,W,GRAND AVE,1121,,,,,,,2,NO INDICATION OF INJURY,0,0,0,0,0,2,0,11,1,11,41.900479087,-87.712219742,POINT (-87.71221974187 41.900479087363)
JA499751,,11/05/2017 11:11:00 AM,30,TRAFFIC SIGNAL,FUNCTIONING PROPERLY,RAIN,DAYLIGHT,ANGLE,NOT DIVIDED,2,STRAIGHT AND LEVEL,WET,NO DEFECTS,ON SCENE,INJURY AND / OR TOW DUE TO CRASH,Y,,,"OVER $1,500",11/05/2017 11:14:00 AM,WEATHER,UNABLE TO DETERMINE,6400,N,SHERIDAN RD,2432,,,,,,,2,NO INDICATION OF INJURY,0,0,0,0,0,3,0,11,1,11,41.998217921,-87.660695256,POINT (-87.660695255572 41.998217920532)
JA499754,,11/05/2017 11:15:00 AM,30,TRAFFIC SIGNAL,FUNCTIONING PROPERLY,RAIN,DAYLIGHT,PARKED MOTOR VEHICLE,ONE-WAY,2,STRAIGHT AND LEVEL,WET,NO DEFECTS,ON SCENE,INJURY AND / OR TOW DUE TO CRASH,Y,,Y,"OVER $1,500",11/05/2017 11:15:00 AM,EXCEEDING SAFE SPEED FOR CONDITIONS,WEATHER,2248,W,WARREN BLVD,1223,,,,,,,4,NO INDICATION OF INJURY,0,0,0,0,0,1,0,11,1,11,41.882235542,-87.683367604,POINT (-87.683367604262 41.88223554165)
JA499817,,11/05/2017 11:15:00 AM,30,NO CONTROLS,NO CONTROLS,RAIN,DAYLIGHT,TURNING,DIVIDED - W/MEDIAN BARRIER,,STRAIGHT ON GRADE,WET,NO DEFECTS,ON SCENE,INJURY AND / OR TOW DUE TO CRASH,,,Y,"$501 - $1,500",11/05/2017 11:29:00 AM,IMPROPER TURNING/NO SIGNAL,FAILING TO REDUCE SPEED TO AVOID CRASH,2101,W,87TH ST,2221,,,,,,,2,NONINCAPACITATING INJURY,1,0,0,1,0,1,0,11,1,11,41.735503933,-87.676204901,POINT (-87.676204901326 41.735503932701)
JA499769,,11/05/2017 11:25:00 AM,30,TRAFFIC SIGNAL,FUNCTIONING PROPERLY,RAIN,DAYLIGHT,REAR END,DIVIDED - W/MEDIAN (NOT RAISED),,"CURVE, LEVEL",WET,OTHER,ON SCENE,NO INJURY / DRIVE AWAY,,,,"OVER $1,500",11/05/2017 11:30:00 AM,EXCEEDING SAFE SPEED FOR CONDITIONS,FAILING TO REDUCE SPEED TO AVOID CRASH,4831,N,AUSTIN AVE,1622,,,,,,,2,NO INDICATION OF INJURY,0,0,0,0,0,2,0,11,1,11,41.96855858,-87.778072279,POINT (-87.778072279407 41.968558580386)
JA499788,,11/05/2017 11:30:00 AM,30,STOP SIGN/FLASHER,FUNCTIONING PROPERLY,CLOUDY/OVERCAST,DAYLIGHT,ANGLE,ONE-WAY,3,STRAIGHT AND LEVEL,WET,NO DEFECTS,NOT ON SCENE (DESK REPORT),NO INJURY / DRIVE AWAY,Y,,,"OVER $1,500",11/05/2017 11:40:00 AM,UNABLE TO DETERMINE,NOT APPLICABLE,4400,S,MICHIGAN AVE,215,,,,,,,2,NO INDICATION OF INJURY,0,0,0,0,0,3,0,11,1,11,41.814643226,-87.623126734,POINT (-87.62312673403 41.814643225671)
JA499862,Y,11/05/2017 11:40:00 AM,30,NO CONTROLS,NO CONTROLS,RAIN,DAYLIGHT,SIDESWIPE SAME DIRECTION,NOT DIVIDED,2,STRAIGHT AND LEVEL,WET,NO DEFECTS,ON SCENE,NO INJURY / DRIVE AWAY,,,,"$501 - $1,500",11/05/2017 11:46:00 AM,FAILING TO YIELD RIGHT-OF-WAY,FAILING TO YIELD RIGHT-OF-WAY,2540,N,CLARK ST,1935,,,,,,,2,NO INDICATION OF INJURY,0,0,0,0,0,2,0,11,1,11,41.928822252,-87.642562209,POINT (-87.642562208952 41.928822252364)
JA499813,,11/05/2017 11:42:00 AM,35,NO CONTROLS,NO CONTROLS,RAIN,DAYLIGHT,REAR END,DIVIDED - W/MEDIAN BARRIER,,STRAIGHT AND LEVEL,WET,NO DEFECTS,,NO INJURY / DRIVE AWAY,,,,"OVER $1,500",11/05/2017 12:11:00 PM,WEATHER,NOT APPLICABLE,4431,S,CICERO AVE,815,,,,,,,2,NO INDICATION OF INJURY,0,0,0,0,0,2,0,11,1,11,41.81215926,-87.743132989,POINT (-87.7431329893 41.812159259551)
JA500217,,11/05/2017 11:43:00 AM,30,TRAFFIC SIGNAL,FUNCTIONING PROPERLY,CLOUDY/OVERCAST,DAYLIGHT,TURNING,ONE-WAY,3,STRAIGHT AND LEVEL,UNKNOWN,UNKNOWN,NOT ON SCENE (DESK REPORT),INJURY AND / OR TOW DUE TO CRASH,Y,,,"$501 - $1,500",11/05/2017 06:00:00 PM,FOLLOWING TOO CLOSELY,UNABLE TO DETERMINE,700,N,CLARK ST,1832,,,,,,,2,"REPORTED, NOT EVIDENT",1,0,0,0,1,2,0,11,1,11,41.89487136,-87.631350627,POINT (-87.631350626978 41.894871360316)
JA500948,,11/05/2017 11:45:00 AM,30,TRAFFIC SIGNAL,FUNCTIONING PROPERLY,RAIN,DAYLIGHT,REAR END,DIVIDED - W/MEDIAN (NOT RAISED),2,CURVE ON HILLCREST,WET,NO DEFECTS,NOT ON SCENE (DESK REPORT),NO INJURY / DRIVE AWAY,,,Y,"$501 - $1,500",11/06/2017 11:09:00 AM,FOLLOWING TOO CLOSELY,UNABLE TO DETERMINE,12700,S,WALLACE ST,523,,,,,,,2,NO INDICATION OF INJURY,0,0,0,0,0,2,0,11,1,11,41.663173271,-87.636763079,POINT (-87.636763078789 41.663173270962)
JA499827,,11/05/2017 11:45:00 AM,30,NO CONTROLS,NO CONTROLS,CLEAR,DAYLIGHT,REAR END,NOT DIVIDED,2,STRAIGHT AND LEVEL,DRY,NO DEFECTS,,INJURY AND / OR TOW DUE TO CRASH,,,,"$501 - $1,500",11/05/2017 12:28:00 PM,UNABLE TO DETERMINE,UNABLE TO DETERMINE,146,W,59TH ST,232,,,,,,,2,"REPORTED, NOT EVIDENT",3,0,0,0,3,2,0,11,1,11,41.78739792,-87.629494011,POINT (-87.629494010969 41.787397920227)
JA500098,,11/05/2017 11:45:00 AM,30,TRAFFIC SIGNAL,FUNCTIONING PROPERLY,CLOUDY/OVERCAST,DAYLIGHT,REAR END,DIVIDED - W/MEDIAN (NOT RAISED),2,STRAIGHT AND LEVEL,WET,NO DEFECTS,NOT ON SCENE (DESK REPORT),NO INJURY / DRIVE AWAY,Y,,,"OVER $1,500",11/05/2017 04:25:00 PM,FOLLOWING TOO CLOSELY,WEATHER,3100,S,MORGAN ST,913,,,,,,,2,NO INDICATION OF INJURY,0,0,0,0,0,2,0,11,1,11,41.837939873,-87.651286258,POINT (-87.651286258282 41.837939872621)
JA499832,,11/05/2017 11:50:00 AM,40,TRAFFIC SIGNAL,FUNCTIONING PROPERLY,RAIN,DAYLIGHT,REAR END,NOT DIVIDED,4,STRAIGHT AND LEVEL,WET,NO DEFECTS,ON SCENE,INJURY AND / OR TOW DUE TO CRASH,Y,,,"OVER $1,500",11/05/2017 12:16:00 PM,FOLLOWING TOO CLOSELY,DISTRACTION - FROM INSIDE VEHICLE,4700,N,WESTERN AVE,1911,,,,,,,2,"REPORTED, NOT EVIDENT",1,0,0,0,1,2,0,11,1,11,41.966848451,-87.688998404,POINT (-87.688998403679 41.966848450952)
JA499806,,11/05/2017 11:53:00 AM,20,TRAFFIC SIGNAL,FUNCTIONING PROPERLY,RAIN,DAYLIGHT,REAR END,NOT DIVIDED,4,STRAIGHT AND LEVEL,WET,NO DEFECTS,ON SCENE,NO INJURY / DRIVE AWAY,,,Y,"$501 - $1,500",11/05/2017 11:54:00 AM,FAILING TO REDUCE SPEED TO AVOID CRASH,NOT APPLICABLE,3016,N,NARRAGANSETT AVE,2511,,,,,,,2,NO INDICATION OF INJURY,0,0,0,0,0,3,0,11,1,11,41.935173648,-87.785974811,POINT (-87.785974810701 41.935173647785)
JA499809,,11/05/2017 11:54:00 AM,30,NO CONTROLS,NO CONTROLS,RAIN,DAYLIGHT,TURNING,NOT DIVIDED,2,STRAIGHT AND LEVEL,WET,NO DEFECTS,ON SCENE,NO INJURY / DRIVE AWAY,Y,,,"OVER $1,500",11/05/2017 11:54:00 AM,IMPROPER TURNING/NO SIGNAL,UNABLE TO DETERMINE,6401,W,GEORGE ST,2511,,,,,,,2,NO INDICATION OF INJURY,0,0,0,0,0,2,0,11,1,11,41.932721555,-87.785809551,POINT (-87.785809550595 41.932721555156)
JA499848,Y,11/05/2017 12:00:00 PM,30,NO CONTROLS,NO CONTROLS,RAIN,DAYLIGHT,PARKED MOTOR VEHICLE,ONE-WAY,1,STRAIGHT AND LEVEL,WET,NO DEFECTS,NOT ON SCENE (DESK REPORT),NO INJURY / DRIVE AWAY,,,Y,"OVER $1,500",11/05/2017 12:40:00 PM,UNABLE TO DETERMINE,UNABLE TO DETERMINE,2452,N,GENEVA TER,1935,,,,,,,2,NO INDICATION OF INJURY,0,0,0,0,0,1,0,12,1,11,41.927073918,-87.644153087,POINT (-87.644153086557 41.927073918168)
JA509928,,11/05/2017 12:00:00 PM,5,NO CONTROLS,NO CONTROLS,RAIN,DAYLIGHT,PARKED MOTOR VEHICLE,PARKING LOT,,STRAIGHT AND LEVEL,WET,NO DEFECTS,NOT ON SCENE (DESK REPORT),NO INJURY / DRIVE AWAY,,,Y,"OVER $1,500",11/13/2017 10:15:00 AM,NOT APPLICABLE,NOT APPLICABLE,9440,S,VINCENNES AVE,2222,,,,,,,2,NO INDICATION OF INJURY,0,0,0,0,0,1,0,12,1,11,41.722040142,-87.650559322,POINT (-87.650559322279 41.722040142168)
JA499864,,11/05/2017 12:00:00 PM,30,NO CONTROLS,NO CONTROLS,RAIN,DAYLIGHT,PARKED MOTOR VEHICLE,ONE-WAY,2,STRAIGHT AND LEVEL,WET,NO DEFECTS,NOT ON SCENE (DESK REPORT),NO INJURY / DRIVE AWAY,,,,"$501 - $1,500",11/05/2017 01:00:00 PM,UNABLE TO DETERMINE,NOT APPLICABLE,15,W,DELAWARE PL,1832,,,,,,,2,NO INDICATION OF INJURY,0,0,0,0,0,4,0,12,1,11,41.8990217,-87.628924253,POINT (-87.628924253482 41.899021699577)
JA502994,Y,11/05/2017 12:00:00 PM,30,UNKNOWN,UNKNOWN,UNKNOWN,UNKNOWN,PARKED MOTOR VEHICLE,NOT DIVIDED,2,STRAIGHT AND LEVEL,OTHER,UNKNOWN,NOT ON SCENE (DESK REPORT),NO INJURY / DRIVE AWAY,,,Y,"$501 - $1,500",11/07/2017 06:50:00 PM,UNABLE TO DETERMINE,NOT APPLICABLE,1750,W,CERMAK RD,1234,,,,,,,2,NO INDICATION OF INJURY,0,0,0,0,0,1,0,12,1,11,41.852363143,-87.670567128,POINT (-87.670567127516 41.85236314336)
JA500065,Y,11/05/2017 12:00:00 PM,30,STOP SIGN/FLASHER,FUNCTIONING PROPERLY,RAIN,DAYLIGHT,ANGLE,DIVIDED - W/MEDIAN (NOT RAISED),2,STRAIGHT AND LEVEL,WET,NO DEFECTS,NOT ON SCENE (DESK REPORT),NO INJURY / DRIVE AWAY,Y,,,"OVER $1,500",11/05/2017 04:00:00 PM,FAILING TO YIELD RIGHT-OF-WAY,FAILING TO YIELD RIGHT-OF-WAY,2222,W,NORTH AVE,1434,,,,,,,2,NO INDICATION OF INJURY,0,0,0,0,0,3,0,12,1,11,41.910489281,-87.683337975,POINT (-87.68333797479 41.910489281498)
JA499846,,11/05/2017 12:02:00 PM,30,NO CONTROLS,NO CONTROLS,RAIN,DAYLIGHT,SIDESWIPE SAME DIRECTION,NOT DIVIDED,,STRAIGHT AND LEVEL,WET,NO DEFECTS,NOT ON SCENE (DESK REPORT),NO INJURY / DRIVE AWAY,,,Y,"OVER $1,500",11/05/2017 12:15:00 PM,IMPROPER LANE USAGE,NOT APPLICABLE,8700,S,HALSTED ST,2223,,,,,,,2,NO INDICATION OF INJURY,0,0,0,0,0,3,0,12,1,11,41.735785266,-87.64375883,POINT (-87.643758829628 41.735785266472)
JA499810,,11/05/2017 12:12:00 PM,30,TRAFFIC SIGNAL,FUNCTIONING PROPERLY,CLOUDY/OVERCAST,DAYLIGHT,ANGLE,DIVIDED - W/MEDIAN BARRIER,0,STRAIGHT AND LEVEL,WET,NO DEFECTS,ON SCENE,INJURY AND / OR TOW DUE TO CRASH,Y,,,"OVER $1,500",11/05/2017 12:12:00 PM,DISREGARDING TRAFFIC SIGNALS,CELL PHONE USE OTHER THAN TEXTING,240,N,STATE ST,111,,,,,,,2,NONINCAPACITATING INJURY,4,0,0,4,0,1,0,12,1,11,41.886778991,-87.628118552,POINT (-87.628118551654 41.886778991364)
JA499868,,11/05/2017 12:15:00 PM,0,NO CONTROLS,NO CONTROLS,RAIN,DAYLIGHT,PARKED MOTOR VEHICLE,DIVIDED - W/MEDIAN (NOT RAISED),2,STRAIGHT AND LEVEL,WET,NO DEFECTS,NOT ON SCENE (DESK REPORT),NO INJURY / DRIVE AWAY,,,Y,$500 OR LESS,11/05/2017 01:00:00 PM,UNABLE TO DETERMINE,NOT APPLICABLE,432,E,83RD ST,631,,,,,,,2,NO INDICATION OF INJURY,0,0,0,0,0,2,0,12,1,11,41.743940631,-87.613370091,POINT (-87.613370091274 41.743940630532)
JA499856,,11/05/2017 12:15:00 PM,20,STOP SIGN/FLASHER,FUNCTIONING PROPERLY,CLEAR,DAYLIGHT,ANGLE,NOT DIVIDED,2,STRAIGHT AND LEVEL,WET,NO DEFECTS,ON SCENE,INJURY AND / OR TOW DUE TO CRASH,Y,,,"OVER $1,500",11/05/2017 12:20:00 PM,UNABLE TO DETERMINE,UNABLE TO DETERMINE,3057,N,RACINE AVE,1933,,,,,,,3,NO INDICATION OF INJURY,0,0,0,0,0,4,0,12,1,11,41.937915664,-87.658751025,POINT (-87.658751024994 41.937915663698)
JA499959,,11/05/2017 12:20:00 PM,30,NO CONTROLS,NO CONTROLS,CLEAR,DAYLIGHT,REAR END,NOT DIVIDED,2,STRAIGHT AND LEVEL,WET,NO DEFECTS,NOT ON SCENE (DESK REPORT),NO INJURY / DRIVE AWAY,Y,,,$500 OR LESS,11/05/2017 02:11:00 PM,UNABLE TO DETERMINE,UNABLE TO DETERMINE,8700,S,HALSTED ST,2223,,,,,,,2,NO INDICATION OF INJURY,0,0,0,0,0,2,0,12,1,11,41.735785266,-87.64375883,POINT (-87.643758829628 41.735785266472)
JA499836,Y,11/05/2017 12:20:00 PM,25,NO CONTROLS,NO CONTROLS,RAIN,DAYLIGHT,PARKED MOTOR VEHICLE,ONE-WAY,1,STRAIGHT AND LEVEL,WET,NO DEFECTS,ON SCENE,INJURY AND / OR TOW DUE TO CRASH,,,Y,"$501 - $1,500",11/05/2017 12:26:00 PM,WEATHER,UNABLE TO DETERMINE,6110,W,WAVELAND AVE,1633,,,,,,,2,NO INDICATION OF INJURY,0,0,0,0,0,1,0,12,1,11,41.947667667,-87.779512057,POINT (-87.779512057299 41.947667667315)
JA499850,,11/05/2017 12:24:00 PM,10,NO CONTROLS,NO CONTROLS,CLOUDY/OVERCAST,DAYLIGHT,REAR END,PARKING LOT,,STRAIGHT AND LEVEL,UNKNOWN,UNKNOWN,NOT ON SCENE (DESK REPORT),NO INJURY / DRIVE AWAY,,,Y,"$501 - $1,500",11/05/2017 12:42:00 PM,IMPROPER BACKING,IMPROPER BACKING,3030,N,BROADWAY,1934,,,,,,,2,NO INDICATION OF INJURY,0,0,0,0,0,3,0,12,1,11,41.937338437,-87.644456472,POINT (-87.644456471505 41.937338437309)
JA500258,,11/05/2017 12:30:00 PM,30,UNKNOWN,UNKNOWN,UNKNOWN,UNKNOWN,ANGLE,DIVIDED - W/MEDIAN (NOT RAISED),2,STRAIGHT AND LEVEL,UNKNOWN,UNKNOWN,NOT ON SCENE (DESK REPORT),NO INJURY / DRIVE AWAY,Y,,,$500 OR LESS,11/05/2017 06:30:00 PM,UNABLE TO DETERMINE,NOT APPLICABLE,6800,W,ALTGELD ST,2512,,,,,,,2,NO INDICATION OF INJURY,0,0,0,0,0,3,0,12,1,11,41.925527263,-87.7953603,POINT (-87.795360300225 41.925527263382)