RD_NO,CRASH_DATE_EST_I,CRASH_DATE,POSTED_SPEED_LIMIT,TRAFFIC_CONTROL_DEVICE,DEVICE_CONDITION,WEATHER_CONDITION,LIGHTING_CONDITION,FIRST_CRASH_TYPE,TRAFFICWAY_TYPE,LANE_CNT,ALIGNMENT,ROADWAY_SURFACE_COND,ROAD_DEFECT,REPORT_TYPE,CRASH_TYPE,INTERSECTION_RELATED_I,NOT_RIGHT_OF_WAY_I,HIT_AND_RUN_I,DAMAGE,DATE_POLICE_NOTIFIED,PRIM_CONTRIBUTORY_CAUSE,SEC_CONTRIBUTORY_CAUSE,STREET_NO,STREET_DIRECTION,STREET_NAME,BEAT_OF_OCCURRENCE,PHOTOS_TAKEN_I,STATEMENTS_TAKEN_I,DOORING_I,WORK_ZONE_I,WORK_ZONE_TYPE,WORKERS_PRESENT_I,NUM_UNITS,MOST_SEVERE_INJURY,INJURIES_TOTAL,INJURIES_FATAL,INJURIES_INCAPACITATING,INJURIES_NON_INCAPACITATING,INJURIES_REPORTED_NOT_EVIDENT,INJURIES_NO_INDICATION,INJURIES_UNKNOWN,CRASH_HOUR,CRASH_DAY_OF_WEEK,CRASH_MONTH,LATITUDE,LONGITUDE,LOCATION
JA499876,,11/05/2017 12:30:00 PM,30,NO CONTROLS,NO CONTROLS,RAIN,DAYLIGHT,SIDESWIPE SAME DIRECTION,DIVIDED - W/MEDIAN (NOT RAISED),2,STRAIGHT AND LEVEL,WET,NO DEFECTS,NOT ON SCENE (DESK REPORT),NO INJURY / DRIVE AWAY,,,,"OVER $1,500",11/05/2017 01:05:00 PM,UNABLE TO DETERMINE,UNABLE TO DETERMINE,3501,W,FOSTER AVE,1712,,,,,,,2,NO INDICATION OF INJURY,0,0,0,0,0,3,0,12,1,11,41.975554156,-87.716048637,POINT (-87.716048636615 41.975554155548)
JA499851,,11/05/2017 12:30:00 PM,35,NO CONTROLS,NO CONTROLS,RAIN,DAYLIGHT,SIDESWIPE SAME DIRECTION,OTHER,,STRAIGHT AND LEVEL,WET,NO DEFECTS,,NO INJURY / DRIVE AWAY,,,,"OVER $1,500",11/05/2017 12:50:00 PM,FAILING TO YIELD RIGHT-OF-WAY,NOT APPLICABLE,5700,S,CICERO AVE,813,,,,,,,2,NO INDICATION OF INJURY,0,0,0,0,0,2,0,12,1,11,41.789329323,-87.741645644,POINT (-87.741645644196 41.789329323265)
JA499854,,11/05/2017 12:30:00 PM,30,NO CONTROLS,FUNCTIONING PROPERLY,RAIN,DAYLIGHT,FIXED OBJECT,DIVIDED - W/MEDIAN (NOT RAISED),2,STRAIGHT AND LEVEL,WET,NO DEFECTS,ON SCENE,INJURY AND / OR TOW DUE TO CRASH,,,,"$501 - $1,500",11/05/2017 12:30:00 PM,EXCEEDING SAFE SPEED FOR CONDITIONS,NOT APPLICABLE,2399,E,MARQUETTE DR,331,,,,,,,1,NO INDICATION OF INJURY,0,0,0,0,0,2,0,12,1,11,41.7735913,-87.567051208,POINT (-87.567051208348 41.7735912995)
JA504105,Y,11/05/2017 12:30:00 PM,30,NO CONTROLS,NO CONTROLS,UNKNOWN,UNKNOWN,PARKED MOTOR VEHICLE,ONE-WAY,1,STRAIGHT AND LEVEL,UNKNOWN,UNKNOWN,NOT ON SCENE (DESK REPORT),NO INJURY / DRIVE AWAY,,,Y,"OVER $1,500",11/08/2017 05:00:00 PM,UNABLE TO DETERMINE,UNABLE TO DETERMINE,2002,S,PEORIA ST,1235,,,,,,,2,NO INDICATION OF INJURY,0,0,0,0,0,1,0,12,1,11,41.85521342,-87.648353667,POINT (-87.648353666905 41.855213420495)
JA499873,,11/05/2017 12:45:00 PM,30,UNKNOWN,UNKNOWN,RAIN,DAYLIGHT,REAR END,DIVIDED - W/MEDIAN (NOT RAISED),4,STRAIGHT AND LEVEL,WET,UNKNOWN,NOT ON SCENE (DESK REPORT),NO INJURY / DRIVE AWAY,,,Y,"$501 - $1,500",11/05/2017 01:10:00 PM,FOLLOWING TOO CLOSELY,NOT APPLICABLE,2453,N,CENTRAL AVE,2515,,,,,,,2,NO INDICATION OF INJURY,0,0,0,0,0,2,0,12,1,11,41.925546308,-87.765899068,POINT (-87.765899068464 41.925546307621)
JA499901,,11/05/2017 12:45:00 PM,30,STOP SIGN/FLASHER,FUNCTIONING PROPERLY,CLOUDY/OVERCAST,DAYLIGHT,ANGLE,OTHER,,STRAIGHT AND LEVEL,DRY,NO DEFECTS,NOT ON SCENE (DESK REPORT),NO INJURY / DRIVE AWAY,Y,,,"OVER $1,500",11/05/2017 01:30:00 PM,DISREGARDING STOP SIGN,UNABLE TO DETERMINE,2450,N,OAK PARK AVE,2512,,,,,,,2,NO INDICATION OF INJURY,0,0,0,0,0,2,0,12,1,11,41.925098767,-87.795435151,POINT (-87.795435151001 41.925098766917)
JA499853,,11/05/2017 12:45:00 PM,30,TRAFFIC SIGNAL,FUNCTIONING PROPERLY,RAIN,DAYLIGHT,TURNING,DIVIDED - W/MEDIAN BARRIER,3,STRAIGHT AND LEVEL,WET,NO DEFECTS,ON SCENE,NO INJURY / DRIVE AWAY,,,,"$501 - $1,500",11/05/2017 12:56:00 PM,UNABLE TO DETERMINE,NOT APPLICABLE,357,N,LOWER MICHIGAN AVE,114,,,,,,,2,NO INDICATION OF INJURY,0,0,0,0,0,2,0,12,1,11,41.888074479,-87.624450069,POINT (-87.624450068666 41.888074479455)
JA499895,,11/05/2017 12:57:00 PM,25,NO CONTROLS,UNKNOWN,RAIN,DAYLIGHT,FIXED OBJECT,NOT DIVIDED,1,STRAIGHT AND LEVEL,WET,NO DEFECTS,,INJURY AND / OR TOW DUE TO CRASH,,,,"OVER $1,500",11/05/2017 12:58:00 PM,EXCEEDING SAFE SPEED FOR CONDITIONS,NOT APPLICABLE,9365,S,KINGSTON AVE,423,,,,,,,2,NO INDICATION OF INJURY,0,0,0,0,0,2,0,12,1,11,41.72456945,-87.561846604,POINT (-87.561846604475 41.724569450363)
JA499894,,11/05/2017 01:00:00 PM,30,NO CONTROLS,NO CONTROLS,RAIN,DAYLIGHT,ANGLE,NOT DIVIDED,2,STRAIGHT AND LEVEL,WET,UNKNOWN,NOT ON SCENE (DESK REPORT),NO INJURY / DRIVE AWAY,Y,,,"$501 - $1,500",11/05/2017 01:25:00 PM,UNABLE TO DETERMINE,UNABLE TO DETERMINE,740,E,90TH ST,633,,,,,,,2,NO INDICATION OF INJURY,0,0,0,0,0,4,0,13,1,11,41.731277105,-87.605437138,POINT (-87.605437138163 41.731277104928)
JA499925,,11/05/2017 01:00:00 PM,30,NO CONTROLS,NO CONTROLS,CLOUDY/OVERCAST,DAYLIGHT,SIDESWIPE SAME DIRECTION,DIVIDED - W/MEDIAN BARRIER,6,STRAIGHT AND LEVEL,DRY,UNKNOWN,NOT ON SCENE (DESK REPORT),NO INJURY / DRIVE AWAY,,,,"$501 - $1,500",11/05/2017 02:00:00 PM,UNABLE TO DETERMINE,NOT APPLICABLE,2412,N,ASHLAND AVE,1931,,,,,,,2,NO INDICATION OF INJURY,0,0,0,0,0,2,0,13,1,11,41.925569907,-87.668307377,POINT (-87.668307376749 41.925569907127)
JA499907,,11/05/2017 01:05:00 PM,30,TRAFFIC SIGNAL,FUNCTIONING PROPERLY,RAIN,DAYLIGHT,SIDESWIPE SAME DIRECTION,DIVIDED - W/MEDIAN (NOT RAISED),,STRAIGHT AND LEVEL,WET,NO DEFECTS,ON SCENE,INJURY AND / OR TOW DUE TO CRASH,Y,,,"OVER $1,500",11/05/2017 01:14:00 PM,IMPROPER LANE USAGE,NOT APPLICABLE,827,N,MICHIGAN AVE,1833,,,,,,,3,NO INDICATION OF INJURY,0,0,0,0,0,3,0,13,1,11,41.897526699,-87.623987575,POINT (-87.623987575215 41.897526698563)
JA499929,,11/05/2017 01:10:00 PM,30,STOP SIGN/FLASHER,FUNCTIONING PROPERLY,CLEAR,DAYLIGHT,ANGLE,NOT DIVIDED,,STRAIGHT AND LEVEL,DRY,NO DEFECTS,NOT ON SCENE (DESK REPORT),NO INJURY / DRIVE AWAY,,,,"$501 - $1,500",11/05/2017 02:05:00 PM,FAILING TO YIELD RIGHT-OF-WAY,UNABLE TO DETERMINE,7401,W,DEVON AVE,1612,,,,,,,2,NO INDICATION OF INJURY,0,0,0,0,0,2,0,13,1,11,41.996997417,-87.811643915,POINT (-87.811643914742 41.99699741691)
JA499911,,11/05/2017 01:15:00 PM,30,NO CONTROLS,NO CONTROLS,CLEAR,DAYLIGHT,PARKED MOTOR VEHICLE,NOT DIVIDED,2,STRAIGHT AND LEVEL,DRY,NO DEFECTS,ON SCENE,NO INJURY / DRIVE AWAY,,,,"OVER $1,500",11/05/2017 01:40:00 PM,UNABLE TO DETERMINE,IMPROPER OVERTAKING/PASSING,3222,W,BRYN MAWR AVE,1711,,,,,,,2,NO INDICATION OF INJURY,0,0,0,0,0,1,0,13,1,11,41.983170261,-87.709784398,POINT (-87.709784398142 41.983170261459)
JA499971,,11/05/2017 01:18:00 PM,35,NO CONTROLS,NO CONTROLS,RAIN,DAYLIGHT,ANGLE,PARKING LOT,,STRAIGHT AND LEVEL,WET,NO DEFECTS,NOT ON SCENE (DESK REPORT),NO INJURY / DRIVE AWAY,,Y,,"OVER $1,500",11/05/2017 02:40:00 PM,DRIVING SKILLS/KNOWLEDGE/EXPERIENCE,DRIVING SKILLS/KNOWLEDGE/EXPERIENCE,1834,W,FULLERTON AVE,1931,,,,,,,2,NO INDICATION OF INJURY,0,0,0,0,0,2,0,13,1,11,41.925179209,-87.674393551,POINT (-87.674393551288 41.925179209238)
JA499960,,11/05/2017 01:19:00 PM,30,NO CONTROLS,NO CONTROLS,RAIN,DAYLIGHT,ANGLE,ONE-WAY,1,STRAIGHT ON GRADE,WET,NO DEFECTS,NOT ON SCENE (DESK REPORT),INJURY AND / OR TOW DUE TO CRASH,,,,"OVER $1,500",11/05/2017 02:20:00 PM,FAILING TO YIELD RIGHT-OF-WAY,FAILING TO REDUCE SPEED TO AVOID CRASH,1316,W,100TH PL,2213,,,,,,,2,"REPORTED, NOT EVIDENT",1,0,0,0,1,1,0,13,1,11,41.711499985,-87.655096674,POINT (-87.655096673891 41.711499985374)
JA499892,,11/05/2017 01:20:00 PM,30,NO CONTROLS,NO CONTROLS,RAIN,DAYLIGHT,SIDESWIPE SAME DIRECTION,NOT DIVIDED,,STRAIGHT AND LEVEL,WET,SHOULDER DEFECT,NOT ON SCENE (DESK REPORT),NO INJURY / DRIVE AWAY,,,,"OVER $1,500",11/05/2017 01:30:00 PM,FAILING TO YIELD RIGHT-OF-WAY,FAILING TO YIELD RIGHT-OF-WAY,6054,S,RACINE AVE,713,,,,,,,2,NO INDICATION OF INJURY,0,0,0,0,0,3,0,13,1,11,41.783446971,-87.654746206,POINT (-87.654746205743 41.783446971368)
JA499926,,11/05/2017 01:30:00 PM,25,NO CONTROLS,NO CONTROLS,CLEAR,DAYLIGHT,PARKED MOTOR VEHICLE,DIVIDED - W/MEDIAN (NOT RAISED),4,STRAIGHT AND LEVEL,DRY,NO DEFECTS,NOT ON SCENE (DESK REPORT),NO INJURY / DRIVE AWAY,,,Y,"$501 - $1,500",11/05/2017 02:00:00 PM,UNABLE TO DETERMINE,UNABLE TO DETERMINE,3515,W,78TH ST,835,,,,,,,2,NO INDICATION OF INJURY,0,0,0,0,0,1,0,13,1,11,41.751393817,-87.710397836,POINT (-87.710397835516 41.751393817347)
JA500032,,11/05/2017 01:30:00 PM,30,STOP SIGN/FLASHER,UNKNOWN,RAIN,DAYLIGHT,ANGLE,NOT DIVIDED,,STRAIGHT AND LEVEL,WET,NO DEFECTS,NOT ON SCENE (DESK REPORT),NO INJURY / DRIVE AWAY,Y,,,"OVER $1,500",11/05/2017 03:20:00 PM,FAILING TO YIELD RIGHT-OF-WAY,WEATHER,4101,W,31ST ST,1031,,,,,,,2,NO INDICATION OF INJURY,0,0,0,0,0,2,0,13,1,11,41.836742378,-87.726842563,POINT (-87.726842563275 41.83674237829)
JA500019,,11/05/2017 01:30:00 PM,30,STOP SIGN/FLASHER,FUNCTIONING PROPERLY,CLOUDY/OVERCAST,DAYLIGHT,REAR END,NOT DIVIDED,2,STRAIGHT AND LEVEL,WET,NO DEFECTS,NOT ON SCENE (DESK REPORT),NO INJURY / DRIVE AWAY,Y,,,"OVER $1,500",11/05/2017 03:05:00 PM,FOLLOWING TOO CLOSELY,NOT APPLICABLE,1356,W,31ST ST,913,,,,,,,2,NO INDICATION OF INJURY,0,0,0,0,0,3,0,13,1,11,41.837960813,-87.66057782,POINT (-87.660577820197 41.837960813262)
JA499928,,11/05/2017 01:35:00 PM,10,NO CONTROLS,NO CONTROLS,RAIN,DAYLIGHT,SIDESWIPE SAME DIRECTION,DIVIDED - W/MEDIAN (NOT RAISED),2,STRAIGHT ON GRADE,WET,NO DEFECTS,ON SCENE,INJURY AND / OR TOW DUE TO CRASH,,,,"OVER $1,500",11/05/2017 02:11:00 PM,FAILING TO YIELD RIGHT-OF-WAY,NOT APPLICABLE,1340,W,GRANVILLE AVE,2433,,,,,,,2,NO INDICATION OF INJURY,0,0,0,0,0,2,0,13,1,11,41.994616558,-87.66453693,POINT (-87.664536929758 41.994616558466)
JA499924,,11/05/2017 01:40:00 PM,30,TRAFFIC SIGNAL,FUNCTIONING PROPERLY,CLEAR,DAYLIGHT,SIDESWIPE SAME DIRECTION,DIVIDED - W/MEDIAN (NOT RAISED),4,STRAIGHT AND LEVEL,WET,NO DEFECTS,ON SCENE,INJURY AND / OR TOW DUE TO CRASH,,,,"OVER $1,500",11/05/2017 01:50:00 PM,DISTRACTION - FROM INSIDE VEHICLE,DRIVING SKILLS/KNOWLEDGE/EXPERIENCE,2300,S,DR MARTIN LUTHER KING JR DR,132,,,,,,,2,NONINCAPACITATING INJURY,1,0,0,1,0,2,0,13,1,11,41.851187064,-87.619112611,POINT (-87.619112611242 41.851187063739)
JA500135,,11/05/2017 01:40:00 PM,30,TRAFFIC SIGNAL,FUNCTIONING PROPERLY,CLEAR,DAYLIGHT,SIDESWIPE SAME DIRECTION,ONE-WAY,,STRAIGHT AND LEVEL,DRY,NO DEFECTS,NOT ON SCENE (DESK REPORT),NO INJURY / DRIVE AWAY,,,Y,"$501 - $1,500",11/05/2017 05:00:00 PM,UNABLE TO DETERMINE,UNABLE TO DETERMINE,9501,S,STONY ISLAND AVE,431,,,,,,,2,NO INDICATION OF INJURY,0,0,0,0,0,2,0,13,1,11,41.722243815,-87.584969118,POINT (-87.584969118484 41.722243814964)
JA499932,,11/05/2017 01:40:00 PM,30,NO CONTROLS,NO CONTROLS,CLOUDY/OVERCAST,DAYLIGHT,REAR END,NOT DIVIDED,2,STRAIGHT AND LEVEL,WET,UNKNOWN,NOT ON SCENE (DESK REPORT),NO INJURY / DRIVE AWAY,,,,"$501 - $1,500",11/05/2017 02:00:00 PM,FOLLOWING TOO CLOSELY,UNABLE TO DETERMINE,321,N,AUSTIN BLVD,1512,,,,,,,2,NO INDICATION OF INJURY,0,0,0,0,0,2,0,13,1,11,41.88620262,-87.774705829,POINT (-87.77470582885 41.886202620416)
JA499923,,11/05/2017 01:45:00 PM,30,NO CONTROLS,NO CONTROLS,RAIN,DAYLIGHT,REAR END,DIVIDED - W/MEDIAN (NOT RAISED),,STRAIGHT AND LEVEL,WET,NO DEFECTS,NOT ON SCENE (DESK REPORT),NO INJURY / DRIVE AWAY,,,,$500 OR LESS,11/05/2017 02:15:00 PM,WEATHER,NOT APPLICABLE,1230,S,HALSTED ST,1232,,,,,,,3,NO INDICATION OF INJURY,0,0,0,0,0,4,0,13,1,11,41.866240872,-87.647036448,POINT (-87.647036447542 41.866240871579)
JA499945,,11/05/2017 01:45:00 PM,30,NO CONTROLS,NO CONTROLS,CLEAR,DAYLIGHT,TURNING,NOT DIVIDED,2,STRAIGHT AND LEVEL,WET,NO DEFECTS,ON SCENE,INJURY AND / OR TOW DUE TO CRASH,Y,,,"OVER $1,500",11/05/2017 02:00:00 PM,UNABLE TO DETERMINE,IMPROPER LANE USAGE,3300,N,OAK PARK AVE,1632,,,,,,,2,NO INDICATION OF INJURY,0,0,0,0,0,2,0,13,1,11,41.940069691,-87.795919964,POINT (-87.795919964422 41.940069691315)
JA999953,,11/05/2017 01:50:00 PM,30,NO CONTROLS,NO CONTROLS,RAIN,DAYLIGHT,SIDESWIPE SAME DIRECTION,NOT DIVIDED,2,STRAIGHT AND LEVEL,WET,UNKNOWN,ON SCENE,NO INJURY / DRIVE AWAY,,,Y,"$501 - $1,500",11/05/2017 02:05:00 PM,IMPROPER OVERTAKING/PASSING,NOT APPLICABLE,2042,N,CLARK ST,1814,,,,,,,2,NO INDICATION OF INJURY,0,0,0,0,0,3,0,13,1,11,41.91959588,-87.637012584,POINT (-87.637012583842 41.91959587954)
JA499982,,11/05/2017 02:00:00 PM,25,TRAFFIC SIGNAL,FUNCTIONING PROPERLY,CLEAR,DAYLIGHT,REAR END,DIVIDED - W/MEDIAN (NOT RAISED),,STRAIGHT AND LEVEL,WET,NO DEFECTS,NOT ON SCENE (DESK REPORT),NO INJURY / DRIVE AWAY,,,,"$501 - $1,500",11/05/2017 02:34:00 PM,FOLLOWING TOO CLOSELY,NOT APPLICABLE,1001,W,ROOSEVELT RD,1232,,,,,,,3,NO INDICATION OF INJURY,0,0,0,0,0,3,0,14,1,11,41.866976966,-87.651081836,POINT (-87.651081836422 41.866976965748)
JA499957,,11/05/2017 02:00:00 PM,30,NO CONTROLS,NO CONTROLS,CLOUDY/OVERCAST,DAYLIGHT,REAR END,NOT DIVIDED,2,STRAIGHT AND LEVEL,WET,NO DEFECTS,NOT ON SCENE (DESK REPORT),NO INJURY / DRIVE AWAY,,,,"OVER $1,500",11/05/2017 02:13:00 PM,FAILING TO REDUCE SPEED TO AVOID CRASH,UNABLE TO DETERMINE,2231,S,CALIFORNIA AVE,1034,,,,,,,2,NO INDICATION OF INJURY,0,0,0,0,0,2,0,14,1,11,41.851033352,-87.695279165,POINT (-87.695279164796 41.851033351809)
JA499979,,11/05/2017 02:00:00 PM,25,NO CONTROLS,NO CONTROLS,CLEAR,DAYLIGHT,PARKED MOTOR VEHICLE,PARKING LOT,1,STRAIGHT AND LEVEL,DRY,NO DEFECTS,NOT ON SCENE (DESK REPORT),NO INJURY / DRIVE AWAY,,,,"$501 - $1,500",11/05/2017 02:36:00 PM,UNABLE TO DETERMINE,UNABLE TO DETERMINE,5501,S,PULASKI RD,822,,,,,,,2,NO INDICATION OF INJURY,0,0,0,0,0,1,0,14,1,11,41.793161486,-87.723010527,POINT (-87.723010527492 41.793161486356)
JA500022,,11/05/2017 02:08:00 PM,20,NO CONTROLS,NO CONTROLS,CLEAR,DAYLIGHT,PARKED MOTOR VEHICLE,ONE-WAY,,STRAIGHT AND LEVEL,WET,NO DEFECTS,ON SCENE,NO INJURY / DRIVE AWAY,,,Y,"OVER $1,500",11/05/2017 02:50:00 PM,UNABLE TO DETERMINE,UNABLE TO DETERMINE,4840,W,VAN BUREN ST,1533,,,,,,,7,NO INDICATION OF INJURY,0,0,0,0,0,1,0,14,1,11,41.875065352,-87.746645708,POINT (-87.746645708469 41.875065352358)
JA499968,,11/05/2017 02:15:00 PM,30,NO CONTROLS,NO CONTROLS,RAIN,DAYLIGHT,ANGLE,PARKING LOT,,STRAIGHT AND LEVEL,WET,NO DEFECTS,,NO INJURY / DRIVE AWAY,,,,"OVER $1,500",11/05/2017 02:35:00 PM,IMPROPER BACKING,IMPROPER BACKING,7000,S,ASHLAND AVE,735,,,,,,,2,NO INDICATION OF INJURY,0,0,0,0,0,2,0,14,1,11,41.766637458,-87.663982209,POINT (-87.663982209003 41.766637458225)
JA499972,,11/05/2017 02:15:00 PM,30,TRAFFIC SIGNAL,FUNCTIONING PROPERLY,RAIN,DAYLIGHT,REAR END,DIVIDED - W/MEDIAN (NOT RAISED),,STRAIGHT AND LEVEL,WET,NO DEFECTS,NOT ON SCENE (DESK REPORT),NO INJURY / DRIVE AWAY,,,,"OVER $1,500",11/05/2017 02:30:00 PM,UNABLE TO DETERMINE,UNABLE TO DETERMINE,1000,W,ROOSEVELT RD,1232,,,,,,,3,NO INDICATION OF INJURY,0,0,0,0,0,3,0,14,1,11,41.867196447,-87.651088221,POINT (-87.651088220891 41.867196446975)
JA500029,,11/05/2017 02:20:00 PM,30,NO CONTROLS,NO CONTROLS,CLOUDY/OVERCAST,DAYLIGHT,TURNING,DIVIDED - W/MEDIAN (NOT RAISED),4,STRAIGHT AND LEVEL,WET,NO DEFECTS,NOT ON SCENE (DESK REPORT),NO INJURY / DRIVE AWAY,,,,"OVER $1,500",11/05/2017 03:20:00 PM,UNABLE TO DETERMINE,NOT APPLICABLE,4300,W,LAKE ST,1114,,,,,,,2,NO INDICATION OF INJURY,0,0,0,0,0,2,0,14,1,11,41.886000524,-87.733297078,POINT (-87.733297077936 41.886000524343)
JA500014,,11/05/2017 02:25:00 PM,30,STOP SIGN/FLASHER,FUNCTIONING PROPERLY,CLEAR,DAWN,TURNING,NOT DIVIDED,4,STRAIGHT AND LEVEL,DRY,NO DEFECTS,NOT ON SCENE (DESK REPORT),NO INJURY / DRIVE AWAY,,,,"OVER $1,500",11/05/2017 03:00:00 PM,UNABLE TO DETERMINE,UNABLE TO DETERMINE,5900,S,DAMEN AVE,714,,,,,,,2,NO INDICATION OF INJURY,0,0,0,0,0,2,0,14,1,11,41.786533454,-87.67424315,POINT (-87.674243150013 41.786533453836)
JA500008,,11/05/2017 02:30:00 PM,30,UNKNOWN,UNKNOWN,RAIN,DAYLIGHT,SIDESWIPE OPPOSITE DIRECTION,NOT DIVIDED,4,STRAIGHT AND LEVEL,WET,NO DEFECTS,ON SCENE,INJURY AND / OR TOW DUE TO CRASH,,,N,"OVER $1,500",11/05/2017 02:40:00 PM,IMPROPER LANE USAGE,DRIVING ON WRONG SIDE/WRONG WAY,1700,N,WESTERN AVE,1434,,,,,,,3,NONINCAPACITATING INJURY,3,0,0,3,0,1,0,14,1,11,41.912152106,-87.687415817,POINT (-87.687415816868 41.912152105537)
JA500031,,11/05/2017 02:30:00 PM,30,TRAFFIC SIGNAL,FUNCTIONING PROPERLY,CLOUDY/OVERCAST,DAYLIGHT,REAR END,NOT DIVIDED,2,STRAIGHT AND LEVEL,WET,UNKNOWN,NOT ON SCENE (DESK REPORT),INJURY AND / OR TOW DUE TO CRASH,,,,"OVER $1,500",11/05/2017 03:20:00 PM,FOLLOWING TOO CLOSELY,UNABLE TO DETERMINE,976,W,63RD ST,712,,,,,,,2,"REPORTED, NOT EVIDENT",1,0,0,0,1,1,0,14,1,11,41.779779767,-87.649601236,POINT (-87.649601236395 41.779779767298)
JA500002,,11/05/2017 02:30:00 PM,30,TRAFFIC SIGNAL,FUNCTIONING PROPERLY,CLEAR,DAYLIGHT,REAR END,DIVIDED - W/MEDIAN BARRIER,4,STRAIGHT AND LEVEL,WET,NO DEFECTS,NOT ON SCENE (DESK REPORT),NO INJURY / DRIVE AWAY,,,,"OVER $1,500",11/05/2017 02:58:00 PM,FAILING TO REDUCE SPEED TO AVOID CRASH,DRIVING SKILLS/KNOWLEDGE/EXPERIENCE,3958,W,87TH ST,834,,,,,,,2,NO INDICATION OF INJURY,0,0,0,0,0,2,0,14,1,11,41.734970547,-87.721374085,POINT (-87.721374084832 41.73497054665)
JA500016,,11/05/2017 02:40:00 PM,30,TRAFFIC SIGNAL,FUNCTIONING PROPERLY,CLEAR,DAYLIGHT,PEDESTRIAN,NOT DIVIDED,2,STRAIGHT AND LEVEL,WET,NO DEFECTS,ON SCENE,INJURY AND / OR TOW DUE TO CRASH,Y,,,$500 OR LESS,11/05/2017 02:40:00 PM,FAILING TO YIELD RIGHT-OF-WAY,NOT APPLICABLE,3958,N,SHERIDAN RD,1923,,Y,,,,,2,INCAPACITATING INJURY,1,0,1,0,0,1,0,14,1,11,41.95444078,-87.654690522,POINT (-87.654690521897 41.954440779964)
JA500007,,11/05/2017 02:40:00 PM,35,STOP SIGN/FLASHER,NO CONTROLS,RAIN,DAYLIGHT,ANGLE,DIVIDED - W/MEDIAN (NOT RAISED),2,STRAIGHT AND LEVEL,WET,NO DEFECTS,ON SCENE,INJURY AND / OR TOW DUE TO CRASH,Y,,Y,"OVER $1,500",11/05/2017 02:45:00 PM,DISREGARDING STOP SIGN,FAILING TO YIELD RIGHT-OF-WAY,11500,S,LOWE AVE,524,,,,,,,2,NO INDICATION OF INJURY,0,0,0,0,0,2,0,14,1,11,41.685122542,-87.638733617,POINT (-87.638733617103 41.685122541573)
JA500041,,11/05/2017 02:45:00 PM,30,NO CONTROLS,NO CONTROLS,CLEAR,DAYLIGHT,FIXED OBJECT,DIVIDED - W/MEDIAN (NOT RAISED),,STRAIGHT AND LEVEL,DRY,NO DEFECTS,ON SCENE,INJURY AND / OR TOW DUE TO CRASH,,,,"$501 - $1,500",11/05/2017 02:48:00 PM,UNABLE TO DETERMINE,UNABLE TO DETERMINE,8100,S,STONY ISLAND AVE,411,,,,,,,1,NO INDICATION OF INJURY,0,0,0,0,0,1,0,14,1,11,41.747749212,-87.586037416,POINT (-87.586037416392 41.74774921172)
JA500966,,11/05/2017 02:48:00 PM,20,NO CONTROLS,NO CONTROLS,UNKNOWN,"DARKNESS, LIGHTED ROAD",PARKED MOTOR VEHICLE,ONE-WAY,,STRAIGHT AND LEVEL,UNKNOWN,UNKNOWN,NOT ON SCENE (DESK REPORT),NO INJURY / DRIVE AWAY,,,Y,"OVER $1,500",11/06/2017 11:40:00 AM,FAILING TO YIELD RIGHT-OF-WAY,NOT APPLICABLE,2352,N,KILDARE AVE,2522,,,,,,,2,NO INDICATION OF INJURY,0,0,0,0,0,1,0,14,1,11,41.924131444,-87.734256359,POINT (-87.734256359096 41.924131444045)
JA500048,,11/05/2017 02:50:00 PM,35,TRAFFIC SIGNAL,FUNCTIONING PROPERLY,CLOUDY/OVERCAST,DAYLIGHT,REAR END,NOT DIVIDED,4,STRAIGHT AND LEVEL,WET,NO DEFECTS,ON SCENE,INJURY AND / OR TOW DUE TO CRASH,Y,,,"$501 - $1,500",11/05/2017 03:00:00 PM,EXCEEDING SAFE SPEED FOR CONDITIONS,FAILING TO REDUCE SPEED TO AVOID CRASH,4900,S,PULASKI RD,815,,,,,,,2,NO INDICATION OF INJURY,0,0,0,0,0,3,0,14,1,11,41.804110359,-87.723623414,POINT (-87.723623413779 41.804110358929)
JA500050,,11/05/2017 02:50:00 PM,30,NO CONTROLS,NO CONTROLS,UNKNOWN,DAYLIGHT,REAR END,NOT DIVIDED,2,STRAIGHT AND LEVEL,UNKNOWN,UNKNOWN,NOT ON SCENE (DESK REPORT),INJURY AND / OR TOW DUE TO CRASH,,,,"$501 - $1,500",11/05/2017 03:35:00 PM,UNABLE TO DETERMINE,UNABLE TO DETERMINE,5620,N,CLARK ST,2012,,,,,,,2,NONINCAPACITATING INJURY,1,0,0,1,0,1,0,14,1,11,41.984137553,-87.669046304,POINT (-87.66904630362 41.984137552792)
JA500028,,11/05/2017 03:00:00 PM,35,NO CONTROLS,NO CONTROLS,CLEAR,DAYLIGHT,HEAD ON,NOT DIVIDED,,STRAIGHT AND LEVEL,UNKNOWN,NO DEFECTS,NOT ON SCENE (DESK REPORT),NO INJURY / DRIVE AWAY,,,,"OVER $1,500",11/05/2017 03:20:00 PM,DRIVING SKILLS/KNOWLEDGE/EXPERIENCE,DRIVING SKILLS/KNOWLEDGE/EXPERIENCE,3613,N,ST LOUIS AVE,1732,,,,,,,2,NO INDICATION OF INJURY,0,0,0,0,0,2,0,15,1,11,41.946962605,-87.715030853,POINT (-87.715030852596 41.946962604884)