RD_NO,CRASH_DATE_EST_I,CRASH_DATE,POSTED_SPEED_LIMIT,TRAFFIC_CONTROL_DEVICE,DEVICE_CONDITION,WEATHER_CONDITION,LIGHTING_CONDITION,FIRST_CRASH_TYPE,TRAFFICWAY_TYPE,LANE_CNT,ALIGNMENT,ROADWAY_SURFACE_COND,ROAD_DEFECT,REPORT_TYPE,CRASH_TYPE,INTERSECTION_RELATED_I,NOT_RIGHT_OF_WAY_I,HIT_AND_RUN_I,DAMAGE,DATE_POLICE_NOTIFIED,PRIM_CONTRIBUTORY_CAUSE,SEC_CONTRIBUTORY_CAUSE,STREET_NO,STREET_DIRECTION,STREET_NAME,BEAT_OF_OCCURRENCE,PHOTOS_TAKEN_I,STATEMENTS_TAKEN_I,DOORING_I,WORK_ZONE_I,WORK_ZONE_TYPE,WORKERS_PRESENT_I,NUM_UNITS,MOST_SEVERE_INJURY,INJURIES_TOTAL,INJURIES_FATAL,INJURIES_INCAPACITATING,INJURIES_NON_INCAPACITATING,INJURIES_REPORTED_NOT_EVIDENT,INJURIES_NO_INDICATION,INJURIES_UNKNOWN,CRASH_HOUR,CRASH_DAY_OF_WEEK,CRASH_MONTH,LATITUDE,LONGITUDE,LOCATION
JA500108,,11/05/2017 03:00:00 PM,30,TRAFFIC SIGNAL,FUNCTIONING PROPERLY,CLEAR,DAYLIGHT,ANGLE,ONE-WAY,,STRAIGHT AND LEVEL,WET,NO DEFECTS,ON SCENE,INJURY AND / OR TOW DUE TO CRASH,Y,,,"OVER $1,500",11/05/2017 03:07:00 PM,DISREGARDING TRAFFIC SIGNALS,NOT APPLICABLE,100,N,CLINTON ST,121,,,,,,,2,"REPORTED, NOT EVIDENT",1,0,0,0,1,4,0,15,1,11,41.883236895,-87.641381616,POINT (-87.641381615901 41.88323689522)
JA500207,,11/05/2017 03:05:00 PM,10,NO CONTROLS,NO CONTROLS,CLEAR,DAYLIGHT,ANGLE,PARKING LOT,1,STRAIGHT AND LEVEL,DRY,NO DEFECTS,NOT ON SCENE (DESK REPORT),NO INJURY / DRIVE AWAY,,,Y,"$501 - $1,500",11/05/2017 05:55:00 PM,UNABLE TO DETERMINE,UNABLE TO DETERMINE,5050,S,CICERO AVE,814,,,,,,,2,NO INDICATION OF INJURY,0,0,0,0,0,2,0,15,1,11,41.800642554,-87.743113469,POINT (-87.743113469205 41.800642553587)
JA500053,,11/05/2017 03:10:00 PM,30,NO CONTROLS,NO CONTROLS,CLOUDY/OVERCAST,DAYLIGHT,REAR END,DIVIDED - W/MEDIAN (NOT RAISED),,STRAIGHT AND LEVEL,WET,NO DEFECTS,NOT ON SCENE (DESK REPORT),NO INJURY / DRIVE AWAY,,,,"OVER $1,500",11/05/2017 03:25:00 PM,FOLLOWING TOO CLOSELY,UNABLE TO DETERMINE,4722,W,DIVERSEY AVE,2521,,,,,,,2,NO INDICATION OF INJURY,0,0,0,0,0,3,0,15,1,11,41.931664883,-87.745047039,POINT (-87.745047038621 41.931664882718)
JA500062,,11/05/2017 03:10:00 PM,30,TRAFFIC SIGNAL,FUNCTIONING PROPERLY,RAIN,DAYLIGHT,SIDESWIPE SAME DIRECTION,DIVIDED - W/MEDIAN (NOT RAISED),4,STRAIGHT AND LEVEL,WET,NO DEFECTS,NOT ON SCENE (DESK REPORT),NO INJURY / DRIVE AWAY,,,,"$501 - $1,500",11/05/2017 03:20:00 PM,UNABLE TO DETERMINE,UNABLE TO DETERMINE,3223,N,WESTERN AVE,1921,,,,,,,2,NO INDICATION OF INJURY,0,0,0,0,0,2,0,15,1,11,41.940197731,-87.687786463,POINT (-87.68778646318 41.940197731357)
JA500272,,11/05/2017 03:15:00 PM,30,TRAFFIC SIGNAL,UNKNOWN,RAIN,DAYLIGHT,SIDESWIPE SAME DIRECTION,NOT DIVIDED,3,STRAIGHT AND LEVEL,WET,UNKNOWN,NOT ON SCENE (DESK REPORT),NO INJURY / DRIVE AWAY,,,,"OVER $1,500",11/05/2017 07:05:00 PM,UNABLE TO DETERMINE,UNABLE TO DETERMINE,7500,S,LAFAYETTE AVE,623,,,,,,,2,NO INDICATION OF INJURY,0,0,0,0,0,2,0,15,1,11,41.758068532,-87.626516982,POINT (-87.626516982328 41.75806853202)
JA500056,,11/05/2017 03:26:00 PM,30,NO CONTROLS,NO CONTROLS,OTHER,DAYLIGHT,PARKED MOTOR VEHICLE,ONE-WAY,1,STRAIGHT AND LEVEL,WET,UNKNOWN,ON SCENE,INJURY AND / OR TOW DUE TO CRASH,,Y,Y,"OVER $1,500",11/05/2017 03:26:00 PM,EXCEEDING AUTHORIZED SPEED LIMIT,UNABLE TO DETERMINE,4026,W,27TH ST,1031,,Y,,,,,3,NO INDICATION OF INJURY,0,0,0,0,0,1,0,15,1,11,41.842504847,-87.725656579,POINT (-87.725656578696 41.842504846629)
JA500936,,11/05/2017 03:30:00 PM,30,TRAFFIC SIGNAL,FUNCTIONING PROPERLY,RAIN,DAYLIGHT,SIDESWIPE SAME DIRECTION,NOT DIVIDED,6,STRAIGHT AND LEVEL,WET,NO DEFECTS,NOT ON SCENE (DESK REPORT),NO INJURY / DRIVE AWAY,,,,"OVER $1,500",11/06/2017 11:15:00 AM,IMPROPER LANE USAGE,UNABLE TO DETERMINE,9901,S,HALSTED ST,2232,,,,,,,2,NO INDICATION OF INJURY,0,0,0,0,0,2,0,15,1,11,41.714125649,-87.642852547,POINT (-87.642852547443 41.714125649277)
JA500079,,11/05/2017 03:30:00 PM,30,STOP SIGN/FLASHER,FUNCTIONING PROPERLY,CLEAR,DAYLIGHT,REAR END,DIVIDED - W/MEDIAN (NOT RAISED),0,STRAIGHT AND LEVEL,DRY,NO DEFECTS,NOT ON SCENE (DESK REPORT),NO INJURY / DRIVE AWAY,Y,,,"OVER $1,500",11/05/2017 04:00:00 PM,UNABLE TO DETERMINE,UNABLE TO DETERMINE,200,N,COLUMBUS DR,114,,,,,,,2,NO INDICATION OF INJURY,0,0,0,0,0,2,0,15,1,11,41.886005833,-87.620828957,POINT (-87.620828956741 41.886005833425)
JA500100,,11/05/2017 03:30:00 PM,30,TRAFFIC SIGNAL,FUNCTIONING PROPERLY,CLOUDY/OVERCAST,DAYLIGHT,REAR END,NOT DIVIDED,5,STRAIGHT AND LEVEL,UNKNOWN,UNKNOWN,NOT ON SCENE (DESK REPORT),NO INJURY / DRIVE AWAY,,,,"$501 - $1,500",11/05/2017 04:07:00 PM,FOLLOWING TOO CLOSELY,FOLLOWING TOO CLOSELY,4700,W,IRVING PARK RD,1722,,,,,,,2,NO INDICATION OF INJURY,0,0,0,0,0,3,0,15,1,11,41.953554327,-87.745667551,POINT (-87.745667551162 41.953554327295)
JA500113,,11/05/2017 03:30:00 PM,30,STOP SIGN/FLASHER,FUNCTIONING PROPERLY,CLOUDY/OVERCAST,DAYLIGHT,REAR END,NOT DIVIDED,,STRAIGHT AND LEVEL,WET,NO DEFECTS,NOT ON SCENE (DESK REPORT),NO INJURY / DRIVE AWAY,Y,,Y,"OVER $1,500",11/05/2017 04:25:00 PM,FOLLOWING TOO CLOSELY,UNABLE TO DETERMINE,3055,N,AUSTIN AVE,2514,,,,,,,2,NO INDICATION OF INJURY,0,0,0,0,0,3,0,15,1,11,41.936461835,-87.775999424,POINT (-87.775999423646 41.936461835015)
JA503150,,11/05/2017 03:40:00 PM,35,TRAFFIC SIGNAL,UNKNOWN,CLEAR,DAYLIGHT,REAR END,NOT DIVIDED,4,STRAIGHT AND LEVEL,DRY,NO DEFECTS,NOT ON SCENE (DESK REPORT),NO INJURY / DRIVE AWAY,,,N,$500 OR LESS,11/07/2017 09:25:00 PM,FOLLOWING TOO CLOSELY,NOT APPLICABLE,6002,N,WESTERN AVE,2413,,,,,,,2,NO INDICATION OF INJURY,0,0,0,0,0,2,0,15,1,11,41.990639233,-87.68982417,POINT (-87.689824169564 41.990639232657)
JA500083,,11/05/2017 03:45:00 PM,30,NO CONTROLS,NO CONTROLS,CLEAR,DAYLIGHT,REAR END,NOT DIVIDED,,STRAIGHT AND LEVEL,DRY,NO DEFECTS,NOT ON SCENE (DESK REPORT),NO INJURY / DRIVE AWAY,,,,"OVER $1,500",11/05/2017 04:00:00 PM,UNABLE TO DETERMINE,UNABLE TO DETERMINE,4436,N,DAMEN AVE,1911,,,,,,,2,NO INDICATION OF INJURY,0,0,0,0,0,2,0,15,1,11,41.962560938,-87.679154532,POINT (-87.679154532007 41.962560937923)
JA500174,,11/05/2017 03:50:00 PM,30,TRAFFIC SIGNAL,FUNCTIONING PROPERLY,CLEAR,DAYLIGHT,SIDESWIPE SAME DIRECTION,NOT DIVIDED,,STRAIGHT AND LEVEL,DRY,NO DEFECTS,NOT ON SCENE (DESK REPORT),NO INJURY / DRIVE AWAY,Y,,Y,$500 OR LESS,11/05/2017 05:00:00 PM,IMPROPER OVERTAKING/PASSING,IMPROPER LANE USAGE,2400,W,55TH ST,923,,,,,,,2,NO INDICATION OF INJURY,0,0,0,0,0,3,0,15,1,11,41.793981347,-87.684141741,POINT (-87.684141741284 41.793981346574)
JA500152,,11/05/2017 03:50:00 PM,25,NO CONTROLS,NO CONTROLS,CLEAR,DAYLIGHT,SIDESWIPE SAME DIRECTION,DIVIDED - W/MEDIAN (NOT RAISED),4,STRAIGHT AND LEVEL,DRY,NO DEFECTS,NOT ON SCENE (DESK REPORT),NO INJURY / DRIVE AWAY,,,,"$501 - $1,500",11/05/2017 05:10:00 PM,UNABLE TO DETERMINE,UNABLE TO DETERMINE,5500,S,WESTERN AVE,824,,,,,,,2,NO INDICATION OF INJURY,0,0,0,0,0,2,0,15,1,11,41.793370554,-87.684175377,POINT (-87.684175376759 41.79337055433)
JA500239,,11/05/2017 03:50:00 PM,30,UNKNOWN,UNKNOWN,UNKNOWN,DAWN,TURNING,NOT DIVIDED,2,STRAIGHT AND LEVEL,UNKNOWN,UNKNOWN,NOT ON SCENE (DESK REPORT),NO INJURY / DRIVE AWAY,Y,,,"OVER $1,500",11/05/2017 04:25:00 PM,FAILING TO YIELD RIGHT-OF-WAY,FAILING TO REDUCE SPEED TO AVOID CRASH,3121,N,LONG AVE,2514,,,,,,,3,NO INDICATION OF INJURY,0,0,0,0,0,3,0,15,1,11,41.937451906,-87.761405679,POINT (-87.761405679159 41.937451905999)
JA500133,,11/05/2017 03:55:00 PM,30,NO CONTROLS,NO CONTROLS,CLEAR,DAWN,SIDESWIPE SAME DIRECTION,NOT DIVIDED,2,STRAIGHT AND LEVEL,DRY,NO DEFECTS,NOT ON SCENE (DESK REPORT),NO INJURY / DRIVE AWAY,,,Y,"OVER $1,500",11/05/2017 04:55:00 PM,FAILING TO YIELD RIGHT-OF-WAY,EXCEEDING AUTHORIZED SPEED LIMIT,6300,S,HARPER AVE,314,,,,,,,2,NO INDICATION OF INJURY,0,0,0,0,0,2,0,15,1,11,41.780496275,-87.587969803,POINT (-87.587969803145 41.780496274589)
JA500092,Y,11/05/2017 04:05:00 PM,5,NO CONTROLS,NO CONTROLS,CLEAR,DUSK,FIXED OBJECT,OTHER,,STRAIGHT AND LEVEL,DRY,NO DEFECTS,ON SCENE,NO INJURY / DRIVE AWAY,,Y,,"OVER $1,500",11/05/2017 04:15:00 PM,DRIVING SKILLS/KNOWLEDGE/EXPERIENCE,NOT APPLICABLE,615,S,WABASH AVE,123,,,,,,,1,NO INDICATION OF INJURY,0,0,0,0,0,1,0,16,1,11,41.874067734,-87.625841633,POINT (-87.625841632944 41.874067733789)
JA500144,,11/05/2017 04:15:00 PM,30,NO CONTROLS,NO CONTROLS,CLEAR,"DARKNESS, LIGHTED ROAD",REAR END,DIVIDED - W/MEDIAN (NOT RAISED),4,STRAIGHT AND LEVEL,DRY,NO DEFECTS,NOT ON SCENE (DESK REPORT),NO INJURY / DRIVE AWAY,,,Y,$500 OR LESS,11/05/2017 05:05:00 PM,UNABLE TO DETERMINE,NOT APPLICABLE,400,S,CICERO AVE,1533,,,,,,,2,NO INDICATION OF INJURY,0,0,0,0,0,2,0,16,1,11,41.874952303,-87.745212246,POINT (-87.745212246332 41.874952302696)
JA500167,,11/05/2017 04:20:00 PM,30,NO CONTROLS,NO CONTROLS,CLEAR,DUSK,REAR END,NOT DIVIDED,6,STRAIGHT AND LEVEL,DRY,NO DEFECTS,ON SCENE,NO INJURY / DRIVE AWAY,Y,,Y,"OVER $1,500",11/05/2017 04:45:00 PM,UNABLE TO DETERMINE,UNABLE TO DETERMINE,6259,N,MILWAUKEE AVE,1611,,,,,,,3,NO INDICATION OF INJURY,0,0,0,0,0,4,0,16,1,11,41.995196334,-87.785654845,POINT (-87.785654844708 41.995196334471)
RD500154,,11/05/2017 04:32:00 PM,35,NO CONTROLS,UNKNOWN,FOG/SMOKE/HAZE,DUSK,PARKED MOTOR VEHICLE,NOT DIVIDED,2,STRAIGHT AND LEVEL,WET,NO DEFECTS,,NO INJURY / DRIVE AWAY,,,Y,"OVER $1,500",11/05/2017 05:09:00 PM,NOT APPLICABLE,NOT APPLICABLE,5350,W,MONTROSE AVE,1623,,,,,,,2,NO INDICATION OF INJURY,0,0,0,0,0,1,0,16,1,11,41.960656983,-87.761888916,POINT (-87.761888916327 41.960656983448)
JA500235,,11/05/2017 04:32:00 PM,30,NO CONTROLS,NO CONTROLS,CLEAR,DUSK,PARKED MOTOR VEHICLE,NOT DIVIDED,4,STRAIGHT AND LEVEL,WET,NO DEFECTS,NOT ON SCENE (DESK REPORT),NO INJURY / DRIVE AWAY,,,Y,"$501 - $1,500",11/05/2017 06:24:00 PM,UNABLE TO DETERMINE,UNABLE TO DETERMINE,3731,W,CERMAK RD,1013,,,,,,,2,NO INDICATION OF INJURY,0,0,0,0,0,1,0,16,1,11,41.851514338,-87.718591084,POINT (-87.718591084158 41.851514338241)
JA500184,,11/05/2017 04:45:00 PM,30,NO CONTROLS,NO CONTROLS,CLEAR,DUSK,TURNING,NOT DIVIDED,2,STRAIGHT AND LEVEL,DRY,NO DEFECTS,ON SCENE,INJURY AND / OR TOW DUE TO CRASH,,,,"$501 - $1,500",11/05/2017 04:59:00 PM,FOLLOWING TOO CLOSELY,NOT APPLICABLE,1710,W,CERMAK RD,1234,,,,,,,2,NO INDICATION OF INJURY,0,0,0,0,0,2,0,16,1,11,41.852387354,-87.668980932,POINT (-87.668980932187 41.852387353549)
JA500151,,11/05/2017 04:45:00 PM,0,STOP SIGN/FLASHER,FUNCTIONING PROPERLY,CLEAR,"DARKNESS, LIGHTED ROAD",ANGLE,NOT DIVIDED,,STRAIGHT AND LEVEL,WET,NO DEFECTS,ON SCENE,INJURY AND / OR TOW DUE TO CRASH,,,,"OVER $1,500",11/05/2017 04:58:00 PM,NOT APPLICABLE,NOT APPLICABLE,8432,S,WASHTENAW AVE,835,,,,,,,2,NO INDICATION OF INJURY,0,0,0,0,0,2,0,16,1,11,41.740042245,-87.68992131,POINT (-87.689921309589 41.74004224458)
JA500156,,11/05/2017 04:46:00 PM,30,NO CONTROLS,NO CONTROLS,CLEAR,DAYLIGHT,ANGLE,PARKING LOT,1,STRAIGHT AND LEVEL,WET,NO DEFECTS,NOT ON SCENE (DESK REPORT),NO INJURY / DRIVE AWAY,,,,"OVER $1,500",11/05/2017 05:15:00 PM,UNABLE TO DETERMINE,NOT APPLICABLE,1232,W,NORTH AVE,1433,,,,,,,2,NO INDICATION OF INJURY,0,0,0,0,0,3,0,16,1,11,41.910875544,-87.65827824,POINT (-87.658278239858 41.910875543991)
JA501478,,11/05/2017 04:49:00 PM,30,NO CONTROLS,NO CONTROLS,CLEAR,DUSK,PARKED MOTOR VEHICLE,PARKING LOT,4,STRAIGHT AND LEVEL,DRY,SHOULDER DEFECT,NOT ON SCENE (DESK REPORT),NO INJURY / DRIVE AWAY,,,Y,"OVER $1,500",11/06/2017 05:20:00 PM,IMPROPER BACKING,IMPROPER BACKING,7100,S,ASHLAND AVE,735,,,,,,,2,NO INDICATION OF INJURY,0,0,0,0,0,1,0,16,1,11,41.764859382,-87.663940176,POINT (-87.663940176305 41.764859382425)
JA500192,,11/05/2017 04:50:00 PM,15,OTHER,OTHER,CLOUDY/OVERCAST,DAYLIGHT,PARKED MOTOR VEHICLE,PARKING LOT,,STRAIGHT AND LEVEL,WET,NO DEFECTS,NOT ON SCENE (DESK REPORT),NO INJURY / DRIVE AWAY,,Y,Y,"OVER $1,500",11/05/2017 05:30:00 PM,IMPROPER BACKING,UNABLE TO DETERMINE,1617,N,CICERO AVE,2533,,,,,,,2,NO INDICATION OF INJURY,0,0,0,0,0,4,0,16,1,11,41.910126668,-87.745952498,POINT (-87.745952497971 41.910126667825)
JA500251,,11/05/2017 05:00:00 PM,30,NO CONTROLS,NO CONTROLS,CLEAR,DUSK,SIDESWIPE SAME DIRECTION,DIVIDED - W/MEDIAN (NOT RAISED),,STRAIGHT AND LEVEL,DRY,NO DEFECTS,NOT ON SCENE (DESK REPORT),NO INJURY / DRIVE AWAY,,,,"$501 - $1,500",11/05/2017 06:40:00 PM,UNABLE TO DETERMINE,UNABLE TO DETERMINE,7748,S,DR MARTIN LUTHER KING JR DR,623,,,,,,,2,NO INDICATION OF INJURY,0,0,0,0,0,2,0,17,1,11,41.753313056,-87.615154082,POINT (-87.615154081604 41.753313055964)
JA500841,,11/05/2017 05:00:00 PM,30,TRAFFIC SIGNAL,FUNCTIONING PROPERLY,CLEAR,DAYLIGHT,REAR END,OTHER,0,STRAIGHT AND LEVEL,WET,NO DEFECTS,NOT ON SCENE (DESK REPORT),NO INJURY / DRIVE AWAY,Y,,N,"OVER $1,500",11/06/2017 10:03:00 AM,NOT APPLICABLE,NOT APPLICABLE,2600,W,MARQUETTE RD,831,,,,,,,3,NO INDICATION OF INJURY,0,0,0,0,0,3,0,17,1,11,41.77201028,-87.688397212,POINT (-87.688397211709 41.77201027955)
JA500168,,11/05/2017 05:00:00 PM,30,NO CONTROLS,NO CONTROLS,CLEAR,"DARKNESS, LIGHTED ROAD",SIDESWIPE SAME DIRECTION,NOT DIVIDED,,STRAIGHT AND LEVEL,WET,NO DEFECTS,,NO INJURY / DRIVE AWAY,,,Y,"$501 - $1,500",11/05/2017 05:32:00 PM,UNABLE TO DETERMINE,UNABLE TO DETERMINE,11500,S,HALSTED ST,524,,,,,,,2,NO INDICATION OF INJURY,0,0,0,0,0,2,0,17,1,11,41.685026256,-87.642297367,POINT (-87.642297366963 41.685026256307)
JA500324,,11/05/2017 05:00:00 PM,25,TRAFFIC SIGNAL,FUNCTIONING PROPERLY,CLEAR,"DARKNESS, LIGHTED ROAD",TURNING,NOT DIVIDED,4,STRAIGHT AND LEVEL,DRY,NO DEFECTS,NOT ON SCENE (DESK REPORT),INJURY AND / OR TOW DUE TO CRASH,,,,"OVER $1,500",11/05/2017 07:50:00 PM,IMPROPER TURNING/NO SIGNAL,IMPROPER LANE USAGE,200,W,111TH ST,513,,,,,,,2,"REPORTED, NOT EVIDENT",1,0,0,0,1,1,0,17,1,11,41.692634658,-87.628029909,POINT (-87.628029909331 41.692634657761)
JA500175,,11/05/2017 05:00:00 PM,30,NO CONTROLS,NOT FUNCTIONING,CLEAR,DARKNESS,TURNING,NOT DIVIDED,,STRAIGHT AND LEVEL,DRY,NO DEFECTS,NOT ON SCENE (DESK REPORT),NO INJURY / DRIVE AWAY,,,,"$501 - $1,500",11/05/2017 05:30:00 PM,UNABLE TO DETERMINE,UNABLE TO DETERMINE,906,E,63RD ST,313,,,,,,,2,NO INDICATION OF INJURY,0,0,0,0,0,5,0,17,1,11,41.780560497,-87.602633567,POINT (-87.602633566578 41.780560497004)
JA500212,,11/05/2017 05:00:00 PM,30,TRAFFIC SIGNAL,FUNCTIONING PROPERLY,CLEAR,"DARKNESS, LIGHTED ROAD",REAR END,NOT DIVIDED,2,STRAIGHT ON GRADE,DRY,NO DEFECTS,NOT ON SCENE (DESK REPORT),NO INJURY / DRIVE AWAY,Y,,,$500 OR LESS,11/05/2017 05:50:00 PM,IMPROPER BACKING,DRIVING SKILLS/KNOWLEDGE/EXPERIENCE,11100,S,VINCENNES AVE,2212,,,,,,,2,NO INDICATION OF INJURY,0,0,0,0,0,2,0,17,1,11,41.692160999,-87.663472469,POINT (-87.663472468686 41.692160998747)
JA500182,,11/05/2017 05:10:00 PM,30,NO CONTROLS,NO CONTROLS,CLEAR,"DARKNESS, LIGHTED ROAD",REAR END,NOT DIVIDED,2,STRAIGHT AND LEVEL,DRY,NO DEFECTS,NOT ON SCENE (DESK REPORT),NO INJURY / DRIVE AWAY,,,,"OVER $1,500",11/05/2017 05:40:00 PM,FAILING TO REDUCE SPEED TO AVOID CRASH,DRIVING SKILLS/KNOWLEDGE/EXPERIENCE,5450,S,CENTRAL AVE,811,,,,,,,2,NO INDICATION OF INJURY,0,0,0,0,0,2,0,17,1,11,41.793046709,-87.762456509,POINT (-87.762456509005 41.793046708901)
JA500279,,11/05/2017 05:20:00 PM,30,STOP SIGN/FLASHER,FUNCTIONING PROPERLY,CLEAR,"DARKNESS, LIGHTED ROAD",TURNING,DIVIDED - W/MEDIAN (NOT RAISED),2,STRAIGHT AND LEVEL,DRY,NO DEFECTS,ON SCENE,INJURY AND / OR TOW DUE TO CRASH,,,Y,"OVER $1,500",11/05/2017 07:22:00 PM,FAILING TO YIELD RIGHT-OF-WAY,DISREGARDING STOP SIGN,3299,W,FRANKLIN BLVD,1123,,,,,,,2,NO INDICATION OF INJURY,0,0,0,0,0,2,0,17,1,11,41.889934972,-87.708707309,POINT (-87.708707309094 41.889934971608)
JA500163,,11/05/2017 05:20:00 PM,30,OTHER,FUNCTIONING PROPERLY,CLEAR,"DARKNESS, LIGHTED ROAD",TURNING,NOT DIVIDED,4,STRAIGHT AND LEVEL,DRY,OTHER,ON SCENE,INJURY AND / OR TOW DUE TO CRASH,,,Y,"OVER $1,500",11/05/2017 05:21:00 PM,UNABLE TO DETERMINE,UNABLE TO DETERMINE,680,N,LAKE SHORE DR NB,1834,,,,,,,2,NO INDICATION OF INJURY,0,0,0,0,0,2,0,17,1,11,41.894841873,-87.615480401,POINT (-87.615480400906 41.894841872657)
JA500185,,11/05/2017 05:26:00 PM,30,NO CONTROLS,NO CONTROLS,CLEAR,DARKNESS,PARKED MOTOR VEHICLE,NOT DIVIDED,2,STRAIGHT AND LEVEL,DRY,NO DEFECTS,ON SCENE,NO INJURY / DRIVE AWAY,,,,$500 OR LESS,11/05/2017 05:30:00 PM,IMPROPER BACKING,FAILING TO REDUCE SPEED TO AVOID CRASH,1954,N,HALSTED ST,1813,,,,,,,2,NO INDICATION OF INJURY,0,0,0,0,0,1,0,17,1,11,41.917541127,-87.64862901,POINT (-87.648629010271 41.917541126814)
JA500190,,11/05/2017 05:30:00 PM,25,STOP SIGN/FLASHER,NO CONTROLS,CLEAR,"DARKNESS, LIGHTED ROAD",ANGLE,NOT DIVIDED,1,STRAIGHT AND LEVEL,DRY,NO DEFECTS,ON SCENE,INJURY AND / OR TOW DUE TO CRASH,Y,,Y,"OVER $1,500",11/05/2017 05:40:00 PM,UNABLE TO DETERMINE,NOT APPLICABLE,5698,W,BELLE PLAINE AVE,1624,,,,,,,2,"REPORTED, NOT EVIDENT",1,0,0,0,1,1,0,17,1,11,41.955087258,-87.7694483,POINT (-87.769448300387 41.955087258001)
JA508019,,11/05/2017 05:30:00 PM,30,OTHER,OTHER,UNKNOWN,UNKNOWN,REAR END,NOT DIVIDED,2,STRAIGHT AND LEVEL,UNKNOWN,UNKNOWN,NOT ON SCENE (DESK REPORT),NO INJURY / DRIVE AWAY,Y,,,"$501 - $1,500",11/11/2017 04:00:00 PM,FOLLOWING TOO CLOSELY,NOT APPLICABLE,4501,S,KEDZIE AVE,922,,,,,,,2,NO INDICATION OF INJURY,0,0,0,0,0,2,0,17,1,11,41.811607767,-87.703963945,POINT (-87.703963944953 41.811607767459)
JA501330,Y,11/05/2017 05:30:00 PM,35,NO CONTROLS,NO CONTROLS,CLEAR,UNKNOWN,PARKED MOTOR VEHICLE,ONE-WAY,,STRAIGHT AND LEVEL,DRY,NO DEFECTS,NOT ON SCENE (DESK REPORT),NO INJURY / DRIVE AWAY,,,Y,"$501 - $1,500",11/06/2017 03:30:00 PM,IMPROPER LANE USAGE,NOT APPLICABLE,3934,W,AINSLIE ST,1712,Y,,,,,,2,NO INDICATION OF INJURY,0,0,0,0,0,1,0,17,1,11,41.970185634,-87.727086784,POINT (-87.72708678372 41.970185633895)
JA500250,,11/05/2017 05:40:00 PM,30,STOP SIGN/FLASHER,FUNCTIONING PROPERLY,UNKNOWN,"DARKNESS, LIGHTED ROAD",TURNING,ONE-WAY,2,STRAIGHT AND LEVEL,UNKNOWN,UNKNOWN,ON SCENE,INJURY AND / OR TOW DUE TO CRASH,Y,,,"OVER $1,500",11/05/2017 05:45:00 PM,DISREGARDING STOP SIGN,UNABLE TO DETERMINE,3499,E,100TH ST,432,,,,,,,2,NONINCAPACITATING INJURY,1,0,0,1,0,1,0,17,1,11,41.713749149,-87.538919306,POINT (-87.53891930572 41.71374914874)
JA500247,,11/05/2017 05:41:00 PM,35,TRAFFIC SIGNAL,FUNCTIONING PROPERLY,CLEAR,"DARKNESS, LIGHTED ROAD",REAR END,OTHER,1,STRAIGHT AND LEVEL,DRY,NO DEFECTS,ON SCENE,NO INJURY / DRIVE AWAY,,,,$500 OR LESS,11/05/2017 05:41:00 PM,CELL PHONE USE OTHER THAN TEXTING,NOT APPLICABLE,5900,S,ASHLAND AVE,714,,,,,,,2,NO INDICATION OF INJURY,0,0,0,0,0,2,0,17,1,11,41.786654178,-87.664539158,POINT (-87.664539157743 41.786654178265)
JA500234,,11/05/2017 05:59:00 PM,30,TRAFFIC SIGNAL,FUNCTIONING PROPERLY,CLEAR,"DARKNESS, LIGHTED ROAD",TURNING,DIVIDED - W/MEDIAN BARRIER,0,STRAIGHT AND LEVEL,DRY,NO DEFECTS,ON SCENE,INJURY AND / OR TOW DUE TO CRASH,Y,,,"OVER $1,500",11/05/2017 06:10:00 PM,IMPROPER TURNING/NO SIGNAL,IMPROPER TURNING/NO SIGNAL,5140,N,CENTRAL AVE,1622,,,,,,,2,"REPORTED, NOT EVIDENT",1,0,0,0,1,2,0,17,1,11,41.974743281,-87.768644353,POINT (-87.768644353417 41.974743281185)
JA500651,Y,11/05/2017 06:00:00 PM,20,NO CONTROLS,NO CONTROLS,UNKNOWN,UNKNOWN,PARKED MOTOR VEHICLE,ONE-WAY,1,STRAIGHT AND LEVEL,DRY,NO DEFECTS,ON SCENE,NO INJURY / DRIVE AWAY,,,Y,"OVER $1,500",11/06/2017 07:30:00 AM,IMPROPER BACKING,UNABLE TO DETERMINE,12139,S,WALLACE ST,523,,,,,,,2,NO INDICATION OF INJURY,0,0,0,0,0,1,0,18,1,11,41.673075096,-87.636794484,POINT (-87.636794484183 41.673075096002)
JA510358,,11/05/2017 06:00:00 PM,30,TRAFFIC SIGNAL,FUNCTIONING PROPERLY,UNKNOWN,DARKNESS,REAR END,DIVIDED - W/MEDIAN (NOT RAISED),2,STRAIGHT AND LEVEL,DRY,UNKNOWN,NOT ON SCENE (DESK REPORT),NO INJURY / DRIVE AWAY,,,,"OVER $1,500",11/13/2017 03:19:00 PM,FOLLOWING TOO CLOSELY,FOLLOWING TOO CLOSELY,4531,S,KEDZIE AVE,922,,,,,,,2,NO INDICATION OF INJURY,0,0,0,0,0,2,0,18,1,11,41.810791405,-87.703930457,POINT (-87.703930457356 41.81079140511)