RD_NO,CRASH_DATE_EST_I,CRASH_DATE,POSTED_SPEED_LIMIT,TRAFFIC_CONTROL_DEVICE,DEVICE_CONDITION,WEATHER_CONDITION,LIGHTING_CONDITION,FIRST_CRASH_TYPE,TRAFFICWAY_TYPE,LANE_CNT,ALIGNMENT,ROADWAY_SURFACE_COND,ROAD_DEFECT,REPORT_TYPE,CRASH_TYPE,INTERSECTION_RELATED_I,NOT_RIGHT_OF_WAY_I,HIT_AND_RUN_I,DAMAGE,DATE_POLICE_NOTIFIED,PRIM_CONTRIBUTORY_CAUSE,SEC_CONTRIBUTORY_CAUSE,STREET_NO,STREET_DIRECTION,STREET_NAME,BEAT_OF_OCCURRENCE,PHOTOS_TAKEN_I,STATEMENTS_TAKEN_I,DOORING_I,WORK_ZONE_I,WORK_ZONE_TYPE,WORKERS_PRESENT_I,NUM_UNITS,MOST_SEVERE_INJURY,INJURIES_TOTAL,INJURIES_FATAL,INJURIES_INCAPACITATING,INJURIES_NON_INCAPACITATING,INJURIES_REPORTED_NOT_EVIDENT,INJURIES_NO_INDICATION,INJURIES_UNKNOWN,CRASH_HOUR,CRASH_DAY_OF_WEEK,CRASH_MONTH,LATITUDE,LONGITUDE,LOCATION
JA500263,,11/05/2017 06:06:00 PM,30,TRAFFIC SIGNAL,FUNCTIONING PROPERLY,CLEAR,"DARKNESS, LIGHTED ROAD",REAR END,DIVIDED - W/MEDIAN BARRIER,2,STRAIGHT AND LEVEL,DRY,NO DEFECTS,ON SCENE,NO INJURY / DRIVE AWAY,,,,"$501 - $1,500",11/05/2017 06:16:00 PM,DRIVING SKILLS/KNOWLEDGE/EXPERIENCE,DISTRACTION - FROM OUTSIDE VEHICLE,10038,S,EWING AVE,432,,,,,,,2,NO INDICATION OF INJURY,0,0,0,0,0,3,0,18,1,11,41.712771242,-87.535422187,POINT (-87.535422187416 41.712771241793)
JA500252,,11/05/2017 06:10:00 PM,30,NO CONTROLS,NO CONTROLS,CLEAR,DARKNESS,REAR END,DIVIDED - W/MEDIAN (NOT RAISED),1,STRAIGHT AND LEVEL,DRY,NO DEFECTS,NOT ON SCENE (DESK REPORT),NO INJURY / DRIVE AWAY,,,,"OVER $1,500",11/05/2017 06:44:00 PM,FOLLOWING TOO CLOSELY,DRIVING SKILLS/KNOWLEDGE/EXPERIENCE,4415,W,AINSLIE ST,1712,,,,,,,2,NO INDICATION OF INJURY,0,0,0,0,0,3,0,18,1,11,41.969835567,-87.738631715,POINT (-87.738631714678 41.969835566596)
JA500267,,11/05/2017 06:20:00 PM,20,STOP SIGN/FLASHER,FUNCTIONING PROPERLY,OTHER,DUSK,ANGLE,OTHER,4,STRAIGHT AND LEVEL,WET,UNKNOWN,ON SCENE,INJURY AND / OR TOW DUE TO CRASH,Y,,Y,"OVER $1,500",11/05/2017 06:25:00 PM,IMPROPER OVERTAKING/PASSING,UNABLE TO DETERMINE,2000,W,56TH ST,715,,,,,,,2,NO INDICATION OF INJURY,0,0,0,0,0,2,0,18,1,11,41.792204153,-87.674310633,POINT (-87.674310632592 41.792204152658)
JA500358,,11/05/2017 07:00:00 PM,30,NO CONTROLS,NO CONTROLS,CLEAR,"DARKNESS, LIGHTED ROAD",PARKED MOTOR VEHICLE,NOT DIVIDED,2,STRAIGHT AND LEVEL,DRY,NO DEFECTS,ON SCENE,NO INJURY / DRIVE AWAY,,,Y,"OVER $1,500",11/05/2017 07:57:00 PM,UNABLE TO DETERMINE,NOT APPLICABLE,5068,N,PARKSIDE AVE,1622,,,,,,,2,NO INDICATION OF INJURY,0,0,0,0,0,1,0,19,1,11,41.97397401,-87.769897372,POINT (-87.769897372262 41.973974010137)
JA502939,,11/05/2017 07:00:00 PM,30,STOP SIGN/FLASHER,FUNCTIONING PROPERLY,CLEAR,DARKNESS,REAR END,NOT DIVIDED,2,STRAIGHT AND LEVEL,DRY,NO DEFECTS,NOT ON SCENE (DESK REPORT),NO INJURY / DRIVE AWAY,Y,,,$500 OR LESS,11/07/2017 06:21:00 PM,FOLLOWING TOO CLOSELY,NOT APPLICABLE,1404,W,PRATT BLVD,2431,,,,,,,2,NO INDICATION OF INJURY,0,0,0,0,0,3,0,19,1,11,42.005560716,-87.666070796,POINT (-87.666070795813 42.005560716387)
JA500330,,11/05/2017 07:30:00 PM,25,TRAFFIC SIGNAL,FUNCTIONING PROPERLY,CLEAR,DAYLIGHT,REAR END,DIVIDED - W/MEDIAN (NOT RAISED),4,STRAIGHT AND LEVEL,DRY,NO DEFECTS,NOT ON SCENE (DESK REPORT),NO INJURY / DRIVE AWAY,,,,"$501 - $1,500",11/05/2017 07:56:00 PM,UNABLE TO DETERMINE,UNABLE TO DETERMINE,8501,S,CICERO AVE,834,,,,,,,2,NO INDICATION OF INJURY,0,0,0,0,0,2,0,19,1,11,41.738140867,-87.740826883,POINT (-87.740826882687 41.738140866662)
JA500348,,11/05/2017 07:30:00 PM,30,NO CONTROLS,NO CONTROLS,CLEAR,"DARKNESS, LIGHTED ROAD",FIXED OBJECT,NOT DIVIDED,4,STRAIGHT AND LEVEL,DRY,NO DEFECTS,ON SCENE,INJURY AND / OR TOW DUE TO CRASH,N,,,"OVER $1,500",11/05/2017 07:31:00 PM,UNABLE TO DETERMINE,NOT APPLICABLE,1819,N,CICERO AVE,2533,,,,,,,1,NO INDICATION OF INJURY,0,0,0,0,0,1,0,19,1,11,41.913894667,-87.745842497,POINT (-87.745842497475 41.913894666503)
JA500345,,11/05/2017 07:45:00 PM,30,NO CONTROLS,NO CONTROLS,CLEAR,"DARKNESS, LIGHTED ROAD",SIDESWIPE SAME DIRECTION,NOT DIVIDED,4,STRAIGHT AND LEVEL,DRY,NO DEFECTS,ON SCENE,NO INJURY / DRIVE AWAY,,,,"OVER $1,500",11/05/2017 07:46:00 PM,FAILING TO REDUCE SPEED TO AVOID CRASH,NOT APPLICABLE,1431,W,TAYLOR ST,1231,,,,,,,2,NO INDICATION OF INJURY,0,0,0,0,0,2,0,19,1,11,41.869209442,-87.662933214,POINT (-87.662933214191 41.869209441681)
JA500363,,11/05/2017 07:55:00 PM,30,NO CONTROLS,NO CONTROLS,CLEAR,"DARKNESS, LIGHTED ROAD",REAR END,DIVIDED - W/MEDIAN (NOT RAISED),4,STRAIGHT AND LEVEL,DRY,UNKNOWN,NOT ON SCENE (DESK REPORT),NO INJURY / DRIVE AWAY,,,,"OVER $1,500",11/05/2017 08:25:00 PM,UNABLE TO DETERMINE,UNABLE TO DETERMINE,8011,S,WESTERN AVE,835,,,,,,,3,NO INDICATION OF INJURY,0,0,0,0,0,3,0,19,1,11,41.747933748,-87.6826509,POINT (-87.682650900317 41.747933748259)
JA500341,,11/05/2017 08:00:00 PM,30,NO CONTROLS,NO CONTROLS,CLEAR,DARKNESS,FIXED OBJECT,PARKING LOT,,STRAIGHT AND LEVEL,WET,NO DEFECTS,NOT ON SCENE (DESK REPORT),NO INJURY / DRIVE AWAY,,,,"OVER $1,500",11/05/2017 08:18:00 PM,DISTRACTION - FROM OUTSIDE VEHICLE,NOT APPLICABLE,5600,S,COTTAGE GROVE AVE,233,,,,,,,1,NO INDICATION OF INJURY,0,0,0,0,0,1,0,20,1,11,41.793061755,-87.606334781,POINT (-87.606334780539 41.793061754501)
JA500415,,11/05/2017 08:10:00 PM,30,NO CONTROLS,NO CONTROLS,CLEAR,DARKNESS,PARKED MOTOR VEHICLE,NOT DIVIDED,1,STRAIGHT AND LEVEL,DRY,NO DEFECTS,ON SCENE,INJURY AND / OR TOW DUE TO CRASH,,,,"OVER $1,500",11/05/2017 09:39:00 PM,FAILING TO REDUCE SPEED TO AVOID CRASH,EXCEEDING AUTHORIZED SPEED LIMIT,6351,S,ST LOUIS AVE,823,,,,,,,3,NO INDICATION OF INJURY,0,0,0,0,0,5,0,20,1,11,41.777321225,-87.710224495,POINT (-87.7102244951 41.777321225238)
JA501692,,11/05/2017 08:15:00 PM,30,NO CONTROLS,NO CONTROLS,CLEAR,DUSK,PEDALCYCLIST,NOT DIVIDED,,STRAIGHT AND LEVEL,DRY,NO DEFECTS,NOT ON SCENE (DESK REPORT),INJURY AND / OR TOW DUE TO CRASH,,,,"OVER $1,500",11/06/2017 07:15:00 PM,UNABLE TO DETERMINE,UNABLE TO DETERMINE,4625,N,KEDZIE AVE,1713,,,,,,,2,"REPORTED, NOT EVIDENT",1,0,0,0,1,1,0,20,1,11,41.965481169,-87.7082353,POINT (-87.708235299512 41.965481169489)
JA500369,,11/05/2017 08:19:00 PM,30,STOP SIGN/FLASHER,FUNCTIONING PROPERLY,CLOUDY/OVERCAST,DUSK,REAR END,NOT DIVIDED,,STRAIGHT AND LEVEL,WET,NO DEFECTS,NOT ON SCENE (DESK REPORT),NO INJURY / DRIVE AWAY,,,Y,"OVER $1,500",11/05/2017 08:35:00 PM,FOLLOWING TOO CLOSELY,UNABLE TO DETERMINE,2155,N,KOSTNER AVE,2522,,,,,,,2,NO INDICATION OF INJURY,0,0,0,0,0,3,0,20,1,11,41.920544519,-87.736282477,POINT (-87.736282476865 41.920544518975)
JA500401,,11/05/2017 08:20:00 PM,30,TRAFFIC SIGNAL,FUNCTIONING PROPERLY,CLEAR,"DARKNESS, LIGHTED ROAD",TURNING,OTHER,,STRAIGHT AND LEVEL,DRY,NO DEFECTS,NOT ON SCENE (DESK REPORT),NO INJURY / DRIVE AWAY,Y,,Y,"$501 - $1,500",11/05/2017 09:35:00 PM,IMPROPER OVERTAKING/PASSING,FAILING TO REDUCE SPEED TO AVOID CRASH,6700,S,COTTAGE GROVE AVE,321,,,,,,,2,NO INDICATION OF INJURY,0,0,0,0,0,4,0,20,1,11,41.773047822,-87.605913053,POINT (-87.605913052872 41.773047821886)
JA500359,,11/05/2017 08:20:00 PM,35,TRAFFIC SIGNAL,FUNCTIONING PROPERLY,CLEAR,"DARKNESS, LIGHTED ROAD",REAR END,NOT DIVIDED,2,STRAIGHT AND LEVEL,DRY,NO DEFECTS,ON SCENE,INJURY AND / OR TOW DUE TO CRASH,Y,,Y,"OVER $1,500",11/05/2017 08:20:00 PM,"OPERATING VEHICLE IN ERRATIC, RECKLESS, CARELESS, NEGLIGENT OR AGGRESSIVE MANNER",EXCEEDING AUTHORIZED SPEED LIMIT,4501,W,CHICAGO AVE,1111,,,,,,,3,INCAPACITATING INJURY,3,0,1,2,0,3,0,20,1,11,41.895028832,-87.738509671,POINT (-87.738509671268 41.895028831875)
JA500471,,11/05/2017 08:30:00 PM,35,NO CONTROLS,NO CONTROLS,CLEAR,"DARKNESS, LIGHTED ROAD",SIDESWIPE SAME DIRECTION,NOT DIVIDED,2,STRAIGHT AND LEVEL,WET,NO DEFECTS,NOT ON SCENE (DESK REPORT),NO INJURY / DRIVE AWAY,,,Y,"OVER $1,500",11/05/2017 10:30:00 PM,FOLLOWING TOO CLOSELY,FOLLOWING TOO CLOSELY,140,W,CHICAGO AVE,1832,,,,,,,2,NO INDICATION OF INJURY,0,0,0,0,0,2,0,20,1,11,41.896724014,-87.632639568,POINT (-87.632639568349 41.896724014347)
JA500477,,11/05/2017 08:30:00 PM,30,NO CONTROLS,NO CONTROLS,UNKNOWN,"DARKNESS, LIGHTED ROAD",REAR END,NOT DIVIDED,,STRAIGHT AND LEVEL,WET,NO DEFECTS,NOT ON SCENE (DESK REPORT),NO INJURY / DRIVE AWAY,,,,"$501 - $1,500",11/05/2017 09:00:00 PM,UNABLE TO DETERMINE,UNABLE TO DETERMINE,7715,S,COTTAGE GROVE AVE,624,,,,,,,2,NO INDICATION OF INJURY,0,0,0,0,0,2,0,20,1,11,41.754446686,-87.605136112,POINT (-87.605136112415 41.75444668619)
JA500409,,11/05/2017 09:10:00 PM,30,NO CONTROLS,NO CONTROLS,CLEAR,"DARKNESS, LIGHTED ROAD",SIDESWIPE SAME DIRECTION,DIVIDED - W/MEDIAN (NOT RAISED),,STRAIGHT AND LEVEL,DRY,NO DEFECTS,NOT ON SCENE (DESK REPORT),NO INJURY / DRIVE AWAY,,,,"$501 - $1,500",11/05/2017 09:35:00 PM,UNABLE TO DETERMINE,UNABLE TO DETERMINE,6400,N,RIDGE BLVD,2412,,,,,,,2,NO INDICATION OF INJURY,0,0,0,0,0,2,0,21,1,11,41.998019258,-87.67701946,POINT (-87.677019460109 41.998019258165)
JA500444,,11/05/2017 09:15:00 PM,30,NO CONTROLS,NO CONTROLS,CLEAR,"DARKNESS, LIGHTED ROAD",OTHER NONCOLLISION,NOT DIVIDED,2,STRAIGHT AND LEVEL,DRY,NO DEFECTS,NOT ON SCENE (DESK REPORT),NO INJURY / DRIVE AWAY,,,,"$501 - $1,500",11/05/2017 10:15:00 PM,NOT APPLICABLE,NOT APPLICABLE,3010,W,DEVON AVE,2412,,,,Y,CONSTRUCTION,,2,NO INDICATION OF INJURY,0,0,0,0,0,2,0,21,1,11,41.997576061,-87.705001108,POINT (-87.705001108046 41.997576060833)
JA500422,,11/05/2017 09:27:00 PM,30,NO CONTROLS,NO CONTROLS,CLEAR,"DARKNESS, LIGHTED ROAD",PARKED MOTOR VEHICLE,NOT DIVIDED,2,STRAIGHT AND LEVEL,DRY,NO DEFECTS,ON SCENE,INJURY AND / OR TOW DUE TO CRASH,,,,"OVER $1,500",11/05/2017 09:27:00 PM,UNABLE TO DETERMINE,UNABLE TO DETERMINE,4225,N,PULASKI RD,1723,,,,,,,2,NO INDICATION OF INJURY,0,0,0,0,0,3,0,21,1,11,41.958009571,-87.727596124,POINT (-87.727596123879 41.95800957053)
JA501031,,11/05/2017 09:40:00 PM,0,NO CONTROLS,NO CONTROLS,RAIN,"DARKNESS, LIGHTED ROAD",PARKED MOTOR VEHICLE,PARKING LOT,,STRAIGHT AND LEVEL,WET,NO DEFECTS,NOT ON SCENE (DESK REPORT),INJURY AND / OR TOW DUE TO CRASH,,,,"$501 - $1,500",11/06/2017 12:00:00 PM,DRIVING SKILLS/KNOWLEDGE/EXPERIENCE,UNABLE TO DETERMINE,8331,S,STEWART AVE,622,,,,,,,2,NONINCAPACITATING INJURY,1,0,0,1,0,2,0,21,1,11,41.742577617,-87.633936931,POINT (-87.633936930688 41.742577617335)
JA500454,,11/05/2017 10:01:00 PM,30,NO CONTROLS,NO CONTROLS,CLEAR,"DARKNESS, LIGHTED ROAD",PARKED MOTOR VEHICLE,NOT DIVIDED,4,STRAIGHT AND LEVEL,DRY,NO DEFECTS,ON SCENE,NO INJURY / DRIVE AWAY,,,,"$501 - $1,500",11/05/2017 10:01:00 PM,IMPROPER BACKING,UNABLE TO DETERMINE,4444,W,IRVING PARK RD,1722,,,,,,,2,NO INDICATION OF INJURY,0,0,0,0,0,1,0,22,1,11,41.953621202,-87.739813006,POINT (-87.739813005919 41.953621202012)
JA500455,,11/05/2017 10:05:00 PM,35,NO CONTROLS,NO CONTROLS,CLEAR,"DARKNESS, LIGHTED ROAD",TURNING,DIVIDED - W/MEDIAN (NOT RAISED),4,STRAIGHT AND LEVEL,DRY,NO DEFECTS,ON SCENE,INJURY AND / OR TOW DUE TO CRASH,,,,"OVER $1,500",11/05/2017 10:06:00 PM,EXCEEDING AUTHORIZED SPEED LIMIT,EXCEEDING SAFE SPEED FOR CONDITIONS,10337,S,PULASKI RD,2211,,,,,,,2,NONINCAPACITATING INJURY,2,0,0,2,0,0,0,22,1,11,41.70476497,-87.72072393,POINT (-87.72072393036 41.704764970212)
JA500526,,11/05/2017 10:05:00 PM,30,TRAFFIC SIGNAL,FUNCTIONING PROPERLY,CLEAR,"DARKNESS, LIGHTED ROAD",REAR END,DIVIDED - W/MEDIAN (NOT RAISED),,STRAIGHT AND LEVEL,DRY,NO DEFECTS,NOT ON SCENE (DESK REPORT),NO INJURY / DRIVE AWAY,,,Y,"OVER $1,500",11/06/2017 12:08:00 AM,UNABLE TO DETERMINE,NOT APPLICABLE,11400,S,PULASKI RD,2211,,,,,,,2,NO INDICATION OF INJURY,0,0,0,0,0,2,0,22,1,11,41.68570487,-87.720263572,POINT (-87.720263572365 41.685704869729)
JA500512,,11/05/2017 10:22:00 PM,30,NO CONTROLS,NO CONTROLS,CLEAR,"DARKNESS, LIGHTED ROAD",FIXED OBJECT,NOT DIVIDED,,STRAIGHT AND LEVEL,DRY,NO DEFECTS,ON SCENE,INJURY AND / OR TOW DUE TO CRASH,,Y,,"OVER $1,500",11/05/2017 10:23:00 PM,UNABLE TO DETERMINE,NOT APPLICABLE,1400,W,NORTH AVE,1433,,,,,,,1,NO INDICATION OF INJURY,0,0,0,0,0,1,0,22,1,11,41.910806819,-87.663104934,POINT (-87.66310493406 41.910806819199)
JA500473,,11/05/2017 10:30:00 PM,30,TRAFFIC SIGNAL,FUNCTIONING PROPERLY,CLEAR,"DARKNESS, LIGHTED ROAD",SIDESWIPE SAME DIRECTION,DIVIDED - W/MEDIAN BARRIER,,STRAIGHT AND LEVEL,DRY,NO DEFECTS,ON SCENE,NO INJURY / DRIVE AWAY,Y,,Y,$500 OR LESS,11/05/2017 10:45:00 PM,"OPERATING VEHICLE IN ERRATIC, RECKLESS, CARELESS, NEGLIGENT OR AGGRESSIVE MANNER",NOT APPLICABLE,300,S,MICHIGAN AVE,113,,,,,,,2,NO INDICATION OF INJURY,0,0,0,0,0,3,0,22,1,11,41.878217345,-87.62445584,POINT (-87.624455840297 41.878217345311)
JA500821,,11/05/2017 10:45:00 PM,30,NO CONTROLS,NO CONTROLS,CLEAR,DAYLIGHT,ANGLE,DIVIDED - W/MEDIAN (NOT RAISED),2,STRAIGHT AND LEVEL,DRY,NO DEFECTS,NOT ON SCENE (DESK REPORT),NO INJURY / DRIVE AWAY,,,,"OVER $1,500",11/06/2017 09:45:00 AM,FAILING TO YIELD RIGHT-OF-WAY,NOT APPLICABLE,7180,W,GRAND AVE,2512,,,,,,,2,NO INDICATION OF INJURY,0,0,0,0,0,2,0,22,1,11,41.92402118,-87.805624406,POINT (-87.805624406301 41.92402117963)
JA500516,,11/05/2017 10:57:00 PM,20,NO CONTROLS,NO CONTROLS,CLEAR,"DARKNESS, LIGHTED ROAD",REAR END,ONE-WAY,1,STRAIGHT AND LEVEL,OTHER,OTHER,ON SCENE,NO INJURY / DRIVE AWAY,,,,"$501 - $1,500",11/05/2017 10:57:00 PM,IMPROPER BACKING,DRIVING SKILLS/KNOWLEDGE/EXPERIENCE,6358,N,OAKLEY AVE,2413,,Y,,Y,CONSTRUCTION,,2,NO INDICATION OF INJURY,0,0,0,0,0,4,0,22,1,11,41.997678175,-87.687589935,POINT (-87.687589935093 41.997678175303)
JA500490,N,11/05/2017 11:00:00 PM,25,NO CONTROLS,NO CONTROLS,CLEAR,DAWN,PARKED MOTOR VEHICLE,ONE-WAY,1,STRAIGHT AND LEVEL,DRY,UNKNOWN,ON SCENE,INJURY AND / OR TOW DUE TO CRASH,,,Y,$500 OR LESS,11/05/2017 11:00:00 PM,FAILING TO REDUCE SPEED TO AVOID CRASH,NOT APPLICABLE,7614,S,GREEN ST,621,N,,,,,,2,NO INDICATION OF INJURY,0,0,0,0,0,1,0,23,1,11,41.755595132,-87.645528699,POINT (-87.645528698586 41.755595131513)
JA500502,,11/05/2017 11:16:00 PM,30,TRAFFIC SIGNAL,UNKNOWN,CLEAR,"DARKNESS, LIGHTED ROAD",SIDESWIPE SAME DIRECTION,DIVIDED - W/MEDIAN BARRIER,3,STRAIGHT AND LEVEL,DRY,NO DEFECTS,NOT ON SCENE (DESK REPORT),NO INJURY / DRIVE AWAY,,,,"OVER $1,500",11/05/2017 11:20:00 PM,UNABLE TO DETERMINE,NOT APPLICABLE,962,N,LA SALLE DR,1832,,,N,,,,2,NO INDICATION OF INJURY,0,0,0,0,0,4,0,23,1,11,41.900470091,-87.632983252,POINT (-87.632983251651 41.900470091288)
JA502657,,11/05/2017 11:30:00 PM,30,NO CONTROLS,NO CONTROLS,CLEAR,"DARKNESS, LIGHTED ROAD",HEAD ON,NOT DIVIDED,,STRAIGHT AND LEVEL,DRY,NO DEFECTS,NOT ON SCENE (DESK REPORT),NO INJURY / DRIVE AWAY,,,,"OVER $1,500",11/07/2017 03:20:00 PM,UNABLE TO DETERMINE,UNABLE TO DETERMINE,3527,W,LELAND AVE,1723,,,,,,,2,NO INDICATION OF INJURY,0,0,0,0,0,2,0,23,1,11,41.966434612,-87.716912807,POINT (-87.716912806698 41.96643461211)
JA500850,,11/05/2017 11:30:00 PM,30,NO CONTROLS,NO CONTROLS,CLEAR,"DARKNESS, LIGHTED ROAD",TURNING,PARKING LOT,2,STRAIGHT AND LEVEL,DRY,UNKNOWN,NOT ON SCENE (DESK REPORT),NO INJURY / DRIVE AWAY,,,,"OVER $1,500",11/06/2017 10:00:00 AM,UNABLE TO DETERMINE,UNABLE TO DETERMINE,7180,W,GRAND AVE,2512,,,,,,,2,NO INDICATION OF INJURY,0,0,0,0,0,2,0,23,1,11,41.92402118,-87.805624406,POINT (-87.805624406301 41.92402117963)
JA500524,,11/05/2017 11:32:00 PM,30,NO CONTROLS,NO CONTROLS,CLEAR,"DARKNESS, LIGHTED ROAD",SIDESWIPE SAME DIRECTION,ONE-WAY,1,STRAIGHT AND LEVEL,DRY,UNKNOWN,NOT ON SCENE (DESK REPORT),NO INJURY / DRIVE AWAY,,,,$500 OR LESS,11/06/2017 12:30:00 AM,DRIVING SKILLS/KNOWLEDGE/EXPERIENCE,NOT APPLICABLE,849,W,LAKESIDE PL,1914,,,,,,,2,NO INDICATION OF INJURY,0,0,0,0,0,3,0,23,1,11,41.968124383,-87.651944258,POINT (-87.651944258138 41.968124383076)
JA501419,,11/05/2017 11:40:00 PM,30,NO CONTROLS,NO CONTROLS,CLEAR,"DARKNESS, LIGHTED ROAD",REAR END,ONE-WAY,3,STRAIGHT AND LEVEL,DRY,NO DEFECTS,NOT ON SCENE (DESK REPORT),INJURY AND / OR TOW DUE TO CRASH,,,,"OVER $1,500",11/06/2017 04:20:00 PM,FOLLOWING TOO CLOSELY,UNABLE TO DETERMINE,733,N,DEARBORN ST,1832,,,,,,,2,NONINCAPACITATING INJURY,1,0,0,1,0,1,0,23,1,11,41.89583716,-87.629612233,POINT (-87.629612232736 41.895837160145)
JA500521,Y,11/05/2017 11:47:00 PM,35,TRAFFIC SIGNAL,FUNCTIONING PROPERLY,CLEAR,"DARKNESS, LIGHTED ROAD",REAR END,NOT DIVIDED,4,STRAIGHT AND LEVEL,DRY,NO DEFECTS,ON SCENE,NO INJURY / DRIVE AWAY,Y,,,"$501 - $1,500",11/05/2017 11:47:00 PM,FOLLOWING TOO CLOSELY,PHYSICAL CONDITION OF DRIVER,4165,S,HALSTED ST,925,,,,,,,2,NO INDICATION OF INJURY,0,0,0,0,0,2,0,23,1,11,41.818456497,-87.645641624,POINT (-87.645641624143 41.818456497304)
JA500535,,11/05/2017 11:49:00 PM,35,STOP SIGN/FLASHER,FUNCTIONING PROPERLY,CLEAR,"DARKNESS, LIGHTED ROAD",ANGLE,NOT DIVIDED,4,STRAIGHT AND LEVEL,DRY,NO DEFECTS,NOT ON SCENE (DESK REPORT),NO INJURY / DRIVE AWAY,,,,"OVER $1,500",11/06/2017 12:15:00 AM,FAILING TO YIELD RIGHT-OF-WAY,NOT APPLICABLE,2001,S,ARCHER AVE,131,,,,,,,2,NO INDICATION OF INJURY,0,0,0,0,0,2,0,23,1,11,41.855307141,-87.629497168,POINT (-87.629497168139 41.855307141196)
JA502399,,11/06/2017 12:01:00 AM,20,NO CONTROLS,NO CONTROLS,CLEAR,"DARKNESS, LIGHTED ROAD",PARKED MOTOR VEHICLE,PARKING LOT,,STRAIGHT AND LEVEL,DRY,NO DEFECTS,NOT ON SCENE (DESK REPORT),NO INJURY / DRIVE AWAY,,,Y,"$501 - $1,500",11/07/2017 07:30:00 AM,UNABLE TO DETERMINE,NOT APPLICABLE,417,S,JEFFERSON ST,121,,,,,,,2,NO INDICATION OF INJURY,0,0,0,0,0,1,0,0,2,11,41.876243117,-87.642335959,POINT (-87.642335959134 41.876243116742)
JA500529,Y,11/06/2017 12:10:00 AM,30,NO CONTROLS,NO CONTROLS,CLEAR,"DARKNESS, LIGHTED ROAD",PARKED MOTOR VEHICLE,NOT DIVIDED,,STRAIGHT AND LEVEL,DRY,UNKNOWN,ON SCENE,INJURY AND / OR TOW DUE TO CRASH,,,Y,"$501 - $1,500",11/06/2017 12:12:00 AM,UNABLE TO DETERMINE,NOT APPLICABLE,5427,W,WINDSOR AVE,1623,,,,,,,3,NO INDICATION OF INJURY,0,0,0,0,0,3,0,0,2,11,41.963212301,-87.763545902,POINT (-87.76354590212 41.963212300784)
JA500554,N,11/06/2017 12:30:00 AM,25,NO CONTROLS,NO CONTROLS,CLEAR,"DARKNESS, LIGHTED ROAD",PARKED MOTOR VEHICLE,ONE-WAY,1,STRAIGHT AND LEVEL,DRY,NO DEFECTS,ON SCENE,NO INJURY / DRIVE AWAY,,,Y,"$501 - $1,500",11/06/2017 12:43:00 AM,NOT APPLICABLE,NOT APPLICABLE,9249,S,MAY ST,2222,,,,,,,2,NO INDICATION OF INJURY,0,0,0,0,0,1,0,0,2,11,41.725381935,-87.651686011,POINT (-87.651686010714 41.725381935356)
JA500560,,11/06/2017 12:49:00 AM,30,NO CONTROLS,FUNCTIONING PROPERLY,CLEAR,"DARKNESS, LIGHTED ROAD",REAR END,DIVIDED - W/MEDIAN (NOT RAISED),,STRAIGHT AND LEVEL,DRY,NO DEFECTS,ON SCENE,INJURY AND / OR TOW DUE TO CRASH,Y,,,"$501 - $1,500",11/06/2017 12:49:00 AM,FOLLOWING TOO CLOSELY,UNABLE TO DETERMINE,3400,N,OAK PARK AVE,1632,,,,,,,2,NO INDICATION OF INJURY,0,0,0,0,0,2,0,0,2,11,41.941901419,-87.79599,POINT (-87.795989999621 41.941901418645)
JA501102,Y,11/06/2017 01:00:00 AM,30,NO CONTROLS,NO CONTROLS,CLEAR,DARKNESS,PARKED MOTOR VEHICLE,NOT DIVIDED,,STRAIGHT AND LEVEL,DRY,NO DEFECTS,NOT ON SCENE (DESK REPORT),NO INJURY / DRIVE AWAY,,,Y,"OVER $1,500",11/06/2017 12:50:00 PM,UNABLE TO DETERMINE,NOT APPLICABLE,5323,N,ROCKWELL ST,2011,,,,,,,2,NO INDICATION OF INJURY,0,0,0,0,0,1,0,1,2,11,41.978420219,-87.693989946,POINT (-87.693989946448 41.978420219255)
JA501138,,11/06/2017 01:50:00 AM,30,NO CONTROLS,NO CONTROLS,CLEAR,"DARKNESS, LIGHTED ROAD",PARKED MOTOR VEHICLE,NOT DIVIDED,,STRAIGHT AND LEVEL,DRY,NO DEFECTS,ON SCENE,INJURY AND / OR TOW DUE TO CRASH,,,Y,"$501 - $1,500",11/06/2017 12:00:00 PM,NOT APPLICABLE,NOT APPLICABLE,2429,N,CLARK ST,1935,,,,,,,2,NO INDICATION OF INJURY,0,0,0,0,0,1,0,1,2,11,41.926424456,-87.640831261,POINT (-87.640831261036 41.926424456472)
JA500582,,11/06/2017 02:00:00 AM,30,TRAFFIC SIGNAL,FUNCTIONING PROPERLY,CLEAR,"DARKNESS, LIGHTED ROAD",SIDESWIPE SAME DIRECTION,NOT DIVIDED,4,STRAIGHT AND LEVEL,DRY,NO DEFECTS,NOT ON SCENE (DESK REPORT),NO INJURY / DRIVE AWAY,Y,,Y,"$501 - $1,500",11/06/2017 02:00:00 AM,UNABLE TO DETERMINE,UNABLE TO DETERMINE,4800,S,ASHLAND AVE,931,,,,,,,2,NO INDICATION OF INJURY,0,0,0,0,0,2,0,2,2,11,41.806689045,-87.665065003,POINT (-87.665065002859 41.806689045263)