RD_NO,CRASH_DATE_EST_I,CRASH_DATE,POSTED_SPEED_LIMIT,TRAFFIC_CONTROL_DEVICE,DEVICE_CONDITION,WEATHER_CONDITION,LIGHTING_CONDITION,FIRST_CRASH_TYPE,TRAFFICWAY_TYPE,LANE_CNT,ALIGNMENT,ROADWAY_SURFACE_COND,ROAD_DEFECT,REPORT_TYPE,CRASH_TYPE,INTERSECTION_RELATED_I,NOT_RIGHT_OF_WAY_I,HIT_AND_RUN_I,DAMAGE,DATE_POLICE_NOTIFIED,PRIM_CONTRIBUTORY_CAUSE,SEC_CONTRIBUTORY_CAUSE,STREET_NO,STREET_DIRECTION,STREET_NAME,BEAT_OF_OCCURRENCE,PHOTOS_TAKEN_I,STATEMENTS_TAKEN_I,DOORING_I,WORK_ZONE_I,WORK_ZONE_TYPE,WORKERS_PRESENT_I,NUM_UNITS,MOST_SEVERE_INJURY,INJURIES_TOTAL,INJURIES_FATAL,INJURIES_INCAPACITATING,INJURIES_NON_INCAPACITATING,INJURIES_REPORTED_NOT_EVIDENT,INJURIES_NO_INDICATION,INJURIES_UNKNOWN,CRASH_HOUR,CRASH_DAY_OF_WEEK,CRASH_MONTH,LATITUDE,LONGITUDE,LOCATION
JA500580,,11/06/2017 02:04:00 AM,25,NO CONTROLS,NO CONTROLS,CLEAR,"DARKNESS, LIGHTED ROAD",ANGLE,OTHER,,STRAIGHT AND LEVEL,DRY,NO DEFECTS,ON SCENE,NO INJURY / DRIVE AWAY,,,,$500 OR LESS,11/06/2017 02:04:00 AM,IMPROPER BACKING,NOT APPLICABLE,802,W,RANDOLPH SD,1224,,,,,,,2,NO INDICATION OF INJURY,0,0,0,0,0,2,0,2,2,11,41.88451431,-87.647584853,POINT (-87.647584852536 41.884514309758)
JA500598,,11/06/2017 03:11:00 AM,35,UNKNOWN,FUNCTIONING PROPERLY,CLEAR,DARKNESS,ANGLE,NOT DIVIDED,,STRAIGHT AND LEVEL,DRY,NO DEFECTS,ON SCENE,INJURY AND / OR TOW DUE TO CRASH,,,,"OVER $1,500",11/06/2017 03:11:00 AM,DISREGARDING TRAFFIC SIGNALS,DISREGARDING TRAFFIC SIGNALS,3200,W,DIVERSEY AVE,1412,,,,,,,2,NONINCAPACITATING INJURY,1,0,0,1,0,1,0,3,2,11,41.932139542,-87.707486912,POINT (-87.707486911862 41.932139541722)
JA501312,,11/06/2017 03:30:00 AM,30,TRAFFIC SIGNAL,FUNCTIONING PROPERLY,CLEAR,"DARKNESS, LIGHTED ROAD",SIDESWIPE SAME DIRECTION,NOT DIVIDED,4,STRAIGHT AND LEVEL,DRY,NO DEFECTS,NOT ON SCENE (DESK REPORT),NO INJURY / DRIVE AWAY,,,,"$501 - $1,500",11/06/2017 03:00:00 PM,IMPROPER LANE USAGE,UNABLE TO DETERMINE,401,W,BELMONT AVE,1934,,,,,,,2,NO INDICATION OF INJURY,0,0,0,0,0,4,0,3,2,11,41.940023086,-87.639605698,POINT (-87.639605697722 41.940023085573)
JA500606,,11/06/2017 03:37:00 AM,30,NO CONTROLS,UNKNOWN,CLOUDY/OVERCAST,DARKNESS,PARKED MOTOR VEHICLE,ONE-WAY,1,STRAIGHT AND LEVEL,DRY,NO DEFECTS,ON SCENE,INJURY AND / OR TOW DUE TO CRASH,,,Y,"OVER $1,500",11/06/2017 03:38:00 AM,FAILING TO REDUCE SPEED TO AVOID CRASH,IMPROPER LANE USAGE,536,E,88TH ST,632,,,,,,,3,NO INDICATION OF INJURY,0,0,0,0,0,2,0,3,2,11,41.734848876,-87.610579524,POINT (-87.610579523687 41.73484887622)
JA500608,,11/06/2017 04:00:00 AM,30,STOP SIGN/FLASHER,FUNCTIONING PROPERLY,CLEAR,DUSK,ANGLE,ONE-WAY,1,STRAIGHT AND LEVEL,DRY,NO DEFECTS,ON SCENE,NO INJURY / DRIVE AWAY,,,,"$501 - $1,500",11/06/2017 04:05:00 AM,DISREGARDING STOP SIGN,DRIVING SKILLS/KNOWLEDGE/EXPERIENCE,3828,W,26TH ST,1013,,,,,,,2,NO INDICATION OF INJURY,0,0,0,0,0,2,0,4,2,11,41.844409748,-87.720835125,POINT (-87.720835124652 41.844409747615)
JA500610,,11/06/2017 04:00:00 AM,30,TRAFFIC SIGNAL,FUNCTIONING PROPERLY,CLEAR,"DARKNESS, LIGHTED ROAD",FIXED OBJECT,NOT DIVIDED,2,STRAIGHT AND LEVEL,DRY,NO DEFECTS,ON SCENE,INJURY AND / OR TOW DUE TO CRASH,,Y,,"OVER $1,500",11/06/2017 04:05:00 AM,EXCEEDING SAFE SPEED FOR CONDITIONS,"OPERATING VEHICLE IN ERRATIC, RECKLESS, CARELESS, NEGLIGENT OR AGGRESSIVE MANNER",5601,W,CORCORAN PL,1512,,,,,,,1,NONINCAPACITATING INJURY,1,0,0,1,0,0,0,4,2,11,41.887109173,-87.765187156,POINT (-87.765187156075 41.887109173286)
JA501449,,11/06/2017 04:00:00 AM,30,NO CONTROLS,NO CONTROLS,CLEAR,DAYLIGHT,PARKED MOTOR VEHICLE,ONE-WAY,,STRAIGHT AND LEVEL,DRY,NO DEFECTS,NOT ON SCENE (DESK REPORT),NO INJURY / DRIVE AWAY,,,Y,"OVER $1,500",11/06/2017 04:45:00 PM,UNABLE TO DETERMINE,UNABLE TO DETERMINE,6610,N,MAPLEWOOD AVE,2412,,,,,,,2,NO INDICATION OF INJURY,0,0,0,0,0,1,0,4,2,11,42.001675729,-87.693795724,POINT (-87.693795724405 42.001675729484)
JA500611,,11/06/2017 04:10:00 AM,45,NO CONTROLS,NO CONTROLS,CLEAR,"DARKNESS, LIGHTED ROAD",OTHER NONCOLLISION,DIVIDED - W/MEDIAN BARRIER,4,STRAIGHT AND LEVEL,DRY,NO DEFECTS,ON SCENE,INJURY AND / OR TOW DUE TO CRASH,,,,"OVER $1,500",11/06/2017 04:13:00 AM,DISTRACTION - FROM INSIDE VEHICLE,NOT APPLICABLE,8840,S,LAKE SHORE DR,424,,,,,,,1,NONINCAPACITATING INJURY,1,0,0,1,0,1,0,4,2,11,41.734398312,-87.540390713,POINT (-87.540390712622 41.734398311534)
JA500986,,11/06/2017 04:50:00 AM,30,TRAFFIC SIGNAL,FUNCTIONING PROPERLY,CLEAR,"DARKNESS, LIGHTED ROAD",ANGLE,NOT DIVIDED,,STRAIGHT AND LEVEL,DRY,NO DEFECTS,NOT ON SCENE (DESK REPORT),NO INJURY / DRIVE AWAY,,,Y,"OVER $1,500",11/06/2017 11:35:00 AM,UNABLE TO DETERMINE,UNABLE TO DETERMINE,6400,W,BELMONT AVE,1632,,,,,,,2,NO INDICATION OF INJURY,0,0,0,0,0,2,0,4,2,11,41.938426463,-87.786089398,POINT (-87.78608939776 41.938426462543)
JA501682,,11/06/2017 05:30:00 AM,35,NO CONTROLS,NO CONTROLS,CLEAR,DARKNESS,PARKED MOTOR VEHICLE,OTHER,,STRAIGHT AND LEVEL,DRY,NO DEFECTS,NOT ON SCENE (DESK REPORT),NO INJURY / DRIVE AWAY,,,,"OVER $1,500",11/06/2017 05:30:00 PM,UNABLE TO DETERMINE,UNABLE TO DETERMINE,1000,E,48TH ST,222,,,,,,,2,NO INDICATION OF INJURY,0,0,0,0,0,1,0,5,2,11,41.807882381,-87.60154486,POINT (-87.60154485961 41.807882380718)
JA500630,,11/06/2017 05:35:00 AM,30,NO CONTROLS,NO CONTROLS,CLEAR,DAWN,REAR END,NOT DIVIDED,2,STRAIGHT AND LEVEL,DRY,NO DEFECTS,ON SCENE,INJURY AND / OR TOW DUE TO CRASH,,,Y,"OVER $1,500",11/06/2017 05:40:00 AM,UNABLE TO DETERMINE,NOT APPLICABLE,1740,W,35TH ST,912,,,,,,,3,NONINCAPACITATING INJURY,2,0,0,2,0,1,0,5,2,11,41.830562806,-87.669579171,POINT (-87.669579171319 41.830562806041)
JA500641,,11/06/2017 05:48:00 AM,20,NO CONTROLS,NO CONTROLS,CLEAR,DAWN,PEDESTRIAN,DRIVEWAY,1,STRAIGHT AND LEVEL,DRY,NO DEFECTS,ON SCENE,INJURY AND / OR TOW DUE TO CRASH,,Y,Y,$500 OR LESS,11/06/2017 06:25:00 AM,UNABLE TO DETERMINE,UNABLE TO DETERMINE,29,E,87TH ST,632,,,,,,,2,"REPORTED, NOT EVIDENT",1,0,0,0,1,1,0,5,2,11,41.736255462,-87.622917508,POINT (-87.622917508206 41.73625546179)
JA500634,Y,11/06/2017 05:50:00 AM,25,TRAFFIC SIGNAL,FUNCTIONING PROPERLY,CLEAR,DARKNESS,SIDESWIPE SAME DIRECTION,NOT DIVIDED,2,STRAIGHT AND LEVEL,DRY,NO DEFECTS,NOT ON SCENE (DESK REPORT),NO INJURY / DRIVE AWAY,,,,"OVER $1,500",11/06/2017 06:30:00 AM,UNABLE TO DETERMINE,UNABLE TO DETERMINE,1800,N,CLARK ST,1814,,,,,,,2,NO INDICATION OF INJURY,0,0,0,0,0,2,0,5,2,11,41.914816804,-87.634027625,POINT (-87.634027625066 41.914816804195)
JA504283,,11/06/2017 05:50:00 AM,30,TRAFFIC SIGNAL,FUNCTIONING PROPERLY,CLEAR,"DARKNESS, LIGHTED ROAD",REAR END,DIVIDED - W/MEDIAN (NOT RAISED),,STRAIGHT AND LEVEL,DRY,NO DEFECTS,NOT ON SCENE (DESK REPORT),NO INJURY / DRIVE AWAY,,,,"OVER $1,500",11/08/2017 06:00:00 PM,FOLLOWING TOO CLOSELY,NOT APPLICABLE,6757,W,GRAND AVE,2512,,,,,,,2,NO INDICATION OF INJURY,0,0,0,0,0,2,0,5,2,11,41.923493764,-87.794705029,POINT (-87.794705028868 41.923493764269)
JA500755,,11/06/2017 06:15:00 AM,30,NO CONTROLS,NO CONTROLS,CLEAR,DAYLIGHT,REAR END,NOT DIVIDED,,STRAIGHT AND LEVEL,DRY,UNKNOWN,ON SCENE,NO INJURY / DRIVE AWAY,,,,$500 OR LESS,11/06/2017 08:55:00 AM,UNABLE TO DETERMINE,UNABLE TO DETERMINE,4700,W,ARTHINGTON ST,1131,,,,,,,2,NO INDICATION OF INJURY,0,0,0,0,0,2,0,6,2,11,41.869685875,-87.742560184,POINT (-87.742560183682 41.869685874665)
JA500855,,11/06/2017 06:43:00 AM,20,STOP SIGN/FLASHER,NO CONTROLS,CLEAR,DAYLIGHT,PARKED MOTOR VEHICLE,NOT DIVIDED,1,STRAIGHT AND LEVEL,DRY,NO DEFECTS,NOT ON SCENE (DESK REPORT),NO INJURY / DRIVE AWAY,,,,"$501 - $1,500",11/06/2017 09:36:00 AM,IMPROPER OVERTAKING/PASSING,DISREGARDING OTHER TRAFFIC SIGNS,1556,E,56TH ST,235,,,,,,,2,NO INDICATION OF INJURY,0,0,0,0,0,3,0,6,2,11,41.7934746,-87.586863275,POINT (-87.58686327533 41.793474599921)
JA500740,,11/06/2017 07:00:00 AM,30,NO CONTROLS,NO CONTROLS,CLEAR,DAYLIGHT,SIDESWIPE OPPOSITE DIRECTION,ONE-WAY,1,STRAIGHT AND LEVEL,DRY,NO DEFECTS,NOT ON SCENE (DESK REPORT),NO INJURY / DRIVE AWAY,,,Y,$500 OR LESS,11/06/2017 08:29:00 AM,IMPROPER OVERTAKING/PASSING,NOT APPLICABLE,9600,S,GREENWOOD AVE,511,,,,,,,2,NO INDICATION OF INJURY,0,0,0,0,0,2,0,7,2,11,41.720239314,-87.59729633,POINT (-87.597296330454 41.720239313925)
JA500842,,11/06/2017 07:00:00 AM,30,TRAFFIC SIGNAL,FUNCTIONING PROPERLY,CLEAR,DAYLIGHT,SIDESWIPE SAME DIRECTION,DIVIDED - W/MEDIAN (NOT RAISED),4,STRAIGHT AND LEVEL,DRY,NO DEFECTS,NOT ON SCENE (DESK REPORT),NO INJURY / DRIVE AWAY,Y,,,"$501 - $1,500",11/06/2017 09:30:00 AM,UNABLE TO DETERMINE,UNABLE TO DETERMINE,1153,N,WESTERN AVE,1212,,,,,,,2,NO INDICATION OF INJURY,0,0,0,0,0,2,0,7,2,11,41.902832632,-87.686874589,POINT (-87.686874589129 41.902832632198)
JA500674,,11/06/2017 07:05:00 AM,30,NO CONTROLS,NO CONTROLS,CLEAR,DAYLIGHT,REAR END,ONE-WAY,,STRAIGHT AND LEVEL,DRY,NO DEFECTS,NOT ON SCENE (DESK REPORT),NO INJURY / DRIVE AWAY,,,,$500 OR LESS,11/06/2017 07:45:00 AM,FOLLOWING TOO CLOSELY,NOT APPLICABLE,8659,S,STATE ST,632,,,,,,,2,NO INDICATION OF INJURY,0,0,0,0,0,2,0,7,2,11,41.736358013,-87.624015058,POINT (-87.624015058087 41.736358013424)
JA500691,,11/06/2017 07:15:00 AM,30,TRAFFIC SIGNAL,FUNCTIONING PROPERLY,CLEAR,DAYLIGHT,TURNING,OTHER,4,STRAIGHT AND LEVEL,DRY,UNKNOWN,,NO INJURY / DRIVE AWAY,,,Y,"OVER $1,500",11/06/2017 07:56:00 AM,IMPROPER TURNING/NO SIGNAL,IMPROPER TURNING/NO SIGNAL,3,W,MARQUETTE RD,322,,,,,,,2,NO INDICATION OF INJURY,0,0,0,0,0,2,0,7,2,11,41.772609967,-87.625364162,POINT (-87.625364162174 41.772609966798)
JA500698,Y,11/06/2017 07:15:00 AM,30,TRAFFIC SIGNAL,FUNCTIONING PROPERLY,CLEAR,DAYLIGHT,ANGLE,NOT DIVIDED,4,STRAIGHT AND LEVEL,DRY,NO DEFECTS,NOT ON SCENE (DESK REPORT),NO INJURY / DRIVE AWAY,Y,,,"OVER $1,500",11/06/2017 08:05:00 AM,FAILING TO YIELD RIGHT-OF-WAY,DISREGARDING TRAFFIC SIGNALS,3201,W,BELMONT AVE,1412,,Y,,,,,2,NO INDICATION OF INJURY,0,0,0,0,0,2,0,7,2,11,41.939221049,-87.707714602,POINT (-87.707714602329 41.939221048898)
JA500699,,11/06/2017 07:15:00 AM,30,NO CONTROLS,NO CONTROLS,CLEAR,DAYLIGHT,ANGLE,DIVIDED - W/MEDIAN (NOT RAISED),2,STRAIGHT AND LEVEL,DRY,NO DEFECTS,ON SCENE,INJURY AND / OR TOW DUE TO CRASH,Y,,,"OVER $1,500",11/06/2017 07:20:00 AM,FAILING TO YIELD RIGHT-OF-WAY,UNABLE TO DETERMINE,3150,W,FOSTER AVE,1712,,,,,,,2,NO INDICATION OF INJURY,0,0,0,0,0,2,0,7,2,11,41.975860812,-87.708307108,POINT (-87.708307107771 41.975860812097)
JA500659,,11/06/2017 07:19:00 AM,30,TRAFFIC SIGNAL,FUNCTIONING PROPERLY,CLEAR,DAYLIGHT,TURNING,DIVIDED - W/MEDIAN (NOT RAISED),0,STRAIGHT AND LEVEL,DRY,NO DEFECTS,ON SCENE,INJURY AND / OR TOW DUE TO CRASH,Y,,,"OVER $1,500",11/06/2017 07:19:00 AM,FAILING TO YIELD RIGHT-OF-WAY,IMPROPER OVERTAKING/PASSING,1300,S,WABASH AVE,131,,,,,,,2,NO INDICATION OF INJURY,0,0,0,0,0,2,0,7,2,11,41.865675872,-87.625943531,POINT (-87.625943531346 41.865675872378)
JA500669,,11/06/2017 07:20:00 AM,30,STOP SIGN/FLASHER,FUNCTIONING PROPERLY,CLEAR,DAYLIGHT,ANGLE,NOT DIVIDED,3,STRAIGHT AND LEVEL,DRY,NO DEFECTS,ON SCENE,INJURY AND / OR TOW DUE TO CRASH,,,,"OVER $1,500",11/06/2017 07:30:00 AM,FAILING TO YIELD RIGHT-OF-WAY,"VISION OBSCURED (SIGNS, TREE LIMBS, BUILDINGS, ETC.)",4758,N,ALBANY AVE,1713,,,,,,,2,NO INDICATION OF INJURY,0,0,0,0,0,2,0,7,2,11,41.968381561,-87.706176466,POINT (-87.706176466314 41.968381560848)
JA500663,,11/06/2017 07:20:00 AM,30,NO CONTROLS,FUNCTIONING PROPERLY,CLEAR,DAYLIGHT,SIDESWIPE SAME DIRECTION,NOT DIVIDED,2,STRAIGHT AND LEVEL,DRY,NO DEFECTS,NOT ON SCENE (DESK REPORT),NO INJURY / DRIVE AWAY,,,,"OVER $1,500",11/06/2017 07:30:00 AM,IMPROPER OVERTAKING/PASSING,FAILING TO YIELD RIGHT-OF-WAY,5710,N,CENTRAL AVE,1622,,,,,,,2,NO INDICATION OF INJURY,0,0,0,0,0,3,0,7,2,11,41.985045072,-87.76844638,POINT (-87.768446380206 41.985045071686)
JA500665,,11/06/2017 07:25:00 AM,30,NO CONTROLS,NO CONTROLS,CLEAR,DAYLIGHT,SIDESWIPE SAME DIRECTION,DIVIDED - W/MEDIAN (NOT RAISED),2,STRAIGHT AND LEVEL,DRY,NO DEFECTS,NOT ON SCENE (DESK REPORT),NO INJURY / DRIVE AWAY,,,,"$501 - $1,500",11/06/2017 07:39:00 AM,UNABLE TO DETERMINE,UNABLE TO DETERMINE,1035,W,BALMORAL AVE,2023,,,,,,,2,NO INDICATION OF INJURY,0,0,0,0,0,3,0,7,2,11,41.979918575,-87.656440266,POINT (-87.656440266348 41.979918574626)
JA500673,,11/06/2017 07:25:00 AM,30,STOP SIGN/FLASHER,FUNCTIONING PROPERLY,CLEAR,DAYLIGHT,TURNING,NOT DIVIDED,2,STRAIGHT AND LEVEL,DRY,NO DEFECTS,ON SCENE,INJURY AND / OR TOW DUE TO CRASH,Y,,,"OVER $1,500",11/06/2017 07:26:00 AM,IMPROPER TURNING/NO SIGNAL,DRIVING SKILLS/KNOWLEDGE/EXPERIENCE,8400,S,YATES BLVD,412,,,,,,,2,NONINCAPACITATING INJURY,1,0,0,1,0,1,0,7,2,11,41.742552782,-87.566242523,POINT (-87.566242522868 41.742552781968)
JA504177,,11/06/2017 07:30:00 AM,30,NO CONTROLS,NO CONTROLS,CLEAR,DAYLIGHT,PEDESTRIAN,NOT DIVIDED,,STRAIGHT AND LEVEL,DRY,NO DEFECTS,NOT ON SCENE (DESK REPORT),NO INJURY / DRIVE AWAY,,,Y,"$501 - $1,500",11/08/2017 05:30:00 PM,NOT APPLICABLE,NOT APPLICABLE,4000,W,BELMONT AVE,1731,,,,,,,2,NO INDICATION OF INJURY,0,0,0,0,0,2,0,7,2,11,41.93920375,-87.727310134,POINT (-87.727310134144 41.939203749866)
JA501657,,11/06/2017 07:30:00 AM,30,UNKNOWN,UNKNOWN,UNKNOWN,UNKNOWN,PARKED MOTOR VEHICLE,UNKNOWN,1,STRAIGHT AND LEVEL,UNKNOWN,UNKNOWN,NOT ON SCENE (DESK REPORT),NO INJURY / DRIVE AWAY,,,,"OVER $1,500",11/06/2017 07:45:00 PM,UNABLE TO DETERMINE,NOT APPLICABLE,1300,N,HARDING AVE,2535,,,,,,,2,NO INDICATION OF INJURY,0,0,0,0,0,1,0,7,2,11,41.904507801,-87.725289063,POINT (-87.725289063092 41.90450780132)
JA500764,,11/06/2017 07:30:00 AM,30,NO CONTROLS,NO CONTROLS,CLEAR,DAYLIGHT,ANGLE,NOT DIVIDED,,STRAIGHT AND LEVEL,DRY,NO DEFECTS,NOT ON SCENE (DESK REPORT),INJURY AND / OR TOW DUE TO CRASH,,,Y,"OVER $1,500",11/06/2017 09:00:00 AM,FAILING TO YIELD RIGHT-OF-WAY,IMPROPER TURNING/NO SIGNAL,4335,W,GRAND AVE,2534,,,,,,,2,"REPORTED, NOT EVIDENT",1,0,0,0,1,2,0,7,2,11,41.909469066,-87.735100503,POINT (-87.735100503208 41.909469066314)
JA500978,,11/06/2017 07:30:00 AM,25,NO CONTROLS,NO CONTROLS,UNKNOWN,UNKNOWN,PARKED MOTOR VEHICLE,ONE-WAY,,STRAIGHT AND LEVEL,DRY,UNKNOWN,NOT ON SCENE (DESK REPORT),NO INJURY / DRIVE AWAY,,,Y,"OVER $1,500",11/06/2017 11:38:00 AM,UNABLE TO DETERMINE,UNABLE TO DETERMINE,8217,S,MARQUETTE AVE,423,,,,,,,2,NO INDICATION OF INJURY,0,0,0,0,0,1,0,7,2,11,41.745835273,-87.55870694,POINT (-87.558706940375 41.745835273334)
JA501007,Y,11/06/2017 07:30:00 AM,30,NO CONTROLS,NO CONTROLS,CLEAR,DAYLIGHT,PARKED MOTOR VEHICLE,ONE-WAY,,STRAIGHT AND LEVEL,DRY,NO DEFECTS,NOT ON SCENE (DESK REPORT),NO INJURY / DRIVE AWAY,,,Y,"OVER $1,500",11/06/2017 11:55:00 AM,UNABLE TO DETERMINE,NOT APPLICABLE,604,N,LOCKWOOD AVE,1524,,,,,,,2,NO INDICATION OF INJURY,0,0,0,0,0,1,0,7,2,11,41.891375243,-87.758066406,POINT (-87.758066406322 41.891375243194)
JA503704,,11/06/2017 07:30:00 AM,20,NO CONTROLS,NO CONTROLS,UNKNOWN,DAYLIGHT,PARKED MOTOR VEHICLE,PARKING LOT,2,STRAIGHT AND LEVEL,UNKNOWN,UNKNOWN,NOT ON SCENE (DESK REPORT),NO INJURY / DRIVE AWAY,,,Y,"OVER $1,500",11/08/2017 11:45:00 AM,UNABLE TO DETERMINE,UNABLE TO DETERMINE,7424,S,STONY ISLAND AVE,324,,,,,,,2,NO INDICATION OF INJURY,0,0,0,0,0,1,0,7,2,11,41.759784115,-87.586311998,POINT (-87.586311998284 41.759784115337)
JA501481,,11/06/2017 07:35:00 AM,30,TRAFFIC SIGNAL,FUNCTIONING PROPERLY,CLEAR,DAYLIGHT,SIDESWIPE SAME DIRECTION,ONE-WAY,1,STRAIGHT AND LEVEL,DRY,UNKNOWN,NOT ON SCENE (DESK REPORT),NO INJURY / DRIVE AWAY,Y,,,"OVER $1,500",11/06/2017 05:00:00 PM,IMPROPER OVERTAKING/PASSING,UNABLE TO DETERMINE,3600,N,PAULINA ST,1922,,,,,,,2,NO INDICATION OF INJURY,0,0,0,0,0,3,0,7,2,11,41.947048796,-87.671442841,POINT (-87.671442840841 41.947048796053)
JA500712,,11/06/2017 07:35:00 AM,35,NO CONTROLS,NO CONTROLS,CLEAR,DAYLIGHT,SIDESWIPE SAME DIRECTION,DIVIDED - W/MEDIAN (NOT RAISED),6,STRAIGHT AND LEVEL,DRY,NO DEFECTS,NOT ON SCENE (DESK REPORT),NO INJURY / DRIVE AWAY,,,,"OVER $1,500",11/06/2017 08:15:00 AM,IMPROPER OVERTAKING/PASSING,NOT APPLICABLE,2924,N,WESTERN AVE,1411,,,,,,,2,NO INDICATION OF INJURY,0,0,0,0,0,2,0,7,2,11,41.934644261,-87.688100472,POINT (-87.688100472354 41.934644260846)
JA500681,,11/06/2017 07:40:00 AM,30,NO CONTROLS,NO CONTROLS,CLEAR,DAYLIGHT,REAR END,DIVIDED - W/MEDIAN BARRIER,6,STRAIGHT AND LEVEL,DRY,NO DEFECTS,ON SCENE,INJURY AND / OR TOW DUE TO CRASH,,,,"OVER $1,500",11/06/2017 07:40:00 AM,FAILING TO REDUCE SPEED TO AVOID CRASH,FOLLOWING TOO CLOSELY,4951,S,ASHLAND AVE,933,,,,,,,2,NONINCAPACITATING INJURY,1,0,0,1,0,1,0,7,2,11,41.803446648,-87.664685988,POINT (-87.664685987505 41.803446647581)
JA500709,,11/06/2017 07:40:00 AM,30,YIELD,NO CONTROLS,CLEAR,DAYLIGHT,TURNING,NOT DIVIDED,2,STRAIGHT AND LEVEL,DRY,NO DEFECTS,ON SCENE,INJURY AND / OR TOW DUE TO CRASH,Y,,,"OVER $1,500",11/06/2017 07:42:00 AM,FAILING TO YIELD RIGHT-OF-WAY,UNABLE TO DETERMINE,4134,W,ARMITAGE AVE,2525,,,,,,,2,NONINCAPACITATING INJURY,2,0,0,1,1,0,0,7,2,11,41.91722533,-87.730443097,POINT (-87.730443096784 41.917225330333)
JA502100,,11/06/2017 07:45:00 AM,0,NO CONTROLS,NO CONTROLS,CLEAR,DAYLIGHT,SIDESWIPE SAME DIRECTION,NOT DIVIDED,,STRAIGHT AND LEVEL,DRY,NO DEFECTS,NOT ON SCENE (DESK REPORT),NO INJURY / DRIVE AWAY,,,,"OVER $1,500",11/07/2017 07:30:00 AM,FOLLOWING TOO CLOSELY,FOLLOWING TOO CLOSELY,550,E,115TH ST,531,,,,,,,2,NO INDICATION OF INJURY,0,0,0,0,0,2,0,7,2,11,41.685569077,-87.60955454,POINT (-87.609554540135 41.685569076559)
JA500794,,11/06/2017 07:45:00 AM,30,UNKNOWN,UNKNOWN,CLEAR,DAYLIGHT,SIDESWIPE SAME DIRECTION,UNKNOWN,,STRAIGHT AND LEVEL,DRY,UNKNOWN,NOT ON SCENE (DESK REPORT),NO INJURY / DRIVE AWAY,,,,"OVER $1,500",11/06/2017 08:50:00 AM,UNABLE TO DETERMINE,UNABLE TO DETERMINE,3600,N,WHIPPLE ST,1733,,,,,,,2,NO INDICATION OF INJURY,0,0,0,0,0,2,0,7,2,11,41.946738501,-87.704301659,POINT (-87.704301658753 41.946738501426)
JA500684,,11/06/2017 07:47:00 AM,35,NO CONTROLS,NO CONTROLS,CLEAR,DAYLIGHT,REAR END,DIVIDED - W/MEDIAN (NOT RAISED),,STRAIGHT AND LEVEL,DRY,NO DEFECTS,ON SCENE,NO INJURY / DRIVE AWAY,Y,,,$500 OR LESS,11/06/2017 07:47:00 AM,UNABLE TO DETERMINE,NOT APPLICABLE,3901,N,CUMBERLAND AVE,1631,,,,,,,2,NO INDICATION OF INJURY,0,0,0,0,0,2,0,7,2,11,41.950314896,-87.836481989,POINT (-87.836481988838 41.950314896495)
JA500704,,11/06/2017 07:50:00 AM,30,TRAFFIC SIGNAL,FUNCTIONING PROPERLY,CLEAR,DAYLIGHT,REAR END,NOT DIVIDED,,STRAIGHT AND LEVEL,DRY,NO DEFECTS,ON SCENE,NO INJURY / DRIVE AWAY,Y,,Y,$500 OR LESS,11/06/2017 07:52:00 AM,UNABLE TO DETERMINE,UNABLE TO DETERMINE,5157,W,DIVERSEY AVE,2521,,,,,,,2,NO INDICATION OF INJURY,0,0,0,0,0,8,0,7,2,11,41.931292546,-87.756218162,POINT (-87.756218161588 41.931292546318)
JA500702,,11/06/2017 07:55:00 AM,30,NO CONTROLS,NO CONTROLS,CLEAR,DAYLIGHT,REAR END,NOT DIVIDED,2,"CURVE, LEVEL",DRY,NO DEFECTS,ON SCENE,INJURY AND / OR TOW DUE TO CRASH,Y,,Y,"$501 - $1,500",11/06/2017 08:00:00 AM,FOLLOWING TOO CLOSELY,UNABLE TO DETERMINE,6700,W,DEVON AVE,1611,,,,,,,4,INCAPACITATING INJURY,1,0,1,0,0,3,0,7,2,11,41.997380938,-87.795697372,POINT (-87.795697372243 41.997380938367)
JA504197,,11/06/2017 07:55:00 AM,30,TRAFFIC SIGNAL,FUNCTIONING PROPERLY,CLEAR,DAYLIGHT,SIDESWIPE SAME DIRECTION,DIVIDED - W/MEDIAN (NOT RAISED),4,STRAIGHT AND LEVEL,DRY,UNKNOWN,NOT ON SCENE (DESK REPORT),NO INJURY / DRIVE AWAY,,,,"OVER $1,500",11/08/2017 05:30:00 PM,IMPROPER OVERTAKING/PASSING,UNABLE TO DETERMINE,3358,W,ADDISON ST,1733,,,,,,,2,NO INDICATION OF INJURY,0,0,0,0,0,2,0,7,2,11,41.946677671,-87.712656239,POINT (-87.712656238768 41.946677671109)
JA501556,Y,11/06/2017 08:00:00 AM,30,NO CONTROLS,NO CONTROLS,UNKNOWN,UNKNOWN,PARKED MOTOR VEHICLE,NOT DIVIDED,2,STRAIGHT AND LEVEL,UNKNOWN,UNKNOWN,NOT ON SCENE (DESK REPORT),NO INJURY / DRIVE AWAY,,,Y,"$501 - $1,500",11/06/2017 05:53:00 PM,UNABLE TO DETERMINE,UNABLE TO DETERMINE,1360,W,GREENLEAF AVE,2423,,,,,,,2,NO INDICATION OF INJURY,0,0,0,0,0,1,0,8,2,11,42.010471627,-87.664798494,POINT (-87.664798493527 42.010471627181)
JA505011,Y,11/06/2017 08:00:00 AM,35,NO CONTROLS,NO CONTROLS,UNKNOWN,UNKNOWN,PARKED MOTOR VEHICLE,ONE-WAY,1,STRAIGHT AND LEVEL,UNKNOWN,NO DEFECTS,NOT ON SCENE (DESK REPORT),NO INJURY / DRIVE AWAY,,,Y,"$501 - $1,500",11/09/2017 12:00:00 PM,UNABLE TO DETERMINE,UNABLE TO DETERMINE,368,E,70TH PL,322,,,,,,,2,NO INDICATION OF INJURY,0,0,0,0,0,1,0,8,2,11,41.766700612,-87.615823955,POINT (-87.615823955226 41.766700612202)