RD_NO,CRASH_DATE_EST_I,CRASH_DATE,POSTED_SPEED_LIMIT,TRAFFIC_CONTROL_DEVICE,DEVICE_CONDITION,WEATHER_CONDITION,LIGHTING_CONDITION,FIRST_CRASH_TYPE,TRAFFICWAY_TYPE,LANE_CNT,ALIGNMENT,ROADWAY_SURFACE_COND,ROAD_DEFECT,REPORT_TYPE,CRASH_TYPE,INTERSECTION_RELATED_I,NOT_RIGHT_OF_WAY_I,HIT_AND_RUN_I,DAMAGE,DATE_POLICE_NOTIFIED,PRIM_CONTRIBUTORY_CAUSE,SEC_CONTRIBUTORY_CAUSE,STREET_NO,STREET_DIRECTION,STREET_NAME,BEAT_OF_OCCURRENCE,PHOTOS_TAKEN_I,STATEMENTS_TAKEN_I,DOORING_I,WORK_ZONE_I,WORK_ZONE_TYPE,WORKERS_PRESENT_I,NUM_UNITS,MOST_SEVERE_INJURY,INJURIES_TOTAL,INJURIES_FATAL,INJURIES_INCAPACITATING,INJURIES_NON_INCAPACITATING,INJURIES_REPORTED_NOT_EVIDENT,INJURIES_NO_INDICATION,INJURIES_UNKNOWN,CRASH_HOUR,CRASH_DAY_OF_WEEK,CRASH_MONTH,LATITUDE,LONGITUDE,LOCATION
JA500826,,11/06/2017 08:00:00 AM,30,NO CONTROLS,NO CONTROLS,CLEAR,DAYLIGHT,PARKED MOTOR VEHICLE,NOT DIVIDED,,STRAIGHT AND LEVEL,DRY,UNKNOWN,NOT ON SCENE (DESK REPORT),NO INJURY / DRIVE AWAY,,,Y,"$501 - $1,500",11/06/2017 09:35:00 AM,UNABLE TO DETERMINE,UNABLE TO DETERMINE,9549,S,STATE ST,511,,,,,,,2,NO INDICATION OF INJURY,0,0,0,0,0,1,0,8,2,11,41.720208225,-87.623552336,POINT (-87.623552335892 41.720208225016)
JA502669,,11/06/2017 08:00:00 AM,30,NO CONTROLS,NO CONTROLS,CLEAR,DAYLIGHT,SIDESWIPE SAME DIRECTION,ONE-WAY,,STRAIGHT AND LEVEL,DRY,NO DEFECTS,NOT ON SCENE (DESK REPORT),NO INJURY / DRIVE AWAY,,,,"$501 - $1,500",11/07/2017 03:25:00 PM,UNABLE TO DETERMINE,NOT APPLICABLE,5199,W,FLOURNOY ST,1533,,,,,,,2,NO INDICATION OF INJURY,0,0,0,0,0,3,0,8,2,11,41.871848953,-87.754687304,POINT (-87.754687304491 41.871848953125)
JA500751,,11/06/2017 08:00:00 AM,25,NO CONTROLS,NO CONTROLS,CLEAR,DAYLIGHT,PARKED MOTOR VEHICLE,NOT DIVIDED,,STRAIGHT AND LEVEL,DRY,NO DEFECTS,NOT ON SCENE (DESK REPORT),NO INJURY / DRIVE AWAY,,,Y,"$501 - $1,500",11/06/2017 08:45:00 AM,UNABLE TO DETERMINE,UNABLE TO DETERMINE,1144,N,HOWE ST,1822,,,,,,,2,NO INDICATION OF INJURY,0,0,0,0,0,1,0,8,2,11,41.902677689,-87.644591711,POINT (-87.644591711259 41.902677688878)
JA501454,,11/06/2017 08:00:00 AM,30,TRAFFIC SIGNAL,FUNCTIONING PROPERLY,CLEAR,DAYLIGHT,SIDESWIPE SAME DIRECTION,DIVIDED - W/MEDIAN BARRIER,1,STRAIGHT AND LEVEL,DRY,NO DEFECTS,NOT ON SCENE (DESK REPORT),NO INJURY / DRIVE AWAY,Y,,,"OVER $1,500",11/06/2017 04:50:00 PM,DRIVING SKILLS/KNOWLEDGE/EXPERIENCE,UNABLE TO DETERMINE,1201,S,STATE ST,131,,,,,,,2,NO INDICATION OF INJURY,0,0,0,0,0,2,0,8,2,11,41.867329538,-87.627272324,POINT (-87.627272324042 41.867329538146)
JA500800,,11/06/2017 08:05:00 AM,30,TRAFFIC SIGNAL,FUNCTIONING PROPERLY,CLEAR,DAYLIGHT,SIDESWIPE SAME DIRECTION,NOT DIVIDED,10,STRAIGHT AND LEVEL,DRY,NO DEFECTS,NOT ON SCENE (DESK REPORT),NO INJURY / DRIVE AWAY,Y,,,"OVER $1,500",11/06/2017 09:10:00 AM,IMPROPER OVERTAKING/PASSING,IMPROPER OVERTAKING/PASSING,301,E,LOWER WACKER DR,114,,,,,,,2,NO INDICATION OF INJURY,0,0,0,0,0,2,0,8,2,11,41.887672221,-87.62057394,POINT (-87.620573939863 41.887672220686)
JA500762,,11/06/2017 08:05:00 AM,30,NO CONTROLS,NO CONTROLS,CLEAR,DAYLIGHT,TURNING,DIVIDED - W/MEDIAN (NOT RAISED),,STRAIGHT AND LEVEL,DRY,NO DEFECTS,NOT ON SCENE (DESK REPORT),NO INJURY / DRIVE AWAY,Y,,,"OVER $1,500",11/06/2017 08:57:00 AM,FAILING TO YIELD RIGHT-OF-WAY,NOT APPLICABLE,4840,N,WESTERN AVE,2031,,,,,,,2,NO INDICATION OF INJURY,0,0,0,0,0,2,0,8,2,11,41.969863718,-87.6890931,POINT (-87.689093099874 41.969863718138)
JA500728,,11/06/2017 08:10:00 AM,30,NO CONTROLS,NO CONTROLS,CLEAR,DAYLIGHT,PARKED MOTOR VEHICLE,NOT DIVIDED,1,STRAIGHT AND LEVEL,DRY,"RUT, HOLES",ON SCENE,INJURY AND / OR TOW DUE TO CRASH,,,,"OVER $1,500",11/06/2017 08:16:00 AM,ROAD CONSTRUCTION/MAINTENANCE,UNABLE TO DETERMINE,3910,W,62ND PL,823,,,,,,,2,NO INDICATION OF INJURY,0,0,0,0,0,1,0,8,2,11,41.779709508,-87.720759541,POINT (-87.720759540992 41.779709508189)
JA500824,,11/06/2017 08:10:00 AM,30,TRAFFIC SIGNAL,FUNCTIONING PROPERLY,CLEAR,DAYLIGHT,REAR END,DIVIDED - W/MEDIAN (NOT RAISED),4,STRAIGHT AND LEVEL,DRY,UNKNOWN,NOT ON SCENE (DESK REPORT),NO INJURY / DRIVE AWAY,,,,"OVER $1,500",11/06/2017 09:45:00 AM,FOLLOWING TOO CLOSELY,NOT APPLICABLE,3230,W,79TH ST,835,,,,,,,2,NO INDICATION OF INJURY,0,0,0,0,0,2,0,8,2,11,41.749946754,-87.703681871,POINT (-87.70368187148 41.749946754208)
JA500729,Y,11/06/2017 08:15:00 AM,35,TRAFFIC SIGNAL,FUNCTIONING PROPERLY,CLEAR,DAYLIGHT,PEDESTRIAN,NOT DIVIDED,3,STRAIGHT AND LEVEL,DRY,NO DEFECTS,ON SCENE,INJURY AND / OR TOW DUE TO CRASH,Y,,,$500 OR LESS,11/06/2017 08:20:00 AM,NOT APPLICABLE,NOT APPLICABLE,5600,W,ROSCOE ST,1633,,,,,,,2,NONINCAPACITATING INJURY,1,0,0,1,0,1,0,8,2,11,41.942336072,-87.766752538,POINT (-87.76675253821 41.942336072443)
JA500791,,11/06/2017 08:15:00 AM,0,NO CONTROLS,NO CONTROLS,CLEAR,DARKNESS,PARKED MOTOR VEHICLE,OTHER,,STRAIGHT AND LEVEL,DRY,NO DEFECTS,NOT ON SCENE (DESK REPORT),NO INJURY / DRIVE AWAY,,,,"$501 - $1,500",11/06/2017 08:30:00 AM,DRIVING SKILLS/KNOWLEDGE/EXPERIENCE,DRIVING SKILLS/KNOWLEDGE/EXPERIENCE,42,E,104TH ST,512,,,,,,,2,NO INDICATION OF INJURY,0,0,0,0,0,1,0,8,2,11,41.705475887,-87.621813629,POINT (-87.621813628657 41.705475887062)
JA500748,,11/06/2017 08:15:00 AM,30,NO CONTROLS,NO CONTROLS,CLEAR,DAYLIGHT,SIDESWIPE SAME DIRECTION,ONE-WAY,2,STRAIGHT AND LEVEL,DRY,NO DEFECTS,ON SCENE,INJURY AND / OR TOW DUE TO CRASH,,,,"OVER $1,500",11/06/2017 08:28:00 AM,UNABLE TO DETERMINE,FAILING TO REDUCE SPEED TO AVOID CRASH,31,W,ERIE ST,1832,,,,,,,2,NO INDICATION OF INJURY,0,0,0,0,0,2,0,8,2,11,41.893944885,-87.629467981,POINT (-87.629467981135 41.893944884713)
JA500747,,11/06/2017 08:15:00 AM,30,NO CONTROLS,NO CONTROLS,CLEAR,DAYLIGHT,PARKED MOTOR VEHICLE,PARKING LOT,1,STRAIGHT AND LEVEL,DRY,NO DEFECTS,NOT ON SCENE (DESK REPORT),NO INJURY / DRIVE AWAY,,Y,,$500 OR LESS,11/06/2017 08:45:00 AM,IMPROPER BACKING,UNABLE TO DETERMINE,7201,N,CALIFORNIA AVE,2411,,,,,,,2,NO INDICATION OF INJURY,0,0,0,0,0,1,0,8,2,11,42.012111769,-87.699570819,POINT (-87.699570818701 42.012111769434)
JA500739,,11/06/2017 08:22:00 AM,35,TRAFFIC SIGNAL,FUNCTIONING PROPERLY,CLEAR,DAYLIGHT,PARKED MOTOR VEHICLE,NOT DIVIDED,2,STRAIGHT AND LEVEL,DRY,NO DEFECTS,ON SCENE,NO INJURY / DRIVE AWAY,,,Y,"OVER $1,500",11/06/2017 08:24:00 AM,IMPROPER TURNING/NO SIGNAL,NOT APPLICABLE,304,S,HALSTED ST,1232,,,,,,,2,NO INDICATION OF INJURY,0,0,0,0,0,1,0,8,2,11,41.877787595,-87.647386957,POINT (-87.647386957187 41.877787595172)
JA500759,,11/06/2017 08:25:00 AM,30,NO CONTROLS,NO CONTROLS,CLEAR,DAYLIGHT,SIDESWIPE SAME DIRECTION,DIVIDED - W/MEDIAN (NOT RAISED),4,STRAIGHT AND LEVEL,DRY,NO DEFECTS,ON SCENE,NO INJURY / DRIVE AWAY,Y,,,$500 OR LESS,11/06/2017 08:35:00 AM,DISTRACTION - FROM INSIDE VEHICLE,FAILING TO REDUCE SPEED TO AVOID CRASH,1701,S,ASHLAND AVE,1233,,,,,,,2,NO INDICATION OF INJURY,0,0,0,0,0,2,0,8,2,11,41.858658665,-87.66603026,POINT (-87.666030260021 41.858658665264)
JA500799,,11/06/2017 08:30:00 AM,30,TRAFFIC SIGNAL,FUNCTIONING PROPERLY,CLEAR,DAYLIGHT,REAR END,NOT DIVIDED,2,STRAIGHT AND LEVEL,DRY,NO DEFECTS,NOT ON SCENE (DESK REPORT),NO INJURY / DRIVE AWAY,,,,"OVER $1,500",11/06/2017 09:27:00 AM,IMPROPER BACKING,UNABLE TO DETERMINE,3999,W,43RD ST,821,,,,,,,2,NO INDICATION OF INJURY,0,0,0,0,0,2,0,8,2,11,41.815087074,-87.723734926,POINT (-87.723734925847 41.815087073999)
JA511442,,11/06/2017 08:30:00 AM,30,NO CONTROLS,NO CONTROLS,CLEAR,DAYLIGHT,PARKED MOTOR VEHICLE,DIVIDED - W/MEDIAN (NOT RAISED),,STRAIGHT AND LEVEL,DRY,NO DEFECTS,NOT ON SCENE (DESK REPORT),NO INJURY / DRIVE AWAY,,,,"OVER $1,500",11/14/2017 01:00:00 PM,UNABLE TO DETERMINE,NOT APPLICABLE,3709,W,DIVISION ST,1112,,,,,,,2,NO INDICATION OF INJURY,0,0,0,0,0,1,0,8,2,11,41.90262108,-87.719420952,POINT (-87.719420951677 41.902621080148)
JA500775,,11/06/2017 08:30:00 AM,30,NO CONTROLS,NO CONTROLS,CLEAR,DAYLIGHT,SIDESWIPE SAME DIRECTION,NOT DIVIDED,2,STRAIGHT AND LEVEL,DRY,NO DEFECTS,ON SCENE,NO INJURY / DRIVE AWAY,,,Y,$500 OR LESS,11/06/2017 08:40:00 AM,IMPROPER OVERTAKING/PASSING,FAILING TO YIELD RIGHT-OF-WAY,7545,W,HIGGINS AVE,1613,,,,,,,2,NO INDICATION OF INJURY,0,0,0,0,0,2,0,8,2,11,41.982349746,-87.816104815,POINT (-87.816104814801 41.982349746398)
JA503437,,11/06/2017 08:30:00 AM,30,NO CONTROLS,NO CONTROLS,CLEAR,DAYLIGHT,SIDESWIPE SAME DIRECTION,DIVIDED - W/MEDIAN (NOT RAISED),,STRAIGHT AND LEVEL,DRY,NO DEFECTS,NOT ON SCENE (DESK REPORT),NO INJURY / DRIVE AWAY,,,,"$501 - $1,500",11/08/2017 08:10:00 AM,UNABLE TO DETERMINE,UNABLE TO DETERMINE,1115,W,FULTON MARKET,1214,,,,,,,2,NO INDICATION OF INJURY,0,0,0,0,0,2,0,8,2,11,41.886571309,-87.65517447,POINT (-87.655174470251 41.88657130933)
JA500789,,11/06/2017 08:30:00 AM,30,TRAFFIC SIGNAL,FUNCTIONING PROPERLY,CLEAR,DAYLIGHT,SIDESWIPE SAME DIRECTION,NOT DIVIDED,2,STRAIGHT AND LEVEL,DRY,NO DEFECTS,NOT ON SCENE (DESK REPORT),NO INJURY / DRIVE AWAY,,,,"OVER $1,500",11/06/2017 09:00:00 AM,FAILING TO YIELD RIGHT-OF-WAY,NOT APPLICABLE,98,N,RACINE AVE,1224,,,,,,,2,NO INDICATION OF INJURY,0,0,0,0,0,2,0,8,2,11,41.882956825,-87.6568511,POINT (-87.656851099749 41.882956824735)
JA501283,,11/06/2017 08:30:00 AM,30,TRAFFIC SIGNAL,FUNCTIONING PROPERLY,CLEAR,DAYLIGHT,SIDESWIPE SAME DIRECTION,NOT DIVIDED,4,STRAIGHT AND LEVEL,DRY,UNKNOWN,NOT ON SCENE (DESK REPORT),NO INJURY / DRIVE AWAY,,,,"OVER $1,500",11/06/2017 03:52:00 PM,IMPROPER LANE USAGE,NOT APPLICABLE,400,N,CENTRAL AVE,1512,,,,,,,2,NO INDICATION OF INJURY,0,0,0,0,0,2,0,8,2,11,41.887804621,-87.765268498,POINT (-87.765268498104 41.887804620535)
JA500805,,11/06/2017 08:30:00 AM,30,STOP SIGN/FLASHER,FUNCTIONING PROPERLY,CLEAR,DAYLIGHT,ANGLE,DIVIDED - W/MEDIAN (NOT RAISED),4,STRAIGHT AND LEVEL,DRY,NO DEFECTS,ON SCENE,NO INJURY / DRIVE AWAY,Y,Y,,"OVER $1,500",11/06/2017 09:19:00 AM,FAILING TO YIELD RIGHT-OF-WAY,FAILING TO REDUCE SPEED TO AVOID CRASH,3127,W,ADDISON ST,1733,,,,,,,2,NO INDICATION OF INJURY,0,0,0,0,0,2,0,8,2,11,41.946530503,-87.706533439,POINT (-87.706533439369 41.946530502583)
JA500736,,11/06/2017 08:30:00 AM,30,STOP SIGN/FLASHER,FUNCTIONING PROPERLY,CLEAR,DAYLIGHT,TURNING,DIVIDED - W/MEDIAN (NOT RAISED),2,STRAIGHT AND LEVEL,DRY,NO DEFECTS,NOT ON SCENE (DESK REPORT),NO INJURY / DRIVE AWAY,,,,"$501 - $1,500",11/06/2017 08:40:00 AM,UNABLE TO DETERMINE,UNABLE TO DETERMINE,1065,W,MADISON ST,1232,,,,,,,2,NO INDICATION OF INJURY,0,0,0,0,0,2,0,8,2,11,41.881553771,-87.654681211,POINT (-87.654681211163 41.881553771009)
JA500752,,11/06/2017 08:36:00 AM,30,TRAFFIC SIGNAL,FUNCTIONING PROPERLY,CLEAR,DAYLIGHT,REAR END,NOT DIVIDED,,STRAIGHT AND LEVEL,DRY,NO DEFECTS,ON SCENE,INJURY AND / OR TOW DUE TO CRASH,,,,"$501 - $1,500",11/06/2017 08:40:00 AM,FOLLOWING TOO CLOSELY,NOT APPLICABLE,2320,W,ROOSEVELT RD,1225,,Y,,,,,3,NONINCAPACITATING INJURY,1,0,0,1,0,2,0,8,2,11,41.86674477,-87.684474652,POINT (-87.684474652006 41.866744770102)
JA501153,,11/06/2017 08:40:00 AM,30,NO CONTROLS,NO CONTROLS,CLEAR,DAYLIGHT,REAR END,ONE-WAY,4,STRAIGHT AND LEVEL,DRY,NO DEFECTS,NOT ON SCENE (DESK REPORT),NO INJURY / DRIVE AWAY,,,,"$501 - $1,500",11/06/2017 01:15:00 PM,FOLLOWING TOO CLOSELY,NOT APPLICABLE,362,W,GRAND AVE,1831,,,,,,,2,NO INDICATION OF INJURY,0,0,0,0,0,3,0,8,2,11,41.891641837,-87.637987643,POINT (-87.637987643131 41.891641837429)
JA500758,,11/06/2017 08:40:00 AM,30,TRAFFIC SIGNAL,FUNCTIONING PROPERLY,CLEAR,DAYLIGHT,PEDESTRIAN,NOT DIVIDED,2,STRAIGHT AND LEVEL,DRY,NO DEFECTS,ON SCENE,INJURY AND / OR TOW DUE TO CRASH,Y,,,$500 OR LESS,11/06/2017 08:44:00 AM,FAILING TO YIELD RIGHT-OF-WAY,NOT APPLICABLE,2159,W,DIVISION ST,1212,,,,,,,2,NONINCAPACITATING INJURY,1,0,0,1,0,1,0,8,2,11,41.902998631,-87.682015137,POINT (-87.682015136733 41.902998630727)
JA500750,,11/06/2017 08:40:00 AM,30,TRAFFIC SIGNAL,FUNCTIONING PROPERLY,CLEAR,DAYLIGHT,REAR END,NOT DIVIDED,4,STRAIGHT AND LEVEL,DRY,NO DEFECTS,NOT ON SCENE (DESK REPORT),NO INJURY / DRIVE AWAY,,,,"$501 - $1,500",11/06/2017 08:55:00 AM,UNABLE TO DETERMINE,UNABLE TO DETERMINE,6797,N,SHERIDAN RD,2432,,,,,,,2,NO INDICATION OF INJURY,0,0,0,0,0,3,0,8,2,11,42.005509777,-87.660765256,POINT (-87.660765255642 42.005509777256)
JA500778,,11/06/2017 08:40:00 AM,35,STOP SIGN/FLASHER,NO CONTROLS,CLEAR,DAYLIGHT,ANGLE,OTHER,,STRAIGHT AND LEVEL,DRY,NO DEFECTS,NOT ON SCENE (DESK REPORT),NO INJURY / DRIVE AWAY,Y,,,$500 OR LESS,11/06/2017 09:08:00 AM,FAILING TO YIELD RIGHT-OF-WAY,NOT APPLICABLE,5900,W,WELLINGTON AVE,2514,,,,,,,2,NO INDICATION OF INJURY,0,0,0,0,0,3,0,8,2,11,41.934937003,-87.773724167,POINT (-87.773724167339 41.934937003423)
JA500792,,11/06/2017 08:45:00 AM,20,NO CONTROLS,NO CONTROLS,CLEAR,DAYLIGHT,FIXED OBJECT,NOT DIVIDED,2,STRAIGHT AND LEVEL,DRY,NO DEFECTS,ON SCENE,NO INJURY / DRIVE AWAY,,,,"OVER $1,500",11/06/2017 08:53:00 AM,UNABLE TO DETERMINE,NOT APPLICABLE,3800,N,DAMEN AVE,1921,,,,,,,2,NO INDICATION OF INJURY,0,0,0,0,0,2,0,8,2,11,41.950552667,-87.678802553,POINT (-87.678802552946 41.950552667495)
JA500997,,11/06/2017 08:45:00 AM,30,NO CONTROLS,NO CONTROLS,CLEAR,DAYLIGHT,SIDESWIPE SAME DIRECTION,DIVIDED - W/MEDIAN (NOT RAISED),4,STRAIGHT AND LEVEL,DRY,NO DEFECTS,NOT ON SCENE (DESK REPORT),NO INJURY / DRIVE AWAY,,,,"OVER $1,500",11/06/2017 11:45:00 AM,IMPROPER LANE USAGE,UNABLE TO DETERMINE,5631,S,WESTERN AVE,824,,,,,,,2,NO INDICATION OF INJURY,0,0,0,0,0,5,0,8,2,11,41.791331274,-87.683824189,POINT (-87.683824189406 41.791331274351)
JA500745,,11/06/2017 08:47:00 AM,30,NO CONTROLS,NO CONTROLS,CLEAR,DAYLIGHT,REAR END,DIVIDED - W/MEDIAN BARRIER,3,STRAIGHT AND LEVEL,DRY,NO DEFECTS,ON SCENE,NO INJURY / DRIVE AWAY,,,,$500 OR LESS,11/06/2017 08:57:00 AM,FOLLOWING TOO CLOSELY,NOT APPLICABLE,3208,W,79TH ST,835,,,,,,,2,NO INDICATION OF INJURY,0,0,0,0,0,3,0,8,2,11,41.749951717,-87.702793172,POINT (-87.702793172006 41.749951717008)
JA500763,,11/06/2017 08:49:00 AM,30,TRAFFIC SIGNAL,FUNCTIONING PROPERLY,CLEAR,DAYLIGHT,PARKED MOTOR VEHICLE,ONE-WAY,4,STRAIGHT AND LEVEL,DRY,NO DEFECTS,ON SCENE,INJURY AND / OR TOW DUE TO CRASH,Y,,,"OVER $1,500",11/06/2017 08:49:00 AM,PHYSICAL CONDITION OF DRIVER,FAILING TO REDUCE SPEED TO AVOID CRASH,1,S,CLARK ST,112,,,,Y,CONSTRUCTION,Y,3,INCAPACITATING INJURY,1,0,1,0,0,0,0,8,2,11,41.881917746,-87.630732825,POINT (-87.630732825324 41.881917745999)
JA500830,,11/06/2017 08:55:00 AM,30,NO CONTROLS,NO CONTROLS,CLEAR,DAYLIGHT,SIDESWIPE SAME DIRECTION,OTHER,,STRAIGHT AND LEVEL,DRY,NO DEFECTS,NOT ON SCENE (DESK REPORT),NO INJURY / DRIVE AWAY,,,,"OVER $1,500",11/06/2017 09:45:00 AM,DRIVING SKILLS/KNOWLEDGE/EXPERIENCE,UNABLE TO DETERMINE,651,S,WABASH AVE,123,,,,,,,2,NO INDICATION OF INJURY,0,0,0,0,0,2,0,8,2,11,41.873350744,-87.625823952,POINT (-87.625823951912 41.873350744417)
JA501168,,11/06/2017 09:00:00 AM,30,STOP SIGN/FLASHER,FUNCTIONING PROPERLY,CLEAR,DAYLIGHT,REAR END,NOT DIVIDED,2,STRAIGHT AND LEVEL,DRY,NO DEFECTS,NOT ON SCENE (DESK REPORT),NO INJURY / DRIVE AWAY,Y,,,"$501 - $1,500",11/06/2017 01:40:00 PM,DISTRACTION - FROM OUTSIDE VEHICLE,UNABLE TO DETERMINE,1056,W,LAWRENCE AVE,2024,,,,,,,2,NO INDICATION OF INJURY,0,0,0,0,0,2,0,9,2,11,41.969168997,-87.657082773,POINT (-87.657082772516 41.969168997318)
JA500944,,11/06/2017 09:00:00 AM,30,NO CONTROLS,NO CONTROLS,CLEAR,DAYLIGHT,PARKED MOTOR VEHICLE,ONE-WAY,,STRAIGHT AND LEVEL,DRY,NO DEFECTS,NOT ON SCENE (DESK REPORT),NO INJURY / DRIVE AWAY,,,Y,"$501 - $1,500",11/06/2017 11:10:00 AM,UNABLE TO DETERMINE,UNABLE TO DETERMINE,6450,N,ROCKWELL ST,2412,,,,,,,2,NO INDICATION OF INJURY,0,0,0,0,0,1,0,9,2,11,41.999146215,-87.694951646,POINT (-87.69495164579 41.999146214716)
JA500808,,11/06/2017 09:00:00 AM,30,NO CONTROLS,NO CONTROLS,CLEAR,DAYLIGHT,ANGLE,NOT DIVIDED,2,STRAIGHT AND LEVEL,DRY,OTHER,NOT ON SCENE (DESK REPORT),NO INJURY / DRIVE AWAY,,,,"OVER $1,500",11/06/2017 09:35:00 AM,FAILING TO YIELD RIGHT-OF-WAY,NOT APPLICABLE,120,E,BELLEVUE PL,1824,,,,,,,2,NO INDICATION OF INJURY,0,0,0,0,0,2,0,9,2,11,41.901720489,-87.624868156,POINT (-87.624868156269 41.901720489078)
JA500797,,11/06/2017 09:00:00 AM,30,NO CONTROLS,NO CONTROLS,CLEAR,DAYLIGHT,TURNING,NOT DIVIDED,2,STRAIGHT AND LEVEL,DRY,NO DEFECTS,NOT ON SCENE (DESK REPORT),NO INJURY / DRIVE AWAY,,,,"OVER $1,500",11/06/2017 09:30:00 AM,FAILING TO YIELD RIGHT-OF-WAY,FAILING TO YIELD RIGHT-OF-WAY,701,W,LAKE ST,1224,,,,,,,2,NO INDICATION OF INJURY,0,0,0,0,0,2,0,9,2,11,41.885577433,-87.645696514,POINT (-87.645696513965 41.885577432683)
JA500818,,11/06/2017 09:10:00 AM,30,NO CONTROLS,NO CONTROLS,CLEAR,DAYLIGHT,PARKED MOTOR VEHICLE,NOT DIVIDED,2,STRAIGHT AND LEVEL,DRY,NO DEFECTS,ON SCENE,NO INJURY / DRIVE AWAY,,,,"OVER $1,500",11/06/2017 09:15:00 AM,FAILING TO REDUCE SPEED TO AVOID CRASH,DRIVING SKILLS/KNOWLEDGE/EXPERIENCE,1631,W,HOWARD ST,2422,,,,,,,2,NO INDICATION OF INJURY,0,0,0,0,0,2,0,9,2,11,42.019272593,-87.672460658,POINT (-87.672460658442 42.019272593257)
JA500802,,11/06/2017 09:14:00 AM,30,TRAFFIC SIGNAL,FUNCTIONING PROPERLY,CLEAR,DAYLIGHT,PEDESTRIAN,DIVIDED - W/MEDIAN (NOT RAISED),5,STRAIGHT AND LEVEL,DRY,NO DEFECTS,ON SCENE,INJURY AND / OR TOW DUE TO CRASH,Y,,,"$501 - $1,500",11/06/2017 09:15:00 AM,UNABLE TO DETERMINE,UNABLE TO DETERMINE,11497,S,PULASKI RD,2211,,,,,,,2,NONINCAPACITATING INJURY,1,0,0,1,0,1,0,9,2,11,41.684061079,-87.719921397,POINT (-87.719921397417 41.684061079336)
JA560987,,11/06/2017 09:20:00 AM,35,NO CONTROLS,NO CONTROLS,CLEAR,DAYLIGHT,REAR END,NOT DIVIDED,,STRAIGHT AND LEVEL,DRY,NO DEFECTS,NOT ON SCENE (DESK REPORT),NO INJURY / DRIVE AWAY,,,,"$501 - $1,500",11/06/2017 11:44:00 AM,UNABLE TO DETERMINE,UNABLE TO DETERMINE,3358,W,IRVING PARK RD,1724,,,,,,,2,NO INDICATION OF INJURY,0,0,0,0,0,2,0,9,2,11,41.953967445,-87.712846613,POINT (-87.712846612704 41.953967444654)
JA500919,,11/06/2017 09:20:00 AM,30,STOP SIGN/FLASHER,FUNCTIONING PROPERLY,CLEAR,DAYLIGHT,TURNING,DIVIDED - W/MEDIAN (NOT RAISED),2,STRAIGHT AND LEVEL,DRY,NO DEFECTS,NOT ON SCENE (DESK REPORT),NO INJURY / DRIVE AWAY,Y,,,"$501 - $1,500",11/06/2017 10:50:00 AM,DISREGARDING STOP SIGN,NOT APPLICABLE,3001,W,PERSHING RD,921,,,,,,,2,NO INDICATION OF INJURY,0,0,0,0,0,2,0,9,2,11,41.822576992,-87.699656491,POINT (-87.69965649132 41.822576992403)
JA500844,,11/06/2017 09:20:00 AM,30,NO CONTROLS,NO CONTROLS,CLOUDY/OVERCAST,DAYLIGHT,REAR END,DIVIDED - W/MEDIAN (NOT RAISED),4,STRAIGHT AND LEVEL,DRY,NO DEFECTS,NOT ON SCENE (DESK REPORT),INJURY AND / OR TOW DUE TO CRASH,,,,"OVER $1,500",11/06/2017 09:50:00 AM,FOLLOWING TOO CLOSELY,UNABLE TO DETERMINE,6716,W,NORTH AVE,2513,,,,,,,2,"REPORTED, NOT EVIDENT",1,0,0,0,1,1,0,9,2,11,41.909157763,-87.793184034,POINT (-87.793184034187 41.909157763227)
JA500817,,11/06/2017 09:20:00 AM,30,TRAFFIC SIGNAL,FUNCTIONING PROPERLY,CLEAR,DAYLIGHT,TURNING,DIVIDED - W/MEDIAN (NOT RAISED),,STRAIGHT AND LEVEL,DRY,NO DEFECTS,NOT ON SCENE (DESK REPORT),NO INJURY / DRIVE AWAY,,,,"$501 - $1,500",11/06/2017 09:34:00 AM,IMPROPER OVERTAKING/PASSING,UNABLE TO DETERMINE,10300,S,STATE ST,512,,,,,,,2,NO INDICATION OF INJURY,0,0,0,0,0,2,0,9,2,11,41.707116579,-87.62366762,POINT (-87.6236676203 41.707116579239)
JA505673,,11/06/2017 09:20:00 AM,30,TRAFFIC SIGNAL,FUNCTIONING PROPERLY,CLEAR,DAYLIGHT,REAR END,DIVIDED - W/MEDIAN (NOT RAISED),,STRAIGHT AND LEVEL,DRY,NO DEFECTS,NOT ON SCENE (DESK REPORT),NO INJURY / DRIVE AWAY,,,,"OVER $1,500",11/09/2017 08:00:00 PM,FOLLOWING TOO CLOSELY,NOT APPLICABLE,3643,W,IRVING PARK RD,1732,,,,,,,2,NO INDICATION OF INJURY,0,0,0,0,0,3,0,9,2,11,41.953629563,-87.719554386,POINT (-87.719554385786 41.953629563035)
JA500889,,11/06/2017 09:28:00 AM,30,TRAFFIC SIGNAL,FUNCTIONING PROPERLY,CLEAR,DAYLIGHT,TURNING,NOT DIVIDED,4,STRAIGHT AND LEVEL,DRY,NO DEFECTS,ON SCENE,NO INJURY / DRIVE AWAY,Y,,,"OVER $1,500",11/06/2017 09:28:00 AM,IMPROPER TURNING/NO SIGNAL,UNABLE TO DETERMINE,100,N,HALSTED ST,1224,,,,,,,2,NO INDICATION OF INJURY,0,0,0,0,0,2,0,9,2,11,41.883165736,-87.647551653,POINT (-87.647551652718 41.883165735675)