RD_NO,CRASH_DATE_EST_I,CRASH_DATE,POSTED_SPEED_LIMIT,TRAFFIC_CONTROL_DEVICE,DEVICE_CONDITION,WEATHER_CONDITION,LIGHTING_CONDITION,FIRST_CRASH_TYPE,TRAFFICWAY_TYPE,LANE_CNT,ALIGNMENT,ROADWAY_SURFACE_COND,ROAD_DEFECT,REPORT_TYPE,CRASH_TYPE,INTERSECTION_RELATED_I,NOT_RIGHT_OF_WAY_I,HIT_AND_RUN_I,DAMAGE,DATE_POLICE_NOTIFIED,PRIM_CONTRIBUTORY_CAUSE,SEC_CONTRIBUTORY_CAUSE,STREET_NO,STREET_DIRECTION,STREET_NAME,BEAT_OF_OCCURRENCE,PHOTOS_TAKEN_I,STATEMENTS_TAKEN_I,DOORING_I,WORK_ZONE_I,WORK_ZONE_TYPE,WORKERS_PRESENT_I,NUM_UNITS,MOST_SEVERE_INJURY,INJURIES_TOTAL,INJURIES_FATAL,INJURIES_INCAPACITATING,INJURIES_NON_INCAPACITATING,INJURIES_REPORTED_NOT_EVIDENT,INJURIES_NO_INDICATION,INJURIES_UNKNOWN,CRASH_HOUR,CRASH_DAY_OF_WEEK,CRASH_MONTH,LATITUDE,LONGITUDE,LOCATION
JA546119,,11/06/2017 09:30:00 AM,25,NO CONTROLS,NO CONTROLS,CLEAR,DAYLIGHT,PARKED MOTOR VEHICLE,ONE-WAY,,STRAIGHT AND LEVEL,DRY,NO DEFECTS,NOT ON SCENE (DESK REPORT),NO INJURY / DRIVE AWAY,,,,"$501 - $1,500",12/12/2017 10:50:00 AM,UNABLE TO DETERMINE,UNABLE TO DETERMINE,2130,N,FREMONT ST,1812,,,,,,,2,NO INDICATION OF INJURY,0,0,0,0,0,1,0,9,2,11,41.920893622,-87.651179969,POINT (-87.651179968945 41.920893622273)
JA500822,,11/06/2017 09:30:00 AM,20,STOP SIGN/FLASHER,UNKNOWN,CLEAR,DAYLIGHT,PARKED MOTOR VEHICLE,NOT DIVIDED,2,STRAIGHT AND LEVEL,DRY,NO DEFECTS,ON SCENE,NO INJURY / DRIVE AWAY,,,Y,"OVER $1,500",11/06/2017 09:33:00 AM,"OPERATING VEHICLE IN ERRATIC, RECKLESS, CARELESS, NEGLIGENT OR AGGRESSIVE MANNER",EXCEEDING SAFE SPEED FOR CONDITIONS,1456,N,LARAMIE AVE,2532,,,,,,,4,NO INDICATION OF INJURY,0,0,0,0,0,1,0,9,2,11,41.907537738,-87.756046276,POINT (-87.756046275803 41.907537738058)
JA500853,,11/06/2017 09:33:00 AM,30,NO CONTROLS,NO CONTROLS,CLEAR,DAYLIGHT,SIDESWIPE SAME DIRECTION,DIVIDED - W/MEDIAN BARRIER,,STRAIGHT AND LEVEL,DRY,NO DEFECTS,ON SCENE,INJURY AND / OR TOW DUE TO CRASH,,,,"$501 - $1,500",11/06/2017 09:40:00 AM,IMPROPER LANE USAGE,IMPROPER LANE USAGE,11232,S,HALSTED ST,2233,,Y,,,,,2,NONINCAPACITATING INJURY,2,0,0,2,0,1,0,9,2,11,41.689541499,-87.642436685,POINT (-87.642436685326 41.689541499366)
JA500942,,11/06/2017 09:35:00 AM,30,NO CONTROLS,NO CONTROLS,CLEAR,DAYLIGHT,REAR END,NOT DIVIDED,2,STRAIGHT AND LEVEL,DRY,NO DEFECTS,NOT ON SCENE (DESK REPORT),NO INJURY / DRIVE AWAY,,,,"OVER $1,500",11/06/2017 11:05:00 AM,FOLLOWING TOO CLOSELY,NOT APPLICABLE,401,W,LAKE ST,121,,,,,,,2,NO INDICATION OF INJURY,0,0,0,0,0,2,0,9,2,11,41.88561228,-87.637774501,POINT (-87.637774500822 41.885612279941)
JA500881,,11/06/2017 09:40:00 AM,30,NO CONTROLS,NO CONTROLS,RAIN,DAYLIGHT,PARKED MOTOR VEHICLE,ONE-WAY,1,STRAIGHT AND LEVEL,WET,NO DEFECTS,ON SCENE,INJURY AND / OR TOW DUE TO CRASH,,,,"OVER $1,500",11/06/2017 09:45:00 AM,PHYSICAL CONDITION OF DRIVER,UNABLE TO DETERMINE,1515,W,ROSCOE ST,1922,,,,,,,6,NONINCAPACITATING INJURY,2,0,0,1,1,0,0,9,2,11,41.943263015,-87.666944547,POINT (-87.666944546899 41.943263015008)
JA501140,,11/06/2017 09:40:00 AM,30,TRAFFIC SIGNAL,FUNCTIONING PROPERLY,CLEAR,DAYLIGHT,SIDESWIPE SAME DIRECTION,ONE-WAY,,STRAIGHT AND LEVEL,DRY,NO DEFECTS,NOT ON SCENE (DESK REPORT),NO INJURY / DRIVE AWAY,,,Y,"$501 - $1,500",11/06/2017 01:28:00 PM,IMPROPER LANE USAGE,UNABLE TO DETERMINE,435,W,ADAMS ST,121,,,,,,,2,NO INDICATION OF INJURY,0,0,0,0,0,2,0,9,2,11,41.879203111,-87.639551821,POINT (-87.639551821383 41.879203111052)
JA502401,,11/06/2017 09:45:00 AM,30,TRAFFIC SIGNAL,FUNCTIONING PROPERLY,CLEAR,DAYLIGHT,REAR END,ONE-WAY,,STRAIGHT AND LEVEL,DRY,NO DEFECTS,NOT ON SCENE (DESK REPORT),NO INJURY / DRIVE AWAY,,,,"$501 - $1,500",11/07/2017 12:20:00 PM,FOLLOWING TOO CLOSELY,FAILING TO YIELD RIGHT-OF-WAY,399,E,OHIO ST,1834,,,,,,,2,NO INDICATION OF INJURY,0,0,0,0,0,2,0,9,2,11,41.892529925,-87.617838951,POINT (-87.617838951369 41.892529924629)
JA500856,,11/06/2017 09:50:00 AM,30,NO CONTROLS,NO CONTROLS,CLEAR,DAYLIGHT,PARKED MOTOR VEHICLE,ONE-WAY,2,STRAIGHT AND LEVEL,DRY,NO DEFECTS,ON SCENE,NO INJURY / DRIVE AWAY,,,,"OVER $1,500",11/06/2017 10:00:00 AM,IMPROPER BACKING,FAILING TO REDUCE SPEED TO AVOID CRASH,20,W,ERIE ST,1832,,,,,,,2,NO INDICATION OF INJURY,0,0,0,0,0,2,0,9,2,11,41.894170633,-87.628970081,POINT (-87.628970081061 41.89417063288)
JA500882,,11/06/2017 10:00:00 AM,30,STOP SIGN/FLASHER,UNKNOWN,CLEAR,DAYLIGHT,TURNING,DIVIDED - W/MEDIAN (NOT RAISED),4,STRAIGHT AND LEVEL,DRY,UNKNOWN,ON SCENE,NO INJURY / DRIVE AWAY,Y,,,"OVER $1,500",11/06/2017 10:08:00 AM,UNABLE TO DETERMINE,UNABLE TO DETERMINE,1958,W,FULLERTON AVE,1432,,,,,,,2,NO INDICATION OF INJURY,0,0,0,0,0,2,0,10,2,11,41.925136141,-87.677878977,POINT (-87.677878977271 41.92513614134)
JA500885,,11/06/2017 10:00:00 AM,30,TRAFFIC SIGNAL,FUNCTIONING PROPERLY,CLEAR,DAYLIGHT,SIDESWIPE SAME DIRECTION,DIVIDED - W/MEDIAN (NOT RAISED),2,STRAIGHT AND LEVEL,DRY,NO DEFECTS,NOT ON SCENE (DESK REPORT),NO INJURY / DRIVE AWAY,Y,,,$500 OR LESS,11/06/2017 10:24:00 AM,IMPROPER OVERTAKING/PASSING,UNABLE TO DETERMINE,111,N,WACKER DR,122,,,,,,,2,NO INDICATION OF INJURY,0,0,0,0,0,2,0,10,2,11,41.883468279,-87.636654673,POINT (-87.63665467335 41.883468279392)
JA500999,,11/06/2017 10:00:00 AM,30,NO CONTROLS,NO CONTROLS,CLEAR,DAYLIGHT,REAR END,OTHER,,STRAIGHT AND LEVEL,DRY,NO DEFECTS,NOT ON SCENE (DESK REPORT),NO INJURY / DRIVE AWAY,,,,$500 OR LESS,11/06/2017 11:00:00 AM,DRIVING SKILLS/KNOWLEDGE/EXPERIENCE,UNABLE TO DETERMINE,2601,S,DR MARTIN LUTHER KING JR DR,133,,,,,,,2,NO INDICATION OF INJURY,0,0,0,0,0,2,0,10,2,11,41.845604929,-87.61715002,POINT (-87.617150020435 41.845604928584)
JA500934,,11/06/2017 10:10:00 AM,30,NO CONTROLS,NO CONTROLS,CLEAR,DAYLIGHT,PARKED MOTOR VEHICLE,NOT DIVIDED,2,STRAIGHT AND LEVEL,DRY,NO DEFECTS,ON SCENE,INJURY AND / OR TOW DUE TO CRASH,,,,"OVER $1,500",11/06/2017 10:30:00 AM,"OPERATING VEHICLE IN ERRATIC, RECKLESS, CARELESS, NEGLIGENT OR AGGRESSIVE MANNER",UNABLE TO DETERMINE,2132,W,WABANSIA AVE,1434,,,,,,,2,NO INDICATION OF INJURY,0,0,0,0,0,1,0,10,2,11,41.912784651,-87.681225654,POINT (-87.681225653643 41.912784651406)
JA500878,,11/06/2017 10:18:00 AM,25,TRAFFIC SIGNAL,FUNCTIONING PROPERLY,CLEAR,DAYLIGHT,SIDESWIPE SAME DIRECTION,NOT DIVIDED,,STRAIGHT AND LEVEL,DRY,NO DEFECTS,ON SCENE,INJURY AND / OR TOW DUE TO CRASH,,,,"$501 - $1,500",11/06/2017 10:20:00 AM,UNABLE TO DETERMINE,UNABLE TO DETERMINE,4800,W,55TH ST,814,,,,,,,2,NO INDICATION OF INJURY,0,0,0,0,0,2,0,10,2,11,41.793126358,-87.742931772,POINT (-87.742931772386 41.793126358267)
JA500887,,11/06/2017 10:20:00 AM,30,TRAFFIC SIGNAL,FUNCTIONING PROPERLY,CLEAR,DAYLIGHT,SIDESWIPE SAME DIRECTION,NOT DIVIDED,2,STRAIGHT AND LEVEL,DRY,NO DEFECTS,NOT ON SCENE (DESK REPORT),NO INJURY / DRIVE AWAY,N,,,"OVER $1,500",11/06/2017 10:30:00 AM,FAILING TO YIELD RIGHT-OF-WAY,UNABLE TO DETERMINE,3414,W,DIVERSEY AVE,1412,,,,,,,2,NO INDICATION OF INJURY,0,0,0,0,0,3,0,10,2,11,41.932072594,-87.712872038,POINT (-87.712872038131 41.932072593544)
JA500916,,11/06/2017 10:30:00 AM,20,TRAFFIC SIGNAL,FUNCTIONING PROPERLY,CLEAR,DAYLIGHT,REAR END,DIVIDED - W/MEDIAN (NOT RAISED),,STRAIGHT AND LEVEL,DRY,NO DEFECTS,ON SCENE,INJURY AND / OR TOW DUE TO CRASH,Y,,,"OVER $1,500",11/06/2017 10:35:00 AM,EQUIPMENT - VEHICLE CONDITION,UNABLE TO DETERMINE,8100,S,VINCENNES AVE,622,,,,,,,2,NO INDICATION OF INJURY,0,0,0,0,0,2,0,10,2,11,41.747049185,-87.63533771,POINT (-87.635337709738 41.747049185476)
JA501053,,11/06/2017 10:30:00 AM,25,NO CONTROLS,NO CONTROLS,CLEAR,DAYLIGHT,TURNING,NOT DIVIDED,,STRAIGHT AND LEVEL,DRY,NO DEFECTS,NOT ON SCENE (DESK REPORT),NO INJURY / DRIVE AWAY,,,,"$501 - $1,500",11/06/2017 12:15:00 PM,UNABLE TO DETERMINE,UNABLE TO DETERMINE,444,N,ORLEANS ST,1831,,,,,,,2,NO INDICATION OF INJURY,0,0,0,0,0,2,0,10,2,11,41.890486055,-87.637148739,POINT (-87.637148739099 41.890486055212)
JA500907,,11/06/2017 10:30:00 AM,25,NO CONTROLS,NO CONTROLS,CLEAR,DAYLIGHT,REAR END,ONE-WAY,,STRAIGHT AND LEVEL,DRY,NO DEFECTS,ON SCENE,NO INJURY / DRIVE AWAY,,,,"$501 - $1,500",11/06/2017 10:35:00 AM,IMPROPER BACKING,UNABLE TO DETERMINE,3614,W,CORNELIA AVE,1732,,,,,,,2,NO INDICATION OF INJURY,0,0,0,0,0,2,0,10,2,11,41.944760897,-87.718152406,POINT (-87.718152406466 41.944760896628)
JA501066,,11/06/2017 10:30:00 AM,30,TRAFFIC SIGNAL,FUNCTIONING PROPERLY,CLEAR,DAYLIGHT,REAR END,DIVIDED - W/MEDIAN (NOT RAISED),4,STRAIGHT AND LEVEL,DRY,NO DEFECTS,NOT ON SCENE (DESK REPORT),NO INJURY / DRIVE AWAY,Y,,,"OVER $1,500",11/06/2017 12:25:00 PM,UNABLE TO DETERMINE,UNABLE TO DETERMINE,2358,W,63RD ST,825,,,,,,,2,NO INDICATION OF INJURY,0,0,0,0,0,3,0,10,2,11,41.779316126,-87.683549834,POINT (-87.683549834072 41.779316126235)
JA500935,,11/06/2017 10:42:00 AM,30,TRAFFIC SIGNAL,FUNCTIONING PROPERLY,CLOUDY/OVERCAST,DAYLIGHT,PEDESTRIAN,DIVIDED - W/MEDIAN (NOT RAISED),0,STRAIGHT AND LEVEL,DRY,NO DEFECTS,ON SCENE,INJURY AND / OR TOW DUE TO CRASH,Y,,,$500 OR LESS,11/06/2017 10:42:00 AM,NOT APPLICABLE,NOT APPLICABLE,1802,S,LOOMIS ST,1233,,,,,,,2,NONINCAPACITATING INJURY,1,0,0,1,0,2,0,10,2,11,41.857695231,-87.661460669,POINT (-87.661460669436 41.85769523124)
JA500930,,11/06/2017 10:45:00 AM,30,NO CONTROLS,NO CONTROLS,CLEAR,DAYLIGHT,TURNING,PARKING LOT,2,STRAIGHT AND LEVEL,DRY,NO DEFECTS,NOT ON SCENE (DESK REPORT),NO INJURY / DRIVE AWAY,,,,$500 OR LESS,11/06/2017 11:00:00 AM,FAILING TO YIELD RIGHT-OF-WAY,FAILING TO YIELD RIGHT-OF-WAY,520,W,TAYLOR ST,124,,,,,,,2,NO INDICATION OF INJURY,0,0,0,0,0,2,0,10,2,11,41.869855597,-87.640270308,POINT (-87.640270307865 41.869855596599)
JA500925,,11/06/2017 10:45:00 AM,30,NO CONTROLS,NO CONTROLS,CLEAR,DAYLIGHT,PARKED MOTOR VEHICLE,DRIVEWAY,1,STRAIGHT AND LEVEL,DRY,NO DEFECTS,ON SCENE,NO INJURY / DRIVE AWAY,,Y,,"OVER $1,500",11/06/2017 10:50:00 AM,IMPROPER BACKING,NOT APPLICABLE,4017,W,BERTEAU AVE,1722,,,,,,,2,NO INDICATION OF INJURY,0,0,0,0,0,1,0,10,2,11,41.957182358,-87.728479728,POINT (-87.728479727943 41.957182358245)
JA500940,,11/06/2017 10:55:00 AM,30,NO CONTROLS,NO CONTROLS,CLEAR,DAYLIGHT,SIDESWIPE SAME DIRECTION,NOT DIVIDED,4,STRAIGHT AND LEVEL,DRY,NO DEFECTS,ON SCENE,NO INJURY / DRIVE AWAY,,,Y,$500 OR LESS,11/06/2017 10:58:00 AM,IMPROPER LANE USAGE,NOT APPLICABLE,6836,N,HARLEM AVE,1611,,,,,,,2,NO INDICATION OF INJURY,0,0,0,0,0,4,0,10,2,11,42.005557707,-87.806853305,POINT (-87.806853305116 42.005557707111)
JA500943,,11/06/2017 10:57:00 AM,20,NO CONTROLS,NO CONTROLS,CLOUDY/OVERCAST,DAYLIGHT,TURNING,DIVIDED - W/MEDIAN (NOT RAISED),2,STRAIGHT AND LEVEL,DRY,NO DEFECTS,ON SCENE,INJURY AND / OR TOW DUE TO CRASH,,,,"OVER $1,500",11/06/2017 11:00:00 AM,"VISION OBSCURED (SIGNS, TREE LIMBS, BUILDINGS, ETC.)",NOT APPLICABLE,2852,N,SACRAMENTO AVE,1411,,,,,,,2,NO INDICATION OF INJURY,0,0,0,0,0,2,0,10,2,11,41.933623365,-87.702712682,POINT (-87.702712681634 41.933623364994)
JA515436,,11/06/2017 11:00:00 AM,30,NO CONTROLS,NO CONTROLS,CLEAR,DAYLIGHT,PARKED MOTOR VEHICLE,ONE-WAY,1,STRAIGHT AND LEVEL,DRY,NO DEFECTS,NOT ON SCENE (DESK REPORT),NO INJURY / DRIVE AWAY,,,Y,"OVER $1,500",11/17/2017 02:30:00 PM,UNABLE TO DETERMINE,UNABLE TO DETERMINE,4523,N,KENNETH AVE,1722,,,,,,,2,NO INDICATION OF INJURY,0,0,0,0,0,1,0,11,2,11,41.963353453,-87.739757018,POINT (-87.73975701784 41.963353453014)
JA500954,,11/06/2017 11:00:00 AM,25,STOP SIGN/FLASHER,FUNCTIONING PROPERLY,CLOUDY/OVERCAST,DAYLIGHT,PARKED MOTOR VEHICLE,NOT DIVIDED,1,STRAIGHT AND LEVEL,DRY,NO DEFECTS,ON SCENE,NO INJURY / DRIVE AWAY,Y,,,"$501 - $1,500",11/06/2017 11:20:00 AM,DRIVING SKILLS/KNOWLEDGE/EXPERIENCE,UNABLE TO DETERMINE,7202,N,WASHTENAW AVE,2411,,,,,,,2,NO INDICATION OF INJURY,0,0,0,0,0,1,0,11,2,11,42.012232017,-87.697497371,POINT (-87.697497371411 42.012232016953)
JA500989,,11/06/2017 11:00:00 AM,30,NO CONTROLS,NO CONTROLS,CLEAR,DAYLIGHT,ANGLE,DIVIDED - W/MEDIAN (NOT RAISED),2,STRAIGHT AND LEVEL,DRY,NO DEFECTS,NOT ON SCENE (DESK REPORT),NO INJURY / DRIVE AWAY,,,,"$501 - $1,500",11/06/2017 11:40:00 AM,FAILING TO YIELD RIGHT-OF-WAY,UNABLE TO DETERMINE,2200,S,DAMEN AVE,1034,,,,,,,2,NO INDICATION OF INJURY,0,0,0,0,0,2,0,11,2,11,41.852127661,-87.675985449,POINT (-87.675985449051 41.852127660753)
JA501023,,11/06/2017 11:09:00 AM,30,NO CONTROLS,NO CONTROLS,CLOUDY/OVERCAST,DAYLIGHT,PARKED MOTOR VEHICLE,NOT DIVIDED,,STRAIGHT AND LEVEL,DRY,NO DEFECTS,ON SCENE,INJURY AND / OR TOW DUE TO CRASH,,,Y,"$501 - $1,500",11/06/2017 11:09:00 AM,UNABLE TO DETERMINE,NOT APPLICABLE,845,N,LARRABEE ST,1823,,,,Y,CONSTRUCTION,Y,3,NO INDICATION OF INJURY,0,0,0,0,0,1,0,11,2,11,41.897827523,-87.642835721,POINT (-87.64283572052 41.897827522798)
JA502745,,11/06/2017 11:15:00 AM,30,NO CONTROLS,NO CONTROLS,CLEAR,DAYLIGHT,REAR END,DIVIDED - W/MEDIAN (NOT RAISED),4,STRAIGHT AND LEVEL,UNKNOWN,UNKNOWN,NOT ON SCENE (DESK REPORT),NO INJURY / DRIVE AWAY,,,,"OVER $1,500",11/07/2017 04:18:00 PM,FOLLOWING TOO CLOSELY,DRIVING SKILLS/KNOWLEDGE/EXPERIENCE,3802,W,PETERSON AVE,1711,,,,,,,3,NO INDICATION OF INJURY,0,0,0,0,0,3,0,11,2,11,41.990301491,-87.724165388,POINT (-87.724165388187 41.990301490953)
JA501057,,11/06/2017 11:30:00 AM,35,NO CONTROLS,NO CONTROLS,CLEAR,DAYLIGHT,PARKED MOTOR VEHICLE,PARKING LOT,,STRAIGHT AND LEVEL,DRY,NO DEFECTS,NOT ON SCENE (DESK REPORT),NO INJURY / DRIVE AWAY,,,,"OVER $1,500",11/06/2017 12:20:00 PM,DRIVING ON WRONG SIDE/WRONG WAY,NOT APPLICABLE,3270,W,87TH ST,834,,,,,,,2,NO INDICATION OF INJURY,0,0,0,0,0,1,0,11,2,11,41.735266905,-87.704028557,POINT (-87.704028557478 41.735266904632)
JA501072,,11/06/2017 11:30:00 AM,30,TRAFFIC SIGNAL,FUNCTIONING PROPERLY,CLEAR,DAYLIGHT,SIDESWIPE SAME DIRECTION,DIVIDED - W/MEDIAN (NOT RAISED),,STRAIGHT AND LEVEL,DRY,NO DEFECTS,NOT ON SCENE (DESK REPORT),NO INJURY / DRIVE AWAY,Y,,,$500 OR LESS,11/06/2017 11:45:00 AM,UNABLE TO DETERMINE,UNABLE TO DETERMINE,10700,S,KEDZIE AVE,2211,,,,,,,2,NO INDICATION OF INJURY,0,0,0,0,0,2,0,11,2,11,41.698777022,-87.701225609,POINT (-87.701225608923 41.698777022064)
JA501085,,11/06/2017 11:30:00 AM,30,NO CONTROLS,NO CONTROLS,CLEAR,DAYLIGHT,SIDESWIPE OPPOSITE DIRECTION,ONE-WAY,1,STRAIGHT AND LEVEL,DRY,NO DEFECTS,NOT ON SCENE (DESK REPORT),NO INJURY / DRIVE AWAY,,,,"$501 - $1,500",11/06/2017 12:30:00 PM,IMPROPER BACKING,UNABLE TO DETERMINE,1232,W,BARRY AVE,1933,,,,,,,2,NO INDICATION OF INJURY,0,0,0,0,0,3,0,11,2,11,41.938106984,-87.660212197,POINT (-87.660212197033 41.93810698388)
JA501012,,11/06/2017 11:40:00 AM,30,NO CONTROLS,NO CONTROLS,CLEAR,DAYLIGHT,REAR END,NOT DIVIDED,2,STRAIGHT AND LEVEL,DRY,NO DEFECTS,ON SCENE,NO INJURY / DRIVE AWAY,,,,"OVER $1,500",11/06/2017 11:52:00 AM,FOLLOWING TOO CLOSELY,NOT APPLICABLE,3215,N,HARLEM AVE,1632,,,,,,,2,NO INDICATION OF INJURY,0,0,0,0,0,2,0,11,2,11,41.938484705,-87.80661665,POINT (-87.806616649533 41.938484704579)
JA501049,,11/06/2017 11:45:00 AM,30,STOP SIGN/FLASHER,FUNCTIONING PROPERLY,CLEAR,DAYLIGHT,TURNING,NOT DIVIDED,2,STRAIGHT AND LEVEL,DRY,NO DEFECTS,NOT ON SCENE (DESK REPORT),NO INJURY / DRIVE AWAY,Y,,,"$501 - $1,500",11/06/2017 12:20:00 PM,IMPROPER OVERTAKING/PASSING,NOT APPLICABLE,900,W,VAN BUREN ST,1232,,,,,,,2,NO INDICATION OF INJURY,0,0,0,0,0,2,0,11,2,11,41.876746267,-87.64959909,POINT (-87.649599090325 41.876746266818)
JA501027,,11/06/2017 11:50:00 AM,35,STOP SIGN/FLASHER,FUNCTIONING PROPERLY,CLEAR,DAYLIGHT,REAR END,DIVIDED - W/MEDIAN BARRIER,4,STRAIGHT AND LEVEL,DRY,NO DEFECTS,ON SCENE,NO INJURY / DRIVE AWAY,,,,"$501 - $1,500",11/06/2017 12:00:00 PM,FOLLOWING TOO CLOSELY,NOT APPLICABLE,10258,S,WESTERN AVE,2211,,,,,,,2,NO INDICATION OF INJURY,0,0,0,0,0,2,0,11,2,11,41.706464557,-87.681770004,POINT (-87.681770004194 41.706464557469)
JA501038,,11/06/2017 11:55:00 AM,30,STOP SIGN/FLASHER,FUNCTIONING PROPERLY,CLEAR,DAYLIGHT,ANGLE,NOT DIVIDED,,STRAIGHT AND LEVEL,DRY,NO DEFECTS,ON SCENE,INJURY AND / OR TOW DUE TO CRASH,Y,,,"OVER $1,500",11/06/2017 12:10:00 PM,DISREGARDING STOP SIGN,DRIVING SKILLS/KNOWLEDGE/EXPERIENCE,6400,S,RACINE AVE,724,,,,,,,2,INCAPACITATING INJURY,1,0,1,0,0,1,0,11,2,11,41.777697797,-87.654594351,POINT (-87.654594350716 41.777697797438)
JA501241,,11/06/2017 12:00:00 PM,30,NO CONTROLS,NO CONTROLS,CLEAR,DAYLIGHT,PARKED MOTOR VEHICLE,NOT DIVIDED,,STRAIGHT AND LEVEL,DRY,NO DEFECTS,,NO INJURY / DRIVE AWAY,,,Y,"$501 - $1,500",11/06/2017 02:00:00 PM,IMPROPER BACKING,NOT APPLICABLE,1430,W,HURON ST,1215,,,,,,,2,NO INDICATION OF INJURY,0,0,0,0,0,1,0,12,2,11,41.894418874,-87.663659912,POINT (-87.663659912207 41.89441887395)
JA501048,,11/06/2017 12:00:00 PM,30,NO CONTROLS,NO CONTROLS,CLEAR,DAYLIGHT,REAR END,NOT DIVIDED,,STRAIGHT AND LEVEL,DRY,NO DEFECTS,ON SCENE,INJURY AND / OR TOW DUE TO CRASH,,,,"$501 - $1,500",11/06/2017 12:02:00 PM,UNABLE TO DETERMINE,UNABLE TO DETERMINE,3900,S,PULASKI RD,815,,,,,,,2,NONINCAPACITATING INJURY,1,0,0,1,0,1,0,12,2,11,41.822563836,-87.724187479,POINT (-87.724187479133 41.822563835982)
JA501362,,11/06/2017 12:01:00 PM,15,NO CONTROLS,NO CONTROLS,CLEAR,DAYLIGHT,PARKED MOTOR VEHICLE,PARKING LOT,1,STRAIGHT AND LEVEL,DRY,NO DEFECTS,NOT ON SCENE (DESK REPORT),NO INJURY / DRIVE AWAY,,,,"OVER $1,500",11/06/2017 03:45:00 PM,DRIVING SKILLS/KNOWLEDGE/EXPERIENCE,NOT APPLICABLE,3325,N,MILWAUKEE AVE,1731,,,,,,,2,NO INDICATION OF INJURY,0,0,0,0,0,2,0,12,2,11,41.941607676,-87.727737869,POINT (-87.727737869186 41.94160767585)
JA501059,,11/06/2017 12:07:00 PM,30,TRAFFIC SIGNAL,FUNCTIONING PROPERLY,CLEAR,DAYLIGHT,PEDALCYCLIST,DIVIDED - W/MEDIAN (NOT RAISED),4,STRAIGHT AND LEVEL,DRY,UNKNOWN,ON SCENE,INJURY AND / OR TOW DUE TO CRASH,Y,,,"OVER $1,500",11/06/2017 12:07:00 PM,UNABLE TO DETERMINE,NOT APPLICABLE,7400,S,ASHLAND AVE,735,,,Y,,,,2,NONINCAPACITATING INJURY,1,0,0,1,0,1,0,12,2,11,41.759368396,-87.663785716,POINT (-87.663785715867 41.75936839646)
JA510088,,11/06/2017 12:10:00 PM,30,STOP SIGN/FLASHER,FUNCTIONING PROPERLY,CLEAR,DAYLIGHT,TURNING,NOT DIVIDED,,STRAIGHT AND LEVEL,DRY,NO DEFECTS,ON SCENE,INJURY AND / OR TOW DUE TO CRASH,Y,,,"OVER $1,500",11/13/2017 12:15:00 PM,FAILING TO YIELD RIGHT-OF-WAY,NOT APPLICABLE,2100,N,OAK PARK AVE,2512,,,,,,,2,NO INDICATION OF INJURY,0,0,0,0,0,2,0,12,2,11,41.91816408,-87.795221157,POINT (-87.795221157042 41.918164079609)
JA501091,,11/06/2017 12:20:00 PM,30,TRAFFIC SIGNAL,FUNCTIONING PROPERLY,CLEAR,DAYLIGHT,SIDESWIPE SAME DIRECTION,OTHER,,STRAIGHT AND LEVEL,DRY,NO DEFECTS,NOT ON SCENE (DESK REPORT),NO INJURY / DRIVE AWAY,,,,"OVER $1,500",11/06/2017 12:45:00 PM,DRIVING SKILLS/KNOWLEDGE/EXPERIENCE,DRIVING SKILLS/KNOWLEDGE/EXPERIENCE,10,S,LA SALLE ST,122,,,,,,,2,NO INDICATION OF INJURY,0,0,0,0,0,2,0,12,2,11,41.881674757,-87.632504189,POINT (-87.632504188958 41.881674756837)
JA501116,,11/06/2017 12:23:00 PM,30,NO CONTROLS,NO CONTROLS,CLEAR,DAYLIGHT,TURNING,ONE-WAY,2,STRAIGHT AND LEVEL,DRY,NO DEFECTS,ON SCENE,NO INJURY / DRIVE AWAY,,,,"OVER $1,500",11/06/2017 12:55:00 PM,IMPROPER TURNING/NO SIGNAL,UNABLE TO DETERMINE,227,E,ONTARIO ST,1834,,,,,,,2,NO INDICATION OF INJURY,0,0,0,0,0,2,0,12,2,11,41.893262977,-87.621958776,POINT (-87.621958776492 41.893262977316)
JA501108,,11/06/2017 12:25:00 PM,35,TRAFFIC SIGNAL,FUNCTIONING PROPERLY,CLEAR,DAYLIGHT,TURNING,DIVIDED - W/MEDIAN (NOT RAISED),,STRAIGHT AND LEVEL,DRY,NO DEFECTS,ON SCENE,INJURY AND / OR TOW DUE TO CRASH,Y,,,"OVER $1,500",11/06/2017 12:30:00 PM,FAILING TO YIELD RIGHT-OF-WAY,NOT APPLICABLE,4000,W,45TH ST,815,,Y,,,,,3,NO INDICATION OF INJURY,0,0,0,0,0,3,0,12,2,11,41.811647523,-87.723794977,POINT (-87.723794976682 41.811647523266)
JA501095,,11/06/2017 12:25:00 PM,30,STOP SIGN/FLASHER,FUNCTIONING PROPERLY,CLEAR,DAYLIGHT,PEDALCYCLIST,ONE-WAY,,STRAIGHT AND LEVEL,DRY,NO DEFECTS,ON SCENE,INJURY AND / OR TOW DUE TO CRASH,Y,,,"OVER $1,500",11/06/2017 12:25:00 PM,FAILING TO YIELD RIGHT-OF-WAY,UNABLE TO DETERMINE,1158,N,RICHMOND ST,1211,,,,,,,2,NONINCAPACITATING INJURY,1,0,0,1,0,1,0,12,2,11,41.902801054,-87.700703437,POINT (-87.700703437251 41.902801054252)