RD_NO,CRASH_DATE_EST_I,CRASH_DATE,POSTED_SPEED_LIMIT,TRAFFIC_CONTROL_DEVICE,DEVICE_CONDITION,WEATHER_CONDITION,LIGHTING_CONDITION,FIRST_CRASH_TYPE,TRAFFICWAY_TYPE,LANE_CNT,ALIGNMENT,ROADWAY_SURFACE_COND,ROAD_DEFECT,REPORT_TYPE,CRASH_TYPE,INTERSECTION_RELATED_I,NOT_RIGHT_OF_WAY_I,HIT_AND_RUN_I,DAMAGE,DATE_POLICE_NOTIFIED,PRIM_CONTRIBUTORY_CAUSE,SEC_CONTRIBUTORY_CAUSE,STREET_NO,STREET_DIRECTION,STREET_NAME,BEAT_OF_OCCURRENCE,PHOTOS_TAKEN_I,STATEMENTS_TAKEN_I,DOORING_I,WORK_ZONE_I,WORK_ZONE_TYPE,WORKERS_PRESENT_I,NUM_UNITS,MOST_SEVERE_INJURY,INJURIES_TOTAL,INJURIES_FATAL,INJURIES_INCAPACITATING,INJURIES_NON_INCAPACITATING,INJURIES_REPORTED_NOT_EVIDENT,INJURIES_NO_INDICATION,INJURIES_UNKNOWN,CRASH_HOUR,CRASH_DAY_OF_WEEK,CRASH_MONTH,LATITUDE,LONGITUDE,LOCATION
JA501313,,11/06/2017 12:30:00 PM,30,NO CONTROLS,NO CONTROLS,CLEAR,DAYLIGHT,FIXED OBJECT,NOT DIVIDED,2,STRAIGHT AND LEVEL,DRY,OTHER,ON SCENE,NO INJURY / DRIVE AWAY,,,,"$501 - $1,500",11/06/2017 12:34:00 PM,ROAD CONSTRUCTION/MAINTENANCE,NOT APPLICABLE,57,W,73RD ST,731,,Y,,Y,CONSTRUCTION,Y,1,NO INDICATION OF INJURY,0,0,0,0,0,1,0,12,2,11,41.761727131,-87.627107711,POINT (-87.627107710698 41.761727131142)
JA501673,,11/06/2017 12:30:00 PM,30,NO CONTROLS,NO CONTROLS,CLEAR,DAYLIGHT,REAR END,NOT DIVIDED,,STRAIGHT AND LEVEL,DRY,NO DEFECTS,NOT ON SCENE (DESK REPORT),NO INJURY / DRIVE AWAY,,,,"OVER $1,500",11/06/2017 06:49:00 PM,NOT APPLICABLE,NOT APPLICABLE,7801,S,CICERO AVE,834,,,,,,,2,NO INDICATION OF INJURY,0,0,0,0,0,2,0,12,2,11,41.750898925,-87.741274818,POINT (-87.741274817684 41.750898924706)
JA501121,,11/06/2017 12:35:00 PM,20,STOP SIGN/FLASHER,FUNCTIONING PROPERLY,CLEAR,DAYLIGHT,PEDESTRIAN,NOT DIVIDED,,STRAIGHT AND LEVEL,DRY,NO DEFECTS,ON SCENE,NO INJURY / DRIVE AWAY,Y,,Y,$500 OR LESS,11/06/2017 12:49:00 PM,UNABLE TO DETERMINE,NOT APPLICABLE,3658,N,SOUTHPORT AVE,1922,,,,,,,2,NO INDICATION OF INJURY,0,0,0,0,0,2,0,12,2,11,41.948795026,-87.664210887,POINT (-87.664210886896 41.948795025884)
JA501114,,11/06/2017 12:37:00 PM,30,TRAFFIC SIGNAL,FUNCTIONING PROPERLY,CLEAR,DAYLIGHT,FIXED OBJECT,DIVIDED - W/MEDIAN (NOT RAISED),4,STRAIGHT AND LEVEL,DRY,NO DEFECTS,ON SCENE,INJURY AND / OR TOW DUE TO CRASH,,,,"OVER $1,500",11/06/2017 12:37:00 PM,FAILING TO REDUCE SPEED TO AVOID CRASH,UNABLE TO DETERMINE,650,W,47TH ST,925,,,,,,,1,NONINCAPACITATING INJURY,1,0,0,1,0,0,0,12,2,11,41.809022902,-87.642696734,POINT (-87.64269673442 41.809022901699)
JA501105,,11/06/2017 12:38:00 PM,30,STOP SIGN/FLASHER,FUNCTIONING PROPERLY,CLEAR,DAYLIGHT,TURNING,DIVIDED - W/MEDIAN (NOT RAISED),0,STRAIGHT AND LEVEL,DRY,NO DEFECTS,ON SCENE,NO INJURY / DRIVE AWAY,Y,,,"OVER $1,500",11/06/2017 12:42:00 PM,DISREGARDING STOP SIGN,FAILING TO REDUCE SPEED TO AVOID CRASH,1166,W,GRAND AVE,1214,,,,,,,2,NO INDICATION OF INJURY,0,0,0,0,0,4,0,12,2,11,41.891191,-87.657308504,POINT (-87.657308504319 41.891191000011)
JA501157,,11/06/2017 12:41:00 PM,30,NO CONTROLS,NO CONTROLS,CLEAR,DAYLIGHT,PARKED MOTOR VEHICLE,NOT DIVIDED,,STRAIGHT AND LEVEL,DRY,NO DEFECTS,NOT ON SCENE (DESK REPORT),NO INJURY / DRIVE AWAY,,,,"OVER $1,500",11/06/2017 01:30:00 PM,NOT APPLICABLE,NOT APPLICABLE,6300,W,HUNTINGTON ST,1611,,,,,,,2,NO INDICATION OF INJURY,0,0,0,0,0,1,0,12,2,11,41.993526819,-87.785155282,POINT (-87.785155281974 41.993526818998)
JA501134,,11/06/2017 12:55:00 PM,20,STOP SIGN/FLASHER,NO CONTROLS,CLOUDY/OVERCAST,DAYLIGHT,ANGLE,ONE-WAY,1,STRAIGHT AND LEVEL,DRY,NO DEFECTS,ON SCENE,INJURY AND / OR TOW DUE TO CRASH,Y,,Y,"OVER $1,500",11/06/2017 01:00:00 PM,UNABLE TO DETERMINE,UNABLE TO DETERMINE,2500,N,SPAULDING AVE,1413,,,,,,,2,NO INDICATION OF INJURY,0,0,0,0,0,2,0,12,2,11,41.926591953,-87.710962466,POINT (-87.710962466061 41.926591952538)
JA501150,,11/06/2017 12:56:00 PM,30,NO CONTROLS,NO CONTROLS,CLEAR,DAYLIGHT,TURNING,NOT DIVIDED,2,STRAIGHT AND LEVEL,DRY,NO DEFECTS,ON SCENE,INJURY AND / OR TOW DUE TO CRASH,,,,"OVER $1,500",11/06/2017 12:57:00 PM,IMPROPER BACKING,UNABLE TO DETERMINE,812,N,SANGAMON ST,1213,,,,,,,2,NO INDICATION OF INJURY,0,0,0,0,0,2,0,12,2,11,41.896756871,-87.652005151,POINT (-87.652005151213 41.896756871262)
JA501177,,11/06/2017 01:00:00 PM,30,NO CONTROLS,NO CONTROLS,CLEAR,DAYLIGHT,PARKED MOTOR VEHICLE,NOT DIVIDED,2,STRAIGHT AND LEVEL,DRY,NO DEFECTS,NOT ON SCENE (DESK REPORT),NO INJURY / DRIVE AWAY,,,,"OVER $1,500",11/06/2017 01:44:00 PM,FAILING TO REDUCE SPEED TO AVOID CRASH,DRIVING SKILLS/KNOWLEDGE/EXPERIENCE,6531,S,LOWE AVE,723,,,,,,,2,NO INDICATION OF INJURY,0,0,0,0,0,1,0,13,2,11,41.77525733,-87.640603392,POINT (-87.640603392151 41.775257330488)
JA506335,,11/06/2017 01:00:00 PM,5,NO CONTROLS,NO CONTROLS,CLEAR,DAYLIGHT,PARKED MOTOR VEHICLE,PARKING LOT,1,STRAIGHT AND LEVEL,DRY,NO DEFECTS,NOT ON SCENE (DESK REPORT),NO INJURY / DRIVE AWAY,,,Y,"$501 - $1,500",11/10/2017 11:24:00 AM,UNABLE TO DETERMINE,UNABLE TO DETERMINE,2021,S,MORGAN ST,1235,,,,,,,2,NO INDICATION OF INJURY,0,0,0,0,0,1,0,13,2,11,41.854614759,-87.651322092,POINT (-87.651322092184 41.854614758541)
JA501143,,11/06/2017 01:10:00 PM,20,NO CONTROLS,NO CONTROLS,CLEAR,DAYLIGHT,PARKED MOTOR VEHICLE,NOT DIVIDED,4,STRAIGHT AND LEVEL,DRY,NO DEFECTS,ON SCENE,NO INJURY / DRIVE AWAY,,,Y,"$501 - $1,500",11/06/2017 01:26:00 PM,IMPROPER BACKING,UNABLE TO DETERMINE,751,N,HUDSON AVE,1831,,,,,,,2,NO INDICATION OF INJURY,0,0,0,0,0,1,0,13,2,11,41.896312238,-87.639897697,POINT (-87.639897697492 41.896312237656)
JA501187,,11/06/2017 01:15:00 PM,30,NO CONTROLS,NO CONTROLS,CLEAR,DAYLIGHT,TURNING,DRIVEWAY,2,STRAIGHT AND LEVEL,DRY,UNKNOWN,NOT ON SCENE (DESK REPORT),NO INJURY / DRIVE AWAY,,,,"OVER $1,500",11/06/2017 01:45:00 PM,IMPROPER OVERTAKING/PASSING,DRIVING SKILLS/KNOWLEDGE/EXPERIENCE,2809,N,ASHLAND AVE,1932,,,,,,,2,NO INDICATION OF INJURY,0,0,0,0,0,3,0,13,2,11,41.932703032,-87.668259414,POINT (-87.668259414204 41.932703031634)
JA501190,,11/06/2017 01:20:00 PM,30,TRAFFIC SIGNAL,FUNCTIONING PROPERLY,CLEAR,DAYLIGHT,SIDESWIPE SAME DIRECTION,NOT DIVIDED,,STRAIGHT AND LEVEL,DRY,NO DEFECTS,ON SCENE,INJURY AND / OR TOW DUE TO CRASH,Y,,Y,"$501 - $1,500",11/06/2017 01:33:00 PM,"OPERATING VEHICLE IN ERRATIC, RECKLESS, CARELESS, NEGLIGENT OR AGGRESSIVE MANNER",EXCEEDING SAFE SPEED FOR CONDITIONS,1430,W,99TH ST,2213,,,,,,,2,NO INDICATION OF INJURY,0,0,0,0,0,2,0,13,2,11,41.71412496,-87.658817865,POINT (-87.658817865209 41.714124960085)
JA501192,,11/06/2017 01:25:00 PM,30,TRAFFIC SIGNAL,FUNCTIONING PROPERLY,CLOUDY/OVERCAST,DAYLIGHT,SIDESWIPE SAME DIRECTION,NOT DIVIDED,3,STRAIGHT ON GRADE,UNKNOWN,UNKNOWN,NOT ON SCENE (DESK REPORT),NO INJURY / DRIVE AWAY,,,,"OVER $1,500",11/06/2017 01:45:00 PM,FAILING TO YIELD RIGHT-OF-WAY,FAILING TO YIELD RIGHT-OF-WAY,1600,W,111TH ST,2234,,,,Y,UNKNOWN,,2,NO INDICATION OF INJURY,0,0,0,0,0,3,0,13,2,11,41.692226504,-87.661920015,POINT (-87.661920015286 41.692226503626)
JA501176,,11/06/2017 01:26:00 PM,30,NO CONTROLS,NO CONTROLS,CLEAR,DAYLIGHT,SIDESWIPE OPPOSITE DIRECTION,DIVIDED - W/MEDIAN (NOT RAISED),2,STRAIGHT AND LEVEL,DRY,NO DEFECTS,ON SCENE,INJURY AND / OR TOW DUE TO CRASH,,,Y,"OVER $1,500",11/06/2017 01:26:00 PM,"OPERATING VEHICLE IN ERRATIC, RECKLESS, CARELESS, NEGLIGENT OR AGGRESSIVE MANNER",FAILING TO REDUCE SPEED TO AVOID CRASH,2116,W,CERMAK RD,1234,,,,,,,5,NONINCAPACITATING INJURY,1,0,0,1,0,3,0,13,2,11,41.852236264,-87.679026504,POINT (-87.679026503985 41.852236263915)
JA501593,,11/06/2017 01:30:00 PM,30,NO CONTROLS,NO CONTROLS,CLEAR,DAYLIGHT,SIDESWIPE SAME DIRECTION,DIVIDED - W/MEDIAN BARRIER,4,STRAIGHT AND LEVEL,DRY,NO DEFECTS,NOT ON SCENE (DESK REPORT),NO INJURY / DRIVE AWAY,,,,$500 OR LESS,11/06/2017 06:10:00 PM,FAILING TO YIELD RIGHT-OF-WAY,NOT APPLICABLE,1544,S,ASHLAND AVE,1233,,,,Y,MAINTENANCE,Y,2,NO INDICATION OF INJURY,0,0,0,0,0,2,0,13,2,11,41.860153958,-87.666359545,POINT (-87.666359545025 41.860153957847)
JA501193,,11/06/2017 01:30:00 PM,30,TRAFFIC SIGNAL,FUNCTIONING PROPERLY,CLEAR,DAYLIGHT,REAR END,DIVIDED - W/MEDIAN (NOT RAISED),2,STRAIGHT AND LEVEL,DRY,NO DEFECTS,NOT ON SCENE (DESK REPORT),NO INJURY / DRIVE AWAY,,,,"$501 - $1,500",11/06/2017 01:45:00 PM,DISTRACTION - FROM INSIDE VEHICLE,NOT APPLICABLE,1203,W,PRATT BLVD,2432,,,,,,,2,NO INDICATION OF INJURY,0,0,0,0,0,3,0,13,2,11,42.005427468,-87.661129925,POINT (-87.661129924537 42.005427467793)
JA501226,,11/06/2017 01:30:00 PM,20,NO CONTROLS,NO CONTROLS,CLEAR,DAYLIGHT,PARKED MOTOR VEHICLE,ONE-WAY,1,STRAIGHT AND LEVEL,DRY,NO DEFECTS,ON SCENE,INJURY AND / OR TOW DUE TO CRASH,,,,"$501 - $1,500",11/06/2017 01:48:00 PM,PHYSICAL CONDITION OF DRIVER,PHYSICAL CONDITION OF DRIVER,3115,N,RIDGEWAY AVE,2523,,,,,,,3,NO INDICATION OF INJURY,0,0,0,0,0,1,0,13,2,11,41.937619521,-87.720505547,POINT (-87.720505547315 41.937619520776)
JA501262,,11/06/2017 01:30:00 PM,30,TRAFFIC SIGNAL,FUNCTIONING PROPERLY,CLEAR,DAYLIGHT,ANGLE,NOT DIVIDED,,STRAIGHT AND LEVEL,DRY,NO DEFECTS,NOT ON SCENE (DESK REPORT),NO INJURY / DRIVE AWAY,,,Y,"OVER $1,500",11/06/2017 02:30:00 PM,NOT APPLICABLE,NOT APPLICABLE,7900,S,KEDZIE AVE,834,,,,,,,2,NO INDICATION OF INJURY,0,0,0,0,0,2,0,13,2,11,41.749723972,-87.702539572,POINT (-87.702539571674 41.749723971726)
JA501206,,11/06/2017 01:30:00 PM,30,NO CONTROLS,NO CONTROLS,CLEAR,DAYLIGHT,FIXED OBJECT,NOT DIVIDED,2,STRAIGHT AND LEVEL,DRY,NO DEFECTS,ON SCENE,NO INJURY / DRIVE AWAY,,,,"OVER $1,500",11/06/2017 01:55:00 PM,UNABLE TO DETERMINE,FAILING TO REDUCE SPEED TO AVOID CRASH,600,E,GRAND AVE,1834,,,,,,,1,NO INDICATION OF INJURY,0,0,0,0,0,1,0,13,2,11,41.892094137,-87.611569884,POINT (-87.611569883947 41.892094136862)
JA501231,,11/06/2017 01:30:00 PM,30,STOP SIGN/FLASHER,FUNCTIONING PROPERLY,CLEAR,DAYLIGHT,REAR END,NOT DIVIDED,2,STRAIGHT AND LEVEL,DRY,NO DEFECTS,NOT ON SCENE (DESK REPORT),NO INJURY / DRIVE AWAY,,,Y,$500 OR LESS,11/06/2017 02:20:00 PM,UNABLE TO DETERMINE,UNABLE TO DETERMINE,1601,W,19TH ST,1234,,,,,,,2,NO INDICATION OF INJURY,0,0,0,0,0,2,0,13,2,11,41.855862987,-87.666118867,POINT (-87.666118867343 41.8558629865)
JA501158,Y,11/06/2017 01:30:00 PM,30,STOP SIGN/FLASHER,FUNCTIONING PROPERLY,CLEAR,DAYLIGHT,TURNING,OTHER,1,STRAIGHT AND LEVEL,DRY,NO DEFECTS,ON SCENE,NO INJURY / DRIVE AWAY,Y,,,"OVER $1,500",11/06/2017 01:30:00 PM,FAILING TO YIELD RIGHT-OF-WAY,NOT APPLICABLE,5900,S,MOZART ST,824,,,,,,,2,NO INDICATION OF INJURY,0,0,0,0,0,2,0,13,2,11,41.78629249,-87.694959437,POINT (-87.694959437179 41.786292489904)
JA501195,,11/06/2017 01:40:00 PM,30,NO CONTROLS,UNKNOWN,CLEAR,DAYLIGHT,SIDESWIPE SAME DIRECTION,NOT DIVIDED,,STRAIGHT AND LEVEL,DRY,NO DEFECTS,ON SCENE,NO INJURY / DRIVE AWAY,,,,"$501 - $1,500",11/06/2017 01:41:00 PM,UNABLE TO DETERMINE,NOT APPLICABLE,2341,W,PRATT BLVD,2412,,,,,,,2,NO INDICATION OF INJURY,0,0,0,0,0,2,0,13,2,11,42.004931065,-87.689584268,POINT (-87.689584267506 42.004931064962)
JA501301,,11/06/2017 01:41:00 PM,25,NO CONTROLS,NO CONTROLS,CLEAR,DAYLIGHT,PARKED MOTOR VEHICLE,DIVIDED - W/MEDIAN (NOT RAISED),4,STRAIGHT AND LEVEL,DRY,NO DEFECTS,ON SCENE,INJURY AND / OR TOW DUE TO CRASH,,,,"OVER $1,500",11/06/2017 03:04:00 PM,DRIVING SKILLS/KNOWLEDGE/EXPERIENCE,DRIVING SKILLS/KNOWLEDGE/EXPERIENCE,5100,W,ROOSEVELT RD,1533,,,,,,,3,NO INDICATION OF INJURY,0,0,0,0,0,1,0,13,2,11,41.865896185,-87.752146215,POINT (-87.752146215252 41.865896185374)
JA501463,,11/06/2017 01:45:00 PM,30,NO CONTROLS,FUNCTIONING PROPERLY,CLEAR,DAYLIGHT,SIDESWIPE SAME DIRECTION,ONE-WAY,4,STRAIGHT AND LEVEL,DRY,NO DEFECTS,NOT ON SCENE (DESK REPORT),NO INJURY / DRIVE AWAY,,,Y,"OVER $1,500",11/06/2017 06:00:00 PM,IMPROPER OVERTAKING/PASSING,IMPROPER OVERTAKING/PASSING,2500,W,VAN BUREN ST,1125,,,,,,,2,NO INDICATION OF INJURY,0,0,0,0,0,2,0,13,2,11,41.876173544,-87.688801199,POINT (-87.688801199428 41.876173543741)
JA501276,Y,11/06/2017 01:45:00 PM,30,TRAFFIC SIGNAL,FUNCTIONING PROPERLY,CLEAR,DAYLIGHT,TURNING,NOT DIVIDED,2,STRAIGHT AND LEVEL,DRY,NO DEFECTS,NOT ON SCENE (DESK REPORT),NO INJURY / DRIVE AWAY,,,,"OVER $1,500",11/06/2017 02:46:00 PM,IMPROPER LANE USAGE,NOT APPLICABLE,898,W,ADAMS ST,1232,,,,,,,2,NO INDICATION OF INJURY,0,0,0,0,0,2,0,13,2,11,41.87928972,-87.649562824,POINT (-87.649562824355 41.879289720261)
JA501328,,11/06/2017 01:50:00 PM,30,NO CONTROLS,NO CONTROLS,CLEAR,DAYLIGHT,FIXED OBJECT,DIVIDED - W/MEDIAN BARRIER,4,STRAIGHT ON HILLCREST,UNKNOWN,UNKNOWN,ON SCENE,NO INJURY / DRIVE AWAY,,,,$500 OR LESS,11/06/2017 01:56:00 PM,NOT APPLICABLE,NOT APPLICABLE,450,N,SACRAMENTO BLVD,1221,,,,,,,1,NO INDICATION OF INJURY,0,0,0,0,0,1,0,13,2,11,41.88982181,-87.70170856,POINT (-87.701708560122 41.889821810046)
JA501633,,11/06/2017 02:00:00 PM,30,TRAFFIC SIGNAL,FUNCTIONING PROPERLY,CLEAR,DAYLIGHT,REAR END,ONE-WAY,,STRAIGHT AND LEVEL,DRY,NO DEFECTS,NOT ON SCENE (DESK REPORT),INJURY AND / OR TOW DUE TO CRASH,,,,"$501 - $1,500",11/06/2017 06:40:00 PM,UNABLE TO DETERMINE,UNABLE TO DETERMINE,7505,S,STONY ISLAND AVE,411,,,,,,,2,"REPORTED, NOT EVIDENT",1,0,0,0,1,1,0,14,2,11,41.758606761,-87.58558844,POINT (-87.585588440432 41.758606761304)
JA502294,,11/06/2017 02:00:00 PM,15,NO CONTROLS,NO CONTROLS,CLEAR,DAYLIGHT,ANGLE,PARKING LOT,1,STRAIGHT AND LEVEL,DRY,NO DEFECTS,NOT ON SCENE (DESK REPORT),NO INJURY / DRIVE AWAY,,Y,,"OVER $1,500",11/07/2017 10:40:00 AM,FAILING TO YIELD RIGHT-OF-WAY,UNABLE TO DETERMINE,4315,S,PULASKI RD,821,,,,,,,2,NO INDICATION OF INJURY,0,0,0,0,0,2,0,14,2,11,41.814709907,-87.723696703,POINT (-87.723696703427 41.81470990684)
JA501273,,11/06/2017 02:10:00 PM,30,STOP SIGN/FLASHER,FUNCTIONING PROPERLY,CLEAR,DAYLIGHT,ANGLE,DIVIDED - W/MEDIAN (NOT RAISED),2,STRAIGHT AND LEVEL,DRY,UNKNOWN,NOT ON SCENE (DESK REPORT),INJURY AND / OR TOW DUE TO CRASH,Y,,,"OVER $1,500",11/06/2017 02:30:00 PM,DISREGARDING STOP SIGN,UNABLE TO DETERMINE,8500,S,HOLLAND RD,622,,,,,,,2,"REPORTED, NOT EVIDENT",1,0,0,0,1,2,0,14,2,11,41.739896706,-87.632089065,POINT (-87.632089065232 41.739896705621)
JA501369,,11/06/2017 02:12:00 PM,0,NO CONTROLS,NO CONTROLS,CLEAR,DAYLIGHT,REAR END,DIVIDED - W/MEDIAN (NOT RAISED),4,STRAIGHT AND LEVEL,DRY,NO DEFECTS,NOT ON SCENE (DESK REPORT),NO INJURY / DRIVE AWAY,,,,"OVER $1,500",11/06/2017 03:52:00 PM,FAILING TO REDUCE SPEED TO AVOID CRASH,DRIVING SKILLS/KNOWLEDGE/EXPERIENCE,5687,S,ARCHER AVE,814,,,,,,,2,NO INDICATION OF INJURY,0,0,0,0,0,2,0,14,2,11,41.796968606,-87.753523668,POINT (-87.75352366806 41.796968605758)
JA501421,,11/06/2017 02:20:00 PM,30,TRAFFIC SIGNAL,FUNCTIONING PROPERLY,CLEAR,DAYLIGHT,SIDESWIPE SAME DIRECTION,ONE-WAY,,STRAIGHT AND LEVEL,DRY,NO DEFECTS,NOT ON SCENE (DESK REPORT),NO INJURY / DRIVE AWAY,,,Y,"OVER $1,500",11/06/2017 04:20:00 PM,UNABLE TO DETERMINE,NOT APPLICABLE,1200,W,VAN BUREN ST,1231,,,,,,,2,NO INDICATION OF INJURY,0,0,0,0,0,2,0,14,2,11,41.876628428,-87.657054091,POINT (-87.657054091457 41.876628428249)
JA501319,,11/06/2017 02:22:00 PM,30,TRAFFIC SIGNAL,FUNCTIONING PROPERLY,CLEAR,DAYLIGHT,SIDESWIPE SAME DIRECTION,DIVIDED - W/MEDIAN BARRIER,,STRAIGHT AND LEVEL,DRY,NO DEFECTS,ON SCENE,NO INJURY / DRIVE AWAY,,,,"$501 - $1,500",11/06/2017 03:00:00 PM,IMPROPER LANE USAGE,NOT APPLICABLE,4650,S,CICERO AVE,814,,,,,,,2,NO INDICATION OF INJURY,0,0,0,0,0,2,0,14,2,11,41.807938965,-87.743304496,POINT (-87.743304496048 41.807938965397)
JA501407,,11/06/2017 02:23:00 PM,30,NO CONTROLS,NO CONTROLS,CLEAR,DAYLIGHT,PEDESTRIAN,PARKING LOT,,STRAIGHT AND LEVEL,DRY,NO DEFECTS,,INJURY AND / OR TOW DUE TO CRASH,,,N,$500 OR LESS,11/06/2017 02:24:00 PM,FAILING TO REDUCE SPEED TO AVOID CRASH,UNABLE TO DETERMINE,8832,S,COMMERCIAL AVE,423,,,,,,,2,INCAPACITATING INJURY,1,0,1,0,0,1,0,14,2,11,41.734556954,-87.551514168,POINT (-87.551514168042 41.734556954349)
JA501289,,11/06/2017 02:25:00 PM,30,NO CONTROLS,NO CONTROLS,CLEAR,DAYLIGHT,SIDESWIPE SAME DIRECTION,DIVIDED - W/MEDIAN (NOT RAISED),4,STRAIGHT AND LEVEL,UNKNOWN,UNKNOWN,ON SCENE,NO INJURY / DRIVE AWAY,,,,"OVER $1,500",11/06/2017 02:30:00 PM,UNABLE TO DETERMINE,NOT APPLICABLE,7069,N,WESTERN AVE,2411,,,,,,,2,NO INDICATION OF INJURY,0,0,0,0,0,9,0,14,2,11,42.010628298,-87.690064261,POINT (-87.690064261311 42.010628297883)
JA501272,,11/06/2017 02:29:00 PM,5,OTHER REG. SIGN,FUNCTIONING PROPERLY,CLOUDY/OVERCAST,DAYLIGHT,REAR END,DIVIDED - W/MEDIAN BARRIER,22,"CURVE, LEVEL",DRY,NO DEFECTS,ON SCENE,NO INJURY / DRIVE AWAY,,Y,Y,"OVER $1,500",11/06/2017 02:29:00 PM,DISREGARDING OTHER TRAFFIC SIGNS,UNABLE TO DETERMINE,8800,S,CHICAGO SKYWAY OB,412,,,,,,,2,NO INDICATION OF INJURY,0,0,0,0,0,2,0,14,2,11,,,
JA501608,,11/06/2017 02:30:00 PM,30,NO CONTROLS,NO CONTROLS,CLEAR,DAYLIGHT,REAR END,NOT DIVIDED,,STRAIGHT AND LEVEL,DRY,NO DEFECTS,NOT ON SCENE (DESK REPORT),NO INJURY / DRIVE AWAY,,,,"$501 - $1,500",11/06/2017 06:30:00 PM,FOLLOWING TOO CLOSELY,FOLLOWING TOO CLOSELY,7500,S,STONY ISLAND AVE,411,,,,,,,2,NO INDICATION OF INJURY,0,0,0,0,0,2,0,14,2,11,41.758715467,-87.586280965,POINT (-87.586280964844 41.758715466706)
JA501316,,11/06/2017 02:30:00 PM,30,NO CONTROLS,NO CONTROLS,CLEAR,DAYLIGHT,PARKED MOTOR VEHICLE,NOT DIVIDED,1,STRAIGHT AND LEVEL,DRY,NO DEFECTS,ON SCENE,NO INJURY / DRIVE AWAY,,,Y,"OVER $1,500",11/06/2017 02:54:00 PM,"OPERATING VEHICLE IN ERRATIC, RECKLESS, CARELESS, NEGLIGENT OR AGGRESSIVE MANNER",NOT APPLICABLE,1557,W,ARBOUR PL,1215,,,,,,,7,NO INDICATION OF INJURY,0,0,0,0,0,1,0,14,2,11,41.888138067,-87.666637283,POINT (-87.666637282649 41.888138066725)
JA501548,,11/06/2017 02:30:00 PM,30,TRAFFIC SIGNAL,FUNCTIONING PROPERLY,CLEAR,DAYLIGHT,REAR END,DIVIDED - W/MEDIAN (NOT RAISED),4,STRAIGHT AND LEVEL,DRY,NO DEFECTS,ON SCENE,INJURY AND / OR TOW DUE TO CRASH,Y,,Y,"OVER $1,500",11/06/2017 05:30:00 PM,FAILING TO REDUCE SPEED TO AVOID CRASH,UNABLE TO DETERMINE,801,S,HALSTED ST,1232,,,,,,,2,NO INDICATION OF INJURY,0,0,0,0,0,2,0,14,2,11,41.871857594,-87.646872904,POINT (-87.646872904102 41.871857594377)
JA501416,,11/06/2017 02:32:00 PM,30,NO CONTROLS,NO CONTROLS,CLEAR,DAYLIGHT,PARKED MOTOR VEHICLE,ONE-WAY,1,STRAIGHT AND LEVEL,DRY,NO DEFECTS,NOT ON SCENE (DESK REPORT),NO INJURY / DRIVE AWAY,,,N,$500 OR LESS,11/06/2017 04:10:00 PM,DRIVING SKILLS/KNOWLEDGE/EXPERIENCE,NOT APPLICABLE,1250,S,UNION AVE,1232,,,,,,,2,NO INDICATION OF INJURY,0,0,0,0,0,2,0,14,2,11,41.865784541,-87.645214774,POINT (-87.645214773503 41.865784541222)
JA501353,,11/06/2017 02:35:00 PM,30,NO CONTROLS,NO CONTROLS,CLEAR,DAYLIGHT,PARKED MOTOR VEHICLE,ONE-WAY,,STRAIGHT AND LEVEL,DRY,NO DEFECTS,NOT ON SCENE (DESK REPORT),NO INJURY / DRIVE AWAY,,,Y,"OVER $1,500",11/06/2017 03:20:00 PM,UNABLE TO DETERMINE,NOT APPLICABLE,749,W,OHIO ST,1214,,,,,,,2,NO INDICATION OF INJURY,0,0,0,0,0,1,0,14,2,11,41.892135314,-87.647545913,POINT (-87.647545913359 41.892135313918)
JA501324,,11/06/2017 02:40:00 PM,30,TRAFFIC SIGNAL,FUNCTIONING PROPERLY,CLEAR,DAYLIGHT,SIDESWIPE SAME DIRECTION,NOT DIVIDED,4,STRAIGHT AND LEVEL,DRY,"RUT, HOLES",NOT ON SCENE (DESK REPORT),NO INJURY / DRIVE AWAY,,,Y,"$501 - $1,500",11/06/2017 03:15:00 PM,UNABLE TO DETERMINE,UNABLE TO DETERMINE,6700,S,ASHLAND AVE,725,,,,,,,2,NO INDICATION OF INJURY,0,0,0,0,0,2,0,14,2,11,41.772098233,-87.664164618,POINT (-87.664164617596 41.77209823278)
JA501263,,11/06/2017 02:40:00 PM,25,NO CONTROLS,NO CONTROLS,CLEAR,DAYLIGHT,REAR END,NOT DIVIDED,2,STRAIGHT AND LEVEL,DRY,NO DEFECTS,ON SCENE,NO INJURY / DRIVE AWAY,,,,"OVER $1,500",11/06/2017 02:40:00 PM,FOLLOWING TOO CLOSELY,FAILING TO REDUCE SPEED TO AVOID CRASH,4502,W,DIVERSEY AVE,2521,,,,,,,2,NO INDICATION OF INJURY,0,0,0,0,0,2,0,14,2,11,41.93173765,-87.739389746,POINT (-87.739389746434 41.93173765)
JA501290,,11/06/2017 02:42:00 PM,10,NO CONTROLS,NO CONTROLS,CLEAR,DAYLIGHT,HEAD ON,PARKING LOT,1,STRAIGHT AND LEVEL,DRY,NO DEFECTS,NOT ON SCENE (DESK REPORT),NO INJURY / DRIVE AWAY,,,,$500 OR LESS,11/06/2017 02:52:00 PM,UNABLE TO DETERMINE,UNABLE TO DETERMINE,424,W,DIVISION ST,1821,,,,,,,2,NO INDICATION OF INJURY,0,0,0,0,0,3,0,14,2,11,41.903883961,-87.639437202,POINT (-87.639437201552 41.90388396114)