RD_NO,CRASH_DATE_EST_I,CRASH_DATE,POSTED_SPEED_LIMIT,TRAFFIC_CONTROL_DEVICE,DEVICE_CONDITION,WEATHER_CONDITION,LIGHTING_CONDITION,FIRST_CRASH_TYPE,TRAFFICWAY_TYPE,LANE_CNT,ALIGNMENT,ROADWAY_SURFACE_COND,ROAD_DEFECT,REPORT_TYPE,CRASH_TYPE,INTERSECTION_RELATED_I,NOT_RIGHT_OF_WAY_I,HIT_AND_RUN_I,DAMAGE,DATE_POLICE_NOTIFIED,PRIM_CONTRIBUTORY_CAUSE,SEC_CONTRIBUTORY_CAUSE,STREET_NO,STREET_DIRECTION,STREET_NAME,BEAT_OF_OCCURRENCE,PHOTOS_TAKEN_I,STATEMENTS_TAKEN_I,DOORING_I,WORK_ZONE_I,WORK_ZONE_TYPE,WORKERS_PRESENT_I,NUM_UNITS,MOST_SEVERE_INJURY,INJURIES_TOTAL,INJURIES_FATAL,INJURIES_INCAPACITATING,INJURIES_NON_INCAPACITATING,INJURIES_REPORTED_NOT_EVIDENT,INJURIES_NO_INDICATION,INJURIES_UNKNOWN,CRASH_HOUR,CRASH_DAY_OF_WEEK,CRASH_MONTH,LATITUDE,LONGITUDE,LOCATION
JA501536,,11/06/2017 05:00:00 PM,30,NO CONTROLS,NO CONTROLS,CLEAR,"DARKNESS, LIGHTED ROAD",SIDESWIPE SAME DIRECTION,NOT DIVIDED,,STRAIGHT AND LEVEL,DRY,NO DEFECTS,NOT ON SCENE (DESK REPORT),NO INJURY / DRIVE AWAY,,,,"$501 - $1,500",11/06/2017 05:43:00 PM,IMPROPER OVERTAKING/PASSING,IMPROPER OVERTAKING/PASSING,8700,S,STONY ISLAND AVE,412,,,,,,,2,NO INDICATION OF INJURY,0,0,0,0,0,2,0,17,2,11,41.73682263,-87.58578342,POINT (-87.585783420329 41.736822630157)
JA501498,,11/06/2017 05:00:00 PM,30,NO CONTROLS,NO CONTROLS,CLEAR,"DARKNESS, LIGHTED ROAD",OTHER NONCOLLISION,DIVIDED - W/MEDIAN BARRIER,4,STRAIGHT AND LEVEL,DRY,NO DEFECTS,ON SCENE,INJURY AND / OR TOW DUE TO CRASH,,,,"OVER $1,500",11/06/2017 05:07:00 PM,UNABLE TO DETERMINE,NOT APPLICABLE,3900,W,IRVING PARK RD,1723,,,,,,,1,NONINCAPACITATING INJURY,1,0,0,1,0,0,0,17,2,11,41.95379275,-87.72521004,POINT (-87.725210039985 41.953792750396)
JA501479,,11/06/2017 05:00:00 PM,30,NO CONTROLS,NO CONTROLS,CLEAR,DUSK,SIDESWIPE SAME DIRECTION,NOT DIVIDED,4,STRAIGHT AND LEVEL,DRY,NO DEFECTS,ON SCENE,INJURY AND / OR TOW DUE TO CRASH,,,Y,"$501 - $1,500",11/06/2017 05:00:00 PM,FAILING TO YIELD RIGHT-OF-WAY,IMPROPER OVERTAKING/PASSING,1755,N,AUSTIN AVE,2531,,,,,,,2,NO INDICATION OF INJURY,0,0,0,0,0,3,0,17,2,11,41.912702241,-87.775190199,POINT (-87.775190198691 41.912702240588)
JA501546,,11/06/2017 05:02:00 PM,30,TRAFFIC SIGNAL,FUNCTIONING PROPERLY,CLEAR,"DARKNESS, LIGHTED ROAD",REAR END,DIVIDED - W/MEDIAN (NOT RAISED),,STRAIGHT AND LEVEL,UNKNOWN,UNKNOWN,NOT ON SCENE (DESK REPORT),NO INJURY / DRIVE AWAY,,,,"$501 - $1,500",11/06/2017 05:45:00 PM,FOLLOWING TOO CLOSELY,UNABLE TO DETERMINE,1556,W,95TH ST,2221,,,,,,,2,NO INDICATION OF INJURY,0,0,0,0,0,2,0,17,2,11,41.721325751,-87.662625098,POINT (-87.662625097876 41.721325750833)
JA501519,,11/06/2017 05:10:00 PM,30,TRAFFIC SIGNAL,FUNCTIONING PROPERLY,CLEAR,DUSK,REAR END,NOT DIVIDED,2,STRAIGHT AND LEVEL,DRY,NO DEFECTS,NOT ON SCENE (DESK REPORT),NO INJURY / DRIVE AWAY,,,,"OVER $1,500",11/06/2017 05:50:00 PM,UNABLE TO DETERMINE,UNABLE TO DETERMINE,2884,W,19TH ST,1022,,,,,,,3,NO INDICATION OF INJURY,0,0,0,0,0,3,0,17,2,11,41.855617522,-87.69903343,POINT (-87.699033430403 41.855617522034)
JA501538,,11/06/2017 05:15:00 PM,30,NO CONTROLS,NO CONTROLS,CLEAR,DUSK,REAR END,DIVIDED - W/MEDIAN (NOT RAISED),2,STRAIGHT AND LEVEL,DRY,UNKNOWN,NOT ON SCENE (DESK REPORT),NO INJURY / DRIVE AWAY,,,,"OVER $1,500",11/06/2017 05:50:00 PM,FOLLOWING TOO CLOSELY,FOLLOWING TOO CLOSELY,3553,N,ELSTON AVE,1733,,,,,,,2,NO INDICATION OF INJURY,0,0,0,0,0,2,0,17,2,11,41.945932945,-87.707606507,POINT (-87.707606506762 41.945932945153)
JA501616,,11/06/2017 05:17:00 PM,30,NO CONTROLS,NO CONTROLS,CLEAR,DUSK,SIDESWIPE OPPOSITE DIRECTION,DIVIDED - W/MEDIAN (NOT RAISED),2,STRAIGHT AND LEVEL,DRY,UNKNOWN,NOT ON SCENE (DESK REPORT),NO INJURY / DRIVE AWAY,,,Y,"$501 - $1,500",11/06/2017 06:30:00 PM,UNABLE TO DETERMINE,UNABLE TO DETERMINE,2100,W,79TH ST,611,,,,,,,3,NO INDICATION OF INJURY,0,0,0,0,0,3,0,17,2,11,41.750308469,-87.675643593,POINT (-87.675643593212 41.750308468882)
JA501643,,11/06/2017 05:20:00 PM,30,TRAFFIC SIGNAL,UNKNOWN,CLEAR,DAWN,REAR END,DIVIDED - W/MEDIAN (NOT RAISED),4,STRAIGHT AND LEVEL,DRY,UNKNOWN,NOT ON SCENE (DESK REPORT),NO INJURY / DRIVE AWAY,,,,"$501 - $1,500",11/06/2017 06:45:00 PM,UNABLE TO DETERMINE,UNABLE TO DETERMINE,1200,N,PULASKI RD,2534,,,,,,,2,NO INDICATION OF INJURY,0,0,0,0,0,2,0,17,2,11,41.902713902,-87.726451457,POINT (-87.726451457158 41.902713901936)
JA501632,,11/06/2017 05:30:00 PM,30,NO CONTROLS,NO CONTROLS,CLEAR,"DARKNESS, LIGHTED ROAD",TURNING,DIVIDED - W/MEDIAN (NOT RAISED),2,STRAIGHT AND LEVEL,DRY,NO DEFECTS,NOT ON SCENE (DESK REPORT),NO INJURY / DRIVE AWAY,,,,"OVER $1,500",11/06/2017 06:30:00 PM,IMPROPER OVERTAKING/PASSING,IMPROPER LANE USAGE,5625,N,BROADWAY,2022,,,,,,,2,NO INDICATION OF INJURY,0,0,0,0,0,2,0,17,2,11,41.98440216,-87.65994556,POINT (-87.659945559696 41.984402160261)
JA502122,,11/06/2017 05:35:00 PM,25,STOP SIGN/FLASHER,FUNCTIONING PROPERLY,CLEAR,DUSK,REAR END,NOT DIVIDED,,STRAIGHT AND LEVEL,DRY,NO DEFECTS,NOT ON SCENE (DESK REPORT),NO INJURY / DRIVE AWAY,,,,"$501 - $1,500",11/07/2017 08:41:00 AM,UNABLE TO DETERMINE,UNABLE TO DETERMINE,332,S,KARLOV AVE,1132,,,,,,,2,NO INDICATION OF INJURY,0,0,0,0,0,6,0,17,2,11,41.87609904,-87.728113166,POINT (-87.728113165756 41.876099040482)
JA511891,,11/06/2017 05:40:00 PM,30,TRAFFIC SIGNAL,FUNCTIONING PROPERLY,CLEAR,DAWN,TURNING,NOT DIVIDED,,STRAIGHT AND LEVEL,DRY,NO DEFECTS,NOT ON SCENE (DESK REPORT),NO INJURY / DRIVE AWAY,,,,"OVER $1,500",11/14/2017 06:02:00 PM,NOT APPLICABLE,NOT APPLICABLE,3140,S,ASHLAND AVE,912,,,,,,,2,NO INDICATION OF INJURY,0,0,0,0,0,2,0,17,2,11,41.836611604,-87.66586427,POINT (-87.665864269893 41.836611603943)
JA501644,,11/06/2017 05:45:00 PM,30,TRAFFIC SIGNAL,FUNCTIONING PROPERLY,CLEAR,"DARKNESS, LIGHTED ROAD",TURNING,DIVIDED - W/MEDIAN (NOT RAISED),,STRAIGHT AND LEVEL,DRY,NO DEFECTS,NOT ON SCENE (DESK REPORT),NO INJURY / DRIVE AWAY,Y,,,"OVER $1,500",11/06/2017 06:30:00 PM,UNABLE TO DETERMINE,UNABLE TO DETERMINE,3130,S,ARCHER AVE,912,,,,,,,2,NO INDICATION OF INJURY,0,0,0,0,0,2,0,17,2,11,41.837177985,-87.666800705,POINT (-87.666800704746 41.837177985257)
JA501697,,11/06/2017 05:45:00 PM,30,NO CONTROLS,NO CONTROLS,CLEAR,DAWN,SIDESWIPE SAME DIRECTION,DIVIDED - W/MEDIAN (NOT RAISED),4,STRAIGHT AND LEVEL,DRY,UNKNOWN,NOT ON SCENE (DESK REPORT),NO INJURY / DRIVE AWAY,,,,"$501 - $1,500",11/06/2017 07:15:00 PM,UNABLE TO DETERMINE,UNABLE TO DETERMINE,1100,W,RANDOLPH ST,1224,,,,,,,2,NO INDICATION OF INJURY,0,0,0,0,0,2,0,17,2,11,41.884392892,-87.654497553,POINT (-87.654497553324 41.884392892022)
JA501752,,11/06/2017 05:48:00 PM,30,NO CONTROLS,NO CONTROLS,CLEAR,"DARKNESS, LIGHTED ROAD",SIDESWIPE SAME DIRECTION,DIVIDED - W/MEDIAN (NOT RAISED),2,STRAIGHT AND LEVEL,DRY,UNKNOWN,NOT ON SCENE (DESK REPORT),NO INJURY / DRIVE AWAY,,,Y,"$501 - $1,500",11/06/2017 08:00:00 PM,IMPROPER OVERTAKING/PASSING,UNABLE TO DETERMINE,7453,S,STATE ST,323,,,,,,,2,NO INDICATION OF INJURY,0,0,0,0,0,2,0,17,2,11,41.758432673,-87.624617996,POINT (-87.624617995736 41.758432672754)
JA501585,,11/06/2017 05:50:00 PM,30,NO CONTROLS,UNKNOWN,CLEAR,"DARKNESS, LIGHTED ROAD",REAR END,NOT DIVIDED,2,STRAIGHT AND LEVEL,DRY,"RUT, HOLES",ON SCENE,INJURY AND / OR TOW DUE TO CRASH,,,,$500 OR LESS,11/06/2017 06:05:00 PM,FAILING TO REDUCE SPEED TO AVOID CRASH,FOLLOWING TOO CLOSELY,3810,W,63RD ST,823,,,,,,,2,"REPORTED, NOT EVIDENT",1,0,0,0,1,1,0,17,2,11,41.778836517,-87.71836139,POINT (-87.71836138998 41.778836516735)
JA501612,,11/06/2017 05:50:00 PM,30,NO CONTROLS,NO CONTROLS,CLEAR,"DARKNESS, LIGHTED ROAD",PEDALCYCLIST,ALLEY,1,STRAIGHT AND LEVEL,DRY,UNKNOWN,ON SCENE,INJURY AND / OR TOW DUE TO CRASH,Y,,,"OVER $1,500",11/06/2017 06:05:00 PM,FAILING TO YIELD RIGHT-OF-WAY,NOT APPLICABLE,5650,N,GLENWOOD AVE,2013,,,,,,,2,INCAPACITATING INJURY,1,0,1,0,0,1,0,17,2,11,41.985037653,-87.665144118,POINT (-87.665144118264 41.985037652725)
JA501601,,11/06/2017 05:52:00 PM,30,NO CONTROLS,NO CONTROLS,CLEAR,"DARKNESS, LIGHTED ROAD",SIDESWIPE SAME DIRECTION,DIVIDED - W/MEDIAN (NOT RAISED),4,STRAIGHT AND LEVEL,DRY,NO DEFECTS,ON SCENE,INJURY AND / OR TOW DUE TO CRASH,,,,"OVER $1,500",11/06/2017 06:00:00 PM,FAILING TO YIELD RIGHT-OF-WAY,NOT APPLICABLE,5698,N,RIDGE AVE,2013,,,,,,,3,NONINCAPACITATING INJURY,1,0,0,1,0,2,0,17,2,11,41.985439163,-87.663259855,POINT (-87.663259855189 41.985439163004)
JA502664,,11/06/2017 06:00:00 PM,35,NO CONTROLS,NO CONTROLS,CLEAR,DARKNESS,REAR END,NOT DIVIDED,,STRAIGHT AND LEVEL,DRY,NO DEFECTS,NOT ON SCENE (DESK REPORT),NO INJURY / DRIVE AWAY,,,,"OVER $1,500",11/07/2017 03:20:00 PM,FOLLOWING TOO CLOSELY,FAILING TO REDUCE SPEED TO AVOID CRASH,5409,S,HARLEM AVE,811,,,,,,,2,NO INDICATION OF INJURY,0,0,0,0,0,2,0,18,2,11,41.793632715,-87.801433272,POINT (-87.801433272108 41.793632714801)
JA501609,,11/06/2017 06:00:00 PM,30,TRAFFIC SIGNAL,FUNCTIONING PROPERLY,CLEAR,"DARKNESS, LIGHTED ROAD",ANGLE,NOT DIVIDED,2,STRAIGHT AND LEVEL,DRY,NO DEFECTS,ON SCENE,INJURY AND / OR TOW DUE TO CRASH,Y,,,"OVER $1,500",11/06/2017 06:07:00 PM,DISREGARDING OTHER TRAFFIC SIGNS,FAILING TO YIELD RIGHT-OF-WAY,6700,S,NORMAL BLVD,722,,,,,,,2,NONINCAPACITATING INJURY,2,0,0,2,0,2,0,18,2,11,41.772570787,-87.637454536,POINT (-87.63745453644 41.772570786573)
JA503070,,11/06/2017 06:00:00 PM,30,NO CONTROLS,NO CONTROLS,CLEAR,"DARKNESS, LIGHTED ROAD",TURNING,NOT DIVIDED,,STRAIGHT AND LEVEL,DRY,NO DEFECTS,NOT ON SCENE (DESK REPORT),NO INJURY / DRIVE AWAY,,,,"OVER $1,500",11/07/2017 07:30:00 PM,IMPROPER TURNING/NO SIGNAL,UNABLE TO DETERMINE,100,N,HALSTED ST,1224,,,,,,,2,NO INDICATION OF INJURY,0,0,0,0,0,3,0,18,2,11,41.883165736,-87.647551653,POINT (-87.647551652718 41.883165735675)
JA501554,,11/06/2017 06:00:00 PM,35,NO CONTROLS,NO CONTROLS,CLEAR,"DARKNESS, LIGHTED ROAD",SIDESWIPE SAME DIRECTION,DIVIDED - W/MEDIAN BARRIER,6,STRAIGHT AND LEVEL,DRY,UNKNOWN,ON SCENE,NO INJURY / DRIVE AWAY,,,,"$501 - $1,500",11/06/2017 06:03:00 PM,FAILING TO YIELD RIGHT-OF-WAY,DRIVING SKILLS/KNOWLEDGE/EXPERIENCE,8258,S,STONY ISLAND AVE,411,,,,,,,2,NO INDICATION OF INJURY,0,0,0,0,0,2,0,18,2,11,41.744288303,-87.585947011,POINT (-87.585947011459 41.744288303496)
JA501624,,11/06/2017 06:00:00 PM,30,STOP SIGN/FLASHER,FUNCTIONING PROPERLY,CLEAR,"DARKNESS, LIGHTED ROAD",ANGLE,NOT DIVIDED,,STRAIGHT AND LEVEL,DRY,NO DEFECTS,ON SCENE,NO INJURY / DRIVE AWAY,Y,,,$500 OR LESS,11/06/2017 06:00:00 PM,DISREGARDING STOP SIGN,DRIVING SKILLS/KNOWLEDGE/EXPERIENCE,6401,S,RACINE AVE,724,,,,,,,2,NO INDICATION OF INJURY,0,0,0,0,0,3,0,18,2,11,41.777704752,-87.654301208,POINT (-87.654301207752 41.777704752172)
JA501738,,11/06/2017 06:00:00 PM,30,NO CONTROLS,NO CONTROLS,CLEAR,DARKNESS,REAR END,ONE-WAY,,STRAIGHT AND LEVEL,DRY,NO DEFECTS,NOT ON SCENE (DESK REPORT),NO INJURY / DRIVE AWAY,,,Y,"$501 - $1,500",11/06/2017 07:53:00 PM,IMPROPER BACKING,UNABLE TO DETERMINE,10,E,JACKSON BLVD,113,,,,,,,2,NO INDICATION OF INJURY,0,0,0,0,0,2,0,18,2,11,41.878331549,-87.627323897,POINT (-87.627323897359 41.878331548565)
JA501598,Y,11/06/2017 06:00:00 PM,30,NO CONTROLS,NO CONTROLS,CLEAR,DAYLIGHT,REAR END,NOT DIVIDED,2,STRAIGHT AND LEVEL,DRY,NO DEFECTS,NOT ON SCENE (DESK REPORT),NO INJURY / DRIVE AWAY,,,,"OVER $1,500",11/06/2017 06:20:00 PM,FOLLOWING TOO CLOSELY,NOT APPLICABLE,200,W,ROOSEVELT RD,123,,,,,,,2,NO INDICATION OF INJURY,0,0,0,0,0,2,0,18,2,11,41.867441471,-87.633111061,POINT (-87.633111061471 41.867441470525)
JA501603,,11/06/2017 06:00:00 PM,35,STOP SIGN/FLASHER,FUNCTIONING PROPERLY,RAIN,DARKNESS,SIDESWIPE SAME DIRECTION,NOT DIVIDED,2,STRAIGHT AND LEVEL,DRY,NO DEFECTS,ON SCENE,INJURY AND / OR TOW DUE TO CRASH,,,,"OVER $1,500",11/06/2017 06:03:00 PM,IMPROPER LANE USAGE,DISTRACTION - FROM INSIDE VEHICLE,5400,S,CALIFORNIA AVE,923,,,,,,,2,NONINCAPACITATING INJURY,1,0,0,1,0,3,0,18,2,11,41.79542276,-87.693992356,POINT (-87.693992356462 41.795422759814)
JA501613,,11/06/2017 06:00:00 PM,30,NO CONTROLS,NO CONTROLS,CLEAR,DAYLIGHT,SIDESWIPE SAME DIRECTION,DIVIDED - W/MEDIAN (NOT RAISED),4,STRAIGHT AND LEVEL,DRY,NO DEFECTS,NOT ON SCENE (DESK REPORT),NO INJURY / DRIVE AWAY,,,,"OVER $1,500",11/06/2017 06:30:00 PM,IMPROPER OVERTAKING/PASSING,DRIVING SKILLS/KNOWLEDGE/EXPERIENCE,4400,S,CALIFORNIA AVE,922,,,,,,,2,NO INDICATION OF INJURY,0,0,0,0,0,2,0,18,2,11,41.813641687,-87.694514538,POINT (-87.694514537586 41.813641687374)
JA501614,,11/06/2017 06:05:00 PM,30,NO CONTROLS,NO CONTROLS,CLEAR,"DARKNESS, LIGHTED ROAD",FIXED OBJECT,DIVIDED - W/MEDIAN (NOT RAISED),,STRAIGHT AND LEVEL,DRY,"RUT, HOLES",NOT ON SCENE (DESK REPORT),NO INJURY / DRIVE AWAY,,,,"$501 - $1,500",11/06/2017 06:30:00 PM,ROAD ENGINEERING/SURFACE/MARKING DEFECTS,NOT APPLICABLE,1628,W,PRATT BLVD,2431,,,,,,,1,NO INDICATION OF INJURY,0,0,0,0,0,3,0,18,2,11,42.00547813,-87.671095996,POINT (-87.671095996119 42.005478130375)
JA501714,,11/06/2017 06:10:00 PM,30,NO CONTROLS,NO CONTROLS,CLEAR,"DARKNESS, LIGHTED ROAD",FIXED OBJECT,ONE-WAY,2,STRAIGHT AND LEVEL,DRY,UNKNOWN,ON SCENE,NO INJURY / DRIVE AWAY,,,,$500 OR LESS,11/06/2017 07:25:00 PM,UNABLE TO DETERMINE,UNABLE TO DETERMINE,255,E,GRAND AVE,1834,,,,,,,2,NO INDICATION OF INJURY,0,0,0,0,0,2,0,18,2,11,41.89168984,-87.620444135,POINT (-87.620444134826 41.891689839807)
JA510155,,11/06/2017 06:15:00 PM,30,NO CONTROLS,NO CONTROLS,CLEAR,DAYLIGHT,REAR END,NOT DIVIDED,3,STRAIGHT AND LEVEL,DRY,NO DEFECTS,NOT ON SCENE (DESK REPORT),NO INJURY / DRIVE AWAY,,,,"OVER $1,500",11/13/2017 01:05:00 PM,UNABLE TO DETERMINE,UNABLE TO DETERMINE,4101,N,LAKE SHORE DR NB,1915,,,,,,,2,NO INDICATION OF INJURY,0,0,0,0,0,4,0,18,2,11,41.955767527,-87.644694212,POINT (-87.644694211653 41.955767526952)
JA501611,Y,11/06/2017 06:15:00 PM,30,STOP SIGN/FLASHER,FUNCTIONING PROPERLY,CLEAR,DUSK,ANGLE,DIVIDED - W/MEDIAN (NOT RAISED),4,STRAIGHT AND LEVEL,DRY,NO DEFECTS,ON SCENE,INJURY AND / OR TOW DUE TO CRASH,Y,N,,"OVER $1,500",11/06/2017 06:17:00 PM,DISREGARDING STOP SIGN,"VISION OBSCURED (SIGNS, TREE LIMBS, BUILDINGS, ETC.)",468,E,35TH ST,211,,,,,,,2,NONINCAPACITATING INJURY,1,0,0,1,0,2,0,18,2,11,41.831310666,-87.61424033,POINT (-87.614240330256 41.831310666074)
JA501753,,11/06/2017 06:15:00 PM,25,NO CONTROLS,NO CONTROLS,CLEAR,DARKNESS,REAR END,NOT DIVIDED,,STRAIGHT AND LEVEL,DRY,NO DEFECTS,NOT ON SCENE (DESK REPORT),NO INJURY / DRIVE AWAY,,,,"$501 - $1,500",11/06/2017 08:07:00 PM,NOT APPLICABLE,NOT APPLICABLE,4746,W,ROOSEVELT RD,1131,,,,,,,2,NO INDICATION OF INJURY,0,0,0,0,0,3,0,18,2,11,41.866012792,-87.744177873,POINT (-87.744177872909 41.866012791679)
JA501703,,11/06/2017 06:16:00 PM,30,NO CONTROLS,NO CONTROLS,CLEAR,"DARKNESS, LIGHTED ROAD",REAR END,ONE-WAY,2,STRAIGHT AND LEVEL,DRY,UNKNOWN,NOT ON SCENE (DESK REPORT),NO INJURY / DRIVE AWAY,,,,$500 OR LESS,11/06/2017 07:15:00 PM,UNABLE TO DETERMINE,UNABLE TO DETERMINE,360,E,24TH PL,132,,,,,,,2,NO INDICATION OF INJURY,0,0,0,0,0,2,0,18,2,11,41.848574427,-87.618272203,POINT (-87.618272203088 41.848574426757)
JA501651,,11/06/2017 06:20:00 PM,30,NO CONTROLS,NO CONTROLS,CLEAR,DARKNESS,PARKED MOTOR VEHICLE,PARKING LOT,4,STRAIGHT AND LEVEL,DRY,NO DEFECTS,NOT ON SCENE (DESK REPORT),NO INJURY / DRIVE AWAY,,,,"OVER $1,500",11/06/2017 06:49:00 PM,DRIVING SKILLS/KNOWLEDGE/EXPERIENCE,IMPROPER BACKING,5002,N,PULASKI RD,1712,,,,,,,2,NO INDICATION OF INJURY,0,0,0,0,0,4,0,18,2,11,41.972031037,-87.728282271,POINT (-87.728282270549 41.972031036944)
JA501656,,11/06/2017 06:25:00 PM,30,NO CONTROLS,NO CONTROLS,CLEAR,"DARKNESS, LIGHTED ROAD",TURNING,NOT DIVIDED,4,STRAIGHT AND LEVEL,DRY,NO DEFECTS,NOT ON SCENE (DESK REPORT),NO INJURY / DRIVE AWAY,,,,"$501 - $1,500",11/06/2017 06:25:00 PM,FAILING TO YIELD RIGHT-OF-WAY,NOT APPLICABLE,5298,N,BROADWAY,2013,,,,,,,2,NO INDICATION OF INJURY,0,0,0,0,0,2,0,18,2,11,41.978050729,-87.660062589,POINT (-87.660062588737 41.978050729073)
JA501751,,11/06/2017 06:40:00 PM,30,STOP SIGN/FLASHER,NO CONTROLS,CLEAR,DARKNESS,ANGLE,NOT DIVIDED,,STRAIGHT AND LEVEL,DRY,OTHER,NOT ON SCENE (DESK REPORT),NO INJURY / DRIVE AWAY,,,,"$501 - $1,500",11/06/2017 06:45:00 PM,DISREGARDING STOP SIGN,NOT APPLICABLE,7599,W,JARVIS AVE,1611,,,,,,,2,NO INDICATION OF INJURY,0,0,0,0,0,2,0,18,2,11,42.014991848,-87.816289865,POINT (-87.816289864623 42.014991848462)
JA501770,,11/06/2017 06:45:00 PM,30,NO CONTROLS,NO CONTROLS,CLEAR,"DARKNESS, LIGHTED ROAD",TURNING,NOT DIVIDED,,STRAIGHT AND LEVEL,DRY,NO DEFECTS,NOT ON SCENE (DESK REPORT),INJURY AND / OR TOW DUE TO CRASH,,,,"OVER $1,500",11/06/2017 07:54:00 PM,UNABLE TO DETERMINE,UNABLE TO DETERMINE,10900,S,DOTY AVE E,513,,,,,,,2,NONINCAPACITATING INJURY,1,0,0,1,0,1,0,18,2,11,41.696232528,-87.595806197,POINT (-87.59580619714 41.696232527674)
JA501811,,11/06/2017 06:45:00 PM,30,STOP SIGN/FLASHER,FUNCTIONING PROPERLY,CLEAR,DARKNESS,ANGLE,NOT DIVIDED,,STRAIGHT AND LEVEL,DRY,NO DEFECTS,NOT ON SCENE (DESK REPORT),NO INJURY / DRIVE AWAY,Y,,,"$501 - $1,500",11/06/2017 09:00:00 PM,UNABLE TO DETERMINE,UNABLE TO DETERMINE,7500,S,INDIANA AVE,623,,,,,,,2,NO INDICATION OF INJURY,0,0,0,0,0,2,0,18,2,11,41.758228392,-87.620071464,POINT (-87.620071463936 41.758228391668)
JA501695,,11/06/2017 06:45:00 PM,30,NO CONTROLS,NO CONTROLS,CLEAR,"DARKNESS, LIGHTED ROAD",REAR END,NOT DIVIDED,2,STRAIGHT AND LEVEL,UNKNOWN,UNKNOWN,NOT ON SCENE (DESK REPORT),NO INJURY / DRIVE AWAY,,,Y,"$501 - $1,500",11/06/2017 07:30:00 PM,UNABLE TO DETERMINE,UNABLE TO DETERMINE,5625,W,DIVERSEY AVE,2514,,,,,,,2,NO INDICATION OF INJURY,0,0,0,0,0,2,0,18,2,11,41.931150787,-87.767399297,POINT (-87.767399296986 41.93115078709)
JA502569,,11/06/2017 07:00:00 PM,20,NO CONTROLS,NO CONTROLS,UNKNOWN,UNKNOWN,PARKED MOTOR VEHICLE,OTHER,1,STRAIGHT AND LEVEL,UNKNOWN,NO DEFECTS,NOT ON SCENE (DESK REPORT),NO INJURY / DRIVE AWAY,,,Y,"OVER $1,500",11/07/2017 02:10:00 PM,UNABLE TO DETERMINE,UNABLE TO DETERMINE,4435,S,SACRAMENTO AVE,922,,,,,,,2,NO INDICATION OF INJURY,0,0,0,0,0,1,0,19,2,11,41.812606016,-87.699093442,POINT (-87.699093441735 41.812606016161)
JA502590,,11/06/2017 07:00:00 PM,30,NO CONTROLS,NO CONTROLS,CLEAR,DUSK,REAR END,NOT DIVIDED,,STRAIGHT AND LEVEL,DRY,NO DEFECTS,NOT ON SCENE (DESK REPORT),NO INJURY / DRIVE AWAY,,,,"OVER $1,500",11/07/2017 02:22:00 PM,NOT APPLICABLE,NOT APPLICABLE,7150,W,ARCHER AVE,811,,,,,,,2,NO INDICATION OF INJURY,0,0,0,0,0,2,0,19,2,11,41.792056479,-87.801058993,POINT (-87.801058993326 41.792056479464)
JA501707,,11/06/2017 07:00:00 PM,30,NO CONTROLS,NO CONTROLS,CLEAR,"DARKNESS, LIGHTED ROAD",SIDESWIPE SAME DIRECTION,NOT DIVIDED,4,STRAIGHT AND LEVEL,DRY,NO DEFECTS,ON SCENE,INJURY AND / OR TOW DUE TO CRASH,,,Y,"OVER $1,500",11/06/2017 07:03:00 PM,IMPROPER OVERTAKING/PASSING,FOLLOWING TOO CLOSELY,4445,N,PULASKI RD,1723,,,,,,,2,NO INDICATION OF INJURY,0,0,0,0,0,2,0,19,2,11,41.962234812,-87.727713718,POINT (-87.727713718165 41.962234811627)
JA501715,,11/06/2017 07:05:00 PM,20,UNKNOWN,UNKNOWN,CLEAR,"DARKNESS, LIGHTED ROAD",PARKED MOTOR VEHICLE,ONE-WAY,1,STRAIGHT AND LEVEL,DRY,UNKNOWN,ON SCENE,INJURY AND / OR TOW DUE TO CRASH,,,,"$501 - $1,500",11/06/2017 07:28:00 PM,PHYSICAL CONDITION OF DRIVER,PHYSICAL CONDITION OF DRIVER,3840,W,ROSCOE ST,1732,,,,,,,2,"REPORTED, NOT EVIDENT",1,0,0,0,1,0,0,19,2,11,41.942886475,-87.724082148,POINT (-87.724082147816 41.942886474589)
JA503034,,11/06/2017 07:15:00 PM,30,NO CONTROLS,NO CONTROLS,CLEAR,DARKNESS,PARKED MOTOR VEHICLE,NOT DIVIDED,2,STRAIGHT AND LEVEL,DRY,NO DEFECTS,NOT ON SCENE (DESK REPORT),NO INJURY / DRIVE AWAY,,,,"$501 - $1,500",11/07/2017 07:20:00 PM,NOT APPLICABLE,NOT APPLICABLE,5400,W,IRVING PARK RD,1624,,,,,,,2,NO INDICATION OF INJURY,0,0,0,0,0,1,0,19,2,11,41.953350049,-87.762202543,POINT (-87.762202543147 41.953350048564)