RD_NO,CRASH_DATE_EST_I,CRASH_DATE,POSTED_SPEED_LIMIT,TRAFFIC_CONTROL_DEVICE,DEVICE_CONDITION,WEATHER_CONDITION,LIGHTING_CONDITION,FIRST_CRASH_TYPE,TRAFFICWAY_TYPE,LANE_CNT,ALIGNMENT,ROADWAY_SURFACE_COND,ROAD_DEFECT,REPORT_TYPE,CRASH_TYPE,INTERSECTION_RELATED_I,NOT_RIGHT_OF_WAY_I,HIT_AND_RUN_I,DAMAGE,DATE_POLICE_NOTIFIED,PRIM_CONTRIBUTORY_CAUSE,SEC_CONTRIBUTORY_CAUSE,STREET_NO,STREET_DIRECTION,STREET_NAME,BEAT_OF_OCCURRENCE,PHOTOS_TAKEN_I,STATEMENTS_TAKEN_I,DOORING_I,WORK_ZONE_I,WORK_ZONE_TYPE,WORKERS_PRESENT_I,NUM_UNITS,MOST_SEVERE_INJURY,INJURIES_TOTAL,INJURIES_FATAL,INJURIES_INCAPACITATING,INJURIES_NON_INCAPACITATING,INJURIES_REPORTED_NOT_EVIDENT,INJURIES_NO_INDICATION,INJURIES_UNKNOWN,CRASH_HOUR,CRASH_DAY_OF_WEEK,CRASH_MONTH,LATITUDE,LONGITUDE,LOCATION
JA501699,,11/06/2017 07:15:00 PM,30,NO CONTROLS,NO CONTROLS,UNKNOWN,UNKNOWN,REAR END,NOT DIVIDED,,STRAIGHT AND LEVEL,UNKNOWN,UNKNOWN,ON SCENE,NO INJURY / DRIVE AWAY,,,,"OVER $1,500",11/06/2017 07:20:00 PM,UNABLE TO DETERMINE,UNABLE TO DETERMINE,2099,E,79TH ST,414,,,,,,,2,NO INDICATION OF INJURY,0,0,0,0,0,2,0,19,2,11,41.751527115,-87.573601778,POINT (-87.57360177756 41.751527115465)
JA501717,,11/06/2017 07:20:00 PM,30,TRAFFIC SIGNAL,FUNCTIONING PROPERLY,CLEAR,"DARKNESS, LIGHTED ROAD",TURNING,DIVIDED - W/MEDIAN BARRIER,0,STRAIGHT AND LEVEL,DRY,NO DEFECTS,,NO INJURY / DRIVE AWAY,Y,,,"OVER $1,500",11/06/2017 07:40:00 PM,UNABLE TO DETERMINE,UNABLE TO DETERMINE,100,W,CERMAK RD,131,,,,,,,2,NO INDICATION OF INJURY,0,0,0,0,0,2,0,19,2,11,41.852991219,-87.629386933,POINT (-87.629386933044 41.852991219253)
JA501750,,11/06/2017 07:30:00 PM,30,NO CONTROLS,NO CONTROLS,CLEAR,DARKNESS,SIDESWIPE SAME DIRECTION,DIVIDED - W/MEDIAN BARRIER,,STRAIGHT AND LEVEL,DRY,WORN SURFACE,ON SCENE,NO INJURY / DRIVE AWAY,,,,"$501 - $1,500",11/06/2017 07:40:00 PM,IMPROPER OVERTAKING/PASSING,IMPROPER OVERTAKING/PASSING,97,S,DAMEN AVE,1223,,,,,,,2,NO INDICATION OF INJURY,0,0,0,0,0,2,0,19,2,11,41.880080371,-87.676466724,POINT (-87.676466724049 41.880080370599)
JA502057,Y,11/06/2017 07:30:00 PM,25,NO CONTROLS,NO CONTROLS,CLEAR,"DARKNESS, LIGHTED ROAD",PARKED MOTOR VEHICLE,ONE-WAY,1,STRAIGHT AND LEVEL,UNKNOWN,NO DEFECTS,ON SCENE,NO INJURY / DRIVE AWAY,,,Y,"OVER $1,500",11/07/2017 07:24:00 AM,UNABLE TO DETERMINE,UNABLE TO DETERMINE,3456,N,PIONEER AVE,1631,,,,,,,2,NO INDICATION OF INJURY,0,0,0,0,0,1,0,19,2,11,41.942679104,-87.831584897,POINT (-87.831584896736 41.942679104458)
JA502439,Y,11/06/2017 07:30:00 PM,25,NO CONTROLS,FUNCTIONING PROPERLY,CLEAR,UNKNOWN,PARKED MOTOR VEHICLE,NOT DIVIDED,2,STRAIGHT AND LEVEL,UNKNOWN,NO DEFECTS,ON SCENE,INJURY AND / OR TOW DUE TO CRASH,,,Y,"OVER $1,500",11/07/2017 01:00:00 PM,UNABLE TO DETERMINE,UNABLE TO DETERMINE,6359,W,EASTWOOD AVE,1622,,,,,,,2,NO INDICATION OF INJURY,0,0,0,0,0,1,0,19,2,11,41.964537352,-87.786708115,POINT (-87.786708114568 41.964537351606)
JA501744,,11/06/2017 07:38:00 PM,30,NO CONTROLS,NO CONTROLS,CLOUDY/OVERCAST,"DARKNESS, LIGHTED ROAD",SIDESWIPE SAME DIRECTION,NOT DIVIDED,2,STRAIGHT AND LEVEL,DRY,NO DEFECTS,ON SCENE,NO INJURY / DRIVE AWAY,,,Y,"$501 - $1,500",11/06/2017 07:55:00 PM,UNABLE TO DETERMINE,DRIVING SKILLS/KNOWLEDGE/EXPERIENCE,1113,S,RACINE AVE,1232,,,,,,,2,NO INDICATION OF INJURY,0,0,0,0,0,2,0,19,2,11,41.867738119,-87.656559795,POINT (-87.656559794715 41.867738119344)
JA501823,,11/06/2017 07:39:00 PM,30,NO CONTROLS,NO CONTROLS,CLEAR,"DARKNESS, LIGHTED ROAD",REAR END,ONE-WAY,,STRAIGHT AND LEVEL,DRY,NO DEFECTS,NOT ON SCENE (DESK REPORT),NO INJURY / DRIVE AWAY,,,,"OVER $1,500",11/06/2017 09:30:00 PM,FOLLOWING TOO CLOSELY,NOT APPLICABLE,8300,S,INDIANA AVE,632,,,,,,,2,NO INDICATION OF INJURY,0,0,0,0,0,2,0,19,2,11,41.743638482,-87.619714098,POINT (-87.619714098303 41.743638482111)
JA501780,,11/06/2017 07:40:00 PM,25,NO CONTROLS,NO CONTROLS,CLEAR,"DARKNESS, LIGHTED ROAD",PARKED MOTOR VEHICLE,NOT DIVIDED,,STRAIGHT AND LEVEL,DRY,NO DEFECTS,ON SCENE,INJURY AND / OR TOW DUE TO CRASH,,,,"OVER $1,500",11/06/2017 08:00:00 PM,EQUIPMENT - VEHICLE CONDITION,NOT APPLICABLE,4750,N,MELVINA AVE,1622,,,,,,,2,NO INDICATION OF INJURY,0,0,0,0,0,1,0,19,2,11,41.968116042,-87.782096658,POINT (-87.782096657735 41.968116042003)
JA501774,,11/06/2017 07:42:00 PM,30,TRAFFIC SIGNAL,FUNCTIONING PROPERLY,CLEAR,"DARKNESS, LIGHTED ROAD",TURNING,DIVIDED - W/MEDIAN (NOT RAISED),2,STRAIGHT AND LEVEL,DRY,NO DEFECTS,NOT ON SCENE (DESK REPORT),NO INJURY / DRIVE AWAY,Y,,,$500 OR LESS,11/06/2017 08:12:00 PM,FAILING TO YIELD RIGHT-OF-WAY,DRIVING SKILLS/KNOWLEDGE/EXPERIENCE,610,W,BELMONT AVE,1925,,,,,,,2,NO INDICATION OF INJURY,0,0,0,0,0,3,0,19,2,11,41.940144513,-87.64486846,POINT (-87.644868460415 41.940144513164)
JA501766,,11/06/2017 07:45:00 PM,30,NO CONTROLS,NO CONTROLS,CLEAR,DARKNESS,ANGLE,ALLEY,1,STRAIGHT AND LEVEL,DRY,NO DEFECTS,NOT ON SCENE (DESK REPORT),NO INJURY / DRIVE AWAY,,,Y,"$501 - $1,500",11/06/2017 08:15:00 PM,UNABLE TO DETERMINE,UNABLE TO DETERMINE,299,N,PULASKI RD,1122,,,,,,,2,NO INDICATION OF INJURY,0,0,0,0,0,3,0,19,2,11,41.885428831,-87.725657271,POINT (-87.725657270801 41.885428830592)
JA501788,,11/06/2017 07:55:00 PM,30,NO CONTROLS,NO CONTROLS,CLEAR,"DARKNESS, LIGHTED ROAD",ANGLE,NOT DIVIDED,2,STRAIGHT AND LEVEL,DRY,NO DEFECTS,ON SCENE,INJURY AND / OR TOW DUE TO CRASH,,,N,"OVER $1,500",11/06/2017 07:58:00 PM,FAILING TO YIELD RIGHT-OF-WAY,EXCEEDING AUTHORIZED SPEED LIMIT,2156,N,KILPATRICK AVE,2522,,,,,,,2,NO INDICATION OF INJURY,0,0,0,0,0,3,0,19,2,11,41.9205107,-87.743924901,POINT (-87.743924900663 41.920510700295)
JA501837,,11/06/2017 08:20:00 PM,25,NO CONTROLS,NO CONTROLS,CLEAR,"DARKNESS, LIGHTED ROAD",PARKED MOTOR VEHICLE,ONE-WAY,1,STRAIGHT AND LEVEL,DRY,NO DEFECTS,ON SCENE,NO INJURY / DRIVE AWAY,,,Y,"$501 - $1,500",11/06/2017 09:24:00 PM,FOLLOWING TOO CLOSELY,NOT APPLICABLE,4810,S,MAY ST,933,,,,,,,2,NO INDICATION OF INJURY,0,0,0,0,0,1,0,20,2,11,41.806563228,-87.654123292,POINT (-87.654123292104 41.806563228372)
JA501799,,11/06/2017 08:22:00 PM,30,TRAFFIC SIGNAL,FUNCTIONING PROPERLY,CLEAR,"DARKNESS, LIGHTED ROAD",TURNING,NOT DIVIDED,4,STRAIGHT AND LEVEL,DRY,NO DEFECTS,ON SCENE,NO INJURY / DRIVE AWAY,Y,,Y,"OVER $1,500",11/06/2017 08:50:00 PM,UNABLE TO DETERMINE,UNABLE TO DETERMINE,3200,N,LAKE SHORE DR,1925,,,,,,,2,NO INDICATION OF INJURY,0,0,0,0,0,2,0,20,2,11,41.940909163,-87.63936916,POINT (-87.639369159955 41.940909163268)
JA501801,,11/06/2017 08:25:00 PM,30,TRAFFIC SIGNAL,FUNCTIONING PROPERLY,CLEAR,"DARKNESS, LIGHTED ROAD",SIDESWIPE SAME DIRECTION,ONE-WAY,3,STRAIGHT AND LEVEL,DRY,NO DEFECTS,ON SCENE,NO INJURY / DRIVE AWAY,Y,,,"$501 - $1,500",11/06/2017 08:31:00 PM,IMPROPER OVERTAKING/PASSING,NOT APPLICABLE,32,W,ONTARIO ST,1832,,,,,,,2,NO INDICATION OF INJURY,0,0,0,0,0,2,0,20,2,11,41.893362455,-87.629452641,POINT (-87.62945264112 41.893362454989)
JA501869,,11/06/2017 08:30:00 PM,30,NO CONTROLS,NO CONTROLS,CLEAR,"DARKNESS, LIGHTED ROAD",SIDESWIPE SAME DIRECTION,NOT DIVIDED,,STRAIGHT AND LEVEL,DRY,NO DEFECTS,NOT ON SCENE (DESK REPORT),NO INJURY / DRIVE AWAY,,,,"$501 - $1,500",11/06/2017 10:15:00 PM,IMPROPER LANE USAGE,UNABLE TO DETERMINE,3501,W,DEVON AVE,1711,,,,,,,2,NO INDICATION OF INJURY,0,0,0,0,0,2,0,20,2,11,41.997179363,-87.716799337,POINT (-87.716799336642 41.997179363377)
JA501817,,11/06/2017 08:41:00 PM,35,STOP SIGN/FLASHER,FUNCTIONING PROPERLY,CLEAR,"DARKNESS, LIGHTED ROAD",ANGLE,DIVIDED - W/MEDIAN BARRIER,6,STRAIGHT AND LEVEL,DRY,NO DEFECTS,ON SCENE,INJURY AND / OR TOW DUE TO CRASH,Y,,,"OVER $1,500",11/06/2017 08:42:00 PM,FAILING TO YIELD RIGHT-OF-WAY,FAILING TO REDUCE SPEED TO AVOID CRASH,8631,S,STONY ISLAND AVE,412,,,,,,,2,NO INDICATION OF INJURY,0,0,0,0,0,3,0,20,2,11,41.737875521,-87.585077077,POINT (-87.585077076689 41.737875521284)
JA501838,Y,11/06/2017 08:50:00 PM,30,TRAFFIC SIGNAL,FUNCTIONING PROPERLY,CLEAR,"DARKNESS, LIGHTED ROAD",REAR END,NOT DIVIDED,4,STRAIGHT AND LEVEL,DRY,NO DEFECTS,NOT ON SCENE (DESK REPORT),NO INJURY / DRIVE AWAY,Y,,Y,$500 OR LESS,11/06/2017 09:30:00 PM,UNABLE TO DETERMINE,DRIVING SKILLS/KNOWLEDGE/EXPERIENCE,2402,N,LARAMIE AVE,2515,,,,,,,2,NO INDICATION OF INJURY,0,0,0,0,0,2,0,20,2,11,41.924213074,-87.756296784,POINT (-87.756296784411 41.924213074254)
JA501845,,11/06/2017 09:00:00 PM,30,TRAFFIC SIGNAL,FUNCTIONING PROPERLY,CLEAR,"DARKNESS, LIGHTED ROAD",SIDESWIPE SAME DIRECTION,DIVIDED - W/MEDIAN (NOT RAISED),4,STRAIGHT AND LEVEL,DRY,NO DEFECTS,NOT ON SCENE (DESK REPORT),NO INJURY / DRIVE AWAY,,,Y,"$501 - $1,500",11/06/2017 09:35:00 PM,IMPROPER LANE USAGE,FAILING TO REDUCE SPEED TO AVOID CRASH,1438,W,63RD ST,713,,,,,,,2,NO INDICATION OF INJURY,0,0,0,0,0,2,0,21,2,11,41.779631536,-87.660887017,POINT (-87.660887017333 41.779631535941)
JA501914,,11/06/2017 09:05:00 PM,30,NO CONTROLS,NO CONTROLS,CLEAR,"DARKNESS, LIGHTED ROAD",REAR END,NOT DIVIDED,,STRAIGHT AND LEVEL,UNKNOWN,UNKNOWN,NOT ON SCENE (DESK REPORT),INJURY AND / OR TOW DUE TO CRASH,,,,"$501 - $1,500",11/06/2017 11:00:00 PM,UNABLE TO DETERMINE,UNABLE TO DETERMINE,635,E,83RD ST,632,,,,,,,2,NONINCAPACITATING INJURY,2,0,0,2,0,1,0,21,2,11,41.743799147,-87.608727724,POINT (-87.608727724139 41.74379914736)
JA501854,,11/06/2017 09:20:00 PM,30,TRAFFIC SIGNAL,FUNCTIONING PROPERLY,CLEAR,"DARKNESS, LIGHTED ROAD",TURNING,NOT DIVIDED,4,STRAIGHT AND LEVEL,DRY,NO DEFECTS,ON SCENE,NO INJURY / DRIVE AWAY,Y,,,"OVER $1,500",11/06/2017 09:20:00 PM,UNABLE TO DETERMINE,NOT APPLICABLE,6400,N,CLARK ST,2432,,,,,,,2,NO INDICATION OF INJURY,0,0,0,0,0,2,0,21,2,11,41.998087616,-87.670746827,POINT (-87.670746827123 41.998087615915)
JA502572,,11/06/2017 09:30:00 PM,30,UNKNOWN,UNKNOWN,CLEAR,UNKNOWN,PARKED MOTOR VEHICLE,UNKNOWN,,STRAIGHT AND LEVEL,DRY,UNKNOWN,NOT ON SCENE (DESK REPORT),NO INJURY / DRIVE AWAY,,,Y,"$501 - $1,500",11/07/2017 02:19:00 PM,UNABLE TO DETERMINE,UNABLE TO DETERMINE,4848,W,DRUMMOND PL,2521,,,,,,,2,NO INDICATION OF INJURY,0,0,0,0,0,1,0,21,2,11,41.928900092,-87.748449156,POINT (-87.748449156023 41.928900091525)
JA501874,,11/06/2017 09:33:00 PM,30,NO CONTROLS,NO CONTROLS,CLEAR,"DARKNESS, LIGHTED ROAD",PEDALCYCLIST,ALLEY,,STRAIGHT AND LEVEL,DRY,NO DEFECTS,ON SCENE,NO INJURY / DRIVE AWAY,,,,$500 OR LESS,11/06/2017 09:47:00 PM,"VISION OBSCURED (SIGNS, TREE LIMBS, BUILDINGS, ETC.)",NOT APPLICABLE,4425,S,WESTERN BLVD,924,,,,,,,2,NO INDICATION OF INJURY,0,0,0,0,0,4,0,21,2,11,41.813188838,-87.683854378,POINT (-87.683854377871 41.813188838228)
JA501870,,11/06/2017 09:43:00 PM,45,NO CONTROLS,NO CONTROLS,CLEAR,"DARKNESS, LIGHTED ROAD",FIXED OBJECT,RAMP,,STRAIGHT ON HILLCREST,DRY,UNKNOWN,ON SCENE,INJURY AND / OR TOW DUE TO CRASH,,,,"OVER $1,500",11/06/2017 09:43:00 PM,EXCEEDING SAFE SPEED FOR CONDITIONS,UNABLE TO DETERMINE,4700,N,LAKE SHORE DR NB,1914,,,,Y,MAINTENANCE,,1,NO INDICATION OF INJURY,0,0,0,0,0,1,0,21,2,11,41.967259313,-87.647549024,POINT (-87.647549024172 41.96725931343)
JA501856,,11/06/2017 09:55:00 PM,30,NO CONTROLS,NO CONTROLS,CLEAR,"DARKNESS, LIGHTED ROAD",SIDESWIPE SAME DIRECTION,NOT DIVIDED,,STRAIGHT AND LEVEL,DRY,NO DEFECTS,ON SCENE,NO INJURY / DRIVE AWAY,,,,"OVER $1,500",11/06/2017 09:56:00 PM,UNABLE TO DETERMINE,NOT APPLICABLE,1231,W,79TH ST,612,,,,,,,2,NO INDICATION OF INJURY,0,0,0,0,0,2,0,21,2,11,41.75037128,-87.654888906,POINT (-87.654888906164 41.75037128002)
JA501875,,11/06/2017 09:58:00 PM,30,TRAFFIC SIGNAL,FUNCTIONING PROPERLY,CLEAR,"DARKNESS, LIGHTED ROAD",TURNING,CENTER TURN LANE,,STRAIGHT AND LEVEL,DRY,NO DEFECTS,ON SCENE,NO INJURY / DRIVE AWAY,Y,,,"$501 - $1,500",11/06/2017 09:59:00 PM,FAILING TO YIELD RIGHT-OF-WAY,UNABLE TO DETERMINE,5601,S,CICERO AVE,813,,,,,,,2,NO INDICATION OF INJURY,0,0,0,0,0,2,0,21,2,11,41.791292913,-87.741403771,POINT (-87.741403771086 41.791292913253)
JA501880,,11/06/2017 10:00:00 PM,30,NO CONTROLS,NO CONTROLS,CLEAR,"DARKNESS, LIGHTED ROAD",ANGLE,NOT DIVIDED,2,STRAIGHT AND LEVEL,DRY,NO DEFECTS,NOT ON SCENE (DESK REPORT),NO INJURY / DRIVE AWAY,,,,"OVER $1,500",11/06/2017 10:20:00 PM,NOT APPLICABLE,NOT APPLICABLE,3427,W,DIVERSEY AVE,1412,,,,,,,2,NO INDICATION OF INJURY,0,0,0,0,0,5,0,22,2,11,41.931848517,-87.713351557,POINT (-87.713351557487 41.931848516904)
JA501895,,11/06/2017 10:10:00 PM,30,NO CONTROLS,NO CONTROLS,CLEAR,"DARKNESS, LIGHTED ROAD",TURNING,DIVIDED - W/MEDIAN (NOT RAISED),4,STRAIGHT ON GRADE,UNKNOWN,UNKNOWN,NOT ON SCENE (DESK REPORT),NO INJURY / DRIVE AWAY,N,,,$500 OR LESS,11/06/2017 10:20:00 PM,FAILING TO YIELD RIGHT-OF-WAY,FAILING TO REDUCE SPEED TO AVOID CRASH,8300,S,ASHLAND AVE,614,,,,,,,2,NO INDICATION OF INJURY,0,0,0,0,0,2,0,22,2,11,41.74298409,-87.663396555,POINT (-87.663396555268 41.742984089771)
JA504303,Y,11/06/2017 10:30:00 PM,30,NO CONTROLS,NO CONTROLS,UNKNOWN,"DARKNESS, LIGHTED ROAD",PARKED MOTOR VEHICLE,ONE-WAY,1,STRAIGHT AND LEVEL,UNKNOWN,NO DEFECTS,NOT ON SCENE (DESK REPORT),NO INJURY / DRIVE AWAY,,,Y,"OVER $1,500",11/08/2017 06:45:00 PM,UNABLE TO DETERMINE,UNABLE TO DETERMINE,8906,S,UNION AVE,2223,,,,,,,2,NO INDICATION OF INJURY,0,0,0,0,0,1,0,22,2,11,41.732304968,-87.641225577,POINT (-87.641225577425 41.732304967798)
JA501905,,11/06/2017 10:45:00 PM,30,TRAFFIC SIGNAL,FUNCTIONING PROPERLY,CLEAR,"DARKNESS, LIGHTED ROAD",ANGLE,DIVIDED - W/MEDIAN (NOT RAISED),2,STRAIGHT AND LEVEL,DRY,NO DEFECTS,ON SCENE,NO INJURY / DRIVE AWAY,,,,"OVER $1,500",11/06/2017 10:50:00 PM,DISREGARDING TRAFFIC SIGNALS,EXCEEDING AUTHORIZED SPEED LIMIT,1600,W,BRYN MAWR AVE,2012,,,,,,,2,NO INDICATION OF INJURY,0,0,0,0,0,2,0,22,2,11,41.983583041,-87.669942702,POINT (-87.66994270177 41.983583041231)
JA501921,,11/06/2017 11:24:00 PM,30,NO CONTROLS,NO CONTROLS,CLEAR,"DARKNESS, LIGHTED ROAD",SIDESWIPE SAME DIRECTION,NOT DIVIDED,,STRAIGHT AND LEVEL,DRY,NO DEFECTS,ON SCENE,INJURY AND / OR TOW DUE TO CRASH,,,,"OVER $1,500",11/06/2017 11:30:00 PM,FAILING TO YIELD RIGHT-OF-WAY,"OPERATING VEHICLE IN ERRATIC, RECKLESS, CARELESS, NEGLIGENT OR AGGRESSIVE MANNER",3042,W,ARMITAGE AVE,1414,,,,,,,2,NO INDICATION OF INJURY,0,0,0,0,0,3,0,23,2,11,41.917534579,-87.704166626,POINT (-87.704166626403 41.917534578788)
JA502070,,11/07/2017 12:01:00 AM,30,NO CONTROLS,NO CONTROLS,CLEAR,DARKNESS,PARKED MOTOR VEHICLE,NOT DIVIDED,1,STRAIGHT AND LEVEL,DRY,NO DEFECTS,ON SCENE,NO INJURY / DRIVE AWAY,,,Y,"OVER $1,500",11/07/2017 07:40:00 AM,UNABLE TO DETERMINE,NOT APPLICABLE,4238,W,SUNNYSIDE AVE,1722,,,,,,,2,NO INDICATION OF INJURY,0,0,0,0,0,1,0,0,3,11,41.962109327,-87.73430794,POINT (-87.73430794013 41.962109326781)
JA502112,Y,11/07/2017 12:01:00 AM,10,NO CONTROLS,NO CONTROLS,CLEAR,DARKNESS,FIXED OBJECT,OTHER,,STRAIGHT AND LEVEL,DRY,UNKNOWN,ON SCENE,NO INJURY / DRIVE AWAY,,Y,Y,"$501 - $1,500",11/07/2017 07:47:00 AM,UNABLE TO DETERMINE,UNABLE TO DETERMINE,2021,S,PULASKI RD,1014,,,,,,,1,NO INDICATION OF INJURY,0,0,0,0,0,1,0,0,3,11,41.853642141,-87.724663171,POINT (-87.724663170641 41.853642141105)
JA501946,,11/07/2017 12:06:00 AM,30,NO CONTROLS,OTHER,CLEAR,"DARKNESS, LIGHTED ROAD",SIDESWIPE SAME DIRECTION,NOT DIVIDED,4,STRAIGHT AND LEVEL,DRY,NO DEFECTS,ON SCENE,NO INJURY / DRIVE AWAY,,,,"$501 - $1,500",11/07/2017 12:07:00 AM,DISTRACTION - FROM INSIDE VEHICLE,"VISION OBSCURED (SIGNS, TREE LIMBS, BUILDINGS, ETC.)",1809,S,PULASKI RD,1014,,Y,,,,,2,NO INDICATION OF INJURY,0,0,0,0,0,6,0,0,3,11,41.856725035,-87.724754268,POINT (-87.724754268342 41.856725034755)
JA507862,,11/07/2017 12:43:00 AM,25,TRAFFIC SIGNAL,FUNCTIONING PROPERLY,CLEAR,"DARKNESS, LIGHTED ROAD",REAR END,NOT DIVIDED,,STRAIGHT AND LEVEL,DRY,NO DEFECTS,NOT ON SCENE (DESK REPORT),NO INJURY / DRIVE AWAY,Y,,,"$501 - $1,500",11/11/2017 01:35:00 PM,NOT APPLICABLE,NOT APPLICABLE,12700,S,LOWE AVE,523,,,,,,,2,NO INDICATION OF INJURY,0,0,0,0,0,2,0,0,3,11,41.663275503,-87.637959977,POINT (-87.637959976755 41.663275502901)
JA501978,,11/07/2017 01:44:00 AM,30,NO CONTROLS,NO CONTROLS,CLEAR,"DARKNESS, LIGHTED ROAD",FIXED OBJECT,NOT DIVIDED,4,STRAIGHT AND LEVEL,DRY,NO DEFECTS,ON SCENE,INJURY AND / OR TOW DUE TO CRASH,Y,,,"OVER $1,500",11/07/2017 01:44:00 AM,UNDER THE INFLUENCE OF ALCOHOL/DRUGS (USE WHEN ARREST IS EFFECTED),DRIVING SKILLS/KNOWLEDGE/EXPERIENCE,1309,W,87TH ST,2222,,,,,,,1,NONINCAPACITATING INJURY,2,0,0,2,0,0,0,1,3,11,41.735782199,-87.656193263,POINT (-87.65619326289 41.735782199244)
JA502004,,11/07/2017 04:00:00 AM,30,NO CONTROLS,NO CONTROLS,CLEAR,"DARKNESS, LIGHTED ROAD",SIDESWIPE SAME DIRECTION,PARKING LOT,,STRAIGHT AND LEVEL,DRY,NO DEFECTS,ON SCENE,INJURY AND / OR TOW DUE TO CRASH,,,,"OVER $1,500",11/07/2017 04:01:00 AM,UNABLE TO DETERMINE,NOT APPLICABLE,7898,S,CORNELL AVE,411,,,,,,,2,NONINCAPACITATING INJURY,1,0,0,1,0,2,0,4,3,11,41.751589426,-87.584555245,POINT (-87.584555245478 41.751589426023)
JA503035,Y,11/07/2017 05:00:00 AM,30,NO CONTROLS,NO CONTROLS,CLEAR,DAYLIGHT,PARKED MOTOR VEHICLE,NOT DIVIDED,,STRAIGHT AND LEVEL,DRY,NO DEFECTS,NOT ON SCENE (DESK REPORT),NO INJURY / DRIVE AWAY,,,Y,"$501 - $1,500",11/07/2017 07:20:00 PM,UNABLE TO DETERMINE,NOT APPLICABLE,5500,W,DIVISION ST,2532,,,,,,,2,NO INDICATION OF INJURY,0,0,0,0,0,1,0,5,3,11,41.902273157,-87.763918652,POINT (-87.763918651597 41.902273156962)
JA502015,,11/07/2017 05:30:00 AM,30,NO CONTROLS,NO CONTROLS,CLEAR,"DARKNESS, LIGHTED ROAD",PARKED MOTOR VEHICLE,NOT DIVIDED,2,STRAIGHT AND LEVEL,DRY,NO DEFECTS,ON SCENE,INJURY AND / OR TOW DUE TO CRASH,,,,"OVER $1,500",11/07/2017 05:39:00 AM,UNABLE TO DETERMINE,NOT APPLICABLE,12218,S,MICHIGAN AVE,532,,,,,,,3,INCAPACITATING INJURY,1,0,1,0,0,0,0,5,3,11,41.671921799,-87.620471817,POINT (-87.620471817457 41.671921799098)
JA502023,,11/07/2017 05:40:00 AM,30,NO CONTROLS,NO CONTROLS,CLEAR,DAWN,PARKED MOTOR VEHICLE,NOT DIVIDED,4,STRAIGHT AND LEVEL,DRY,NO DEFECTS,ON SCENE,NO INJURY / DRIVE AWAY,,,Y,"OVER $1,500",11/07/2017 05:50:00 AM,UNABLE TO DETERMINE,NOT APPLICABLE,4840,W,JACKSON BLVD,1533,,,,,,,2,NO INDICATION OF INJURY,0,0,0,0,0,1,0,5,3,11,41.876874543,-87.746689884,POINT (-87.74668988386 41.876874543454)
JA502013,,11/07/2017 05:40:00 AM,30,TRAFFIC SIGNAL,FUNCTIONING PROPERLY,CLEAR,"DARKNESS, LIGHTED ROAD",REAR END,CENTER TURN LANE,1,STRAIGHT AND LEVEL,DRY,NO DEFECTS,ON SCENE,INJURY AND / OR TOW DUE TO CRASH,,,,"OVER $1,500",11/07/2017 05:45:00 AM,FAILING TO REDUCE SPEED TO AVOID CRASH,NOT APPLICABLE,30,W,95TH ST,634,,Y,,,,,3,"REPORTED, NOT EVIDENT",2,0,0,0,2,1,0,5,3,11,41.721759713,-87.624957715,POINT (-87.624957715468 41.721759712746)
JA505840,Y,11/07/2017 06:00:00 AM,25,NO CONTROLS,NO CONTROLS,CLEAR,"DARKNESS, LIGHTED ROAD",PARKED MOTOR VEHICLE,ONE-WAY,1,STRAIGHT AND LEVEL,DRY,NO DEFECTS,NOT ON SCENE (DESK REPORT),NO INJURY / DRIVE AWAY,,,,"OVER $1,500",11/09/2017 11:30:00 PM,UNABLE TO DETERMINE,UNABLE TO DETERMINE,6023,S,ALBANY AVE,823,,,,,,,3,NO INDICATION OF INJURY,0,0,0,0,0,2,0,6,3,11,41.783757609,-87.70069049,POINT (-87.700690490021 41.783757609262)
JA502832,,11/07/2017 06:00:00 AM,30,TRAFFIC SIGNAL,FUNCTIONING PROPERLY,CLEAR,"DARKNESS, LIGHTED ROAD",PEDESTRIAN,DIVIDED - W/MEDIAN (NOT RAISED),2,STRAIGHT AND LEVEL,DRY,UNKNOWN,NOT ON SCENE (DESK REPORT),INJURY AND / OR TOW DUE TO CRASH,Y,,Y,$500 OR LESS,11/07/2017 05:05:00 PM,FAILING TO YIELD RIGHT-OF-WAY,UNABLE TO DETERMINE,1000,W,BUENA AVE,1915,,,,,,,2,"REPORTED, NOT EVIDENT",1,0,0,0,1,1,0,6,3,11,41.958537632,-87.654736826,POINT (-87.654736825952 41.958537631766)
JA505312,,11/07/2017 06:05:00 AM,30,NO CONTROLS,NO CONTROLS,CLEAR,DAYLIGHT,ANGLE,OTHER,,STRAIGHT AND LEVEL,DRY,NO DEFECTS,NOT ON SCENE (DESK REPORT),NO INJURY / DRIVE AWAY,,,,"OVER $1,500",11/09/2017 03:40:00 PM,UNABLE TO DETERMINE,NOT APPLICABLE,2401,W,OGDEN AVE,1023,,,,,,,2,NO INDICATION OF INJURY,0,0,0,0,0,2,0,6,3,11,41.86464673,-87.686002512,POINT (-87.686002512195 41.864646729616)
JA502025,,11/07/2017 06:20:00 AM,30,TRAFFIC SIGNAL,FUNCTIONING PROPERLY,CLEAR,DAYLIGHT,TURNING,ONE-WAY,,STRAIGHT AND LEVEL,DRY,NO DEFECTS,ON SCENE,NO INJURY / DRIVE AWAY,,,,"OVER $1,500",11/07/2017 06:30:00 AM,IMPROPER TURNING/NO SIGNAL,UNABLE TO DETERMINE,2,W,OHIO ST,1832,,Y,,,,,2,NO INDICATION OF INJURY,0,0,0,0,0,2,0,6,3,11,41.892577555,-87.628174862,POINT (-87.628174862126 41.892577554731)