RD_NO,CRASH_DATE_EST_I,CRASH_DATE,POSTED_SPEED_LIMIT,TRAFFIC_CONTROL_DEVICE,DEVICE_CONDITION,WEATHER_CONDITION,LIGHTING_CONDITION,FIRST_CRASH_TYPE,TRAFFICWAY_TYPE,LANE_CNT,ALIGNMENT,ROADWAY_SURFACE_COND,ROAD_DEFECT,REPORT_TYPE,CRASH_TYPE,INTERSECTION_RELATED_I,NOT_RIGHT_OF_WAY_I,HIT_AND_RUN_I,DAMAGE,DATE_POLICE_NOTIFIED,PRIM_CONTRIBUTORY_CAUSE,SEC_CONTRIBUTORY_CAUSE,STREET_NO,STREET_DIRECTION,STREET_NAME,BEAT_OF_OCCURRENCE,PHOTOS_TAKEN_I,STATEMENTS_TAKEN_I,DOORING_I,WORK_ZONE_I,WORK_ZONE_TYPE,WORKERS_PRESENT_I,NUM_UNITS,MOST_SEVERE_INJURY,INJURIES_TOTAL,INJURIES_FATAL,INJURIES_INCAPACITATING,INJURIES_NON_INCAPACITATING,INJURIES_REPORTED_NOT_EVIDENT,INJURIES_NO_INDICATION,INJURIES_UNKNOWN,CRASH_HOUR,CRASH_DAY_OF_WEEK,CRASH_MONTH,LATITUDE,LONGITUDE,LOCATION
JA502026,,11/07/2017 06:30:00 AM,30,NO CONTROLS,NO CONTROLS,CLEAR,DAWN,SIDESWIPE SAME DIRECTION,DIVIDED - W/MEDIAN (NOT RAISED),2,STRAIGHT AND LEVEL,DRY,NO DEFECTS,ON SCENE,NO INJURY / DRIVE AWAY,,,,"$501 - $1,500",11/07/2017 06:33:00 AM,UNABLE TO DETERMINE,NOT APPLICABLE,716,W,BELMONT AVE,1925,,,,,,,2,NO INDICATION OF INJURY,0,0,0,0,0,3,0,6,3,11,41.940116128,-87.647563412,POINT (-87.647563411809 41.940116128149)
JA502191,,11/07/2017 06:30:00 AM,30,NO CONTROLS,NO CONTROLS,CLEAR,DAYLIGHT,SIDESWIPE SAME DIRECTION,RAMP,2,STRAIGHT ON GRADE,DRY,NO DEFECTS,,NO INJURY / DRIVE AWAY,,,,"OVER $1,500",11/07/2017 09:45:00 AM,UNABLE TO DETERMINE,NOT APPLICABLE,1610,N,LAKE SHORE DR SB,1814,,,,,,,2,NO INDICATION OF INJURY,0,0,0,0,0,2,0,6,3,11,41.91200512,-87.62619953,POINT (-87.62619953038 41.912005119945)
JA502028,Y,11/07/2017 06:30:00 AM,30,NO CONTROLS,UNKNOWN,CLEAR,DAYLIGHT,PARKED MOTOR VEHICLE,UNKNOWN,4,STRAIGHT AND LEVEL,UNKNOWN,UNKNOWN,ON SCENE,INJURY AND / OR TOW DUE TO CRASH,,,Y,"OVER $1,500",11/07/2017 06:50:00 AM,UNABLE TO DETERMINE,UNABLE TO DETERMINE,3615,W,BELMONT AVE,2523,,,,,,,2,NO INDICATION OF INJURY,0,0,0,0,0,1,0,6,3,11,41.9390961,-87.718084789,POINT (-87.718084788893 41.939096099503)
JA502427,,11/07/2017 06:35:00 AM,35,NO CONTROLS,NO CONTROLS,CLEAR,DAYLIGHT,REAR END,DIVIDED - W/MEDIAN (NOT RAISED),,STRAIGHT AND LEVEL,DRY,NO DEFECTS,NOT ON SCENE (DESK REPORT),NO INJURY / DRIVE AWAY,,,,"OVER $1,500",11/07/2017 12:35:00 PM,FOLLOWING TOO CLOSELY,NOT APPLICABLE,4331,S,KEDZIE AVE,922,,,,,,,2,NO INDICATION OF INJURY,0,0,0,0,0,2,0,6,3,11,41.814319844,-87.704071583,POINT (-87.704071583393 41.814319843778)
JA602033,,11/07/2017 06:42:00 AM,30,TRAFFIC SIGNAL,FUNCTIONING PROPERLY,CLEAR,DAYLIGHT,REAR END,NOT DIVIDED,2,STRAIGHT AND LEVEL,DRY,NO DEFECTS,NOT ON SCENE (DESK REPORT),NO INJURY / DRIVE AWAY,,,,$500 OR LESS,11/07/2017 07:13:00 AM,FOLLOWING TOO CLOSELY,UNABLE TO DETERMINE,2401,W,FOSTER AVE,2031,,,,,,,2,NO INDICATION OF INJURY,0,0,0,0,0,2,0,6,3,11,41.975780676,-87.689271518,POINT (-87.689271517548 41.975780675999)
JA502033,,11/07/2017 06:42:00 AM,30,TRAFFIC SIGNAL,FUNCTIONING PROPERLY,CLEAR,DAYLIGHT,REAR END,NOT DIVIDED,2,STRAIGHT AND LEVEL,DRY,NO DEFECTS,,NO INJURY / DRIVE AWAY,,,,$500 OR LESS,11/07/2017 07:13:00 AM,FOLLOWING TOO CLOSELY,UNABLE TO DETERMINE,2401,W,FOSTER AVE,2031,,,,,,,2,NO INDICATION OF INJURY,0,0,0,0,0,2,0,6,3,11,41.975780676,-87.689271518,POINT (-87.689271517548 41.975780675999)
JA503106,,11/07/2017 06:45:00 AM,30,NO CONTROLS,NO CONTROLS,CLEAR,DAYLIGHT,REAR END,ONE-WAY,1,STRAIGHT AND LEVEL,DRY,NO DEFECTS,NOT ON SCENE (DESK REPORT),NO INJURY / DRIVE AWAY,,,,"$501 - $1,500",11/07/2017 08:21:00 PM,FOLLOWING TOO CLOSELY,NOT APPLICABLE,323,S,HAMLIN BLVD,1133,,,,,,,2,NO INDICATION OF INJURY,0,0,0,0,0,2,0,6,3,11,41.876443493,-87.720308242,POINT (-87.720308242428 41.876443493014)
JA502053,,11/07/2017 06:50:00 AM,30,NO CONTROLS,NO CONTROLS,CLEAR,DAYLIGHT,SIDESWIPE OPPOSITE DIRECTION,DIVIDED - W/MEDIAN (NOT RAISED),4,STRAIGHT AND LEVEL,DRY,SHOULDER DEFECT,ON SCENE,INJURY AND / OR TOW DUE TO CRASH,,,,"OVER $1,500",11/07/2017 06:55:00 AM,EQUIPMENT - VEHICLE CONDITION,FAILING TO REDUCE SPEED TO AVOID CRASH,210,N,WESTERN AVE,1222,,,,,,,3,NO INDICATION OF INJURY,0,0,0,0,0,2,0,6,3,11,41.884970163,-87.686683718,POINT (-87.686683717512 41.884970162632)
JA502819,,11/07/2017 06:50:00 AM,30,TRAFFIC SIGNAL,FUNCTIONING PROPERLY,CLEAR,DAYLIGHT,SIDESWIPE SAME DIRECTION,NOT DIVIDED,,STRAIGHT AND LEVEL,DRY,NO DEFECTS,NOT ON SCENE (DESK REPORT),NO INJURY / DRIVE AWAY,,,,"$501 - $1,500",11/07/2017 06:50:00 AM,IMPROPER OVERTAKING/PASSING,DISREGARDING OTHER TRAFFIC SIGNS,1025,N,CENTRAL AVE,1524,,,,,,,2,NO INDICATION OF INJURY,0,0,0,0,0,2,0,6,3,11,41.899370737,-87.76540912,POINT (-87.765409119619 41.89937073655)
JA502936,,11/07/2017 06:50:00 AM,30,NO CONTROLS,NO CONTROLS,CLEAR,"DARKNESS, LIGHTED ROAD",SIDESWIPE SAME DIRECTION,NOT DIVIDED,,STRAIGHT AND LEVEL,DRY,UNKNOWN,NOT ON SCENE (DESK REPORT),NO INJURY / DRIVE AWAY,,,,"$501 - $1,500",11/07/2017 06:05:00 PM,FAILING TO YIELD RIGHT-OF-WAY,FAILING TO YIELD RIGHT-OF-WAY,4300,W,JACKSON BLVD,1115,,,,,,,2,NO INDICATION OF INJURY,0,0,0,0,0,2,0,6,3,11,41.877105757,-87.733025009,POINT (-87.733025009199 41.877105756596)
JA502673,,11/07/2017 07:00:00 AM,30,NO CONTROLS,NO CONTROLS,CLEAR,DAYLIGHT,PARKED MOTOR VEHICLE,ONE-WAY,,STRAIGHT AND LEVEL,DRY,NO DEFECTS,NOT ON SCENE (DESK REPORT),NO INJURY / DRIVE AWAY,,,Y,"OVER $1,500",11/07/2017 03:22:00 PM,NOT APPLICABLE,NOT APPLICABLE,5147,S,LECLAIRE AVE,814,,,,,,,2,NO INDICATION OF INJURY,0,0,0,0,0,1,0,7,3,11,41.798830908,-87.750104737,POINT (-87.750104737061 41.798830908399)
JA502049,,11/07/2017 07:00:00 AM,40,NO CONTROLS,NO CONTROLS,CLEAR,DAYLIGHT,REAR END,DIVIDED - W/MEDIAN BARRIER,,"CURVE, LEVEL",DRY,NO DEFECTS,ON SCENE,INJURY AND / OR TOW DUE TO CRASH,,,,"OVER $1,500",11/07/2017 07:05:00 AM,FAILING TO REDUCE SPEED TO AVOID CRASH,FOLLOWING TOO CLOSELY,3800,N,LAKE SHORE DR NB,1925,,,,,,,2,NO INDICATION OF INJURY,0,0,0,0,0,3,0,7,3,11,41.952398681,-87.64473284,POINT (-87.644732840259 41.95239868088)
JA502031,,11/07/2017 07:01:00 AM,30,STOP SIGN/FLASHER,FUNCTIONING PROPERLY,CLEAR,DAYLIGHT,TURNING,NOT DIVIDED,0,STRAIGHT AND LEVEL,DRY,NO DEFECTS,ON SCENE,INJURY AND / OR TOW DUE TO CRASH,Y,,,"OVER $1,500",11/07/2017 07:06:00 AM,FAILING TO YIELD RIGHT-OF-WAY,FAILING TO REDUCE SPEED TO AVOID CRASH,4600,W,MADISON ST,1113,,,,,,,3,NONINCAPACITATING INJURY,2,0,0,2,0,1,0,7,3,11,41.880660067,-87.740728133,POINT (-87.740728133013 41.880660066981)
JA502145,,11/07/2017 07:05:00 AM,30,TRAFFIC SIGNAL,FUNCTIONING PROPERLY,CLEAR,DAYLIGHT,TURNING,NOT DIVIDED,4,STRAIGHT AND LEVEL,DRY,NO DEFECTS,NOT ON SCENE (DESK REPORT),INJURY AND / OR TOW DUE TO CRASH,,,,"OVER $1,500",11/07/2017 08:45:00 AM,IMPROPER TURNING/NO SIGNAL,UNABLE TO DETERMINE,2,E,69TH ST,322,,,,,,,2,NO INDICATION OF INJURY,0,0,0,0,0,2,0,7,3,11,41.769304708,-87.624867227,POINT (-87.624867227366 41.769304708276)
JA502678,,11/07/2017 07:10:00 AM,30,NO CONTROLS,NO CONTROLS,CLEAR,DAYLIGHT,SIDESWIPE SAME DIRECTION,NOT DIVIDED,2,STRAIGHT AND LEVEL,DRY,NO DEFECTS,NOT ON SCENE (DESK REPORT),NO INJURY / DRIVE AWAY,,,Y,"$501 - $1,500",11/07/2017 03:35:00 PM,FAILING TO YIELD RIGHT-OF-WAY,IMPROPER OVERTAKING/PASSING,6958,W,GRAND AVE,2512,,,,,,,2,NO INDICATION OF INJURY,0,0,0,0,0,2,0,7,3,11,41.92366978,-87.800019548,POINT (-87.800019547738 41.923669780217)
JA502097,,11/07/2017 07:10:00 AM,30,NO CONTROLS,NO CONTROLS,CLOUDY/OVERCAST,DAWN,REAR END,DIVIDED - W/MEDIAN (NOT RAISED),4,STRAIGHT AND LEVEL,DRY,NO DEFECTS,NOT ON SCENE (DESK REPORT),NO INJURY / DRIVE AWAY,,,Y,"$501 - $1,500",11/07/2017 08:12:00 AM,FOLLOWING TOO CLOSELY,IMPROPER LANE USAGE,6845,W,GRAND AVE,2512,,,,,,,2,NO INDICATION OF INJURY,0,0,0,0,0,2,0,7,3,11,41.923474741,-87.796974,POINT (-87.796974000356 41.923474740566)
JA502083,,11/07/2017 07:10:00 AM,30,TRAFFIC SIGNAL,FUNCTIONING PROPERLY,CLEAR,DAYLIGHT,REAR END,NOT DIVIDED,,STRAIGHT AND LEVEL,DRY,NO DEFECTS,NOT ON SCENE (DESK REPORT),NO INJURY / DRIVE AWAY,,,,$500 OR LESS,11/07/2017 07:51:00 AM,UNABLE TO DETERMINE,UNABLE TO DETERMINE,7209,S,JEFFERY BLVD,333,,,,,,,2,NO INDICATION OF INJURY,0,0,0,0,0,2,0,7,3,11,41.764038778,-87.576108417,POINT (-87.576108416784 41.764038777515)
JA502063,,11/07/2017 07:10:00 AM,25,STOP SIGN/FLASHER,FUNCTIONING PROPERLY,CLEAR,DAYLIGHT,ANGLE,NOT DIVIDED,2,STRAIGHT AND LEVEL,DRY,NO DEFECTS,ON SCENE,INJURY AND / OR TOW DUE TO CRASH,Y,,,"OVER $1,500",11/07/2017 07:30:00 AM,FAILING TO YIELD RIGHT-OF-WAY,NOT APPLICABLE,7600,S,DANTE AVE,411,,,,,,,2,NO INDICATION OF INJURY,0,0,0,0,0,2,0,7,3,11,41.75682157,-87.589683218,POINT (-87.589683217836 41.756821569654)
JA502074,,11/07/2017 07:15:00 AM,35,NO CONTROLS,NO CONTROLS,CLEAR,DAYLIGHT,REAR END,DIVIDED - W/MEDIAN BARRIER,,STRAIGHT ON GRADE,DRY,NO DEFECTS,ON SCENE,INJURY AND / OR TOW DUE TO CRASH,,,,"OVER $1,500",11/07/2017 07:38:00 AM,FOLLOWING TOO CLOSELY,FAILING TO REDUCE SPEED TO AVOID CRASH,6731,S,CICERO AVE,833,,,,,,,2,"REPORTED, NOT EVIDENT",1,0,0,0,1,2,0,7,3,11,41.770242651,-87.741883912,POINT (-87.741883911686 41.770242651018)
JA502036,,11/07/2017 07:18:00 AM,20,STOP SIGN/FLASHER,FUNCTIONING PROPERLY,CLEAR,DAYLIGHT,ANGLE,NOT DIVIDED,2,STRAIGHT AND LEVEL,DRY,NO DEFECTS,ON SCENE,INJURY AND / OR TOW DUE TO CRASH,Y,,,"OVER $1,500",11/07/2017 07:18:00 AM,DRIVING SKILLS/KNOWLEDGE/EXPERIENCE,NOT APPLICABLE,2700,W,PRATT BLVD,2411,,,,,,,2,NO INDICATION OF INJURY,0,0,0,0,0,4,0,7,3,11,42.005001884,-87.697447722,POINT (-87.697447722224 42.005001883528)
JA502042,,11/07/2017 07:20:00 AM,30,NO CONTROLS,NO CONTROLS,CLEAR,DAYLIGHT,ANGLE,NOT DIVIDED,4,STRAIGHT AND LEVEL,DRY,NO DEFECTS,ON SCENE,INJURY AND / OR TOW DUE TO CRASH,,,Y,"OVER $1,500",11/07/2017 07:21:00 AM,FAILING TO YIELD RIGHT-OF-WAY,FAILING TO YIELD RIGHT-OF-WAY,3000,S,KEDZIE AVE,1032,,,,,,,2,NONINCAPACITATING INJURY,1,0,0,1,0,1,0,7,3,11,41.83896285,-87.705017907,POINT (-87.70501790708 41.838962849662)
JA503543,,11/07/2017 07:20:00 AM,15,NO CONTROLS,NO CONTROLS,CLEAR,DAYLIGHT,REAR END,DRIVEWAY,1,STRAIGHT AND LEVEL,DRY,NO DEFECTS,NOT ON SCENE (DESK REPORT),INJURY AND / OR TOW DUE TO CRASH,,Y,Y,"$501 - $1,500",11/08/2017 09:15:00 AM,UNABLE TO DETERMINE,UNABLE TO DETERMINE,6350,N,BROADWAY,2433,,,,,,,2,NONINCAPACITATING INJURY,1,0,0,1,0,1,0,7,3,11,41.997864291,-87.660658276,POINT (-87.660658276141 41.997864290687)
JA502047,,11/07/2017 07:20:00 AM,30,NO CONTROLS,UNKNOWN,CLEAR,DAYLIGHT,PARKED MOTOR VEHICLE,NOT DIVIDED,2,STRAIGHT AND LEVEL,DRY,UNKNOWN,ON SCENE,NO INJURY / DRIVE AWAY,,,Y,"$501 - $1,500",11/07/2017 07:21:00 AM,UNABLE TO DETERMINE,NOT APPLICABLE,8125,S,HALSTED ST,622,,,,,,,2,NO INDICATION OF INJURY,0,0,0,0,0,1,0,7,3,11,41.746236272,-87.643766038,POINT (-87.643766037833 41.74623627172)
JA511074,,11/07/2017 07:25:00 AM,30,TRAFFIC SIGNAL,FUNCTIONING PROPERLY,CLEAR,DAYLIGHT,TURNING,DIVIDED - W/MEDIAN (NOT RAISED),4,STRAIGHT AND LEVEL,DRY,NO DEFECTS,ON SCENE,INJURY AND / OR TOW DUE TO CRASH,Y,,,"OVER $1,500",11/14/2017 07:35:00 AM,FAILING TO YIELD RIGHT-OF-WAY,UNABLE TO DETERMINE,5140,N,CENTRAL AVE,1622,,,,,,,2,NO INDICATION OF INJURY,0,0,0,0,0,2,0,7,3,11,41.974743281,-87.768644353,POINT (-87.768644353417 41.974743281185)
JA502084,,11/07/2017 07:30:00 AM,20,STOP SIGN/FLASHER,WORN REFLECTIVE MATERIAL,CLEAR,DAYLIGHT,PARKED MOTOR VEHICLE,ONE-WAY,,STRAIGHT AND LEVEL,DRY,NO DEFECTS,NOT ON SCENE (DESK REPORT),NO INJURY / DRIVE AWAY,,,,"$501 - $1,500",11/07/2017 08:29:00 AM,UNABLE TO DETERMINE,NOT APPLICABLE,3001,N,KILPATRICK AVE,2521,Y,,,,,,2,NO INDICATION OF INJURY,0,0,0,0,0,1,0,7,3,11,41.935309834,-87.744140441,POINT (-87.744140441488 41.935309834126)
JA502156,,11/07/2017 07:30:00 AM,30,TRAFFIC SIGNAL,FUNCTIONING PROPERLY,CLEAR,DAYLIGHT,TURNING,DIVIDED - W/MEDIAN (NOT RAISED),2,STRAIGHT AND LEVEL,DRY,NO DEFECTS,NOT ON SCENE (DESK REPORT),NO INJURY / DRIVE AWAY,Y,,,"$501 - $1,500",11/07/2017 09:10:00 AM,DISREGARDING TRAFFIC SIGNALS,FAILING TO YIELD RIGHT-OF-WAY,7000,W,BELMONT AVE,1632,,,,,,,2,NO INDICATION OF INJURY,0,0,0,0,0,2,0,7,3,11,41.938185739,-87.801290173,POINT (-87.80129017281 41.938185738779)
JA502072,,11/07/2017 07:30:00 AM,15,NO CONTROLS,NO CONTROLS,CLEAR,DAYLIGHT,TURNING,ONE-WAY,1,STRAIGHT AND LEVEL,DRY,UNKNOWN,ON SCENE,INJURY AND / OR TOW DUE TO CRASH,Y,,,"OVER $1,500",11/07/2017 07:38:00 AM,FAILING TO YIELD RIGHT-OF-WAY,NOT APPLICABLE,4743,N,AVERS AVE,1723,,,,,,,3,NO INDICATION OF INJURY,0,0,0,0,0,2,0,7,3,11,41.967703646,-87.724203216,POINT (-87.724203215772 41.967703646302)
JA513550,,11/07/2017 07:30:00 AM,30,TRAFFIC SIGNAL,FUNCTIONING PROPERLY,CLEAR,DAYLIGHT,TURNING,NOT DIVIDED,2,STRAIGHT AND LEVEL,DRY,UNKNOWN,NOT ON SCENE (DESK REPORT),INJURY AND / OR TOW DUE TO CRASH,,,,"$501 - $1,500",11/16/2017 12:55:00 AM,FOLLOWING TOO CLOSELY,UNABLE TO DETERMINE,130,W,NORTH AVE,1814,,,,,,,2,NONINCAPACITATING INJURY,2,0,0,2,0,1,0,7,3,11,41.911272068,-87.633117174,POINT (-87.633117174389 41.911272068098)
JA502113,,11/07/2017 07:35:00 AM,30,NO CONTROLS,NO CONTROLS,CLEAR,DAYLIGHT,PARKED MOTOR VEHICLE,DIVIDED - W/MEDIAN (NOT RAISED),2,STRAIGHT AND LEVEL,DRY,NO DEFECTS,NOT ON SCENE (DESK REPORT),NO INJURY / DRIVE AWAY,,,Y,"$501 - $1,500",11/07/2017 07:40:00 AM,UNABLE TO DETERMINE,UNABLE TO DETERMINE,2415,N,LONG AVE,2515,,,,,,,2,NO INDICATION OF INJURY,0,0,0,0,0,4,0,7,3,11,41.924536915,-87.760937299,POINT (-87.760937299294 41.924536915377)
JA502080,,11/07/2017 07:40:00 AM,30,NO CONTROLS,NO CONTROLS,CLEAR,DAYLIGHT,REAR END,NOT DIVIDED,,STRAIGHT AND LEVEL,DRY,NO DEFECTS,,NO INJURY / DRIVE AWAY,,,,"OVER $1,500",11/07/2017 08:10:00 AM,FAILING TO YIELD RIGHT-OF-WAY,FAILING TO REDUCE SPEED TO AVOID CRASH,7229,W,HIGGINS AVE,1613,,,,,,,2,NO INDICATION OF INJURY,0,0,0,0,0,2,0,7,3,11,41.981429372,-87.808800815,POINT (-87.808800815132 41.98142937195)
JA502285,,11/07/2017 07:45:00 AM,30,TRAFFIC SIGNAL,NO CONTROLS,CLEAR,DAYLIGHT,REAR END,NOT DIVIDED,4,STRAIGHT AND LEVEL,DRY,NO DEFECTS,NOT ON SCENE (DESK REPORT),NO INJURY / DRIVE AWAY,,,,$500 OR LESS,11/07/2017 08:00:00 AM,UNABLE TO DETERMINE,NOT APPLICABLE,8309,S,PULASKI RD,834,,,,,,,2,NO INDICATION OF INJURY,0,0,0,0,0,2,0,7,3,11,41.741901406,-87.72152328,POINT (-87.721523279983 41.741901406144)
JA502081,,11/07/2017 07:45:00 AM,30,NO CONTROLS,NO CONTROLS,CLEAR,DAYLIGHT,ANGLE,DIVIDED - W/MEDIAN (NOT RAISED),,STRAIGHT AND LEVEL,DRY,NO DEFECTS,NOT ON SCENE (DESK REPORT),NO INJURY / DRIVE AWAY,,,,"OVER $1,500",11/07/2017 08:10:00 AM,FAILING TO YIELD RIGHT-OF-WAY,UNABLE TO DETERMINE,6999,W,DEVON AVE,1611,,,,,,,2,NO INDICATION OF INJURY,0,0,0,0,0,2,0,7,3,11,41.997355512,-87.802986027,POINT (-87.802986027457 41.997355511827)
JA502101,,11/07/2017 07:45:00 AM,15,NO CONTROLS,UNKNOWN,CLEAR,DAYLIGHT,PARKED MOTOR VEHICLE,NOT DIVIDED,,STRAIGHT AND LEVEL,DRY,NO DEFECTS,ON SCENE,INJURY AND / OR TOW DUE TO CRASH,,,,"OVER $1,500",11/07/2017 07:48:00 AM,UNABLE TO DETERMINE,NOT APPLICABLE,3757,W,34TH ST,1031,,,,,,,3,NO INDICATION OF INJURY,0,0,0,0,0,1,0,7,3,11,41.83141102,-87.719139971,POINT (-87.719139970649 41.83141101972)
JA502119,,11/07/2017 07:48:00 AM,25,NO CONTROLS,NO CONTROLS,CLOUDY/OVERCAST,DAYLIGHT,SIDESWIPE SAME DIRECTION,NOT DIVIDED,,STRAIGHT AND LEVEL,DRY,NO DEFECTS,ON SCENE,NO INJURY / DRIVE AWAY,,,,"$501 - $1,500",11/07/2017 08:45:00 AM,UNABLE TO DETERMINE,UNABLE TO DETERMINE,2551,W,25TH ST,1034,,,,,,,2,NO INDICATION OF INJURY,0,0,0,0,0,4,0,7,3,11,41.846413547,-87.689915509,POINT (-87.689915509383 41.846413546784)
JA502848,,11/07/2017 07:50:00 AM,30,STOP SIGN/FLASHER,FUNCTIONING PROPERLY,CLEAR,DAYLIGHT,REAR END,OTHER,,STRAIGHT AND LEVEL,DRY,NO DEFECTS,NOT ON SCENE (DESK REPORT),NO INJURY / DRIVE AWAY,Y,,,"$501 - $1,500",11/07/2017 05:00:00 PM,FOLLOWING TOO CLOSELY,FOLLOWING TOO CLOSELY,2400,N,CENTRAL PARK AVE,2524,,,,,,,2,NO INDICATION OF INJURY,0,0,0,0,0,4,0,7,3,11,41.924692154,-87.717142911,POINT (-87.717142910619 41.924692154013)
JA502077,Y,11/07/2017 07:50:00 AM,30,TRAFFIC SIGNAL,FUNCTIONING PROPERLY,CLEAR,DAYLIGHT,SIDESWIPE SAME DIRECTION,OTHER,1,STRAIGHT AND LEVEL,DRY,NO DEFECTS,ON SCENE,NO INJURY / DRIVE AWAY,,,,"OVER $1,500",11/07/2017 07:51:00 AM,FAILING TO REDUCE SPEED TO AVOID CRASH,NOT APPLICABLE,2340,N,CLYBOURN AVE,1811,,Y,,,,,2,NO INDICATION OF INJURY,0,0,0,0,0,2,0,7,3,11,41.924402557,-87.668497424,POINT (-87.668497424345 41.924402557183)
JA503931,,11/07/2017 07:50:00 AM,30,TRAFFIC SIGNAL,FUNCTIONING PROPERLY,CLEAR,DAYLIGHT,REAR END,ONE-WAY,,STRAIGHT AND LEVEL,DRY,NO DEFECTS,NOT ON SCENE (DESK REPORT),INJURY AND / OR TOW DUE TO CRASH,,,,"$501 - $1,500",11/08/2017 02:30:00 PM,UNABLE TO DETERMINE,UNABLE TO DETERMINE,6709,S,STONY ISLAND AVE,332,,,,,,,2,"REPORTED, NOT EVIDENT",2,0,0,0,2,1,0,7,3,11,41.77302807,-87.585945418,POINT (-87.585945418052 41.773028070072)
JA502087,,11/07/2017 07:51:00 AM,30,TRAFFIC SIGNAL,FUNCTIONING PROPERLY,CLEAR,DAYLIGHT,SIDESWIPE SAME DIRECTION,NOT DIVIDED,4,STRAIGHT AND LEVEL,DRY,NO DEFECTS,ON SCENE,NO INJURY / DRIVE AWAY,Y,,,"OVER $1,500",11/07/2017 08:00:00 AM,IMPROPER OVERTAKING/PASSING,DRIVING SKILLS/KNOWLEDGE/EXPERIENCE,2623,W,ADDISON ST,1921,,,,,,,2,NO INDICATION OF INJURY,0,0,0,0,0,2,0,7,3,11,41.946601205,-87.694090303,POINT (-87.694090302787 41.946601205261)
JA502487,,11/07/2017 07:55:00 AM,30,NO CONTROLS,NO CONTROLS,CLEAR,DAYLIGHT,REAR END,DIVIDED - W/MEDIAN (NOT RAISED),4,STRAIGHT AND LEVEL,DRY,UNKNOWN,NOT ON SCENE (DESK REPORT),NO INJURY / DRIVE AWAY,,,,"$501 - $1,500",11/07/2017 07:55:00 AM,IMPROPER LANE USAGE,FAILING TO REDUCE SPEED TO AVOID CRASH,4731,S,CALIFORNIA AVE,922,,,,,,,2,NO INDICATION OF INJURY,0,0,0,0,0,2,0,7,3,11,41.807347134,-87.694031851,POINT (-87.694031850904 41.80734713404)
JA502210,,11/07/2017 07:55:00 AM,30,NO CONTROLS,NO CONTROLS,CLEAR,DAYLIGHT,REAR END,DIVIDED - W/MEDIAN (NOT RAISED),,STRAIGHT AND LEVEL,DRY,NO DEFECTS,NOT ON SCENE (DESK REPORT),NO INJURY / DRIVE AWAY,,,,"$501 - $1,500",11/07/2017 10:05:00 AM,FOLLOWING TOO CLOSELY,FAILING TO YIELD RIGHT-OF-WAY,6200,N,CALDWELL AVE,1621,,,,,,,4,NO INDICATION OF INJURY,0,0,0,0,0,4,0,7,3,11,41.993791709,-87.759463682,POINT (-87.7594636818 41.993791708519)
JA502068,,11/07/2017 07:57:00 AM,25,TRAFFIC SIGNAL,FUNCTIONING PROPERLY,CLEAR,DAYLIGHT,PEDESTRIAN,NOT DIVIDED,,STRAIGHT AND LEVEL,DRY,NO DEFECTS,ON SCENE,NO INJURY / DRIVE AWAY,,,,$500 OR LESS,11/07/2017 07:58:00 AM,UNABLE TO DETERMINE,NOT APPLICABLE,1557,W,87TH ST,2221,,,,,,,2,NO INDICATION OF INJURY,0,0,0,0,0,2,0,7,3,11,41.735682224,-87.662917151,POINT (-87.662917151197 41.735682224033)
JA502106,,11/07/2017 08:00:00 AM,20,NO CONTROLS,NO CONTROLS,CLEAR,UNKNOWN,PARKED MOTOR VEHICLE,ONE-WAY,,STRAIGHT AND LEVEL,DRY,NO DEFECTS,ON SCENE,NO INJURY / DRIVE AWAY,,,Y,"OVER $1,500",11/07/2017 08:15:00 AM,UNABLE TO DETERMINE,NOT APPLICABLE,5648,N,ROCKWELL ST,2011,,,,,,,2,NO INDICATION OF INJURY,0,0,0,0,0,1,0,8,3,11,41.984588691,-87.694493526,POINT (-87.694493525721 41.98458869123)
JA502114,,11/07/2017 08:00:00 AM,5,NO CONTROLS,NO CONTROLS,CLEAR,DAYLIGHT,PARKED MOTOR VEHICLE,PARKING LOT,,STRAIGHT AND LEVEL,DRY,NO DEFECTS,NOT ON SCENE (DESK REPORT),NO INJURY / DRIVE AWAY,,,,"OVER $1,500",11/07/2017 08:30:00 AM,UNABLE TO DETERMINE,UNABLE TO DETERMINE,2059,W,HASTINGS ST,1233,,,,,,,2,NO INDICATION OF INJURY,0,0,0,0,0,1,0,8,3,11,41.863891816,-87.678420264,POINT (-87.678420263545 41.863891816086)
JA503027,,11/07/2017 08:00:00 AM,20,NO CONTROLS,NO CONTROLS,CLEAR,DAYLIGHT,SIDESWIPE SAME DIRECTION,ONE-WAY,,STRAIGHT AND LEVEL,DRY,NO DEFECTS,NOT ON SCENE (DESK REPORT),NO INJURY / DRIVE AWAY,,,,"OVER $1,500",11/07/2017 06:30:00 PM,IMPROPER LANE USAGE,IMPROPER LANE USAGE,9838,S,AVENUE H,432,,,,,,,2,NO INDICATION OF INJURY,0,0,0,0,0,6,0,8,3,11,41.716627957,-87.533013447,POINT (-87.533013447495 41.716627957367)