RD_NO,CRASH_DATE_EST_I,CRASH_DATE,POSTED_SPEED_LIMIT,TRAFFIC_CONTROL_DEVICE,DEVICE_CONDITION,WEATHER_CONDITION,LIGHTING_CONDITION,FIRST_CRASH_TYPE,TRAFFICWAY_TYPE,LANE_CNT,ALIGNMENT,ROADWAY_SURFACE_COND,ROAD_DEFECT,REPORT_TYPE,CRASH_TYPE,INTERSECTION_RELATED_I,NOT_RIGHT_OF_WAY_I,HIT_AND_RUN_I,DAMAGE,DATE_POLICE_NOTIFIED,PRIM_CONTRIBUTORY_CAUSE,SEC_CONTRIBUTORY_CAUSE,STREET_NO,STREET_DIRECTION,STREET_NAME,BEAT_OF_OCCURRENCE,PHOTOS_TAKEN_I,STATEMENTS_TAKEN_I,DOORING_I,WORK_ZONE_I,WORK_ZONE_TYPE,WORKERS_PRESENT_I,NUM_UNITS,MOST_SEVERE_INJURY,INJURIES_TOTAL,INJURIES_FATAL,INJURIES_INCAPACITATING,INJURIES_NON_INCAPACITATING,INJURIES_REPORTED_NOT_EVIDENT,INJURIES_NO_INDICATION,INJURIES_UNKNOWN,CRASH_HOUR,CRASH_DAY_OF_WEEK,CRASH_MONTH,LATITUDE,LONGITUDE,LOCATION
JA502503,,11/07/2017 12:45:00 PM,30,NO CONTROLS,NO CONTROLS,CLEAR,DAYLIGHT,PARKED MOTOR VEHICLE,NOT DIVIDED,,STRAIGHT AND LEVEL,DRY,NO DEFECTS,NOT ON SCENE (DESK REPORT),NO INJURY / DRIVE AWAY,,,Y,"OVER $1,500",11/07/2017 01:30:00 PM,UNABLE TO DETERMINE,NOT APPLICABLE,6500,S,ASHLAND AVE,725,,,,,,,2,NO INDICATION OF INJURY,0,0,0,0,0,1,0,12,3,11,41.775738934,-87.664264109,POINT (-87.66426410929 41.775738933736)
JA502454,,11/07/2017 12:50:00 PM,30,STOP SIGN/FLASHER,FUNCTIONING PROPERLY,CLEAR,DAYLIGHT,SIDESWIPE SAME DIRECTION,NOT DIVIDED,,STRAIGHT AND LEVEL,DRY,UNKNOWN,NOT ON SCENE (DESK REPORT),NO INJURY / DRIVE AWAY,,,,"$501 - $1,500",11/07/2017 01:08:00 PM,FAILING TO YIELD RIGHT-OF-WAY,FAILING TO YIELD RIGHT-OF-WAY,399,S,CAMPBELL AVE,1125,,,,,,,2,NO INDICATION OF INJURY,0,0,0,0,0,3,0,12,3,11,41.876078936,-87.688584767,POINT (-87.688584767405 41.876078936361)
JA502526,,11/07/2017 12:57:00 PM,30,NO CONTROLS,NO CONTROLS,CLEAR,DAYLIGHT,PARKED MOTOR VEHICLE,ONE-WAY,1,STRAIGHT AND LEVEL,DRY,NO DEFECTS,ON SCENE,INJURY AND / OR TOW DUE TO CRASH,,,Y,"OVER $1,500",11/07/2017 01:05:00 PM,"OPERATING VEHICLE IN ERRATIC, RECKLESS, CARELESS, NEGLIGENT OR AGGRESSIVE MANNER",FAILING TO REDUCE SPEED TO AVOID CRASH,5015,W,MONROE ST,1533,,,,,,,4,NO INDICATION OF INJURY,0,0,0,0,0,2,0,12,3,11,41.879331084,-87.750117604,POINT (-87.750117604089 41.87933108422)
JA506314,,11/07/2017 01:00:00 PM,30,NO CONTROLS,NO CONTROLS,CLEAR,DAYLIGHT,SIDESWIPE SAME DIRECTION,NOT DIVIDED,,STRAIGHT AND LEVEL,DRY,NO DEFECTS,NOT ON SCENE (DESK REPORT),NO INJURY / DRIVE AWAY,,,Y,"$501 - $1,500",11/10/2017 11:18:00 AM,UNABLE TO DETERMINE,UNABLE TO DETERMINE,4113,S,PULASKI RD,821,,,,,,,2,NO INDICATION OF INJURY,0,0,0,0,0,2,0,13,3,11,41.818018746,-87.723790382,POINT (-87.723790382171 41.818018746165)
JA502478,Y,11/07/2017 01:00:00 PM,15,NO CONTROLS,NO CONTROLS,CLEAR,UNKNOWN,REAR END,RAMP,1,STRAIGHT AND LEVEL,UNKNOWN,UNKNOWN,NOT ON SCENE (DESK REPORT),NO INJURY / DRIVE AWAY,,,,"OVER $1,500",11/07/2017 01:21:00 PM,DRIVING SKILLS/KNOWLEDGE/EXPERIENCE,FAILING TO REDUCE SPEED TO AVOID CRASH,200,W,RANDOLPH ST,122,,,,,,,2,NO INDICATION OF INJURY,0,0,0,0,0,4,0,13,3,11,41.884579046,-87.633969721,POINT (-87.633969720953 41.884579045949)
JA503699,,11/07/2017 01:00:00 PM,30,NO CONTROLS,NO CONTROLS,CLEAR,DAYLIGHT,SIDESWIPE OPPOSITE DIRECTION,NOT DIVIDED,,STRAIGHT AND LEVEL,DRY,NO DEFECTS,NOT ON SCENE (DESK REPORT),NO INJURY / DRIVE AWAY,,,Y,"$501 - $1,500",11/08/2017 11:45:00 AM,DRIVING ON WRONG SIDE/WRONG WAY,NOT APPLICABLE,3601,W,DIVISION ST,1112,,,,,,,2,NO INDICATION OF INJURY,0,0,0,0,0,2,0,13,3,11,41.902643889,-87.716621218,POINT (-87.716621217672 41.902643889498)
JA502565,,11/07/2017 01:00:00 PM,15,NO CONTROLS,NO CONTROLS,CLOUDY/OVERCAST,DAYLIGHT,FIXED OBJECT,OTHER,,STRAIGHT AND LEVEL,DRY,NO DEFECTS,NOT ON SCENE (DESK REPORT),NO INJURY / DRIVE AWAY,,,,"OVER $1,500",11/07/2017 02:00:00 PM,IMPROPER BACKING,NOT APPLICABLE,4215,W,45TH ST,815,,,,,,,2,NO INDICATION OF INJURY,0,0,0,0,0,2,0,13,3,11,41.811352385,-87.729290467,POINT (-87.729290466792 41.811352384558)
JA502528,,11/07/2017 01:00:00 PM,30,NO CONTROLS,NO CONTROLS,CLEAR,DAYLIGHT,PARKED MOTOR VEHICLE,NOT DIVIDED,2,STRAIGHT AND LEVEL,DRY,NO DEFECTS,NOT ON SCENE (DESK REPORT),NO INJURY / DRIVE AWAY,,,Y,"OVER $1,500",11/07/2017 01:56:00 PM,UNABLE TO DETERMINE,UNABLE TO DETERMINE,3379,W,CONGRESS PKWY,1134,,,,,,,2,NO INDICATION OF INJURY,0,0,0,0,0,1,0,13,3,11,41.874434778,-87.710765075,POINT (-87.710765075441 41.874434778336)
JA502814,,11/07/2017 01:00:00 PM,30,NO CONTROLS,NO CONTROLS,CLEAR,DAYLIGHT,SIDESWIPE SAME DIRECTION,NOT DIVIDED,,STRAIGHT AND LEVEL,DRY,NO DEFECTS,NOT ON SCENE (DESK REPORT),NO INJURY / DRIVE AWAY,,,,"OVER $1,500",11/07/2017 05:05:00 PM,UNABLE TO DETERMINE,UNABLE TO DETERMINE,1100,W,BLACKHAWK ST,1822,,,,,,,2,NO INDICATION OF INJURY,0,0,0,0,0,2,0,13,3,11,41.907264868,-87.655511642,POINT (-87.655511641852 41.907264868264)
JA502492,Y,11/07/2017 01:02:00 PM,30,NO CONTROLS,NO CONTROLS,CLEAR,DAYLIGHT,SIDESWIPE SAME DIRECTION,ONE-WAY,,STRAIGHT AND LEVEL,DRY,NO DEFECTS,NOT ON SCENE (DESK REPORT),NO INJURY / DRIVE AWAY,,,,"$501 - $1,500",11/07/2017 01:27:00 PM,FAILING TO YIELD RIGHT-OF-WAY,NOT APPLICABLE,6214,N,RICHMOND ST,2413,,,,,,,2,NO INDICATION OF INJURY,0,0,0,0,0,2,0,13,3,11,41.994409672,-87.703319573,POINT (-87.703319572927 41.994409671997)
JA502491,,11/07/2017 01:05:00 PM,30,TRAFFIC SIGNAL,FUNCTIONING PROPERLY,CLEAR,DAYLIGHT,SIDESWIPE SAME DIRECTION,DIVIDED - W/MEDIAN BARRIER,5,STRAIGHT AND LEVEL,DRY,NO DEFECTS,ON SCENE,NO INJURY / DRIVE AWAY,,,,"OVER $1,500",11/07/2017 01:07:00 PM,UNABLE TO DETERMINE,UNABLE TO DETERMINE,5958,N,RIDGE AVE,2012,,,,,,,2,NO INDICATION OF INJURY,0,0,0,0,0,2,0,13,3,11,41.990001216,-87.67086392,POINT (-87.670863920439 41.990001215955)
JA502494,,11/07/2017 01:06:00 PM,30,TRAFFIC SIGNAL,FUNCTIONING PROPERLY,CLEAR,DAYLIGHT,SIDESWIPE SAME DIRECTION,ONE-WAY,2,STRAIGHT AND LEVEL,DRY,NO DEFECTS,NOT ON SCENE (DESK REPORT),NO INJURY / DRIVE AWAY,Y,,,"$501 - $1,500",11/07/2017 01:30:00 PM,IMPROPER OVERTAKING/PASSING,NOT APPLICABLE,149,N,LA SALLE ST,122,,,,,,,2,NO INDICATION OF INJURY,0,0,0,0,0,2,0,13,3,11,41.884442812,-87.632287843,POINT (-87.632287842797 41.884442811903)
JA502470,,11/07/2017 01:10:00 PM,30,TRAFFIC SIGNAL,FUNCTIONING PROPERLY,CLEAR,DAYLIGHT,SIDESWIPE SAME DIRECTION,NOT DIVIDED,,STRAIGHT AND LEVEL,DRY,NO DEFECTS,NOT ON SCENE (DESK REPORT),NO INJURY / DRIVE AWAY,,,Y,"$501 - $1,500",11/07/2017 01:15:00 PM,UNABLE TO DETERMINE,NOT APPLICABLE,3401,W,NORTH AVE,1422,,,,,,,2,NO INDICATION OF INJURY,0,0,0,0,0,2,0,13,3,11,41.909943335,-87.711949783,POINT (-87.711949783168 41.909943335064)
JA502540,,11/07/2017 01:12:00 PM,30,NO CONTROLS,NO CONTROLS,CLEAR,DAYLIGHT,PARKED MOTOR VEHICLE,NOT DIVIDED,2,STRAIGHT AND LEVEL,DRY,NO DEFECTS,,INJURY AND / OR TOW DUE TO CRASH,,,,"OVER $1,500",11/07/2017 01:12:00 PM,IMPROPER BACKING,IMPROPER LANE USAGE,520,S,CAMPBELL AVE,1135,,,,,,,4,NO INDICATION OF INJURY,0,0,0,0,0,1,0,13,3,11,41.87429072,-87.688820679,POINT (-87.688820679068 41.874290720317)
JA502504,Y,11/07/2017 01:15:00 PM,30,NO CONTROLS,NO CONTROLS,CLEAR,DAYLIGHT,REAR END,CENTER TURN LANE,2,STRAIGHT AND LEVEL,DRY,NO DEFECTS,ON SCENE,INJURY AND / OR TOW DUE TO CRASH,,,,"OVER $1,500",11/07/2017 01:19:00 PM,DRIVING SKILLS/KNOWLEDGE/EXPERIENCE,UNABLE TO DETERMINE,1546,W,NORTH AVE,1433,,,,,,,2,"REPORTED, NOT EVIDENT",1,0,0,0,1,1,0,13,3,11,41.9107483,-87.667138969,POINT (-87.667138969487 41.910748300401)
JA502518,,11/07/2017 01:20:00 PM,20,TRAFFIC SIGNAL,FUNCTIONING PROPERLY,CLEAR,DAYLIGHT,SIDESWIPE SAME DIRECTION,NOT DIVIDED,4,STRAIGHT AND LEVEL,DRY,NO DEFECTS,ON SCENE,NO INJURY / DRIVE AWAY,Y,,,$500 OR LESS,11/07/2017 01:29:00 PM,IMPROPER OVERTAKING/PASSING,IMPROPER OVERTAKING/PASSING,5999,N,RIDGE AVE,2012,,,,,,,2,NO INDICATION OF INJURY,0,0,0,0,0,2,0,13,3,11,41.990850173,-87.672021178,POINT (-87.672021178093 41.990850173449)
JA502619,,11/07/2017 01:23:00 PM,30,YIELD,FUNCTIONING PROPERLY,CLEAR,DAYLIGHT,SIDESWIPE SAME DIRECTION,ONE-WAY,,STRAIGHT AND LEVEL,DRY,UNKNOWN,NOT ON SCENE (DESK REPORT),NO INJURY / DRIVE AWAY,Y,,,"OVER $1,500",11/07/2017 02:50:00 PM,ROAD CONSTRUCTION/MAINTENANCE,UNABLE TO DETERMINE,100,S,CLARK ST,122,,,,,,,2,NO INDICATION OF INJURY,0,0,0,0,0,2,0,13,3,11,41.880662868,-87.630999233,POINT (-87.630999232701 41.880662867542)
JA502592,,11/07/2017 01:30:00 PM,35,NO CONTROLS,NO CONTROLS,CLEAR,DAYLIGHT,REAR END,NOT DIVIDED,,STRAIGHT AND LEVEL,DRY,NO DEFECTS,ON SCENE,NO INJURY / DRIVE AWAY,,,,"OVER $1,500",11/07/2017 02:00:00 PM,FOLLOWING TOO CLOSELY,FAILING TO REDUCE SPEED TO AVOID CRASH,3000,W,103RD ST,2211,,,,,,,2,NO INDICATION OF INJURY,0,0,0,0,0,2,0,13,3,11,41.706367277,-87.696757689,POINT (-87.696757689225 41.706367277186)
JA502729,,11/07/2017 01:30:00 PM,25,TRAFFIC SIGNAL,FUNCTIONING PROPERLY,CLEAR,DAYLIGHT,PEDALCYCLIST,NOT DIVIDED,4,STRAIGHT AND LEVEL,DRY,SHOULDER DEFECT,ON SCENE,INJURY AND / OR TOW DUE TO CRASH,Y,,,$500 OR LESS,11/07/2017 01:31:00 PM,DISREGARDING OTHER TRAFFIC SIGNS,FAILING TO YIELD RIGHT-OF-WAY,6459,S,ASHLAND AVE,725,,,,,,,2,INCAPACITATING INJURY,1,0,1,0,0,1,0,13,3,11,41.775927455,-87.663978102,POINT (-87.663978101967 41.775927454902)
JA502554,,11/07/2017 01:40:00 PM,30,NO CONTROLS,NO CONTROLS,CLOUDY/OVERCAST,DAYLIGHT,ANGLE,CENTER TURN LANE,6,STRAIGHT AND LEVEL,DRY,NO DEFECTS,ON SCENE,INJURY AND / OR TOW DUE TO CRASH,,,Y,"OVER $1,500",11/07/2017 01:48:00 PM,FAILING TO YIELD RIGHT-OF-WAY,UNABLE TO DETERMINE,4425,S,PULASKI RD,821,,,,,,,2,NO INDICATION OF INJURY,0,0,0,0,0,3,0,13,3,11,41.81259757,-87.723617064,POINT (-87.723617064193 41.812597569938)
JA502523,,11/07/2017 01:40:00 PM,35,STOP SIGN/FLASHER,FUNCTIONING PROPERLY,CLEAR,DAYLIGHT,REAR END,NOT DIVIDED,2,STRAIGHT AND LEVEL,DRY,NO DEFECTS,ON SCENE,INJURY AND / OR TOW DUE TO CRASH,,,,"OVER $1,500",11/07/2017 01:45:00 PM,EQUIPMENT - VEHICLE CONDITION,NOT APPLICABLE,920,E,87TH ST,632,,,,,,,2,NONINCAPACITATING INJURY,2,0,0,2,0,0,0,13,3,11,41.736803305,-87.601501763,POINT (-87.601501763054 41.736803304782)
JA502659,,11/07/2017 01:40:00 PM,20,STOP SIGN/FLASHER,FUNCTIONING PROPERLY,CLEAR,DAYLIGHT,ANGLE,NOT DIVIDED,,STRAIGHT AND LEVEL,DRY,NO DEFECTS,ON SCENE,INJURY AND / OR TOW DUE TO CRASH,,,,"OVER $1,500",11/07/2017 03:28:00 PM,DISREGARDING STOP SIGN,UNABLE TO DETERMINE,160,W,87TH ST,622,,,,,,,2,NO INDICATION OF INJURY,0,0,0,0,0,3,0,13,3,11,41.736334713,-87.628645222,POINT (-87.62864522161 41.736334713231)
JA502622,,11/07/2017 01:40:00 PM,30,TRAFFIC SIGNAL,FUNCTIONING PROPERLY,CLOUDY/OVERCAST,DAYLIGHT,TURNING,NOT DIVIDED,4,STRAIGHT AND LEVEL,DRY,NO DEFECTS,NOT ON SCENE (DESK REPORT),NO INJURY / DRIVE AWAY,Y,,Y,"$501 - $1,500",11/07/2017 02:45:00 PM,FAILING TO YIELD RIGHT-OF-WAY,UNABLE TO DETERMINE,6900,S,STATE ST,322,,,,,,,2,NO INDICATION OF INJURY,0,0,0,0,0,3,0,13,3,11,41.769103975,-87.625092283,POINT (-87.625092282754 41.769103975226)
JA502535,,11/07/2017 01:43:00 PM,0,NO CONTROLS,NO CONTROLS,CLEAR,DAYLIGHT,PARKED MOTOR VEHICLE,PARKING LOT,,STRAIGHT AND LEVEL,DRY,NO DEFECTS,ON SCENE,NO INJURY / DRIVE AWAY,,Y,,"$501 - $1,500",11/07/2017 01:46:00 PM,IMPROPER OVERTAKING/PASSING,UNABLE TO DETERMINE,3401,S,CALIFORNIA AVE,911,,,,,,,2,NO INDICATION OF INJURY,0,0,0,0,0,2,0,13,3,11,41.832133803,-87.694728059,POINT (-87.694728059276 41.83213380291)
JA502574,,11/07/2017 01:44:00 PM,30,TRAFFIC SIGNAL,FUNCTIONING PROPERLY,CLEAR,DAYLIGHT,REAR END,NOT DIVIDED,,STRAIGHT AND LEVEL,DRY,NO DEFECTS,NOT ON SCENE (DESK REPORT),NO INJURY / DRIVE AWAY,,,,"OVER $1,500",11/07/2017 02:27:00 PM,IMPROPER BACKING,NOT APPLICABLE,1132,S,DESPLAINES ST,124,,,,,,,2,NO INDICATION OF INJURY,0,0,0,0,0,3,0,13,3,11,41.86798521,-87.64383224,POINT (-87.64383223991 41.867985209593)
JA503897,,11/07/2017 01:45:00 PM,30,NO CONTROLS,NO CONTROLS,CLEAR,DAYLIGHT,REAR END,NOT DIVIDED,2,STRAIGHT AND LEVEL,DRY,NO DEFECTS,NOT ON SCENE (DESK REPORT),NO INJURY / DRIVE AWAY,,,Y,"$501 - $1,500",11/08/2017 02:16:00 PM,FOLLOWING TOO CLOSELY,FAILING TO REDUCE SPEED TO AVOID CRASH,1150,S,DESPLAINES ST,124,,,,,,,2,NO INDICATION OF INJURY,0,0,0,0,0,3,0,13,3,11,41.867499494,-87.643817146,POINT (-87.643817145858 41.867499494034)
JA502534,,11/07/2017 01:47:00 PM,30,NO CONTROLS,NO CONTROLS,CLEAR,DAYLIGHT,TURNING,NOT DIVIDED,4,STRAIGHT AND LEVEL,DRY,NO DEFECTS,ON SCENE,INJURY AND / OR TOW DUE TO CRASH,,,,"OVER $1,500",11/07/2017 01:49:00 PM,IMPROPER TURNING/NO SIGNAL,PHYSICAL CONDITION OF DRIVER,2263,W,111TH ST,2212,,,,,,,3,NONINCAPACITATING INJURY,1,0,0,1,0,2,0,13,3,11,41.691698087,-87.678749027,POINT (-87.678749026646 41.691698086721)
JA502591,,11/07/2017 02:00:00 PM,30,NO CONTROLS,NO CONTROLS,CLEAR,DAYLIGHT,PARKED MOTOR VEHICLE,DIVIDED - W/MEDIAN (NOT RAISED),,STRAIGHT AND LEVEL,DRY,NO DEFECTS,ON SCENE,NO INJURY / DRIVE AWAY,,,Y,$500 OR LESS,11/07/2017 02:10:00 PM,NOT APPLICABLE,NOT APPLICABLE,4104,N,WESTERN AVE,1911,,,,,,,2,NO INDICATION OF INJURY,0,0,0,0,0,2,0,14,3,11,41.956015912,-87.688672323,POINT (-87.688672323358 41.956015911526)
JA502580,,11/07/2017 02:00:00 PM,30,NO CONTROLS,NO CONTROLS,CLEAR,DAYLIGHT,TURNING,NOT DIVIDED,2,STRAIGHT AND LEVEL,DRY,NO DEFECTS,ON SCENE,INJURY AND / OR TOW DUE TO CRASH,,,,"OVER $1,500",11/07/2017 02:05:00 PM,UNABLE TO DETERMINE,FAILING TO YIELD RIGHT-OF-WAY,1015,W,AINSLIE ST,2024,,,,,,,4,NONINCAPACITATING INJURY,1,0,0,1,0,1,0,14,3,11,41.971460025,-87.655538601,POINT (-87.655538601466 41.971460024694)
JA502680,Y,11/07/2017 02:00:00 PM,30,NO CONTROLS,NO CONTROLS,CLEAR,DAYLIGHT,PARKED MOTOR VEHICLE,NOT DIVIDED,2,STRAIGHT AND LEVEL,DRY,NO DEFECTS,ON SCENE,NO INJURY / DRIVE AWAY,,,,"$501 - $1,500",11/07/2017 03:25:00 PM,IMPROPER LANE USAGE,NOT APPLICABLE,717,S,WELLS ST,123,,,,,,,2,NO INDICATION OF INJURY,0,0,0,0,0,1,0,14,3,11,41.872967473,-87.633447809,POINT (-87.633447808641 41.872967472716)
JA502796,,11/07/2017 02:00:00 PM,30,STOP SIGN/FLASHER,UNKNOWN,CLOUDY/OVERCAST,DUSK,ANGLE,NOT DIVIDED,,STRAIGHT AND LEVEL,UNKNOWN,UNKNOWN,ON SCENE,NO INJURY / DRIVE AWAY,Y,,N,"OVER $1,500",11/07/2017 02:10:00 PM,EXCEEDING AUTHORIZED SPEED LIMIT,UNABLE TO DETERMINE,7800,S,EUCLID AVE,414,,,,,,,2,NO INDICATION OF INJURY,0,0,0,0,0,2,0,14,3,11,41.75331611,-87.577391458,POINT (-87.577391457552 41.753316110136)
JA502594,,11/07/2017 02:10:00 PM,20,NO CONTROLS,NO CONTROLS,CLOUDY/OVERCAST,DAYLIGHT,PEDESTRIAN,ONE-WAY,,STRAIGHT AND LEVEL,DRY,SHOULDER DEFECT,ON SCENE,INJURY AND / OR TOW DUE TO CRASH,,,,"OVER $1,500",11/07/2017 02:17:00 PM,IMPROPER BACKING,FAILING TO YIELD RIGHT-OF-WAY,12210,S,LAFAYETTE AVE,523,,,,,,,2,NONINCAPACITATING INJURY,1,0,0,1,0,1,0,14,3,11,41.672165928,-87.623831529,POINT (-87.623831529426 41.672165927778)
JA502607,,11/07/2017 02:20:00 PM,30,NO CONTROLS,NO CONTROLS,CLEAR,DAYLIGHT,SIDESWIPE SAME DIRECTION,DIVIDED - W/MEDIAN (NOT RAISED),,STRAIGHT AND LEVEL,DRY,NO DEFECTS,NOT ON SCENE (DESK REPORT),NO INJURY / DRIVE AWAY,N,,,"$501 - $1,500",11/07/2017 02:35:00 PM,FAILING TO YIELD RIGHT-OF-WAY,NOT APPLICABLE,2101,W,DIVISION ST,1212,,,,,,,2,NO INDICATION OF INJURY,0,0,0,0,0,2,0,14,3,11,41.903035034,-87.679818691,POINT (-87.679818690623 41.903035033911)
JA502614,,11/07/2017 02:20:00 PM,30,NO CONTROLS,NO CONTROLS,CLEAR,DAYLIGHT,ANGLE,NOT DIVIDED,2,STRAIGHT AND LEVEL,DRY,NO DEFECTS,NOT ON SCENE (DESK REPORT),NO INJURY / DRIVE AWAY,,,,"$501 - $1,500",11/07/2017 02:45:00 PM,IMPROPER BACKING,NOT APPLICABLE,65,E,WACKER DR,111,,,,,,,2,NO INDICATION OF INJURY,0,0,0,0,0,2,0,14,3,11,41.887598747,-87.625676724,POINT (-87.625676723888 41.887598746811)
JA502724,,11/07/2017 02:30:00 PM,30,NO CONTROLS,NO CONTROLS,CLEAR,DAYLIGHT,SIDESWIPE SAME DIRECTION,ONE-WAY,2,STRAIGHT AND LEVEL,DRY,NO DEFECTS,NOT ON SCENE (DESK REPORT),NO INJURY / DRIVE AWAY,,,,$500 OR LESS,11/07/2017 03:30:00 PM,FAILING TO YIELD RIGHT-OF-WAY,NOT APPLICABLE,499,W,ADAMS ST,121,,,,,,,2,NO INDICATION OF INJURY,0,0,0,0,0,3,0,14,3,11,41.879203111,-87.639551821,POINT (-87.639551821383 41.879203111052)
JA503594,,11/07/2017 02:30:00 PM,30,TRAFFIC SIGNAL,FUNCTIONING PROPERLY,CLEAR,DAYLIGHT,REAR END,DIVIDED - W/MEDIAN (NOT RAISED),,STRAIGHT AND LEVEL,DRY,NO DEFECTS,NOT ON SCENE (DESK REPORT),NO INJURY / DRIVE AWAY,,,,"OVER $1,500",11/08/2017 10:10:00 AM,UNABLE TO DETERMINE,UNABLE TO DETERMINE,199,W,CONGRESS PKWY,123,,,,,,,2,NO INDICATION OF INJURY,0,0,0,0,0,2,0,14,3,11,41.875480586,-87.633629911,POINT (-87.633629911006 41.875480586383)
JA502623,,11/07/2017 02:30:00 PM,30,STOP SIGN/FLASHER,FUNCTIONING PROPERLY,CLEAR,DAYLIGHT,ANGLE,NOT DIVIDED,2,STRAIGHT AND LEVEL,DRY,NO DEFECTS,NOT ON SCENE (DESK REPORT),NO INJURY / DRIVE AWAY,,,,"$501 - $1,500",11/07/2017 02:57:00 PM,FAILING TO YIELD RIGHT-OF-WAY,DISREGARDING STOP SIGN,6030,W,FULLERTON AVE,2512,,,,,,,2,NO INDICATION OF INJURY,0,0,0,0,0,3,0,14,3,11,41.92391629,-87.776995444,POINT (-87.776995444019 41.923916289618)
JA503823,,11/07/2017 02:30:00 PM,30,TRAFFIC SIGNAL,FUNCTIONING PROPERLY,CLEAR,DAYLIGHT,REAR END,DIVIDED - W/MEDIAN (NOT RAISED),4,STRAIGHT AND LEVEL,DRY,NO DEFECTS,NOT ON SCENE (DESK REPORT),NO INJURY / DRIVE AWAY,Y,,,"$501 - $1,500",11/08/2017 01:20:00 PM,UNABLE TO DETERMINE,NOT APPLICABLE,800,N,STATE ST,1832,,,,,,,2,NO INDICATION OF INJURY,0,0,0,0,0,2,0,14,3,11,41.896717576,-87.62834729,POINT (-87.628347290222 41.896717575598)
JA502713,,11/07/2017 02:30:00 PM,30,TRAFFIC SIGNAL,FUNCTIONING PROPERLY,CLEAR,DAYLIGHT,SIDESWIPE SAME DIRECTION,ONE-WAY,,STRAIGHT AND LEVEL,DRY,UNKNOWN,NOT ON SCENE (DESK REPORT),NO INJURY / DRIVE AWAY,,,,"$501 - $1,500",11/07/2017 03:48:00 PM,FAILING TO YIELD RIGHT-OF-WAY,FAILING TO YIELD RIGHT-OF-WAY,40,S,CLARK ST,122,,,,,,,2,NO INDICATION OF INJURY,0,0,0,0,0,2,0,14,3,11,41.880998833,-87.631006516,POINT (-87.631006516388 41.880998833041)
JA502691,,11/07/2017 02:30:00 PM,30,TRAFFIC SIGNAL,FUNCTIONING PROPERLY,CLEAR,DAYLIGHT,TURNING,ONE-WAY,3,STRAIGHT AND LEVEL,DRY,NO DEFECTS,ON SCENE,NO INJURY / DRIVE AWAY,Y,,,"OVER $1,500",11/07/2017 02:46:00 PM,UNABLE TO DETERMINE,UNABLE TO DETERMINE,400,N,DEARBORN ST,1831,,,,,,,2,NO INDICATION OF INJURY,0,0,0,0,0,2,0,14,3,11,41.889269528,-87.629735331,POINT (-87.629735331044 41.889269528172)
JA502628,,11/07/2017 02:30:00 PM,30,NO CONTROLS,NO CONTROLS,CLEAR,DAYLIGHT,PARKED MOTOR VEHICLE,ONE-WAY,1,STRAIGHT AND LEVEL,DRY,NO DEFECTS,ON SCENE,NO INJURY / DRIVE AWAY,,,Y,"OVER $1,500",11/07/2017 03:00:00 PM,"OPERATING VEHICLE IN ERRATIC, RECKLESS, CARELESS, NEGLIGENT OR AGGRESSIVE MANNER",NOT APPLICABLE,2415,N,KEELER AVE,2524,,,,,,,3,NO INDICATION OF INJURY,0,0,0,0,0,1,0,14,3,11,41.924890372,-87.73153531,POINT (-87.731535310136 41.924890372421)
JA502737,,11/07/2017 02:35:00 PM,30,TRAFFIC SIGNAL,FUNCTIONING PROPERLY,CLEAR,DAYLIGHT,SIDESWIPE SAME DIRECTION,NOT DIVIDED,2,STRAIGHT AND LEVEL,DRY,NO DEFECTS,NOT ON SCENE (DESK REPORT),NO INJURY / DRIVE AWAY,,,,"$501 - $1,500",11/07/2017 03:25:00 PM,FAILING TO YIELD RIGHT-OF-WAY,NOT APPLICABLE,9500,S,DR MARTIN LUTHER KING JR DR,511,,,,,,,2,NO INDICATION OF INJURY,0,0,0,0,0,2,0,14,3,11,41.72179922,-87.614287076,POINT (-87.614287075979 41.721799219894)
JA502701,,11/07/2017 02:45:00 PM,30,TRAFFIC SIGNAL,FUNCTIONING PROPERLY,CLEAR,DUSK,REAR END,NOT DIVIDED,4,STRAIGHT AND LEVEL,DRY,NO DEFECTS,NOT ON SCENE (DESK REPORT),INJURY AND / OR TOW DUE TO CRASH,Y,,,"$501 - $1,500",11/07/2017 03:45:00 PM,FOLLOWING TOO CLOSELY,UNABLE TO DETERMINE,1300,N,WESTERN AVE,1423,,,,,,,2,"REPORTED, NOT EVIDENT",1,0,0,0,1,1,0,14,3,11,41.90493125,-87.687225095,POINT (-87.687225094559 41.904931250046)
JA502632,,11/07/2017 02:45:00 PM,30,UNKNOWN,UNKNOWN,CLEAR,DAYLIGHT,ANGLE,DIVIDED - W/MEDIAN (NOT RAISED),2,STRAIGHT AND LEVEL,DRY,UNKNOWN,NOT ON SCENE (DESK REPORT),NO INJURY / DRIVE AWAY,,,Y,"$501 - $1,500",11/07/2017 03:00:00 PM,CELL PHONE USE OTHER THAN TEXTING,UNABLE TO DETERMINE,8608,S,VINCENNES AVE,622,,,,,,,2,NO INDICATION OF INJURY,0,0,0,0,0,2,0,14,3,11,41.738339668,-87.642040999,POINT (-87.642040998821 41.738339667957)