RD_NO,CRASH_DATE_EST_I,CRASH_DATE,POSTED_SPEED_LIMIT,TRAFFIC_CONTROL_DEVICE,DEVICE_CONDITION,WEATHER_CONDITION,LIGHTING_CONDITION,FIRST_CRASH_TYPE,TRAFFICWAY_TYPE,LANE_CNT,ALIGNMENT,ROADWAY_SURFACE_COND,ROAD_DEFECT,REPORT_TYPE,CRASH_TYPE,INTERSECTION_RELATED_I,NOT_RIGHT_OF_WAY_I,HIT_AND_RUN_I,DAMAGE,DATE_POLICE_NOTIFIED,PRIM_CONTRIBUTORY_CAUSE,SEC_CONTRIBUTORY_CAUSE,STREET_NO,STREET_DIRECTION,STREET_NAME,BEAT_OF_OCCURRENCE,PHOTOS_TAKEN_I,STATEMENTS_TAKEN_I,DOORING_I,WORK_ZONE_I,WORK_ZONE_TYPE,WORKERS_PRESENT_I,NUM_UNITS,MOST_SEVERE_INJURY,INJURIES_TOTAL,INJURIES_FATAL,INJURIES_INCAPACITATING,INJURIES_NON_INCAPACITATING,INJURIES_REPORTED_NOT_EVIDENT,INJURIES_NO_INDICATION,INJURIES_UNKNOWN,CRASH_HOUR,CRASH_DAY_OF_WEEK,CRASH_MONTH,LATITUDE,LONGITUDE,LOCATION
JA502757,,11/07/2017 02:51:00 PM,30,NO CONTROLS,NO CONTROLS,CLEAR,DAYLIGHT,SIDESWIPE SAME DIRECTION,NOT DIVIDED,4,STRAIGHT AND LEVEL,DRY,NO DEFECTS,ON SCENE,INJURY AND / OR TOW DUE TO CRASH,,,Y,"OVER $1,500",11/07/2017 02:53:00 PM,IMPROPER LANE USAGE,UNABLE TO DETERMINE,3236,S,ARCHER AVE,912,,,,,,,2,NONINCAPACITATING INJURY,2,0,0,1,1,1,0,14,3,11,41.835311312,-87.669851598,POINT (-87.669851597603 41.835311312358)
JA503788,,11/07/2017 03:00:00 PM,0,NO CONTROLS,NO CONTROLS,CLEAR,DAYLIGHT,PARKED MOTOR VEHICLE,PARKING LOT,,STRAIGHT AND LEVEL,DRY,NO DEFECTS,NOT ON SCENE (DESK REPORT),NO INJURY / DRIVE AWAY,,,,"OVER $1,500",11/08/2017 01:00:00 PM,"VISION OBSCURED (SIGNS, TREE LIMBS, BUILDINGS, ETC.)",UNABLE TO DETERMINE,11020,S,PROSPECT AVE,2212,,,,,,,2,NO INDICATION OF INJURY,0,0,0,0,0,2,0,15,3,11,41.693402314,-87.670687013,POINT (-87.670687013042 41.693402313894)
JA502662,,11/07/2017 03:00:00 PM,35,NO CONTROLS,NO CONTROLS,CLOUDY/OVERCAST,DAYLIGHT,ANGLE,DIVIDED - W/MEDIAN (NOT RAISED),0,STRAIGHT ON GRADE,DRY,NO DEFECTS,ON SCENE,INJURY AND / OR TOW DUE TO CRASH,Y,,,"OVER $1,500",11/07/2017 03:00:00 PM,FAILING TO YIELD RIGHT-OF-WAY,NOT APPLICABLE,2400,W,80TH ST,835,,,,,,,2,NONINCAPACITATING INJURY,1,0,0,1,0,1,0,15,3,11,41.748397341,-87.682870694,POINT (-87.682870693902 41.748397341196)
JA502891,,11/07/2017 03:00:00 PM,30,NO CONTROLS,NO CONTROLS,CLEAR,DAYLIGHT,SIDESWIPE SAME DIRECTION,NOT DIVIDED,,STRAIGHT AND LEVEL,DRY,NO DEFECTS,NOT ON SCENE (DESK REPORT),NO INJURY / DRIVE AWAY,,,Y,"$501 - $1,500",11/07/2017 05:45:00 PM,UNABLE TO DETERMINE,UNABLE TO DETERMINE,5830,S,NORMAL BLVD,711,,,,,,,2,NO INDICATION OF INJURY,0,0,0,0,0,7,0,15,3,11,41.78792337,-87.63783136,POINT (-87.63783135969 41.787923369555)
JA503832,,11/07/2017 03:00:00 PM,30,NO CONTROLS,NO CONTROLS,CLEAR,DAYLIGHT,PARKED MOTOR VEHICLE,NOT DIVIDED,,STRAIGHT AND LEVEL,DRY,NO DEFECTS,NOT ON SCENE (DESK REPORT),NO INJURY / DRIVE AWAY,,,,"$501 - $1,500",11/08/2017 01:25:00 PM,IMPROPER LANE USAGE,UNABLE TO DETERMINE,2312,W,18TH ST,1234,,,,,,,2,NO INDICATION OF INJURY,0,0,0,0,0,1,0,15,3,11,41.857669657,-87.68393451,POINT (-87.683934509913 41.857669656816)
JA502702,,11/07/2017 03:00:00 PM,35,NO CONTROLS,NO CONTROLS,CLEAR,DAYLIGHT,REAR END,NOT DIVIDED,,STRAIGHT AND LEVEL,DRY,NO DEFECTS,NOT ON SCENE (DESK REPORT),NO INJURY / DRIVE AWAY,,,,"$501 - $1,500",11/07/2017 03:35:00 PM,UNABLE TO DETERMINE,UNABLE TO DETERMINE,3426,W,IRVING PARK RD,1723,,,,,,,2,NO INDICATION OF INJURY,0,0,0,0,0,5,0,15,3,11,41.953949962,-87.714066554,POINT (-87.714066553617 41.953949961533)
JA502695,Y,11/07/2017 03:04:00 PM,30,NO CONTROLS,NO CONTROLS,CLEAR,DAYLIGHT,SIDESWIPE SAME DIRECTION,DIVIDED - W/MEDIAN (NOT RAISED),4,STRAIGHT AND LEVEL,UNKNOWN,UNKNOWN,NOT ON SCENE (DESK REPORT),NO INJURY / DRIVE AWAY,,,,"OVER $1,500",11/07/2017 03:41:00 PM,FAILING TO YIELD RIGHT-OF-WAY,FAILING TO REDUCE SPEED TO AVOID CRASH,1256,S,MICHIGAN AVE,131,,,,,,,2,NO INDICATION OF INJURY,0,0,0,0,0,2,0,15,3,11,41.865917984,-87.624262525,POINT (-87.624262524761 41.865917983575)
JA502742,,11/07/2017 03:10:00 PM,20,NO CONTROLS,NO CONTROLS,CLEAR,DAYLIGHT,REAR END,ALLEY,,STRAIGHT AND LEVEL,DRY,NO DEFECTS,NOT ON SCENE (DESK REPORT),NO INJURY / DRIVE AWAY,,,,"$501 - $1,500",11/07/2017 04:15:00 PM,IMPROPER BACKING,NOT APPLICABLE,4201,W,POTOMAC AVE,2534,,,,,,,2,NO INDICATION OF INJURY,0,0,0,0,0,4,0,15,3,11,41.904287071,-87.731394216,POINT (-87.731394215696 41.904287070691)
JA502683,,11/07/2017 03:20:00 PM,30,NO CONTROLS,NO CONTROLS,CLEAR,DAYLIGHT,REAR END,NOT DIVIDED,,STRAIGHT AND LEVEL,DRY,NO DEFECTS,NOT ON SCENE (DESK REPORT),NO INJURY / DRIVE AWAY,,,,"OVER $1,500",11/07/2017 03:40:00 PM,FOLLOWING TOO CLOSELY,FOLLOWING TOO CLOSELY,1340,W,63RD ST,713,,,,,,,2,NO INDICATION OF INJURY,0,0,0,0,0,4,0,15,3,11,41.779662529,-87.658592112,POINT (-87.65859211181 41.779662529172)
JA502697,,11/07/2017 03:21:00 PM,20,NO CONTROLS,NO CONTROLS,CLEAR,DAYLIGHT,ANGLE,NOT DIVIDED,2,STRAIGHT AND LEVEL,DRY,NO DEFECTS,ON SCENE,INJURY AND / OR TOW DUE TO CRASH,,,,"OVER $1,500",11/07/2017 03:23:00 PM,"VISION OBSCURED (SIGNS, TREE LIMBS, BUILDINGS, ETC.)",NOT APPLICABLE,2798,W,28TH ST,1034,,,,,,,2,"REPORTED, NOT EVIDENT",1,0,0,0,1,1,0,15,3,11,41.841347794,-87.694337885,POINT (-87.694337885225 41.841347794054)
JA502776,,11/07/2017 03:25:00 PM,30,TRAFFIC SIGNAL,FUNCTIONING PROPERLY,CLEAR,DAYLIGHT,SIDESWIPE SAME DIRECTION,RAMP,,STRAIGHT AND LEVEL,DRY,NO DEFECTS,ON SCENE,NO INJURY / DRIVE AWAY,Y,,,"OVER $1,500",11/07/2017 03:36:00 PM,FAILING TO YIELD RIGHT-OF-WAY,NOT APPLICABLE,4656,S,WENTWORTH AVE,925,,,,,,,2,NO INDICATION OF INJURY,0,0,0,0,0,2,0,15,3,11,41.809327009,-87.632641139,POINT (-87.632641139242 41.809327009254)
JA503653,,11/07/2017 03:30:00 PM,20,NO CONTROLS,NO CONTROLS,CLEAR,DAYLIGHT,PARKED MOTOR VEHICLE,NOT DIVIDED,2,STRAIGHT AND LEVEL,DRY,UNKNOWN,NOT ON SCENE (DESK REPORT),NO INJURY / DRIVE AWAY,,,Y,"$501 - $1,500",11/08/2017 11:00:00 AM,UNABLE TO DETERMINE,UNABLE TO DETERMINE,2643,W,CHICAGO AVE,1221,,,,,,,2,NO INDICATION OF INJURY,0,0,0,0,0,1,0,15,3,11,41.89556585,-87.693499838,POINT (-87.69349983762 41.895565849748)
JA502710,,11/07/2017 03:30:00 PM,30,UNKNOWN,UNKNOWN,CLEAR,DAYLIGHT,REAR END,UNKNOWN,,STRAIGHT AND LEVEL,DRY,UNKNOWN,NOT ON SCENE (DESK REPORT),NO INJURY / DRIVE AWAY,,,,"$501 - $1,500",11/07/2017 03:55:00 PM,FOLLOWING TOO CLOSELY,FOLLOWING TOO CLOSELY,2002,N,CICERO AVE,2522,,,,,,,2,NO INDICATION OF INJURY,0,0,0,0,0,2,0,15,3,11,41.917031824,-87.746263718,POINT (-87.746263718306 41.917031824409)
JA502718,,11/07/2017 03:30:00 PM,30,NO CONTROLS,NO CONTROLS,CLEAR,DAYLIGHT,ANGLE,NOT DIVIDED,2,STRAIGHT AND LEVEL,DRY,NO DEFECTS,ON SCENE,INJURY AND / OR TOW DUE TO CRASH,,,,"OVER $1,500",11/07/2017 03:33:00 PM,FAILING TO YIELD RIGHT-OF-WAY,UNABLE TO DETERMINE,2747,N,MULLIGAN AVE,2512,,,,,,,2,NO INDICATION OF INJURY,0,0,0,0,0,2,0,15,3,11,41.930589006,-87.784313178,POINT (-87.784313178455 41.930589005738)
JA502685,,11/07/2017 03:35:00 PM,30,TRAFFIC SIGNAL,FUNCTIONING PROPERLY,CLOUDY/OVERCAST,DAYLIGHT,SIDESWIPE SAME DIRECTION,NOT DIVIDED,2,STRAIGHT AND LEVEL,DRY,NO DEFECTS,,NO INJURY / DRIVE AWAY,Y,,,"OVER $1,500",11/07/2017 03:45:00 PM,IMPROPER LANE USAGE,NOT APPLICABLE,1900,W,MONTEREY AVE,2212,,,,N,,,2,NO INDICATION OF INJURY,0,0,0,0,0,2,0,15,3,11,41.69143478,-87.668520394,POINT (-87.668520393669 41.691434779531)
JA502792,,11/07/2017 03:42:00 PM,30,NO CONTROLS,NO CONTROLS,CLEAR,DAYLIGHT,TURNING,NOT DIVIDED,2,STRAIGHT AND LEVEL,DRY,NO DEFECTS,NOT ON SCENE (DESK REPORT),NO INJURY / DRIVE AWAY,,,,"OVER $1,500",11/07/2017 04:50:00 PM,FAILING TO YIELD RIGHT-OF-WAY,EXCEEDING AUTHORIZED SPEED LIMIT,5800,N,NAGLE AVE,1611,,,,,,,2,NO INDICATION OF INJURY,0,0,0,0,0,2,0,15,3,11,41.985976968,-87.78782345,POINT (-87.787823450015 41.985976968036)
JA502738,,11/07/2017 03:45:00 PM,30,TRAFFIC SIGNAL,FUNCTIONING PROPERLY,CLEAR,DAYLIGHT,REAR END,NOT DIVIDED,4,STRAIGHT AND LEVEL,DRY,NO DEFECTS,NOT ON SCENE (DESK REPORT),NO INJURY / DRIVE AWAY,,,,"$501 - $1,500",11/07/2017 04:10:00 PM,FOLLOWING TOO CLOSELY,FAILING TO REDUCE SPEED TO AVOID CRASH,5911,S,CICERO AVE,813,,,,,,,2,NO INDICATION OF INJURY,0,0,0,0,0,2,0,15,3,11,41.785433043,-87.741180253,POINT (-87.741180252528 41.785433042982)
JA502783,,11/07/2017 03:50:00 PM,30,NO CONTROLS,NO CONTROLS,CLEAR,DAYLIGHT,PARKED MOTOR VEHICLE,NOT DIVIDED,2,STRAIGHT AND LEVEL,DRY,NO DEFECTS,ON SCENE,INJURY AND / OR TOW DUE TO CRASH,,,,"OVER $1,500",11/07/2017 03:51:00 PM,IMPROPER OVERTAKING/PASSING,DRIVING SKILLS/KNOWLEDGE/EXPERIENCE,4211,W,ROOSEVELT RD,1011,,,,,,,2,NO INDICATION OF INJURY,0,0,0,0,0,2,0,15,3,11,41.865984532,-87.730581214,POINT (-87.730581213863 41.86598453211)
JA502750,,11/07/2017 03:55:00 PM,30,NO CONTROLS,UNKNOWN,CLEAR,DAYLIGHT,PARKED MOTOR VEHICLE,ONE-WAY,1,STRAIGHT AND LEVEL,DRY,NO DEFECTS,ON SCENE,INJURY AND / OR TOW DUE TO CRASH,,,,"OVER $1,500",11/07/2017 03:57:00 PM,UNABLE TO DETERMINE,UNABLE TO DETERMINE,5438,S,HOMAN AVE,822,,,,,,,2,NO INDICATION OF INJURY,0,0,0,0,0,1,0,15,3,11,41.794116552,-87.70862038,POINT (-87.708620379583 41.794116552218)
JA502752,Y,11/07/2017 04:00:00 PM,30,TRAFFIC SIGNAL,UNKNOWN,CLEAR,DAYLIGHT,TURNING,ONE-WAY,3,STRAIGHT AND LEVEL,UNKNOWN,NO DEFECTS,NOT ON SCENE (DESK REPORT),NO INJURY / DRIVE AWAY,,,,"OVER $1,500",11/07/2017 04:25:00 PM,FAILING TO YIELD RIGHT-OF-WAY,UNABLE TO DETERMINE,2,N,WELLS ST,122,,,,,,,2,NO INDICATION OF INJURY,0,0,0,0,0,2,0,16,3,11,41.881975728,-87.633971846,POINT (-87.63397184627 41.881975727714)
JA502839,,11/07/2017 04:00:00 PM,30,NO CONTROLS,NO CONTROLS,CLEAR,DAYLIGHT,PARKED MOTOR VEHICLE,PARKING LOT,,STRAIGHT AND LEVEL,UNKNOWN,UNKNOWN,NOT ON SCENE (DESK REPORT),NO INJURY / DRIVE AWAY,,,Y,$500 OR LESS,11/07/2017 05:00:00 PM,UNABLE TO DETERMINE,UNABLE TO DETERMINE,1950,W,33RD ST,912,,,,,,,2,NO INDICATION OF INJURY,0,0,0,0,0,1,0,16,3,11,41.834139389,-87.674986852,POINT (-87.674986851996 41.834139388599)
JA503750,,11/07/2017 04:00:00 PM,30,TRAFFIC SIGNAL,FUNCTIONING PROPERLY,RAIN,DAYLIGHT,SIDESWIPE SAME DIRECTION,NOT DIVIDED,2,STRAIGHT AND LEVEL,DRY,NO DEFECTS,NOT ON SCENE (DESK REPORT),NO INJURY / DRIVE AWAY,Y,,Y,"$501 - $1,500",11/08/2017 12:25:00 PM,FAILING TO YIELD RIGHT-OF-WAY,IMPROPER OVERTAKING/PASSING,1600,N,CALIFORNIA AVE,1421,,,,,,,2,NO INDICATION OF INJURY,0,0,0,0,0,2,0,16,3,11,41.910315146,-87.697174719,POINT (-87.697174719012 41.910315146253)
JA502753,,11/07/2017 04:00:00 PM,45,NO CONTROLS,NO CONTROLS,RAIN,DUSK,SIDESWIPE SAME DIRECTION,DIVIDED - W/MEDIAN BARRIER,4,STRAIGHT AND LEVEL,WET,NO DEFECTS,ON SCENE,NO INJURY / DRIVE AWAY,,,,"OVER $1,500",11/07/2017 04:04:00 PM,NOT APPLICABLE,NOT APPLICABLE,1601,E,130TH ST,434,,,,,,,2,NO INDICATION OF INJURY,0,0,0,0,0,3,0,16,3,11,41.660206171,-87.586439219,POINT (-87.586439219373 41.660206171313)
JA503199,,11/07/2017 04:00:00 PM,35,NO CONTROLS,NO CONTROLS,CLEAR,DAYLIGHT,SIDESWIPE SAME DIRECTION,DIVIDED - W/MEDIAN (NOT RAISED),,STRAIGHT AND LEVEL,DRY,UNKNOWN,NOT ON SCENE (DESK REPORT),NO INJURY / DRIVE AWAY,,,,"$501 - $1,500",11/07/2017 10:00:00 PM,UNABLE TO DETERMINE,UNABLE TO DETERMINE,6232,S,LAKE SHORE DR,331,,,,,,,2,NO INDICATION OF INJURY,0,0,0,0,0,2,0,16,3,11,41.781320312,-87.575079365,POINT (-87.575079365418 41.781320311894)
JA502787,,11/07/2017 04:03:00 PM,30,NO CONTROLS,NO CONTROLS,CLEAR,DAYLIGHT,HEAD ON,PARKING LOT,0,STRAIGHT AND LEVEL,DRY,UNKNOWN,ON SCENE,INJURY AND / OR TOW DUE TO CRASH,,Y,Y,"OVER $1,500",11/07/2017 04:07:00 PM,"OPERATING VEHICLE IN ERRATIC, RECKLESS, CARELESS, NEGLIGENT OR AGGRESSIVE MANNER",UNABLE TO DETERMINE,5546,W,HARRISON ST,1522,,,,,,,3,"REPORTED, NOT EVIDENT",2,0,0,0,2,1,0,16,3,11,41.872951737,-87.763403535,POINT (-87.763403535062 41.872951736973)
JA502823,,11/07/2017 04:05:00 PM,30,NO CONTROLS,NO CONTROLS,CLEAR,DUSK,REAR END,NOT DIVIDED,,STRAIGHT AND LEVEL,DRY,NO DEFECTS,NOT ON SCENE (DESK REPORT),NO INJURY / DRIVE AWAY,,,Y,"OVER $1,500",11/07/2017 04:56:00 PM,NOT APPLICABLE,NOT APPLICABLE,5640,S,KEDZIE AVE,822,,,,,,,2,NO INDICATION OF INJURY,0,0,0,0,0,2,0,16,3,11,41.790478885,-87.70361656,POINT (-87.703616560058 41.790478884595)
JA502800,,11/07/2017 04:07:00 PM,30,STOP SIGN/FLASHER,NO CONTROLS,CLEAR,DAWN,ANGLE,OTHER,2,STRAIGHT AND LEVEL,DRY,NO DEFECTS,ON SCENE,INJURY AND / OR TOW DUE TO CRASH,,,,"OVER $1,500",11/07/2017 04:07:00 PM,FAILING TO REDUCE SPEED TO AVOID CRASH,FAILING TO YIELD RIGHT-OF-WAY,4098,N,LARAMIE AVE,1624,,,,,,,2,"REPORTED, NOT EVIDENT",2,0,0,0,2,3,0,16,3,11,41.955073851,-87.757351591,POINT (-87.757351590834 41.955073851032)
JA502773,,11/07/2017 04:10:00 PM,30,TRAFFIC SIGNAL,FUNCTIONING PROPERLY,CLEAR,DAYLIGHT,REAR END,DIVIDED - W/MEDIAN (NOT RAISED),2,STRAIGHT AND LEVEL,DRY,NO DEFECTS,NOT ON SCENE (DESK REPORT),INJURY AND / OR TOW DUE TO CRASH,,,,"$501 - $1,500",11/07/2017 04:15:00 PM,FOLLOWING TOO CLOSELY,DISTRACTION - FROM INSIDE VEHICLE,2000,W,DIVERSEY PKWY,1931,,,,,,,2,"REPORTED, NOT EVIDENT",2,0,0,0,2,2,0,16,3,11,41.932394164,-87.678173031,POINT (-87.678173030878 41.932394164037)
JA502880,,11/07/2017 04:13:00 PM,30,NO CONTROLS,NO CONTROLS,CLEAR,DAYLIGHT,REAR END,NOT DIVIDED,6,STRAIGHT AND LEVEL,DRY,NO DEFECTS,ON SCENE,INJURY AND / OR TOW DUE TO CRASH,,,,$500 OR LESS,11/07/2017 04:57:00 PM,FOLLOWING TOO CLOSELY,DRIVING SKILLS/KNOWLEDGE/EXPERIENCE,7848,S,PULASKI RD,834,,,,,,,2,INCAPACITATING INJURY,1,0,1,0,0,1,0,16,3,11,41.749935203,-87.722074192,POINT (-87.722074192307 41.749935203085)
JA502790,,11/07/2017 04:15:00 PM,30,NO CONTROLS,NO CONTROLS,CLOUDY/OVERCAST,DAYLIGHT,SIDESWIPE SAME DIRECTION,NOT DIVIDED,2,STRAIGHT AND LEVEL,DRY,NO DEFECTS,NOT ON SCENE (DESK REPORT),NO INJURY / DRIVE AWAY,,,,"OVER $1,500",11/07/2017 04:40:00 PM,FAILING TO YIELD RIGHT-OF-WAY,NOT APPLICABLE,4700,S,KEDZIE AVE,821,,,,,,,2,NO INDICATION OF INJURY,0,0,0,0,0,3,0,16,3,11,41.808047272,-87.704118822,POINT (-87.704118822299 41.80804727165)
JA503861,,11/07/2017 04:15:00 PM,30,TRAFFIC SIGNAL,FUNCTIONING PROPERLY,CLEAR,DAYLIGHT,REAR END,NOT DIVIDED,2,STRAIGHT AND LEVEL,DRY,UNKNOWN,NOT ON SCENE (DESK REPORT),INJURY AND / OR TOW DUE TO CRASH,Y,,,"$501 - $1,500",11/08/2017 01:28:00 PM,UNABLE TO DETERMINE,UNABLE TO DETERMINE,6700,S,JEFFERY BLVD,332,,,,,,,2,NONINCAPACITATING INJURY,1,0,0,1,0,2,0,16,3,11,41.773368409,-87.576638552,POINT (-87.576638552177 41.773368408547)
JA504386,,11/07/2017 04:15:00 PM,30,NO CONTROLS,NO CONTROLS,CLEAR,DAYLIGHT,SIDESWIPE SAME DIRECTION,NOT DIVIDED,3,STRAIGHT AND LEVEL,DRY,UNKNOWN,NOT ON SCENE (DESK REPORT),NO INJURY / DRIVE AWAY,,,,"OVER $1,500",11/08/2017 07:47:00 PM,UNABLE TO DETERMINE,UNABLE TO DETERMINE,2433,W,99TH ST,2211,,,,,,,2,NO INDICATION OF INJURY,0,0,0,0,0,2,0,16,3,11,41.713549499,-87.683181067,POINT (-87.68318106695 41.713549498543)
JA503053,,11/07/2017 04:19:00 PM,30,TRAFFIC SIGNAL,FUNCTIONING PROPERLY,CLEAR,DAYLIGHT,SIDESWIPE SAME DIRECTION,DIVIDED - W/MEDIAN (NOT RAISED),,STRAIGHT AND LEVEL,DRY,UNKNOWN,NOT ON SCENE (DESK REPORT),NO INJURY / DRIVE AWAY,Y,,,"OVER $1,500",11/07/2017 07:30:00 PM,UNABLE TO DETERMINE,UNABLE TO DETERMINE,2000,W,WASHINGTON BLVD,1223,,,,,,,2,NO INDICATION OF INJURY,0,0,0,0,0,2,0,16,3,11,41.883254928,-87.676815166,POINT (-87.676815165876 41.883254927762)
JA502780,,11/07/2017 04:20:00 PM,25,NO CONTROLS,NO CONTROLS,CLEAR,DUSK,TURNING,NOT DIVIDED,2,STRAIGHT AND LEVEL,DRY,NO DEFECTS,ON SCENE,NO INJURY / DRIVE AWAY,,,,"$501 - $1,500",11/07/2017 04:50:00 PM,IMPROPER TURNING/NO SIGNAL,FAILING TO YIELD RIGHT-OF-WAY,17,N,HOYNE AVE,1223,,,,,,,2,NO INDICATION OF INJURY,0,0,0,0,0,2,0,16,3,11,41.881877721,-87.67894633,POINT (-87.678946330491 41.881877720721)
JA502762,,11/07/2017 04:20:00 PM,30,TRAFFIC SIGNAL,FUNCTIONING PROPERLY,CLEAR,DAYLIGHT,SIDESWIPE SAME DIRECTION,CENTER TURN LANE,5,STRAIGHT AND LEVEL,DRY,NO DEFECTS,ON SCENE,NO INJURY / DRIVE AWAY,,,,"OVER $1,500",11/07/2017 04:23:00 PM,FOLLOWING TOO CLOSELY,NOT APPLICABLE,5549,N,BROADWAY,2023,,,,,,,2,NO INDICATION OF INJURY,0,0,0,0,0,2,0,16,3,11,41.983250232,-87.65991099,POINT (-87.659910989749 41.983250231974)
JA502785,,11/07/2017 04:20:00 PM,30,NO CONTROLS,NO CONTROLS,CLEAR,DUSK,PARKED MOTOR VEHICLE,NOT DIVIDED,,STRAIGHT AND LEVEL,DRY,NO DEFECTS,NOT ON SCENE (DESK REPORT),NO INJURY / DRIVE AWAY,,,Y,"OVER $1,500",11/07/2017 04:31:00 PM,NOT APPLICABLE,NOT APPLICABLE,5900,S,ST LOUIS AVE,822,,,,,,,2,NO INDICATION OF INJURY,0,0,0,0,0,1,0,16,3,11,41.786067359,-87.710800151,POINT (-87.710800151368 41.786067358991)
JA502850,,11/07/2017 04:24:00 PM,20,STOP SIGN/FLASHER,FUNCTIONING PROPERLY,CLEAR,DUSK,ANGLE,NOT DIVIDED,2,STRAIGHT AND LEVEL,DRY,NO DEFECTS,ON SCENE,INJURY AND / OR TOW DUE TO CRASH,Y,,,"OVER $1,500",11/07/2017 04:25:00 PM,FAILING TO YIELD RIGHT-OF-WAY,FAILING TO REDUCE SPEED TO AVOID CRASH,8400,S,YATES BLVD,412,,,,,,,2,NO INDICATION OF INJURY,0,0,0,0,0,2,0,16,3,11,41.742552782,-87.566242523,POINT (-87.566242522868 41.742552781968)
JA502828,,11/07/2017 04:28:00 PM,30,NO CONTROLS,NO CONTROLS,CLEAR,DUSK,SIDESWIPE SAME DIRECTION,PARKING LOT,0,STRAIGHT AND LEVEL,UNKNOWN,NO DEFECTS,ON SCENE,INJURY AND / OR TOW DUE TO CRASH,,Y,Y,"OVER $1,500",11/07/2017 04:29:00 PM,IMPROPER OVERTAKING/PASSING,NOT APPLICABLE,4720,S,COTTAGE GROVE AVE,223,,,,,,,2,NO INDICATION OF INJURY,0,0,0,0,0,2,0,16,3,11,41.808901664,-87.606696966,POINT (-87.606696966181 41.808901663696)
JA504135,,11/07/2017 04:30:00 PM,0,NO CONTROLS,NO CONTROLS,CLEAR,DAYLIGHT,PARKED MOTOR VEHICLE,PARKING LOT,100,STRAIGHT AND LEVEL,DRY,UNKNOWN,NOT ON SCENE (DESK REPORT),NO INJURY / DRIVE AWAY,,Y,Y,"OVER $1,500",11/08/2017 05:13:00 PM,UNABLE TO DETERMINE,UNABLE TO DETERMINE,8741,S,GREENWOOD AVE,412,,,,,,,2,NO INDICATION OF INJURY,0,0,0,0,0,1,0,16,3,11,41.735584457,-87.597380911,POINT (-87.59738091083 41.735584456914)
JA502862,,11/07/2017 04:30:00 PM,30,STOP SIGN/FLASHER,FUNCTIONING PROPERLY,CLEAR,DAYLIGHT,PEDESTRIAN,OTHER,1,STRAIGHT AND LEVEL,DRY,NO DEFECTS,NOT ON SCENE (DESK REPORT),INJURY AND / OR TOW DUE TO CRASH,,,Y,$500 OR LESS,11/07/2017 05:15:00 PM,DISREGARDING STOP SIGN,DISREGARDING STOP SIGN,5600,S,NARRAGANSETT AVE,811,,,,,,,2,"REPORTED, NOT EVIDENT",1,0,0,0,1,1,0,16,3,11,41.7904158,-87.781882053,POINT (-87.781882053455 41.790415800447)
JA511756,,11/07/2017 04:30:00 PM,30,NO CONTROLS,NO CONTROLS,CLEAR,DARKNESS,PARKED MOTOR VEHICLE,NOT DIVIDED,,STRAIGHT AND LEVEL,DRY,NO DEFECTS,NOT ON SCENE (DESK REPORT),NO INJURY / DRIVE AWAY,,,,"OVER $1,500",11/14/2017 05:04:00 PM,UNABLE TO DETERMINE,UNABLE TO DETERMINE,1314,W,32ND ST,913,,,,,,,2,NO INDICATION OF INJURY,0,0,0,0,0,1,0,16,3,11,41.836183555,-87.65935932,POINT (-87.659359320146 41.83618355518)
JA502772,,11/07/2017 04:30:00 PM,30,NO CONTROLS,NO CONTROLS,CLEAR,DUSK,PARKED MOTOR VEHICLE,DIVIDED - W/MEDIAN BARRIER,2,STRAIGHT AND LEVEL,DRY,UNKNOWN,ON SCENE,NO INJURY / DRIVE AWAY,,,,$500 OR LESS,11/07/2017 04:37:00 PM,UNABLE TO DETERMINE,NOT APPLICABLE,1343,S,STATE ST,131,,,,,,,2,NO INDICATION OF INJURY,0,0,0,0,0,1,0,16,3,11,41.864519825,-87.627210907,POINT (-87.62721090653 41.864519825492)
JA502811,,11/07/2017 04:35:00 PM,30,NO CONTROLS,NO CONTROLS,CLEAR,DAYLIGHT,REAR END,DIVIDED - W/MEDIAN (NOT RAISED),2,STRAIGHT AND LEVEL,DRY,UNKNOWN,NOT ON SCENE (DESK REPORT),NO INJURY / DRIVE AWAY,,,,"$501 - $1,500",11/07/2017 05:00:00 PM,UNABLE TO DETERMINE,UNABLE TO DETERMINE,7304,S,HALSTED ST,733,,,,,,,2,NO INDICATION OF INJURY,0,0,0,0,0,3,0,16,3,11,41.761357408,-87.644463373,POINT (-87.644463373296 41.761357408235)
JA502841,,11/07/2017 04:35:00 PM,30,NO CONTROLS,NO CONTROLS,CLEAR,DARKNESS,SIDESWIPE SAME DIRECTION,ONE-WAY,5,STRAIGHT AND LEVEL,UNKNOWN,UNKNOWN,NOT ON SCENE (DESK REPORT),NO INJURY / DRIVE AWAY,,,,"OVER $1,500",11/07/2017 05:18:00 PM,UNABLE TO DETERMINE,UNABLE TO DETERMINE,304,E,OHIO ST,1834,,,,,,,2,NO INDICATION OF INJURY,0,0,0,0,0,5,0,16,3,11,41.892712764,-87.619983206,POINT (-87.61998320607 41.892712763793)
JA502904,,11/07/2017 04:35:00 PM,30,STOP SIGN/FLASHER,FUNCTIONING PROPERLY,CLEAR,DUSK,REAR END,NOT DIVIDED,2,STRAIGHT AND LEVEL,DRY,NO DEFECTS,ON SCENE,NO INJURY / DRIVE AWAY,,Y,,"OVER $1,500",11/07/2017 04:42:00 PM,FOLLOWING TOO CLOSELY,NOT APPLICABLE,320,E,130TH ST,532,,,,,,,2,NO INDICATION OF INJURY,0,0,0,0,0,2,0,16,3,11,41.65922295,-87.614902973,POINT (-87.614902972577 41.6592229502)