RD_NO,CRASH_DATE_EST_I,CRASH_DATE,POSTED_SPEED_LIMIT,TRAFFIC_CONTROL_DEVICE,DEVICE_CONDITION,WEATHER_CONDITION,LIGHTING_CONDITION,FIRST_CRASH_TYPE,TRAFFICWAY_TYPE,LANE_CNT,ALIGNMENT,ROADWAY_SURFACE_COND,ROAD_DEFECT,REPORT_TYPE,CRASH_TYPE,INTERSECTION_RELATED_I,NOT_RIGHT_OF_WAY_I,HIT_AND_RUN_I,DAMAGE,DATE_POLICE_NOTIFIED,PRIM_CONTRIBUTORY_CAUSE,SEC_CONTRIBUTORY_CAUSE,STREET_NO,STREET_DIRECTION,STREET_NAME,BEAT_OF_OCCURRENCE,PHOTOS_TAKEN_I,STATEMENTS_TAKEN_I,DOORING_I,WORK_ZONE_I,WORK_ZONE_TYPE,WORKERS_PRESENT_I,NUM_UNITS,MOST_SEVERE_INJURY,INJURIES_TOTAL,INJURIES_FATAL,INJURIES_INCAPACITATING,INJURIES_NON_INCAPACITATING,INJURIES_REPORTED_NOT_EVIDENT,INJURIES_NO_INDICATION,INJURIES_UNKNOWN,CRASH_HOUR,CRASH_DAY_OF_WEEK,CRASH_MONTH,LATITUDE,LONGITUDE,LOCATION
JA502805,,11/07/2017 04:40:00 PM,30,STOP SIGN/FLASHER,FUNCTIONING PROPERLY,CLEAR,"DARKNESS, LIGHTED ROAD",TURNING,DIVIDED - W/MEDIAN (NOT RAISED),2,STRAIGHT AND LEVEL,DRY,NO DEFECTS,ON SCENE,NO INJURY / DRIVE AWAY,Y,,,"OVER $1,500",11/07/2017 04:55:00 PM,UNABLE TO DETERMINE,NOT APPLICABLE,5300,N,CLARK ST,2012,,,,,,,2,NO INDICATION OF INJURY,0,0,0,0,0,2,0,16,3,11,41.978066283,-87.668495747,POINT (-87.668495747108 41.978066283346)
JA502825,,11/07/2017 04:45:00 PM,30,NO CONTROLS,NO CONTROLS,CLEAR,"DARKNESS, LIGHTED ROAD",SIDESWIPE SAME DIRECTION,OTHER,,STRAIGHT AND LEVEL,DRY,NO DEFECTS,NOT ON SCENE (DESK REPORT),NO INJURY / DRIVE AWAY,,,,"OVER $1,500",11/07/2017 05:00:00 PM,DRIVING SKILLS/KNOWLEDGE/EXPERIENCE,NOT APPLICABLE,4942,W,ARMITAGE AVE,2522,,,,,,,2,NO INDICATION OF INJURY,0,0,0,0,0,2,0,16,3,11,41.916980864,-87.750880325,POINT (-87.750880324934 41.916980864007)
JA502957,,11/07/2017 04:50:00 PM,30,NO CONTROLS,NO CONTROLS,CLEAR,DUSK,SIDESWIPE SAME DIRECTION,NOT DIVIDED,2,STRAIGHT AND LEVEL,DRY,NO DEFECTS,NOT ON SCENE (DESK REPORT),NO INJURY / DRIVE AWAY,,,Y,"OVER $1,500",11/07/2017 06:31:00 PM,IMPROPER OVERTAKING/PASSING,NOT APPLICABLE,5150,N,NAGLE AVE,1613,,,,,,,2,NO INDICATION OF INJURY,0,0,0,0,0,2,0,16,3,11,41.975339004,-87.788026443,POINT (-87.788026442746 41.975339003678)
JA502806,,11/07/2017 04:57:00 PM,30,UNKNOWN,UNKNOWN,CLEAR,DAWN,OTHER OBJECT,NOT DIVIDED,2,STRAIGHT AND LEVEL,DRY,NO DEFECTS,ON SCENE,INJURY AND / OR TOW DUE TO CRASH,,,,"OVER $1,500",11/07/2017 04:58:00 PM,UNABLE TO DETERMINE,UNABLE TO DETERMINE,1500,N,LARAMIE AVE,2532,,Y,,,,,1,NO INDICATION OF INJURY,0,0,0,0,0,1,0,16,3,11,41.907775732,-87.756051311,POINT (-87.756051311421 41.907775731969)
JA503918,,11/07/2017 05:00:00 PM,30,NO CONTROLS,NO CONTROLS,CLEAR,DAYLIGHT,REAR END,ONE-WAY,,STRAIGHT AND LEVEL,DRY,NO DEFECTS,NOT ON SCENE (DESK REPORT),NO INJURY / DRIVE AWAY,,,,"OVER $1,500",11/08/2017 02:35:00 PM,FOLLOWING TOO CLOSELY,NOT APPLICABLE,172,N,BESSIE COLEMAN DR,1654,,,,,,,2,NO INDICATION OF INJURY,0,0,0,0,0,2,0,17,3,11,,,
JA502899,,11/07/2017 05:00:00 PM,30,TRAFFIC SIGNAL,UNKNOWN,CLEAR,DARKNESS,TURNING,DIVIDED - W/MEDIAN (NOT RAISED),4,STRAIGHT AND LEVEL,UNKNOWN,UNKNOWN,NOT ON SCENE (DESK REPORT),NO INJURY / DRIVE AWAY,Y,,,"OVER $1,500",11/07/2017 05:55:00 PM,FAILING TO YIELD RIGHT-OF-WAY,UNABLE TO DETERMINE,1204,S,STATE ST,131,,,,,,,2,NO INDICATION OF INJURY,0,0,0,0,0,3,0,17,3,11,41.867226776,-87.627566634,POINT (-87.627566634413 41.867226776019)
JA502902,,11/07/2017 05:00:00 PM,30,STOP SIGN/FLASHER,FUNCTIONING PROPERLY,CLEAR,DUSK,ANGLE,NOT DIVIDED,,STRAIGHT AND LEVEL,DRY,NO DEFECTS,NOT ON SCENE (DESK REPORT),NO INJURY / DRIVE AWAY,,,,"OVER $1,500",11/07/2017 05:51:00 PM,NOT APPLICABLE,NOT APPLICABLE,6300,S,MENARD AVE,812,,,,,,,2,NO INDICATION OF INJURY,0,0,0,0,0,4,0,17,3,11,41.777906614,-87.766754274,POINT (-87.766754273739 41.777906614433)
JA502921,,11/07/2017 05:00:00 PM,10,NO CONTROLS,NO CONTROLS,CLEAR,DAYLIGHT,PARKED MOTOR VEHICLE,DRIVEWAY,,STRAIGHT AND LEVEL,UNKNOWN,UNKNOWN,NOT ON SCENE (DESK REPORT),NO INJURY / DRIVE AWAY,,,N,"$501 - $1,500",11/07/2017 06:00:00 PM,UNABLE TO DETERMINE,UNABLE TO DETERMINE,901,S,ASHLAND AVE,1231,,,,,,,2,NO INDICATION OF INJURY,0,0,0,0,0,1,0,17,3,11,41.870386161,-87.666340664,POINT (-87.666340663907 41.870386161123)
JA502856,,11/07/2017 05:00:00 PM,35,NO CONTROLS,NO CONTROLS,CLEAR,DARKNESS,TURNING,NOT DIVIDED,4,STRAIGHT AND LEVEL,DRY,NO DEFECTS,ON SCENE,INJURY AND / OR TOW DUE TO CRASH,,,,"OVER $1,500",11/07/2017 05:05:00 PM,UNABLE TO DETERMINE,NOT APPLICABLE,11301,S,WESTERN AVE,2212,,,,,,,2,NO INDICATION OF INJURY,0,0,0,0,0,2,0,17,3,11,41.688116254,-87.680893134,POINT (-87.680893133756 41.688116254168)
JA502945,,11/07/2017 05:05:00 PM,30,NO CONTROLS,NO CONTROLS,CLEAR,"DARKNESS, LIGHTED ROAD",PARKED MOTOR VEHICLE,ONE-WAY,,STRAIGHT AND LEVEL,DRY,NO DEFECTS,ON SCENE,INJURY AND / OR TOW DUE TO CRASH,,,Y,"OVER $1,500",11/07/2017 05:45:00 PM,UNABLE TO DETERMINE,UNABLE TO DETERMINE,7419,S,WENTWORTH AVE,731,,,,,,,2,NO INDICATION OF INJURY,0,0,0,0,0,1,0,17,3,11,41.759373248,-87.629489619,POINT (-87.62948961915 41.759373247774)
JA502844,,11/07/2017 05:05:00 PM,10,NO CONTROLS,NO CONTROLS,CLEAR,DARKNESS,SIDESWIPE OPPOSITE DIRECTION,PARKING LOT,1,STRAIGHT AND LEVEL,DRY,UNKNOWN,NOT ON SCENE (DESK REPORT),NO INJURY / DRIVE AWAY,,,,$500 OR LESS,11/07/2017 05:25:00 PM,IMPROPER BACKING,UNABLE TO DETERMINE,5357,N,LINCOLN AVE,2011,,,,,,,2,NO INDICATION OF INJURY,0,0,0,0,0,4,0,17,3,11,41.979411144,-87.692540083,POINT (-87.692540083068 41.979411144203)
JA502858,,11/07/2017 05:08:00 PM,30,NO CONTROLS,NO CONTROLS,CLEAR,DUSK,REAR END,ONE-WAY,2,STRAIGHT AND LEVEL,DRY,NO DEFECTS,ON SCENE,INJURY AND / OR TOW DUE TO CRASH,,,,"OVER $1,500",11/07/2017 05:10:00 PM,FOLLOWING TOO CLOSELY,NOT APPLICABLE,140,S,WELLS ST,122,,,,,,,2,NO INDICATION OF INJURY,0,0,0,0,0,2,0,17,3,11,41.879613673,-87.633911336,POINT (-87.633911335648 41.879613673431)
JA502849,,11/07/2017 05:10:00 PM,30,TRAFFIC SIGNAL,FUNCTIONING PROPERLY,CLEAR,DUSK,REAR END,CENTER TURN LANE,2,STRAIGHT AND LEVEL,DRY,NO DEFECTS,ON SCENE,NO INJURY / DRIVE AWAY,,,Y,$500 OR LESS,11/07/2017 05:25:00 PM,UNABLE TO DETERMINE,UNABLE TO DETERMINE,526,N,MC CLURG CT,1834,,,,,,,2,NO INDICATION OF INJURY,0,0,0,0,0,2,0,17,3,11,41.891804508,-87.617839177,POINT (-87.617839177121 41.891804508431)
JA502847,,11/07/2017 05:11:00 PM,0,NO CONTROLS,OTHER,CLEAR,DARKNESS,FIXED OBJECT,DRIVEWAY,1,STRAIGHT AND LEVEL,DRY,NO DEFECTS,ON SCENE,INJURY AND / OR TOW DUE TO CRASH,,Y,,"OVER $1,500",11/07/2017 05:11:00 PM,PHYSICAL CONDITION OF DRIVER,NOT APPLICABLE,3619,W,107TH ST,2211,,,,,,,1,"REPORTED, NOT EVIDENT",1,0,0,0,1,0,0,17,3,11,41.698600481,-87.711572097,POINT (-87.711572097125 41.698600481343)
JA502881,,11/07/2017 05:13:00 PM,30,TRAFFIC SIGNAL,FUNCTIONING PROPERLY,CLEAR,"DARKNESS, LIGHTED ROAD",TURNING,NOT DIVIDED,,STRAIGHT AND LEVEL,DRY,NO DEFECTS,NOT ON SCENE (DESK REPORT),NO INJURY / DRIVE AWAY,,,,"$501 - $1,500",11/07/2017 05:45:00 PM,UNABLE TO DETERMINE,UNABLE TO DETERMINE,9000,S,STONY ISLAND AVE,413,,,,,,,2,NO INDICATION OF INJURY,0,0,0,0,0,2,0,17,3,11,41.73135421,-87.585675127,POINT (-87.585675126771 41.731354209915)
JA502948,,11/07/2017 05:15:00 PM,30,NO CONTROLS,NO CONTROLS,CLEAR,DAWN,REAR END,NOT DIVIDED,2,STRAIGHT AND LEVEL,DRY,NO DEFECTS,ON SCENE,NO INJURY / DRIVE AWAY,,,,"OVER $1,500",11/07/2017 05:41:00 PM,FOLLOWING TOO CLOSELY,NOT APPLICABLE,1735,N,CENTRAL AVE,2532,,,,,,,3,NO INDICATION OF INJURY,0,0,0,0,0,3,0,17,3,11,41.912213711,-87.765464179,POINT (-87.765464179184 41.912213711109)
JA502867,,11/07/2017 05:15:00 PM,30,TRAFFIC SIGNAL,FUNCTIONING PROPERLY,CLEAR,"DARKNESS, LIGHTED ROAD",TURNING,DIVIDED - W/MEDIAN (NOT RAISED),2,STRAIGHT AND LEVEL,DRY,NO DEFECTS,ON SCENE,NO INJURY / DRIVE AWAY,Y,,,"OVER $1,500",11/07/2017 05:15:00 PM,IMPROPER TURNING/NO SIGNAL,NOT APPLICABLE,3200,N,CALIFORNIA AVE,1733,,Y,,,,,2,NO INDICATION OF INJURY,0,0,0,0,0,3,0,17,3,11,41.939432591,-87.697971771,POINT (-87.697971770699 41.939432590672)
JA502889,,11/07/2017 05:18:00 PM,30,STOP SIGN/FLASHER,FUNCTIONING PROPERLY,CLEAR,DARKNESS,REAR END,NOT DIVIDED,,STRAIGHT AND LEVEL,DRY,NO DEFECTS,NOT ON SCENE (DESK REPORT),NO INJURY / DRIVE AWAY,Y,,,"OVER $1,500",11/07/2017 06:01:00 PM,UNABLE TO DETERMINE,UNABLE TO DETERMINE,3099,S,ARCHER AVE,912,,,,,,,2,NO INDICATION OF INJURY,0,0,0,0,0,2,0,17,3,11,41.837625658,-87.665604852,POINT (-87.665604851749 41.837625658202)
JA502895,,11/07/2017 05:19:00 PM,30,NO CONTROLS,FUNCTIONING PROPERLY,CLEAR,"DARKNESS, LIGHTED ROAD",SIDESWIPE SAME DIRECTION,OTHER,3,STRAIGHT AND LEVEL,DRY,NO DEFECTS,ON SCENE,NO INJURY / DRIVE AWAY,,,,"$501 - $1,500",11/07/2017 05:28:00 PM,IMPROPER LANE USAGE,NOT APPLICABLE,111,S,MICHIGAN AVE,114,,,,,,,2,NO INDICATION OF INJURY,0,0,0,0,0,2,0,17,3,11,41.880527822,-87.624209466,POINT (-87.624209465859 41.880527821931)
JA502961,,11/07/2017 05:20:00 PM,30,TRAFFIC SIGNAL,FUNCTIONING PROPERLY,CLEAR,"DARKNESS, LIGHTED ROAD",TURNING,NOT DIVIDED,2,STRAIGHT AND LEVEL,DRY,NO DEFECTS,,NO INJURY / DRIVE AWAY,,,Y,"OVER $1,500",11/07/2017 06:25:00 PM,FAILING TO YIELD RIGHT-OF-WAY,NOT APPLICABLE,5100,S,PULASKI RD,815,,,,,,,2,NO INDICATION OF INJURY,0,0,0,0,0,2,0,17,3,11,41.800527702,-87.723519275,POINT (-87.723519274799 41.80052770213)
JA535963,,11/07/2017 05:30:00 PM,35,NO CONTROLS,NO CONTROLS,CLEAR,DAYLIGHT,ANGLE,DIVIDED - W/MEDIAN (NOT RAISED),2,STRAIGHT AND LEVEL,DRY,NO DEFECTS,NOT ON SCENE (DESK REPORT),NO INJURY / DRIVE AWAY,,,,$500 OR LESS,12/04/2017 10:30:00 AM,FAILING TO YIELD RIGHT-OF-WAY,NOT APPLICABLE,2321,S,DR MARTIN LUTHER KING JR DR,132,N,,,,,,2,NO INDICATION OF INJURY,0,0,0,0,0,3,0,17,3,11,41.850427985,-87.618718191,POINT (-87.618718191074 41.850427985448)
JA502947,,11/07/2017 05:30:00 PM,30,NO CONTROLS,NO CONTROLS,CLEAR,"DARKNESS, LIGHTED ROAD",REAR END,NOT DIVIDED,2,STRAIGHT AND LEVEL,DRY,NO DEFECTS,NOT ON SCENE (DESK REPORT),INJURY AND / OR TOW DUE TO CRASH,Y,,,"$501 - $1,500",11/07/2017 06:10:00 PM,FOLLOWING TOO CLOSELY,UNABLE TO DETERMINE,448,E,87TH ST,632,,,,,,,3,"REPORTED, NOT EVIDENT",1,0,0,0,1,3,0,17,3,11,41.73664085,-87.612602874,POINT (-87.612602873725 41.73664084968)
JA502872,,11/07/2017 05:30:00 PM,25,NO CONTROLS,NO CONTROLS,CLEAR,"DARKNESS, LIGHTED ROAD",TURNING,NOT DIVIDED,2,STRAIGHT AND LEVEL,DRY,NO DEFECTS,ON SCENE,INJURY AND / OR TOW DUE TO CRASH,Y,,,"OVER $1,500",11/07/2017 05:37:00 PM,FAILING TO YIELD RIGHT-OF-WAY,UNABLE TO DETERMINE,2331,N,DAMEN AVE,1432,,,,,,,2,NO INDICATION OF INJURY,0,0,0,0,0,3,0,17,3,11,41.923847257,-87.67769646,POINT (-87.677696459893 41.92384725667)
JA504113,,11/07/2017 05:30:00 PM,30,NO CONTROLS,NO CONTROLS,CLEAR,"DARKNESS, LIGHTED ROAD",TURNING,DIVIDED - W/MEDIAN (NOT RAISED),2,STRAIGHT AND LEVEL,DRY,NO DEFECTS,NOT ON SCENE (DESK REPORT),NO INJURY / DRIVE AWAY,,,,"$501 - $1,500",11/08/2017 05:00:00 PM,FAILING TO YIELD RIGHT-OF-WAY,NOT APPLICABLE,6330,N,CALIFORNIA AVE,2413,,,,,,,2,NO INDICATION OF INJURY,0,0,0,0,0,2,0,17,3,11,41.996690422,-87.699754571,POINT (-87.699754570683 41.996690421788)
JA502894,,11/07/2017 05:30:00 PM,30,NO CONTROLS,NO CONTROLS,CLEAR,DUSK,REAR END,NOT DIVIDED,,STRAIGHT AND LEVEL,DRY,NO DEFECTS,NOT ON SCENE (DESK REPORT),NO INJURY / DRIVE AWAY,,,,"OVER $1,500",11/07/2017 05:50:00 PM,UNABLE TO DETERMINE,UNABLE TO DETERMINE,5961,N,LINCOLN AVE,2011,,,,,,,2,NO INDICATION OF INJURY,0,0,0,0,0,2,0,17,3,11,41.989505816,-87.70565777,POINT (-87.705657769522 41.989505816497)
JA502915,,11/07/2017 05:30:00 PM,30,NO CONTROLS,NO CONTROLS,CLEAR,DARKNESS,TURNING,DIVIDED - W/MEDIAN (NOT RAISED),,STRAIGHT AND LEVEL,DRY,NO DEFECTS,ON SCENE,NO INJURY / DRIVE AWAY,,,,"OVER $1,500",11/07/2017 05:37:00 PM,FAILING TO YIELD RIGHT-OF-WAY,IMPROPER TURNING/NO SIGNAL,2465,W,47TH ST,922,,,,,,,2,NO INDICATION OF INJURY,0,0,0,0,0,2,0,17,3,11,41.808290649,-87.686758219,POINT (-87.68675821906 41.808290649)
JA502950,,11/07/2017 05:30:00 PM,20,TRAFFIC SIGNAL,FUNCTIONING PROPERLY,CLEAR,DARKNESS,SIDESWIPE SAME DIRECTION,ONE-WAY,,STRAIGHT AND LEVEL,DRY,NO DEFECTS,ON SCENE,NO INJURY / DRIVE AWAY,,,,"OVER $1,500",11/07/2017 05:36:00 PM,IMPROPER LANE USAGE,NOT APPLICABLE,4654,S,WENTWORTH AVE,925,,,,,,,2,NO INDICATION OF INJURY,0,0,0,0,0,2,0,17,3,11,41.809402904,-87.632612394,POINT (-87.63261239383 41.80940290351)
JA502900,,11/07/2017 05:35:00 PM,30,NO CONTROLS,NO CONTROLS,CLEAR,"DARKNESS, LIGHTED ROAD",REAR END,DIVIDED - W/MEDIAN (NOT RAISED),,STRAIGHT AND LEVEL,DRY,NO DEFECTS,ON SCENE,NO INJURY / DRIVE AWAY,Y,,,"$501 - $1,500",11/07/2017 05:37:00 PM,FOLLOWING TOO CLOSELY,NOT APPLICABLE,8411,W,HIGGINS RD,1614,,,,,,,2,NO INDICATION OF INJURY,0,0,0,0,0,2,0,17,3,11,41.986367553,-87.837330821,POINT (-87.837330821049 41.986367553013)
JA504286,,11/07/2017 05:40:00 PM,30,NO CONTROLS,NO CONTROLS,CLEAR,"DARKNESS, LIGHTED ROAD",REAR END,ONE-WAY,,STRAIGHT AND LEVEL,DRY,NO DEFECTS,NOT ON SCENE (DESK REPORT),NO INJURY / DRIVE AWAY,,,,"OVER $1,500",11/08/2017 06:30:00 PM,FOLLOWING TOO CLOSELY,FAILING TO REDUCE SPEED TO AVOID CRASH,455,W,ONTARIO ST,1831,,,,,,,2,NO INDICATION OF INJURY,0,0,0,0,0,2,0,17,3,11,41.892995005,-87.640556289,POINT (-87.640556288963 41.892995005469)
JA502964,,11/07/2017 05:40:00 PM,30,NO CONTROLS,NO CONTROLS,CLEAR,DUSK,SIDESWIPE SAME DIRECTION,NOT DIVIDED,,STRAIGHT AND LEVEL,DRY,NO DEFECTS,NOT ON SCENE (DESK REPORT),NO INJURY / DRIVE AWAY,,,,"OVER $1,500",11/07/2017 06:22:00 PM,NOT APPLICABLE,NOT APPLICABLE,6300,S,ASHLAND AVE,725,,,,,,,2,NO INDICATION OF INJURY,0,0,0,0,0,2,0,17,3,11,41.77937222,-87.664365347,POINT (-87.664365347416 41.779372220485)
JA502919,,11/07/2017 05:50:00 PM,30,NO CONTROLS,NO CONTROLS,CLEAR,"DARKNESS, LIGHTED ROAD",REAR END,ONE-WAY,1,STRAIGHT AND LEVEL,DRY,NO DEFECTS,ON SCENE,INJURY AND / OR TOW DUE TO CRASH,,,,"OVER $1,500",11/07/2017 06:00:00 PM,NOT APPLICABLE,NOT APPLICABLE,1137,N,LAWLER AVE,1531,,,,,,,2,NO INDICATION OF INJURY,0,0,0,0,0,2,0,17,3,11,41.901572916,-87.751935299,POINT (-87.751935299278 41.901572916436)
JA503048,,11/07/2017 05:53:00 PM,30,NO CONTROLS,NO CONTROLS,CLEAR,"DARKNESS, LIGHTED ROAD",FIXED OBJECT,DIVIDED - W/MEDIAN BARRIER,2,STRAIGHT AND LEVEL,DRY,"RUT, HOLES",NOT ON SCENE (DESK REPORT),NO INJURY / DRIVE AWAY,,,,"OVER $1,500",11/07/2017 07:35:00 PM,UNABLE TO DETERMINE,NOT APPLICABLE,331,N,WOOD ST,1215,,,,,,,1,NO INDICATION OF INJURY,0,0,0,0,0,1,0,17,3,11,41.887710961,-87.671779118,POINT (-87.671779117883 41.887710960673)
JA502976,,11/07/2017 05:57:00 PM,30,TRAFFIC SIGNAL,FUNCTIONING PROPERLY,CLEAR,"DARKNESS, LIGHTED ROAD",SIDESWIPE SAME DIRECTION,ONE-WAY,4,STRAIGHT AND LEVEL,DRY,NO DEFECTS,ON SCENE,NO INJURY / DRIVE AWAY,,,,"OVER $1,500",11/07/2017 06:20:00 PM,UNABLE TO DETERMINE,UNABLE TO DETERMINE,99,W,ONTARIO ST,1832,,,,,,,2,NO INDICATION OF INJURY,0,0,0,0,0,2,0,17,3,11,41.893120167,-87.63109223,POINT (-87.631092230253 41.893120166627)
JA502972,,11/07/2017 06:03:00 PM,30,TRAFFIC SIGNAL,FUNCTIONING PROPERLY,CLEAR,"DARKNESS, LIGHTED ROAD",REAR END,ONE-WAY,3,STRAIGHT AND LEVEL,DRY,UNKNOWN,ON SCENE,NO INJURY / DRIVE AWAY,,,Y,"OVER $1,500",11/07/2017 06:12:00 PM,UNABLE TO DETERMINE,UNABLE TO DETERMINE,430,W,GARFIELD BLVD,935,,,,,,,3,NO INDICATION OF INJURY,0,0,0,0,0,3,0,18,3,11,41.794561879,-87.636772287,POINT (-87.636772287108 41.794561878784)
JA503020,,11/07/2017 06:09:00 PM,30,NO CONTROLS,NO CONTROLS,CLEAR,DARKNESS,PARKED MOTOR VEHICLE,ONE-WAY,,STRAIGHT AND LEVEL,DRY,NO DEFECTS,NOT ON SCENE (DESK REPORT),NO INJURY / DRIVE AWAY,,,Y,"$501 - $1,500",11/07/2017 07:00:00 PM,UNABLE TO DETERMINE,UNABLE TO DETERMINE,2320,S,LAWNDALE AVE,1013,,,,,,,2,NO INDICATION OF INJURY,0,0,0,0,0,1,0,18,3,11,41.849156197,-87.717511818,POINT (-87.717511817968 41.849156197386)
JA503005,,11/07/2017 06:10:00 PM,30,TRAFFIC SIGNAL,FUNCTIONING PROPERLY,CLEAR,"DARKNESS, LIGHTED ROAD",TURNING,NOT DIVIDED,,STRAIGHT AND LEVEL,DRY,NO DEFECTS,NOT ON SCENE (DESK REPORT),NO INJURY / DRIVE AWAY,Y,,,"OVER $1,500",11/07/2017 07:00:00 PM,UNABLE TO DETERMINE,UNABLE TO DETERMINE,799,N,LA SALLE DR,1832,,,,,,,2,NO INDICATION OF INJURY,0,0,0,0,0,2,0,18,3,11,41.896564799,-87.632561678,POINT (-87.632561678317 41.896564799141)
JA502983,,11/07/2017 06:15:00 PM,35,TRAFFIC SIGNAL,FUNCTIONING PROPERLY,CLEAR,"DARKNESS, LIGHTED ROAD",REAR END,DIVIDED - W/MEDIAN (NOT RAISED),5,STRAIGHT AND LEVEL,DRY,NO DEFECTS,ON SCENE,NO INJURY / DRIVE AWAY,Y,,,"OVER $1,500",11/07/2017 06:30:00 PM,FOLLOWING TOO CLOSELY,FAILING TO REDUCE SPEED TO AVOID CRASH,5672,S,ARCHER AVE,814,,,,,,,2,NO INDICATION OF INJURY,0,0,0,0,0,2,0,18,3,11,41.797273709,-87.75298542,POINT (-87.752985419742 41.797273709306)
JA502970,,11/07/2017 06:15:00 PM,30,STOP SIGN/FLASHER,OTHER,CLEAR,"DARKNESS, LIGHTED ROAD",SIDESWIPE SAME DIRECTION,DIVIDED - W/MEDIAN (NOT RAISED),4,STRAIGHT AND LEVEL,DRY,NO DEFECTS,NOT ON SCENE (DESK REPORT),NO INJURY / DRIVE AWAY,Y,,,"$501 - $1,500",11/07/2017 06:30:00 PM,UNABLE TO DETERMINE,NOT APPLICABLE,1501,W,CHICAGO AVE,1215,,,,,,,2,NO INDICATION OF INJURY,0,0,0,0,0,2,0,18,3,11,41.896000579,-87.664940193,POINT (-87.664940192703 41.896000579285)
JA503018,,11/07/2017 06:16:00 PM,30,STOP SIGN/FLASHER,FUNCTIONING PROPERLY,CLEAR,"DARKNESS, LIGHTED ROAD",ANGLE,NOT DIVIDED,2,STRAIGHT AND LEVEL,DRY,NO DEFECTS,ON SCENE,INJURY AND / OR TOW DUE TO CRASH,,,,"OVER $1,500",11/07/2017 06:23:00 PM,"VISION OBSCURED (SIGNS, TREE LIMBS, BUILDINGS, ETC.)",NOT APPLICABLE,228,N,PAULINA ST,1215,,,,,,,2,NONINCAPACITATING INJURY,1,0,0,1,0,1,0,18,3,11,41.886135147,-87.669593891,POINT (-87.669593891075 41.886135147199)
JA503023,,11/07/2017 06:30:00 PM,20,NO CONTROLS,NO CONTROLS,CLEAR,"DARKNESS, LIGHTED ROAD",PEDESTRIAN,DIVIDED - W/MEDIAN BARRIER,1,STRAIGHT AND LEVEL,DRY,NO DEFECTS,NOT ON SCENE (DESK REPORT),INJURY AND / OR TOW DUE TO CRASH,,,,$500 OR LESS,11/07/2017 06:31:00 PM,NOT APPLICABLE,NOT APPLICABLE,13015,S,ELLIS AVE,533,,,,,,,2,"REPORTED, NOT EVIDENT",1,0,0,0,1,4,0,18,3,11,41.658638006,-87.597502306,POINT (-87.597502306225 41.658638005921)
JA503429,,11/07/2017 06:30:00 PM,30,NO CONTROLS,NO CONTROLS,CLEAR,"DARKNESS, LIGHTED ROAD",REAR END,NOT DIVIDED,5,STRAIGHT AND LEVEL,DRY,NO DEFECTS,NOT ON SCENE (DESK REPORT),NO INJURY / DRIVE AWAY,,,,"$501 - $1,500",11/08/2017 07:56:00 AM,FOLLOWING TOO CLOSELY,FAILING TO REDUCE SPEED TO AVOID CRASH,6415,N,CALDWELL AVE,1621,,,,,,,2,NO INDICATION OF INJURY,0,0,0,0,0,2,0,18,3,11,41.997682532,-87.767236583,POINT (-87.767236582692 41.997682531979)
JA503038,,11/07/2017 06:30:00 PM,30,STOP SIGN/FLASHER,FUNCTIONING PROPERLY,CLEAR,DUSK,TURNING,ONE-WAY,,STRAIGHT AND LEVEL,DRY,NO DEFECTS,NOT ON SCENE (DESK REPORT),INJURY AND / OR TOW DUE TO CRASH,,,,"OVER $1,500",11/07/2017 07:10:00 PM,UNABLE TO DETERMINE,UNABLE TO DETERMINE,2200,W,33RD ST,912,,,,,,,2,NO INDICATION OF INJURY,0,0,0,0,0,4,0,18,3,11,41.834074094,-87.680331767,POINT (-87.680331766555 41.834074093812)
JA503101,,11/07/2017 06:30:00 PM,30,NO CONTROLS,NO CONTROLS,CLEAR,"DARKNESS, LIGHTED ROAD",PARKED MOTOR VEHICLE,ONE-WAY,1,STRAIGHT AND LEVEL,DRY,NO DEFECTS,ON SCENE,NO INJURY / DRIVE AWAY,,,Y,"OVER $1,500",11/07/2017 07:00:00 PM,UNABLE TO DETERMINE,NOT APPLICABLE,3554,N,OPAL AVE,1631,,,,,,,2,NO INDICATION OF INJURY,0,0,0,0,0,1,0,18,3,11,41.944751872,-87.823055628,POINT (-87.823055627582 41.944751871573)
JA503029,,11/07/2017 06:40:00 PM,30,STOP SIGN/FLASHER,FUNCTIONING PROPERLY,CLEAR,DARKNESS,PEDALCYCLIST,NOT DIVIDED,0,STRAIGHT AND LEVEL,DRY,NO DEFECTS,ON SCENE,INJURY AND / OR TOW DUE TO CRASH,Y,,,$500 OR LESS,11/07/2017 06:45:00 PM,DISREGARDING STOP SIGN,NOT APPLICABLE,1800,W,CORTLAND ST,1434,,,,,,,2,NONINCAPACITATING INJURY,1,0,0,1,0,1,0,18,3,11,41.91613831,-87.672778714,POINT (-87.672778714063 41.916138309704)