RD_NO,CRASH_DATE_EST_I,CRASH_DATE,POSTED_SPEED_LIMIT,TRAFFIC_CONTROL_DEVICE,DEVICE_CONDITION,WEATHER_CONDITION,LIGHTING_CONDITION,FIRST_CRASH_TYPE,TRAFFICWAY_TYPE,LANE_CNT,ALIGNMENT,ROADWAY_SURFACE_COND,ROAD_DEFECT,REPORT_TYPE,CRASH_TYPE,INTERSECTION_RELATED_I,NOT_RIGHT_OF_WAY_I,HIT_AND_RUN_I,DAMAGE,DATE_POLICE_NOTIFIED,PRIM_CONTRIBUTORY_CAUSE,SEC_CONTRIBUTORY_CAUSE,STREET_NO,STREET_DIRECTION,STREET_NAME,BEAT_OF_OCCURRENCE,PHOTOS_TAKEN_I,STATEMENTS_TAKEN_I,DOORING_I,WORK_ZONE_I,WORK_ZONE_TYPE,WORKERS_PRESENT_I,NUM_UNITS,MOST_SEVERE_INJURY,INJURIES_TOTAL,INJURIES_FATAL,INJURIES_INCAPACITATING,INJURIES_NON_INCAPACITATING,INJURIES_REPORTED_NOT_EVIDENT,INJURIES_NO_INDICATION,INJURIES_UNKNOWN,CRASH_HOUR,CRASH_DAY_OF_WEEK,CRASH_MONTH,LATITUDE,LONGITUDE,LOCATION
JA503021,N,11/07/2017 06:45:00 PM,5,NO CONTROLS,NO CONTROLS,CLEAR,DARKNESS,PARKED MOTOR VEHICLE,PARKING LOT,1,STRAIGHT ON GRADE,DRY,NO DEFECTS,NOT ON SCENE (DESK REPORT),NO INJURY / DRIVE AWAY,,,,"$501 - $1,500",11/07/2017 07:05:00 PM,IMPROPER BACKING,FAILING TO REDUCE SPEED TO AVOID CRASH,1933,W,103RD ST,2212,,,,,,,2,NO INDICATION OF INJURY,0,0,0,0,0,1,0,18,3,11,41.706454243,-87.670532173,POINT (-87.670532173095 41.706454243021)
JA502995,,11/07/2017 06:47:00 PM,30,STOP SIGN/FLASHER,FUNCTIONING PROPERLY,CLEAR,DARKNESS,REAR END,NOT DIVIDED,2,STRAIGHT AND LEVEL,DRY,NO DEFECTS,ON SCENE,NO INJURY / DRIVE AWAY,Y,,,"$501 - $1,500",11/07/2017 06:49:00 PM,FAILING TO REDUCE SPEED TO AVOID CRASH,NOT APPLICABLE,2703,S,CALIFORNIA AVE,1034,,,,,,,3,NO INDICATION OF INJURY,0,0,0,0,0,5,0,18,3,11,41.842469056,-87.69500252,POINT (-87.695002519964 41.842469055729)
JA503073,,11/07/2017 06:50:00 PM,30,NO CONTROLS,NO CONTROLS,CLEAR,"DARKNESS, LIGHTED ROAD",PARKED MOTOR VEHICLE,ONE-WAY,1,STRAIGHT AND LEVEL,DRY,NO DEFECTS,NOT ON SCENE (DESK REPORT),NO INJURY / DRIVE AWAY,,,Y,"$501 - $1,500",11/07/2017 07:41:00 PM,UNABLE TO DETERMINE,UNABLE TO DETERMINE,10,S,MASON AVE,1513,,,,,,,2,NO INDICATION OF INJURY,0,0,0,0,0,1,0,18,3,11,41.879797804,-87.77315857,POINT (-87.773158570069 41.879797803751)
JA503032,,11/07/2017 06:50:00 PM,30,STOP SIGN/FLASHER,FUNCTIONING PROPERLY,CLEAR,"DARKNESS, LIGHTED ROAD",REAR END,NOT DIVIDED,2,STRAIGHT AND LEVEL,DRY,NO DEFECTS,ON SCENE,NO INJURY / DRIVE AWAY,N,,,"$501 - $1,500",11/07/2017 06:51:00 PM,PHYSICAL CONDITION OF DRIVER,FAILING TO REDUCE SPEED TO AVOID CRASH,2332,E,93RD ST,413,,,,,,,2,NO INDICATION OF INJURY,0,0,0,0,0,2,0,18,3,11,41.726335069,-87.566784205,POINT (-87.566784204886 41.726335069095)
JA503081,Y,11/07/2017 07:00:00 PM,30,NO CONTROLS,NO CONTROLS,OTHER,UNKNOWN,PARKED MOTOR VEHICLE,PARKING LOT,1,STRAIGHT AND LEVEL,UNKNOWN,UNKNOWN,NOT ON SCENE (DESK REPORT),NO INJURY / DRIVE AWAY,,,Y,"OVER $1,500",11/07/2017 07:58:00 PM,DRIVING SKILLS/KNOWLEDGE/EXPERIENCE,UNABLE TO DETERMINE,201,W,MADISON ST,122,,,,,,,2,NO INDICATION OF INJURY,0,0,0,0,0,1,0,19,3,11,41.881835466,-87.633897389,POINT (-87.633897388601 41.88183546591)
JA503071,,11/07/2017 07:00:00 PM,30,STOP SIGN/FLASHER,MISSING,CLEAR,"DARKNESS, LIGHTED ROAD",PEDALCYCLIST,OTHER,,STRAIGHT AND LEVEL,DRY,NO DEFECTS,ON SCENE,INJURY AND / OR TOW DUE TO CRASH,Y,,,"$501 - $1,500",11/07/2017 07:18:00 PM,UNABLE TO DETERMINE,NOT APPLICABLE,1999,W,HUBBARD ST,1221,,,,,,,2,NONINCAPACITATING INJURY,1,0,0,1,0,2,0,19,3,11,41.889617214,-87.676840577,POINT (-87.676840577408 41.889617214272)
JA503040,,11/07/2017 07:00:00 PM,30,STOP SIGN/FLASHER,FUNCTIONING PROPERLY,CLEAR,"DARKNESS, LIGHTED ROAD",PEDESTRIAN,ONE-WAY,,STRAIGHT AND LEVEL,DRY,UNKNOWN,ON SCENE,INJURY AND / OR TOW DUE TO CRASH,Y,,,"OVER $1,500",11/07/2017 07:06:00 PM,FAILING TO YIELD RIGHT-OF-WAY,NOT APPLICABLE,2800,W,BERWYN AVE,2011,,,,,,,2,INCAPACITATING INJURY,1,0,1,0,0,1,0,19,3,11,41.977753291,-87.699103556,POINT (-87.699103555906 41.977753290822)
JA503047,,11/07/2017 07:05:00 PM,30,STOP SIGN/FLASHER,FUNCTIONING PROPERLY,CLEAR,"DARKNESS, LIGHTED ROAD",ANGLE,NOT DIVIDED,4,STRAIGHT AND LEVEL,DRY,WORN SURFACE,ON SCENE,INJURY AND / OR TOW DUE TO CRASH,Y,,,"OVER $1,500",11/07/2017 07:05:00 PM,FAILING TO YIELD RIGHT-OF-WAY,DISREGARDING STOP SIGN,9200,S,BALTIMORE AVE,424,Y,,,,,,2,"REPORTED, NOT EVIDENT",3,0,0,0,3,0,0,19,3,11,41.728183854,-87.548595862,POINT (-87.548595862491 41.728183853987)
JA503141,,11/07/2017 07:05:00 PM,30,TRAFFIC SIGNAL,FUNCTIONING PROPERLY,CLEAR,"DARKNESS, LIGHTED ROAD",TURNING,NOT DIVIDED,0,STRAIGHT AND LEVEL,DRY,NO DEFECTS,ON SCENE,INJURY AND / OR TOW DUE TO CRASH,Y,,,"OVER $1,500",11/07/2017 08:45:00 PM,IMPROPER TURNING/NO SIGNAL,FAILING TO REDUCE SPEED TO AVOID CRASH,3100,W,31ST ST,1033,,,,,,,2,NO INDICATION OF INJURY,0,0,0,0,0,2,0,19,3,11,41.837385459,-87.702442532,POINT (-87.702442531983 41.83738545903)
JA503054,,11/07/2017 07:15:00 PM,30,STOP SIGN/FLASHER,FUNCTIONING PROPERLY,CLEAR,"DARKNESS, LIGHTED ROAD",ANGLE,NOT DIVIDED,,STRAIGHT AND LEVEL,DRY,NO DEFECTS,ON SCENE,NO INJURY / DRIVE AWAY,Y,,,"OVER $1,500",11/07/2017 07:16:00 PM,DRIVING SKILLS/KNOWLEDGE/EXPERIENCE,FAILING TO YIELD RIGHT-OF-WAY,2227,W,HIRSCH ST,1424,,,,,,,2,NO INDICATION OF INJURY,0,0,0,0,0,3,0,19,3,11,41.906617676,-87.683401408,POINT (-87.68340140761 41.90661767577)
JA503161,,11/07/2017 07:28:00 PM,0,TRAFFIC SIGNAL,UNKNOWN,CLEAR,DARKNESS,SIDESWIPE SAME DIRECTION,ONE-WAY,2,STRAIGHT AND LEVEL,DRY,UNKNOWN,NOT ON SCENE (DESK REPORT),NO INJURY / DRIVE AWAY,,,Y,$500 OR LESS,11/07/2017 09:39:00 PM,UNABLE TO DETERMINE,UNABLE TO DETERMINE,6339,S,WENTWORTH AVE,312,,,,,,,2,NO INDICATION OF INJURY,0,0,0,0,0,2,0,19,3,11,41.778871551,-87.629962443,POINT (-87.629962443107 41.778871551248)
JA503084,,11/07/2017 07:41:00 PM,30,TRAFFIC SIGNAL,FUNCTIONING PROPERLY,CLEAR,"DARKNESS, LIGHTED ROAD",SIDESWIPE SAME DIRECTION,DIVIDED - W/MEDIAN (NOT RAISED),4,STRAIGHT AND LEVEL,DRY,NO DEFECTS,ON SCENE,INJURY AND / OR TOW DUE TO CRASH,Y,,,"$501 - $1,500",11/07/2017 07:41:00 PM,IMPROPER LANE USAGE,UNDER THE INFLUENCE OF ALCOHOL/DRUGS (USE WHEN ARREST IS EFFECTED),5560,W,IRVING PARK RD,1624,,,,,,,2,NO INDICATION OF INJURY,0,0,0,0,0,2,0,19,3,11,41.953297198,-87.766881338,POINT (-87.766881337666 41.953297198059)
JA503076,,11/07/2017 07:45:00 PM,30,NO CONTROLS,NO CONTROLS,CLEAR,DARKNESS,ANGLE,DIVIDED - W/MEDIAN (NOT RAISED),2,STRAIGHT AND LEVEL,DRY,UNKNOWN,ON SCENE,INJURY AND / OR TOW DUE TO CRASH,Y,,,"OVER $1,500",11/07/2017 07:45:00 PM,FAILING TO YIELD RIGHT-OF-WAY,FAILING TO YIELD RIGHT-OF-WAY,6449,W,DIVERSEY AVE,2512,,,,,,,2,NONINCAPACITATING INJURY,1,0,0,1,0,2,0,19,3,11,41.930852321,-87.787676963,POINT (-87.787676963379 41.930852321214)
JA503173,,11/07/2017 07:45:00 PM,30,NO CONTROLS,NO CONTROLS,CLEAR,"DARKNESS, LIGHTED ROAD",PARKED MOTOR VEHICLE,DIVIDED - W/MEDIAN BARRIER,4,STRAIGHT AND LEVEL,DRY,NO DEFECTS,ON SCENE,INJURY AND / OR TOW DUE TO CRASH,,,,"OVER $1,500",11/07/2017 07:50:00 PM,UNABLE TO DETERMINE,UNABLE TO DETERMINE,1155,W,95TH ST,2213,,,,,,,2,NO INDICATION OF INJURY,0,0,0,0,0,1,0,19,3,11,41.721226745,-87.652883715,POINT (-87.652883715311 41.721226744826)
JA503083,,11/07/2017 07:50:00 PM,30,NO CONTROLS,NO CONTROLS,CLEAR,DUSK,TURNING,NOT DIVIDED,,STRAIGHT AND LEVEL,DRY,NO DEFECTS,NOT ON SCENE (DESK REPORT),NO INJURY / DRIVE AWAY,,,,"OVER $1,500",11/07/2017 07:56:00 PM,NOT APPLICABLE,NOT APPLICABLE,5500,S,CENTRAL AVE,811,,,,,,,2,NO INDICATION OF INJURY,0,0,0,0,0,2,0,19,3,11,41.792642337,-87.762446601,POINT (-87.762446600716 41.792642336891)
JA503120,,11/07/2017 07:50:00 PM,30,TRAFFIC SIGNAL,FUNCTIONING PROPERLY,CLEAR,"DARKNESS, LIGHTED ROAD",REAR END,NOT DIVIDED,2,STRAIGHT AND LEVEL,DRY,NO DEFECTS,NOT ON SCENE (DESK REPORT),NO INJURY / DRIVE AWAY,,,,"$501 - $1,500",11/07/2017 08:35:00 PM,FOLLOWING TOO CLOSELY,NOT APPLICABLE,4500,W,63RD ST,813,,,,,,,3,NO INDICATION OF INJURY,0,0,0,0,0,4,0,19,3,11,41.778624993,-87.735029364,POINT (-87.735029364106 41.778624993141)
JA503108,,11/07/2017 07:52:00 PM,30,NO CONTROLS,NO CONTROLS,CLEAR,"DARKNESS, LIGHTED ROAD",PARKED MOTOR VEHICLE,ONE-WAY,2,STRAIGHT AND LEVEL,DRY,NO DEFECTS,ON SCENE,INJURY AND / OR TOW DUE TO CRASH,,,,"OVER $1,500",11/07/2017 07:52:00 PM,UNDER THE INFLUENCE OF ALCOHOL/DRUGS (USE WHEN ARREST IS EFFECTED),UNABLE TO DETERMINE,5957,S,WENTWORTH AVE,232,,,,,,,2,NO INDICATION OF INJURY,0,0,0,0,0,1,0,19,3,11,41.785553498,-87.630116407,POINT (-87.6301164071 41.785553498177)
JA504587,,11/07/2017 08:00:00 PM,35,NO CONTROLS,NO CONTROLS,CLEAR,"DARKNESS, LIGHTED ROAD",PEDALCYCLIST,NOT DIVIDED,,STRAIGHT AND LEVEL,DRY,NO DEFECTS,NOT ON SCENE (DESK REPORT),NO INJURY / DRIVE AWAY,,,,$500 OR LESS,11/08/2017 11:00:00 PM,UNABLE TO DETERMINE,UNABLE TO DETERMINE,2300,N,SHEFFIELD AVE,1811,,,Y,,,,2,NO INDICATION OF INJURY,0,0,0,0,0,2,0,20,3,11,41.923644362,-87.653697613,POINT (-87.653697613025 41.923644362327)
JA503124,,11/07/2017 08:00:00 PM,15,NO CONTROLS,NO CONTROLS,CLEAR,DARKNESS,PARKED MOTOR VEHICLE,PARKING LOT,,STRAIGHT AND LEVEL,DRY,NO DEFECTS,NOT ON SCENE (DESK REPORT),NO INJURY / DRIVE AWAY,,,,$500 OR LESS,11/07/2017 08:40:00 PM,IMPROPER BACKING,NOT APPLICABLE,333,W,NORTH AVE,1821,,,,,,,2,NO INDICATION OF INJURY,0,0,0,0,0,1,0,20,3,11,41.911013149,-87.638017712,POINT (-87.638017711666 41.911013148744)
JA503228,,11/07/2017 08:00:00 PM,30,TRAFFIC SIGNAL,UNKNOWN,CLEAR,"DARKNESS, LIGHTED ROAD",SIDESWIPE SAME DIRECTION,NOT DIVIDED,,STRAIGHT AND LEVEL,UNKNOWN,UNKNOWN,NOT ON SCENE (DESK REPORT),NO INJURY / DRIVE AWAY,Y,,Y,"$501 - $1,500",11/07/2017 11:00:00 PM,FAILING TO YIELD RIGHT-OF-WAY,NOT APPLICABLE,800,S,HOMAN AVE,1133,,,,,,,2,NO INDICATION OF INJURY,0,0,0,0,0,2,0,20,3,11,41.870852106,-87.710833835,POINT (-87.710833834543 41.870852105971)
JA503123,,11/07/2017 08:00:00 PM,30,NO CONTROLS,NO CONTROLS,CLEAR,DARKNESS,ANGLE,PARKING LOT,1,STRAIGHT AND LEVEL,DRY,NO DEFECTS,ON SCENE,NO INJURY / DRIVE AWAY,,Y,,$500 OR LESS,11/07/2017 08:10:00 PM,UNABLE TO DETERMINE,NOT APPLICABLE,5559,S,KEDZIE AVE,824,,,,,,,2,NO INDICATION OF INJURY,0,0,0,0,0,2,0,20,3,11,41.791791377,-87.703360943,POINT (-87.703360943116 41.791791377092)
JA503214,,11/07/2017 08:10:00 PM,30,TRAFFIC SIGNAL,UNKNOWN,CLEAR,"DARKNESS, LIGHTED ROAD",ANGLE,NOT DIVIDED,2,STRAIGHT AND LEVEL,DRY,UNKNOWN,NOT ON SCENE (DESK REPORT),NO INJURY / DRIVE AWAY,,,Y,"OVER $1,500",11/07/2017 08:54:00 PM,FAILING TO YIELD RIGHT-OF-WAY,NOT APPLICABLE,400,N,PULASKI RD,1111,,,,,,,2,NO INDICATION OF INJURY,0,0,0,0,0,2,0,20,3,11,41.887784774,-87.726015595,POINT (-87.726015594503 41.88778477417)
JA503198,,11/07/2017 08:15:00 PM,25,NO CONTROLS,NO CONTROLS,UNKNOWN,UNKNOWN,PARKED MOTOR VEHICLE,NOT DIVIDED,2,STRAIGHT AND LEVEL,UNKNOWN,NO DEFECTS,ON SCENE,NO INJURY / DRIVE AWAY,,,,"$501 - $1,500",11/07/2017 10:11:00 PM,UNABLE TO DETERMINE,UNABLE TO DETERMINE,3037,S,LOCK ST,913,,,,,,,2,NO INDICATION OF INJURY,0,0,0,0,0,1,0,20,3,11,41.839196198,-87.660288786,POINT (-87.660288785615 41.83919619805)
JA503149,,11/07/2017 08:15:00 PM,30,TRAFFIC SIGNAL,FUNCTIONING PROPERLY,CLEAR,"DARKNESS, LIGHTED ROAD",REAR END,NOT DIVIDED,2,STRAIGHT AND LEVEL,DRY,UNKNOWN,NOT ON SCENE (DESK REPORT),NO INJURY / DRIVE AWAY,Y,,,"OVER $1,500",11/07/2017 09:20:00 PM,FOLLOWING TOO CLOSELY,UNABLE TO DETERMINE,3002,W,DIVERSEY AVE,1411,,,,,,,2,NO INDICATION OF INJURY,0,0,0,0,0,2,0,20,3,11,41.932166778,-87.702671269,POINT (-87.702671269203 41.932166778223)
JA504256,,11/07/2017 08:30:00 PM,20,NO CONTROLS,NO CONTROLS,CLEAR,UNKNOWN,PARKED MOTOR VEHICLE,PARKING LOT,,STRAIGHT AND LEVEL,DRY,NO DEFECTS,NOT ON SCENE (DESK REPORT),NO INJURY / DRIVE AWAY,,,Y,$500 OR LESS,11/08/2017 06:15:00 PM,NOT APPLICABLE,NOT APPLICABLE,210,W,87TH ST,622,,,,,,,2,NO INDICATION OF INJURY,0,0,0,0,0,1,0,20,3,11,41.736217961,-87.629310437,POINT (-87.629310436538 41.736217960782)
JA503134,,11/07/2017 08:32:00 PM,30,NO CONTROLS,NO CONTROLS,CLEAR,"DARKNESS, LIGHTED ROAD",REAR END,NOT DIVIDED,2,STRAIGHT AND LEVEL,DRY,NO DEFECTS,ON SCENE,INJURY AND / OR TOW DUE TO CRASH,,,Y,"OVER $1,500",11/07/2017 08:34:00 PM,FOLLOWING TOO CLOSELY,UNABLE TO DETERMINE,198,S,SPRINGFIELD AVE,1122,,,,,,,2,NONINCAPACITATING INJURY,4,0,0,4,0,1,0,20,3,11,41.878053353,-87.723284816,POINT (-87.723284816208 41.878053352756)
JA503167,,11/07/2017 08:35:00 PM,30,STOP SIGN/FLASHER,FUNCTIONING PROPERLY,CLEAR,DARKNESS,SIDESWIPE SAME DIRECTION,NOT DIVIDED,2,STRAIGHT AND LEVEL,DRY,NO DEFECTS,NOT ON SCENE (DESK REPORT),NO INJURY / DRIVE AWAY,,,Y,$500 OR LESS,11/07/2017 09:30:00 PM,UNABLE TO DETERMINE,UNABLE TO DETERMINE,655,S,CICERO AVE,1131,,,,,,,2,NO INDICATION OF INJURY,0,0,0,0,0,2,0,20,3,11,41.872083448,-87.744785817,POINT (-87.744785816519 41.87208344809)
JA503205,,11/07/2017 08:40:00 PM,30,NO CONTROLS,NO CONTROLS,CLEAR,"DARKNESS, LIGHTED ROAD",TURNING,RAMP,,CURVE ON GRADE,DRY,NO DEFECTS,NOT ON SCENE (DESK REPORT),NO INJURY / DRIVE AWAY,,,Y,"OVER $1,500",11/07/2017 10:30:00 PM,IMPROPER TURNING/NO SIGNAL,IMPROPER LANE USAGE,2002,S,EMERALD AVE,1235,,,,,,,2,NO INDICATION OF INJURY,0,0,0,0,0,2,0,20,3,11,41.855347488,-87.645309623,POINT (-87.645309622748 41.855347487744)
JA503147,,11/07/2017 08:50:00 PM,35,NO CONTROLS,NO CONTROLS,CLEAR,"DARKNESS, LIGHTED ROAD",SIDESWIPE SAME DIRECTION,NOT DIVIDED,,STRAIGHT AND LEVEL,DRY,NO DEFECTS,NOT ON SCENE (DESK REPORT),NO INJURY / DRIVE AWAY,,,Y,"$501 - $1,500",11/07/2017 09:20:00 PM,UNABLE TO DETERMINE,IMPROPER LANE USAGE,2901,W,FOSTER AVE,2031,,,,,,,2,NO INDICATION OF INJURY,0,0,0,0,0,2,0,20,3,11,41.975688732,-87.701427607,POINT (-87.701427606531 41.975688732294)
JA503146,,11/07/2017 09:00:00 PM,35,TRAFFIC SIGNAL,FUNCTIONING PROPERLY,CLEAR,"DARKNESS, LIGHTED ROAD",TURNING,ONE-WAY,2,STRAIGHT AND LEVEL,DRY,NO DEFECTS,ON SCENE,NO INJURY / DRIVE AWAY,Y,,Y,"OVER $1,500",11/07/2017 09:15:00 PM,UNABLE TO DETERMINE,IMPROPER LANE USAGE,2019,S,CANALPORT AVE,1235,,,,,,,2,NO INDICATION OF INJURY,0,0,0,0,0,3,0,21,3,11,41.855266696,-87.645064158,POINT (-87.645064158491 41.85526669592)
JA503164,,11/07/2017 09:14:00 PM,30,NO CONTROLS,NO CONTROLS,CLEAR,"DARKNESS, LIGHTED ROAD",ANGLE,NOT DIVIDED,2,STRAIGHT AND LEVEL,DRY,NO DEFECTS,ON SCENE,NO INJURY / DRIVE AWAY,,,Y,"$501 - $1,500",11/07/2017 09:22:00 PM,FAILING TO YIELD RIGHT-OF-WAY,NOT APPLICABLE,2399,E,77TH ST,414,,,,,,,3,NO INDICATION OF INJURY,0,0,0,0,0,3,0,21,3,11,41.755250265,-87.566361521,POINT (-87.566361521204 41.755250264621)
JA503175,,11/07/2017 09:15:00 PM,30,TRAFFIC SIGNAL,FUNCTIONING PROPERLY,CLEAR,"DARKNESS, LIGHTED ROAD",REAR END,DIVIDED - W/MEDIAN (NOT RAISED),4,STRAIGHT AND LEVEL,DRY,OTHER,ON SCENE,INJURY AND / OR TOW DUE TO CRASH,Y,,,"$501 - $1,500",11/07/2017 09:43:00 PM,FOLLOWING TOO CLOSELY,UNABLE TO DETERMINE,1600,W,87TH ST,614,,,,,,,2,NONINCAPACITATING INJURY,2,0,0,2,0,0,0,21,3,11,41.735898617,-87.663128781,POINT (-87.663128780901 41.735898617066)
JA503151,,11/07/2017 09:18:00 PM,30,TRAFFIC SIGNAL,FUNCTIONING PROPERLY,CLEAR,"DARKNESS, LIGHTED ROAD",PEDESTRIAN,NOT DIVIDED,1,STRAIGHT AND LEVEL,DRY,NO DEFECTS,ON SCENE,NO INJURY / DRIVE AWAY,Y,,,"OVER $1,500",11/07/2017 09:20:00 PM,NOT APPLICABLE,NOT APPLICABLE,748,W,LAWRENCE AVE,2024,,,,,,,2,NO INDICATION OF INJURY,0,0,0,0,0,2,0,21,3,11,41.969282142,-87.649675139,POINT (-87.649675139352 41.969282142444)
JA503208,,11/07/2017 09:30:00 PM,30,NO CONTROLS,NO CONTROLS,CLEAR,"DARKNESS, LIGHTED ROAD",SIDESWIPE OPPOSITE DIRECTION,PARKING LOT,,STRAIGHT AND LEVEL,DRY,NO DEFECTS,NOT ON SCENE (DESK REPORT),NO INJURY / DRIVE AWAY,,,,"OVER $1,500",11/07/2017 10:00:00 PM,IMPROPER BACKING,NOT APPLICABLE,100,W,87TH ST,622,,,,,,,2,NO INDICATION OF INJURY,0,0,0,0,0,2,0,21,3,11,41.73637382,-87.627231565,POINT (-87.627231564567 41.736373820276)
JA503180,,11/07/2017 09:30:00 PM,30,NO CONTROLS,NO CONTROLS,CLEAR,"DARKNESS, LIGHTED ROAD",ANGLE,ALLEY,,STRAIGHT AND LEVEL,DRY,NO DEFECTS,NOT ON SCENE (DESK REPORT),NO INJURY / DRIVE AWAY,,,,"OVER $1,500",11/07/2017 09:50:00 PM,FAILING TO YIELD RIGHT-OF-WAY,UNABLE TO DETERMINE,4829,N,SPRINGFIELD AVE,1712,,,,,,,2,NO INDICATION OF INJURY,0,0,0,0,0,2,0,21,3,11,41.969203676,-87.725481549,POINT (-87.725481548512 41.969203675824)
JA513968,,11/07/2017 09:30:00 PM,30,TRAFFIC SIGNAL,FUNCTIONING PROPERLY,CLEAR,"DARKNESS, LIGHTED ROAD",REAR END,OTHER,0,STRAIGHT AND LEVEL,DRY,NO DEFECTS,NOT ON SCENE (DESK REPORT),NO INJURY / DRIVE AWAY,Y,,N,"$501 - $1,500",11/16/2017 12:15:00 PM,DISTRACTION - FROM INSIDE VEHICLE,NOT APPLICABLE,4800,W,63RD ST,813,,,,,,,2,NO INDICATION OF INJURY,0,0,0,0,0,4,0,21,3,11,41.778538071,-87.742355878,POINT (-87.74235587842 41.778538071066)
JA503197,,11/07/2017 10:09:00 PM,30,NO CONTROLS,NO CONTROLS,CLEAR,"DARKNESS, LIGHTED ROAD",SIDESWIPE SAME DIRECTION,DIVIDED - W/MEDIAN BARRIER,4,STRAIGHT AND LEVEL,DRY,NO DEFECTS,ON SCENE,NO INJURY / DRIVE AWAY,,,Y,"OVER $1,500",11/07/2017 10:12:00 PM,"OPERATING VEHICLE IN ERRATIC, RECKLESS, CARELESS, NEGLIGENT OR AGGRESSIVE MANNER",UNABLE TO DETERMINE,12800,S,HALSTED ST,523,,,,,,,2,NO INDICATION OF INJURY,0,0,0,0,0,2,0,22,3,11,41.66132051,-87.641502974,POINT (-87.641502974491 41.661320509783)
JA503207,,11/07/2017 10:16:00 PM,30,TRAFFIC SIGNAL,FUNCTIONING PROPERLY,CLEAR,DARKNESS,REAR END,DIVIDED - W/MEDIAN (NOT RAISED),2,STRAIGHT AND LEVEL,DRY,NO DEFECTS,ON SCENE,NO INJURY / DRIVE AWAY,,,,"$501 - $1,500",11/07/2017 10:20:00 PM,IMPROPER TURNING/NO SIGNAL,NOT APPLICABLE,6300,S,DR MARTIN LUTHER KING JR DR,312,,,,,,,2,NO INDICATION OF INJURY,0,0,0,0,0,2,0,22,3,11,41.780211322,-87.615768292,POINT (-87.615768291828 41.780211321839)
JA503200,,11/07/2017 10:25:00 PM,30,NO CONTROLS,NO CONTROLS,CLEAR,"DARKNESS, LIGHTED ROAD",PARKED MOTOR VEHICLE,NOT DIVIDED,2,STRAIGHT AND LEVEL,DRY,NO DEFECTS,ON SCENE,INJURY AND / OR TOW DUE TO CRASH,,,Y,"OVER $1,500",11/07/2017 10:28:00 PM,UNABLE TO DETERMINE,NOT APPLICABLE,3735,N,KIMBALL AVE,1733,,,,,,,2,NO INDICATION OF INJURY,0,0,0,0,0,1,0,22,3,11,41.94949014,-87.712647212,POINT (-87.712647211658 41.949490139675)
JA503219,,11/07/2017 10:30:00 PM,30,NO CONTROLS,NO CONTROLS,CLEAR,"DARKNESS, LIGHTED ROAD",PARKED MOTOR VEHICLE,ONE-WAY,,STRAIGHT AND LEVEL,DRY,NO DEFECTS,ON SCENE,NO INJURY / DRIVE AWAY,,,,$500 OR LESS,11/07/2017 10:40:00 PM,DISTRACTION - FROM OUTSIDE VEHICLE,UNABLE TO DETERMINE,7726,S,HERMITAGE AVE,611,,,,,,,2,NO INDICATION OF INJURY,0,0,0,0,0,1,0,22,3,11,41.753120535,-87.667296358,POINT (-87.667296357683 41.753120535381)
JA503213,,11/07/2017 10:43:00 PM,30,NO CONTROLS,NO CONTROLS,CLEAR,"DARKNESS, LIGHTED ROAD",FIXED OBJECT,DIVIDED - W/MEDIAN BARRIER,2,STRAIGHT AND LEVEL,DRY,UNKNOWN,ON SCENE,NO INJURY / DRIVE AWAY,,,,$500 OR LESS,11/07/2017 10:43:00 PM,"EVASIVE ACTION DUE TO ANIMAL, OBJECT, NONMOTORIST","EVASIVE ACTION DUE TO ANIMAL, OBJECT, NONMOTORIST",831,W,73RD ST,733,,,,,,,1,NO INDICATION OF INJURY,0,0,0,0,0,1,0,22,3,11,41.761434831,-87.645467557,POINT (-87.645467557467 41.761434830801)
JA504598,,11/07/2017 10:45:00 PM,30,TRAFFIC SIGNAL,FUNCTIONING PROPERLY,CLEAR,"DARKNESS, LIGHTED ROAD",TURNING,ONE-WAY,2,STRAIGHT AND LEVEL,DRY,NO DEFECTS,NOT ON SCENE (DESK REPORT),NO INJURY / DRIVE AWAY,,,,"OVER $1,500",11/07/2017 11:00:00 PM,FAILING TO YIELD RIGHT-OF-WAY,IMPROPER OVERTAKING/PASSING,200,S,DEARBORN ST,113,,,,,,,2,NO INDICATION OF INJURY,0,0,0,0,0,2,0,22,3,11,41.879373321,-87.629497636,POINT (-87.629497636384 41.879373320875)
JA503317,,11/07/2017 10:52:00 PM,35,TRAFFIC SIGNAL,FUNCTIONING PROPERLY,CLEAR,"DARKNESS, LIGHTED ROAD",OTHER OBJECT,DIVIDED - W/MEDIAN BARRIER,6,"CURVE, LEVEL",DRY,NO DEFECTS,ON SCENE,INJURY AND / OR TOW DUE TO CRASH,Y,,,"OVER $1,500",11/07/2017 10:52:00 PM,UNABLE TO DETERMINE,UNABLE TO DETERMINE,5731,S,LAKE SHORE DR,331,,,,,,,1,NO INDICATION OF INJURY,0,0,0,0,0,1,0,22,3,11,41.790842224,-87.579451477,POINT (-87.579451477274 41.790842223593)
JA503227,,11/07/2017 10:55:00 PM,35,STOP SIGN/FLASHER,FUNCTIONING PROPERLY,CLEAR,"DARKNESS, LIGHTED ROAD",ANGLE,NOT DIVIDED,,STRAIGHT AND LEVEL,DRY,NO DEFECTS,ON SCENE,INJURY AND / OR TOW DUE TO CRASH,Y,,,"OVER $1,500",11/07/2017 11:00:00 PM,UNABLE TO DETERMINE,FAILING TO YIELD RIGHT-OF-WAY,5329,N,ASHLAND AVE,2012,,,,,,,2,NO INDICATION OF INJURY,0,0,0,0,0,2,0,22,3,11,41.97886686,-87.669541678,POINT (-87.66954167794 41.978866860286)