RD_NO,CRASH_DATE_EST_I,CRASH_DATE,POSTED_SPEED_LIMIT,TRAFFIC_CONTROL_DEVICE,DEVICE_CONDITION,WEATHER_CONDITION,LIGHTING_CONDITION,FIRST_CRASH_TYPE,TRAFFICWAY_TYPE,LANE_CNT,ALIGNMENT,ROADWAY_SURFACE_COND,ROAD_DEFECT,REPORT_TYPE,CRASH_TYPE,INTERSECTION_RELATED_I,NOT_RIGHT_OF_WAY_I,HIT_AND_RUN_I,DAMAGE,DATE_POLICE_NOTIFIED,PRIM_CONTRIBUTORY_CAUSE,SEC_CONTRIBUTORY_CAUSE,STREET_NO,STREET_DIRECTION,STREET_NAME,BEAT_OF_OCCURRENCE,PHOTOS_TAKEN_I,STATEMENTS_TAKEN_I,DOORING_I,WORK_ZONE_I,WORK_ZONE_TYPE,WORKERS_PRESENT_I,NUM_UNITS,MOST_SEVERE_INJURY,INJURIES_TOTAL,INJURIES_FATAL,INJURIES_INCAPACITATING,INJURIES_NON_INCAPACITATING,INJURIES_REPORTED_NOT_EVIDENT,INJURIES_NO_INDICATION,INJURIES_UNKNOWN,CRASH_HOUR,CRASH_DAY_OF_WEEK,CRASH_MONTH,LATITUDE,LONGITUDE,LOCATION
JA503231,,11/07/2017 11:05:00 PM,30,TRAFFIC SIGNAL,UNKNOWN,CLEAR,"DARKNESS, LIGHTED ROAD",PEDESTRIAN,NOT DIVIDED,4,STRAIGHT AND LEVEL,DRY,UNKNOWN,ON SCENE,NO INJURY / DRIVE AWAY,Y,,Y,$500 OR LESS,11/07/2017 11:08:00 PM,UNABLE TO DETERMINE,NOT APPLICABLE,4700,S,WESTERN AVE,922,,,,,,,2,NO INDICATION OF INJURY,0,0,0,0,0,2,0,23,3,11,41.808378408,-87.684570717,POINT (-87.684570716896 41.808378407947)
JA503255,,11/07/2017 11:32:00 PM,30,NO CONTROLS,NO CONTROLS,CLEAR,"DARKNESS, LIGHTED ROAD",PARKED MOTOR VEHICLE,NOT DIVIDED,,STRAIGHT AND LEVEL,DRY,NO DEFECTS,ON SCENE,NO INJURY / DRIVE AWAY,,,,"OVER $1,500",11/07/2017 11:40:00 PM,UNABLE TO DETERMINE,NOT APPLICABLE,1457,W,LELAND AVE,1913,,,,,,,4,NO INDICATION OF INJURY,0,0,0,0,0,1,0,23,3,11,41.966981793,-87.666379414,POINT (-87.666379414262 41.966981792871)
JA504984,,11/07/2017 11:40:00 PM,35,NO CONTROLS,NO CONTROLS,FOG/SMOKE/HAZE,DARKNESS,ANIMAL,NOT DIVIDED,4,STRAIGHT AND LEVEL,DRY,NO DEFECTS,NOT ON SCENE (DESK REPORT),NO INJURY / DRIVE AWAY,,,,"OVER $1,500",11/09/2017 11:30:00 AM,ANIMAL,NOT APPLICABLE,8801,W,IRVING PARK RD,1631,,,,,,,1,NO INDICATION OF INJURY,0,0,0,0,0,3,0,23,3,11,41.952503701,-87.84636088,POINT (-87.846360880347 41.952503701103)
JA503276,,11/08/2017 12:18:00 AM,40,NO CONTROLS,NO CONTROLS,CLEAR,"DARKNESS, LIGHTED ROAD",FIXED OBJECT,DIVIDED - W/MEDIAN BARRIER,8,STRAIGHT AND LEVEL,DRY,NO DEFECTS,ON SCENE,INJURY AND / OR TOW DUE TO CRASH,,,Y,"OVER $1,500",11/08/2017 12:18:00 AM,EXCEEDING AUTHORIZED SPEED LIMIT,HAD BEEN DRINKING (USE WHEN ARREST IS NOT MADE),1200,N,LAKE SHORE DR SB,1824,,,,,,,1,NONINCAPACITATING INJURY,1,0,0,1,0,2,0,0,4,11,41.904076743,-87.624803937,POINT (-87.624803937073 41.904076743028)
JA503289,,11/08/2017 12:30:00 AM,30,TRAFFIC SIGNAL,UNKNOWN,CLEAR,"DARKNESS, LIGHTED ROAD",REAR END,DIVIDED - W/MEDIAN BARRIER,6,STRAIGHT AND LEVEL,DRY,UNKNOWN,ON SCENE,INJURY AND / OR TOW DUE TO CRASH,,,N,"OVER $1,500",11/08/2017 12:30:00 AM,FAILING TO REDUCE SPEED TO AVOID CRASH,NOT APPLICABLE,7101,S,CICERO AVE,833,,Y,,,,,2,NONINCAPACITATING INJURY,2,0,0,2,0,0,0,0,4,11,41.764292465,-87.741752607,POINT (-87.741752607214 41.764292464973)
JA503301,,11/08/2017 12:30:00 AM,10,NO CONTROLS,NO CONTROLS,CLEAR,"DARKNESS, LIGHTED ROAD",PARKED MOTOR VEHICLE,PARKING LOT,,STRAIGHT AND LEVEL,DRY,NO DEFECTS,ON SCENE,NO INJURY / DRIVE AWAY,,Y,Y,"$501 - $1,500",11/08/2017 01:20:00 AM,DRIVING SKILLS/KNOWLEDGE/EXPERIENCE,DRIVING SKILLS/KNOWLEDGE/EXPERIENCE,3001,S,DR MARTIN LUTHER KING JR DR,133,,,,,,,3,NO INDICATION OF INJURY,0,0,0,0,0,1,0,0,4,11,41.840184613,-87.617006543,POINT (-87.617006543002 41.84018461325)
JA504220,Y,11/08/2017 01:00:00 AM,30,NO CONTROLS,NO CONTROLS,CLEAR,"DARKNESS, LIGHTED ROAD",PARKED MOTOR VEHICLE,ONE-WAY,,STRAIGHT AND LEVEL,DRY,NO DEFECTS,ON SCENE,NO INJURY / DRIVE AWAY,,,Y,"OVER $1,500",11/08/2017 05:30:00 PM,UNABLE TO DETERMINE,NOT APPLICABLE,4251,W,HADDON AVE,1111,,,,,,,2,NO INDICATION OF INJURY,0,0,0,0,0,1,0,1,4,11,41.901537237,-87.73322624,POINT (-87.733226240385 41.901537237277)
JA504049,,11/08/2017 02:02:00 AM,30,NO CONTROLS,NO CONTROLS,CLEAR,DAYLIGHT,REAR END,NOT DIVIDED,4,STRAIGHT AND LEVEL,DRY,NO DEFECTS,NOT ON SCENE (DESK REPORT),NO INJURY / DRIVE AWAY,,,,"OVER $1,500",11/08/2017 04:00:00 PM,IMPROPER BACKING,IMPROPER BACKING,2420,W,51ST ST,923,,,,,,,2,NO INDICATION OF INJURY,0,0,0,0,0,2,0,2,4,11,41.801251404,-87.685035532,POINT (-87.685035531611 41.801251403716)
JA503323,,11/08/2017 02:10:00 AM,20,NO CONTROLS,NO CONTROLS,CLEAR,UNKNOWN,OTHER OBJECT,ALLEY,,STRAIGHT AND LEVEL,UNKNOWN,UNKNOWN,NOT ON SCENE (DESK REPORT),NO INJURY / DRIVE AWAY,,,,"OVER $1,500",11/08/2017 02:22:00 AM,UNABLE TO DETERMINE,UNABLE TO DETERMINE,5740,N,SHERIDAN RD,2022,,,,,,,1,NO INDICATION OF INJURY,0,0,0,0,0,2,0,2,4,11,41.986761534,-87.655432344,POINT (-87.655432344295 41.986761534199)
JA503334,,11/08/2017 03:07:00 AM,30,NO CONTROLS,UNKNOWN,CLEAR,"DARKNESS, LIGHTED ROAD",SIDESWIPE SAME DIRECTION,NOT DIVIDED,4,STRAIGHT AND LEVEL,DRY,UNKNOWN,ON SCENE,INJURY AND / OR TOW DUE TO CRASH,,,,"OVER $1,500",11/08/2017 03:07:00 AM,UNABLE TO DETERMINE,NOT APPLICABLE,398,N,STATE ST,1831,,,,,,,2,NO INDICATION OF INJURY,0,0,0,0,0,2,0,3,4,11,41.889192613,-87.6281949,POINT (-87.628194899842 41.889192612887)
JA503345,,11/08/2017 03:25:00 AM,25,NO CONTROLS,NO CONTROLS,CLEAR,"DARKNESS, LIGHTED ROAD",PARKED MOTOR VEHICLE,ONE-WAY,1,STRAIGHT AND LEVEL,DRY,NO DEFECTS,ON SCENE,INJURY AND / OR TOW DUE TO CRASH,,,Y,"OVER $1,500",11/08/2017 03:30:00 AM,UNABLE TO DETERMINE,UNABLE TO DETERMINE,3139,N,WASHTENAW AVE,1411,,,,,,,4,NO INDICATION OF INJURY,0,0,0,0,0,1,0,3,4,11,41.938946428,-87.695134341,POINT (-87.695134340564 41.938946428192)
JA503350,,11/08/2017 04:15:00 AM,30,NO CONTROLS,NO CONTROLS,CLEAR,"DARKNESS, LIGHTED ROAD",HEAD ON,NOT DIVIDED,2,STRAIGHT AND LEVEL,DRY,NO DEFECTS,ON SCENE,INJURY AND / OR TOW DUE TO CRASH,,,Y,"OVER $1,500",11/08/2017 04:15:00 AM,NOT APPLICABLE,DRIVING ON WRONG SIDE/WRONG WAY,4637,W,ARMITAGE AVE,2533,,Y,,,,,3,NONINCAPACITATING INJURY,1,0,0,1,0,1,0,4,4,11,41.916860936,-87.742900004,POINT (-87.742900004271 41.916860935726)
JA503354,,11/08/2017 04:40:00 AM,30,NO CONTROLS,NO CONTROLS,CLEAR,"DARKNESS, LIGHTED ROAD",SIDESWIPE SAME DIRECTION,NOT DIVIDED,4,STRAIGHT AND LEVEL,DRY,NO DEFECTS,ON SCENE,NO INJURY / DRIVE AWAY,,,,"$501 - $1,500",11/08/2017 04:43:00 AM,IMPROPER OVERTAKING/PASSING,FAILING TO YIELD RIGHT-OF-WAY,4412,N,CICERO AVE,1623,,,,,,,2,NO INDICATION OF INJURY,0,0,0,0,0,2,0,4,4,11,41.961122454,-87.747712054,POINT (-87.747712054046 41.961122454078)
JA503355,Y,11/08/2017 04:50:00 AM,30,UNKNOWN,UNKNOWN,CLEAR,"DARKNESS, LIGHTED ROAD",OVERTURNED,DIVIDED - W/MEDIAN BARRIER,,"CURVE, LEVEL",UNKNOWN,UNKNOWN,ON SCENE,INJURY AND / OR TOW DUE TO CRASH,,,,"OVER $1,500",11/08/2017 04:52:00 AM,UNABLE TO DETERMINE,NOT APPLICABLE,6959,S,VINCENNES AVE,731,,,,,,,1,NONINCAPACITATING INJURY,1,0,0,1,0,0,0,4,4,11,41.767349997,-87.626756153,POINT (-87.626756153368 41.767349997202)
JA503363,,11/08/2017 05:14:00 AM,30,NO CONTROLS,NO CONTROLS,CLEAR,"DARKNESS, LIGHTED ROAD",REAR END,NOT DIVIDED,4,STRAIGHT AND LEVEL,DRY,NO DEFECTS,ON SCENE,INJURY AND / OR TOW DUE TO CRASH,,,,"OVER $1,500",11/08/2017 05:20:00 AM,FOLLOWING TOO CLOSELY,PHYSICAL CONDITION OF DRIVER,6350,N,HARLEM AVE,1612,,,,,,,2,NO INDICATION OF INJURY,0,0,0,0,0,2,0,5,4,11,41.99693256,-87.80694863,POINT (-87.806948630241 41.996932559659)
JA503379,,11/08/2017 05:30:00 AM,30,STOP SIGN/FLASHER,FUNCTIONING PROPERLY,CLEAR,"DARKNESS, LIGHTED ROAD",TURNING,DIVIDED - W/MEDIAN (NOT RAISED),0,STRAIGHT AND LEVEL,DRY,NO DEFECTS,ON SCENE,INJURY AND / OR TOW DUE TO CRASH,Y,,,"OVER $1,500",11/08/2017 05:45:00 AM,FAILING TO YIELD RIGHT-OF-WAY,FAILING TO REDUCE SPEED TO AVOID CRASH,2058,S,CANALPORT AVE,1235,,,,,,,2,NONINCAPACITATING INJURY,1,0,0,1,0,1,0,5,4,11,41.854741372,-87.646785519,POINT (-87.646785518767 41.854741372323)
JA503387,,11/08/2017 05:30:00 AM,30,NO CONTROLS,NO CONTROLS,CLEAR,"DARKNESS, LIGHTED ROAD",PEDESTRIAN,ONE-WAY,1,STRAIGHT AND LEVEL,DRY,OTHER,NOT ON SCENE (DESK REPORT),INJURY AND / OR TOW DUE TO CRASH,,,Y,$500 OR LESS,11/08/2017 06:01:00 AM,FAILING TO YIELD RIGHT-OF-WAY,NOT APPLICABLE,3458,N,LAVERGNE AVE,1634,,,,Y,CONSTRUCTION,,2,NONINCAPACITATING INJURY,1,0,0,1,0,1,0,5,4,11,41.944190045,-87.752096873,POINT (-87.752096872727 41.944190044915)
JA503371,,11/08/2017 05:38:00 AM,30,TRAFFIC SIGNAL,UNKNOWN,CLEAR,DAWN,PARKED MOTOR VEHICLE,NOT DIVIDED,,STRAIGHT AND LEVEL,DRY,NO DEFECTS,ON SCENE,INJURY AND / OR TOW DUE TO CRASH,Y,,N,"OVER $1,500",11/08/2017 05:51:00 AM,EXCEEDING AUTHORIZED SPEED LIMIT,NOT APPLICABLE,3480,N,LAKE SHORE DR,1925,,,,,,,4,"REPORTED, NOT EVIDENT",1,0,0,0,1,0,0,5,4,11,41.946098396,-87.642154587,POINT (-87.642154587067 41.946098395531)
JA503503,,11/08/2017 05:40:00 AM,30,RAILROAD CROSSING GATE,NOT FUNCTIONING,CLEAR,DARKNESS,SIDESWIPE SAME DIRECTION,NOT DIVIDED,2,STRAIGHT AND LEVEL,DRY,NO DEFECTS,NOT ON SCENE (DESK REPORT),NO INJURY / DRIVE AWAY,,,,"OVER $1,500",11/08/2017 09:03:00 AM,IMPROPER LANE USAGE,NOT APPLICABLE,356,N,KILBOURN AVE,1113,,,,,,,2,NO INDICATION OF INJURY,0,0,0,0,0,2,0,5,4,11,41.886883472,-87.738280392,POINT (-87.738280392188 41.886883472012)
JA503382,,11/08/2017 06:00:00 AM,30,TRAFFIC SIGNAL,UNKNOWN,CLEAR,"DARKNESS, LIGHTED ROAD",SIDESWIPE SAME DIRECTION,DIVIDED - W/MEDIAN (NOT RAISED),2,STRAIGHT AND LEVEL,DRY,NO DEFECTS,NOT ON SCENE (DESK REPORT),NO INJURY / DRIVE AWAY,,,,"OVER $1,500",11/08/2017 06:25:00 AM,UNABLE TO DETERMINE,UNABLE TO DETERMINE,5605,W,ADDISON ST,1633,,,,,,,2,NO INDICATION OF INJURY,0,0,0,0,0,2,0,6,4,11,41.945763934,-87.767026798,POINT (-87.767026798197 41.945763933837)
JA504013,,11/08/2017 06:00:00 AM,30,NO CONTROLS,NO CONTROLS,CLEAR,DAYLIGHT,PARKED MOTOR VEHICLE,NOT DIVIDED,2,STRAIGHT AND LEVEL,DRY,NO DEFECTS,NOT ON SCENE (DESK REPORT),NO INJURY / DRIVE AWAY,,,Y,"OVER $1,500",11/08/2017 03:53:00 PM,UNABLE TO DETERMINE,NOT APPLICABLE,810,W,KINZIE ST,1214,,,,,,,2,NO INDICATION OF INJURY,0,0,0,0,0,1,0,6,4,11,41.889154849,-87.647978616,POINT (-87.647978615504 41.889154848698)
JA503378,,11/08/2017 06:10:00 AM,30,TRAFFIC SIGNAL,FUNCTIONING PROPERLY,CLEAR,"DARKNESS, LIGHTED ROAD",ANGLE,OTHER,5,STRAIGHT AND LEVEL,DRY,NO DEFECTS,ON SCENE,INJURY AND / OR TOW DUE TO CRASH,Y,,,"OVER $1,500",11/08/2017 06:15:00 AM,FAILING TO YIELD RIGHT-OF-WAY,FAILING TO REDUCE SPEED TO AVOID CRASH,3637,W,DIVISION ST,1112,,,,,,,2,NO INDICATION OF INJURY,0,0,0,0,0,2,0,6,4,11,41.902633756,-87.717931239,POINT (-87.717931238949 41.902633755647)
JA503398,,11/08/2017 06:30:00 AM,20,STOP SIGN/FLASHER,FUNCTIONING PROPERLY,CLEAR,DAWN,ANGLE,DIVIDED - W/MEDIAN BARRIER,2,STRAIGHT AND LEVEL,DRY,NO DEFECTS,ON SCENE,NO INJURY / DRIVE AWAY,Y,,Y,"OVER $1,500",11/08/2017 06:45:00 AM,FAILING TO YIELD RIGHT-OF-WAY,DISREGARDING STOP SIGN,7700,S,MORGAN ST,612,,,,,,,2,NO INDICATION OF INJURY,0,0,0,0,0,2,0,6,4,11,41.754117206,-87.649132703,POINT (-87.649132703406 41.754117206136)
JA503395,,11/08/2017 06:35:00 AM,30,TRAFFIC SIGNAL,FUNCTIONING PROPERLY,CLEAR,DAYLIGHT,TURNING,NOT DIVIDED,4,STRAIGHT AND LEVEL,DRY,NO DEFECTS,ON SCENE,INJURY AND / OR TOW DUE TO CRASH,Y,,,"OVER $1,500",11/08/2017 06:45:00 AM,FAILING TO YIELD RIGHT-OF-WAY,NOT APPLICABLE,4358,N,NARRAGANSETT AVE,1632,,,,,,,3,"REPORTED, NOT EVIDENT",1,0,0,0,1,2,0,6,4,11,41.960126418,-87.786949273,POINT (-87.7869492733 41.960126418241)
JA503407,,11/08/2017 06:50:00 AM,45,TRAFFIC SIGNAL,FUNCTIONING PROPERLY,CLEAR,DAYLIGHT,REAR END,DIVIDED - W/MEDIAN (NOT RAISED),8,STRAIGHT AND LEVEL,DRY,NO DEFECTS,NOT ON SCENE (DESK REPORT),NO INJURY / DRIVE AWAY,,,,"OVER $1,500",11/08/2017 07:17:00 AM,UNABLE TO DETERMINE,UNABLE TO DETERMINE,101,S,LAKE SHORE DR NB,114,,,,,,,2,NO INDICATION OF INJURY,0,0,0,0,0,2,0,6,4,11,41.880856926,-87.617103384,POINT (-87.617103384378 41.880856926277)
JA503396,Y,11/08/2017 07:00:00 AM,20,NO CONTROLS,NO CONTROLS,UNKNOWN,UNKNOWN,PARKED MOTOR VEHICLE,NOT DIVIDED,,STRAIGHT AND LEVEL,UNKNOWN,NO DEFECTS,ON SCENE,NO INJURY / DRIVE AWAY,,,Y,"OVER $1,500",11/08/2017 07:00:00 AM,UNABLE TO DETERMINE,UNABLE TO DETERMINE,859,W,CASTLEWOOD TER,2024,,,,,,,2,NO INDICATION OF INJURY,0,0,0,0,0,1,0,7,4,11,41.97072934,-87.65240745,POINT (-87.652407450441 41.97072934036)
JA506227,,11/08/2017 07:00:00 AM,30,TRAFFIC SIGNAL,FUNCTIONING PROPERLY,CLEAR,DAYLIGHT,REAR END,NOT DIVIDED,4,STRAIGHT AND LEVEL,DRY,NO DEFECTS,NOT ON SCENE (DESK REPORT),NO INJURY / DRIVE AWAY,Y,,,"OVER $1,500",11/10/2017 10:27:00 AM,FOLLOWING TOO CLOSELY,NOT APPLICABLE,4800,S,ASHLAND AVE,931,,,,,,,2,NO INDICATION OF INJURY,0,0,0,0,0,4,0,7,4,11,41.806689045,-87.665065003,POINT (-87.665065002859 41.806689045263)
JA503402,,11/08/2017 07:00:00 AM,30,NO CONTROLS,NO CONTROLS,CLEAR,DAYLIGHT,REAR END,NOT DIVIDED,,STRAIGHT AND LEVEL,DRY,NO DEFECTS,NOT ON SCENE (DESK REPORT),NO INJURY / DRIVE AWAY,,,Y,"$501 - $1,500",11/08/2017 07:30:00 AM,FOLLOWING TOO CLOSELY,UNABLE TO DETERMINE,3214,N,ELSTON AVE,1733,,,,,,,2,NO INDICATION OF INJURY,0,0,0,0,0,2,0,7,4,11,41.939664416,-87.698936877,POINT (-87.698936876745 41.93966441609)
JA503456,,11/08/2017 07:00:00 AM,30,NO CONTROLS,NO CONTROLS,CLEAR,DAYLIGHT,TURNING,ONE-WAY,,STRAIGHT AND LEVEL,DRY,NO DEFECTS,NOT ON SCENE (DESK REPORT),NO INJURY / DRIVE AWAY,,,,"$501 - $1,500",11/08/2017 07:56:00 AM,UNABLE TO DETERMINE,UNABLE TO DETERMINE,5500,S,WELLS ST,711,,,,,,,2,NO INDICATION OF INJURY,0,0,0,0,0,2,0,7,4,11,41.794199485,-87.631925482,POINT (-87.631925482492 41.794199485414)
JA503563,,11/08/2017 07:00:00 AM,10,NO CONTROLS,NO CONTROLS,CLEAR,"DARKNESS, LIGHTED ROAD",PARKED MOTOR VEHICLE,PARKING LOT,,STRAIGHT AND LEVEL,DRY,NO DEFECTS,NOT ON SCENE (DESK REPORT),NO INJURY / DRIVE AWAY,,,,"$501 - $1,500",11/08/2017 09:50:00 AM,UNABLE TO DETERMINE,UNABLE TO DETERMINE,4659,S,CICERO AVE,815,,,,,,,2,NO INDICATION OF INJURY,0,0,0,0,0,1,0,7,4,11,41.807715768,-87.743006845,POINT (-87.743006844919 41.807715767819)
JA503412,,11/08/2017 07:10:00 AM,30,NO CONTROLS,NO CONTROLS,CLEAR,DAYLIGHT,TURNING,NOT DIVIDED,4,STRAIGHT AND LEVEL,DRY,NO DEFECTS,NOT ON SCENE (DESK REPORT),NO INJURY / DRIVE AWAY,,,Y,"$501 - $1,500",11/08/2017 07:34:00 AM,IMPROPER TURNING/NO SIGNAL,UNABLE TO DETERMINE,4546,N,KEDZIE AVE,1724,,,,,,,2,NO INDICATION OF INJURY,0,0,0,0,0,2,0,7,4,11,41.964387529,-87.708492478,POINT (-87.708492478441 41.964387528635)
JA503568,,11/08/2017 07:15:00 AM,30,NO CONTROLS,NO CONTROLS,CLEAR,DAYLIGHT,REAR END,DIVIDED - W/MEDIAN (NOT RAISED),2,STRAIGHT AND LEVEL,DRY,NO DEFECTS,NOT ON SCENE (DESK REPORT),NO INJURY / DRIVE AWAY,,,,"$501 - $1,500",11/08/2017 09:50:00 AM,FOLLOWING TOO CLOSELY,FOLLOWING TOO CLOSELY,3856,W,GRAND AVE,2535,,,,,,,2,NO INDICATION OF INJURY,0,0,0,0,0,2,0,7,4,11,41.905075552,-87.723368382,POINT (-87.723368381515 41.905075551552)
JA503419,,11/08/2017 07:19:00 AM,30,TRAFFIC SIGNAL,FUNCTIONING PROPERLY,CLEAR,DAYLIGHT,PARKED MOTOR VEHICLE,NOT DIVIDED,4,STRAIGHT AND LEVEL,DRY,NO DEFECTS,ON SCENE,NO INJURY / DRIVE AWAY,Y,,,"OVER $1,500",11/08/2017 07:40:00 AM,IMPROPER TURNING/NO SIGNAL,UNABLE TO DETERMINE,3602,W,DIVERSEY AVE,2523,,,,,,,2,NO INDICATION OF INJURY,0,0,0,0,0,1,0,7,4,11,41.932018994,-87.717337415,POINT (-87.71733741464 41.932018994265)
JA503415,,11/08/2017 07:19:00 AM,30,LANE USE MARKING,FUNCTIONING PROPERLY,CLEAR,DAWN,PARKED MOTOR VEHICLE,DIVIDED - W/MEDIAN (NOT RAISED),,STRAIGHT AND LEVEL,DRY,NO DEFECTS,ON SCENE,NO INJURY / DRIVE AWAY,,,,$500 OR LESS,11/08/2017 07:30:00 AM,IMPROPER BACKING,NOT APPLICABLE,346,E,103RD ST,511,,,,,,,2,NO INDICATION OF INJURY,0,0,0,0,0,2,0,7,4,11,41.707414854,-87.614338833,POINT (-87.614338832944 41.707414854034)
JA503434,,11/08/2017 07:20:00 AM,30,STOP SIGN/FLASHER,FUNCTIONING PROPERLY,CLEAR,DAYLIGHT,ANGLE,DIVIDED - W/MEDIAN (NOT RAISED),,STRAIGHT AND LEVEL,DRY,NO DEFECTS,NOT ON SCENE (DESK REPORT),NO INJURY / DRIVE AWAY,,,,"OVER $1,500",11/08/2017 08:00:00 AM,FAILING TO YIELD RIGHT-OF-WAY,UNABLE TO DETERMINE,5099,N,ELSTON AVE,1621,,,,,,,2,NO INDICATION OF INJURY,0,0,0,0,0,2,0,7,4,11,41.973711466,-87.74903015,POINT (-87.749030149669 41.973711465926)
JA503484,,11/08/2017 07:20:00 AM,35,TRAFFIC SIGNAL,FUNCTIONING PROPERLY,CLEAR,DAYLIGHT,ANGLE,DIVIDED - W/MEDIAN BARRIER,4,STRAIGHT AND LEVEL,DRY,NO DEFECTS,NOT ON SCENE (DESK REPORT),NO INJURY / DRIVE AWAY,Y,,,"$501 - $1,500",11/08/2017 08:51:00 AM,DISREGARDING TRAFFIC SIGNALS,DISREGARDING TRAFFIC SIGNALS,5500,S,DAMEN AVE,715,,,,,,,2,NO INDICATION OF INJURY,0,0,0,0,0,2,0,7,4,11,41.793478362,-87.674426221,POINT (-87.674426220934 41.7934783622)
JA503421,,11/08/2017 07:23:00 AM,15,NO CONTROLS,NO CONTROLS,CLEAR,DAYLIGHT,PARKED MOTOR VEHICLE,NOT DIVIDED,2,STRAIGHT AND LEVEL,DRY,NO DEFECTS,,NO INJURY / DRIVE AWAY,,,Y,"OVER $1,500",11/08/2017 07:23:00 AM,UNABLE TO DETERMINE,UNABLE TO DETERMINE,4422,W,AUGUSTA BLVD,1111,,,,,,,2,NO INDICATION OF INJURY,0,0,0,0,0,1,0,7,4,11,41.89895014,-87.737008495,POINT (-87.737008495096 41.898950140424)
JA503475,,11/08/2017 07:30:00 AM,30,NO CONTROLS,NO CONTROLS,RAIN,DAYLIGHT,PARKED MOTOR VEHICLE,NOT DIVIDED,2,STRAIGHT AND LEVEL,DRY,NO DEFECTS,NOT ON SCENE (DESK REPORT),NO INJURY / DRIVE AWAY,Y,,,$500 OR LESS,11/08/2017 08:39:00 AM,UNABLE TO DETERMINE,UNABLE TO DETERMINE,2048,W,CARROLL AVE,1223,,,,,,,2,NO INDICATION OF INJURY,0,0,0,0,0,1,0,7,4,11,41.887753826,-87.678763232,POINT (-87.678763231575 41.887753826095)
JA503430,,11/08/2017 07:30:00 AM,35,TRAFFIC SIGNAL,FUNCTIONING PROPERLY,CLEAR,DAYLIGHT,TURNING,CENTER TURN LANE,4,STRAIGHT AND LEVEL,DRY,OTHER,ON SCENE,INJURY AND / OR TOW DUE TO CRASH,,,,"OVER $1,500",11/08/2017 07:35:00 AM,"VISION OBSCURED (SIGNS, TREE LIMBS, BUILDINGS, ETC.)",ROAD CONSTRUCTION/MAINTENANCE,11835,S,AVENUE O,433,,,,Y,CONSTRUCTION,,2,NO INDICATION OF INJURY,0,0,0,0,0,6,0,7,4,11,41.679869038,-87.53994337,POINT (-87.539943369546 41.679869038442)
JA503440,,11/08/2017 07:30:00 AM,30,NO CONTROLS,NO CONTROLS,CLEAR,DAYLIGHT,REAR END,DIVIDED - W/MEDIAN (NOT RAISED),,STRAIGHT AND LEVEL,DRY,NO DEFECTS,ON SCENE,NO INJURY / DRIVE AWAY,,,,"OVER $1,500",11/08/2017 07:45:00 AM,IMPROPER LANE USAGE,NOT APPLICABLE,4754,W,47TH ST,815,,,,,,,2,NO INDICATION OF INJURY,0,0,0,0,0,2,0,7,4,11,41.807752046,-87.742926021,POINT (-87.74292602144 41.807752046148)
JA503473,,11/08/2017 07:30:00 AM,30,NO CONTROLS,NO CONTROLS,CLEAR,DAYLIGHT,REAR END,NOT DIVIDED,3,STRAIGHT AND LEVEL,DRY,UNKNOWN,NOT ON SCENE (DESK REPORT),NO INJURY / DRIVE AWAY,,,,"$501 - $1,500",11/08/2017 08:30:00 AM,UNABLE TO DETERMINE,UNABLE TO DETERMINE,6720,W,ARCHER AVE,811,,,,,,,3,NO INDICATION OF INJURY,0,0,0,0,0,3,0,7,4,11,41.792293399,-87.790112709,POINT (-87.790112708861 41.7922933994)
JA503433,,11/08/2017 07:30:00 AM,30,NO CONTROLS,NO CONTROLS,CLEAR,DAYLIGHT,ANGLE,DIVIDED - W/MEDIAN (NOT RAISED),2,STRAIGHT AND LEVEL,DRY,NO DEFECTS,ON SCENE,NO INJURY / DRIVE AWAY,,,,"OVER $1,500",11/08/2017 07:34:00 AM,FAILING TO YIELD RIGHT-OF-WAY,FAILING TO REDUCE SPEED TO AVOID CRASH,2144,S,LEAVITT ST,1234,,,,,,,2,NO INDICATION OF INJURY,0,0,0,0,0,2,0,7,4,11,41.852588119,-87.680903451,POINT (-87.680903450668 41.852588119123)
JA503426,,11/08/2017 07:35:00 AM,35,TRAFFIC SIGNAL,FUNCTIONING PROPERLY,CLEAR,DAYLIGHT,SIDESWIPE SAME DIRECTION,NOT DIVIDED,4,STRAIGHT AND LEVEL,DRY,NO DEFECTS,ON SCENE,NO INJURY / DRIVE AWAY,,,,$500 OR LESS,11/08/2017 07:40:00 AM,UNABLE TO DETERMINE,UNABLE TO DETERMINE,12701,S,HALSTED ST,523,,,,,,,2,NO INDICATION OF INJURY,0,0,0,0,0,2,0,7,4,11,41.663187608,-87.641272588,POINT (-87.641272587823 41.663187607815)
JA503472,,11/08/2017 07:35:00 AM,30,STOP SIGN/FLASHER,FUNCTIONING PROPERLY,CLEAR,DAYLIGHT,SIDESWIPE SAME DIRECTION,DIVIDED - W/MEDIAN (NOT RAISED),2,STRAIGHT AND LEVEL,DRY,NO DEFECTS,ON SCENE,NO INJURY / DRIVE AWAY,Y,,Y,"OVER $1,500",11/08/2017 07:39:00 AM,FAILING TO YIELD RIGHT-OF-WAY,FAILING TO REDUCE SPEED TO AVOID CRASH,1859,S,DAMEN AVE,1234,,,,,,,2,NO INDICATION OF INJURY,0,0,0,0,0,2,0,7,4,11,41.855884752,-87.675802713,POINT (-87.675802713089 41.855884751915)