RD_NO,CRASH_DATE_EST_I,CRASH_DATE,POSTED_SPEED_LIMIT,TRAFFIC_CONTROL_DEVICE,DEVICE_CONDITION,WEATHER_CONDITION,LIGHTING_CONDITION,FIRST_CRASH_TYPE,TRAFFICWAY_TYPE,LANE_CNT,ALIGNMENT,ROADWAY_SURFACE_COND,ROAD_DEFECT,REPORT_TYPE,CRASH_TYPE,INTERSECTION_RELATED_I,NOT_RIGHT_OF_WAY_I,HIT_AND_RUN_I,DAMAGE,DATE_POLICE_NOTIFIED,PRIM_CONTRIBUTORY_CAUSE,SEC_CONTRIBUTORY_CAUSE,STREET_NO,STREET_DIRECTION,STREET_NAME,BEAT_OF_OCCURRENCE,PHOTOS_TAKEN_I,STATEMENTS_TAKEN_I,DOORING_I,WORK_ZONE_I,WORK_ZONE_TYPE,WORKERS_PRESENT_I,NUM_UNITS,MOST_SEVERE_INJURY,INJURIES_TOTAL,INJURIES_FATAL,INJURIES_INCAPACITATING,INJURIES_NON_INCAPACITATING,INJURIES_REPORTED_NOT_EVIDENT,INJURIES_NO_INDICATION,INJURIES_UNKNOWN,CRASH_HOUR,CRASH_DAY_OF_WEEK,CRASH_MONTH,LATITUDE,LONGITUDE,LOCATION
JA506776,,11/08/2017 09:00:00 AM,30,NO CONTROLS,NO CONTROLS,CLEAR,UNKNOWN,PARKED MOTOR VEHICLE,ONE-WAY,3,STRAIGHT AND LEVEL,DRY,NO DEFECTS,NOT ON SCENE (DESK REPORT),NO INJURY / DRIVE AWAY,,,Y,"OVER $1,500",11/10/2017 04:40:00 PM,IMPROPER BACKING,NOT APPLICABLE,744,N,WOLCOTT AVE,1221,,,,,,,2,NO INDICATION OF INJURY,0,0,0,0,0,1,0,9,4,11,41.895458078,-87.67474288,POINT (-87.674742880113 41.895458077799)
JA503762,,11/08/2017 09:00:00 AM,30,TRAFFIC SIGNAL,FUNCTIONING PROPERLY,CLEAR,DAYLIGHT,REAR END,DIVIDED - W/MEDIAN (NOT RAISED),4,STRAIGHT AND LEVEL,DRY,NO DEFECTS,NOT ON SCENE (DESK REPORT),NO INJURY / DRIVE AWAY,,,,"OVER $1,500",11/08/2017 12:40:00 PM,UNABLE TO DETERMINE,NOT APPLICABLE,700,S,COLUMBUS DR,114,,,,,,,2,NO INDICATION OF INJURY,0,0,0,0,0,2,0,9,4,11,41.873148327,-87.62073886,POINT (-87.620738859591 41.873148327225)
JA503666,,11/08/2017 09:05:00 AM,30,TRAFFIC SIGNAL,FUNCTIONING PROPERLY,CLEAR,DAYLIGHT,REAR END,DIVIDED - W/MEDIAN (NOT RAISED),2,STRAIGHT AND LEVEL,DRY,NO DEFECTS,NOT ON SCENE (DESK REPORT),INJURY AND / OR TOW DUE TO CRASH,,,,"OVER $1,500",11/08/2017 11:15:00 AM,FOLLOWING TOO CLOSELY,NOT APPLICABLE,7130,S,JEFFERY BLVD,333,,,,,,,2,"REPORTED, NOT EVIDENT",1,0,0,0,1,2,0,9,4,11,41.765185275,-87.576426279,POINT (-87.576426279403 41.76518527516)
JA506323,,11/08/2017 09:10:00 AM,30,TRAFFIC SIGNAL,FUNCTIONING PROPERLY,CLEAR,DAYLIGHT,REAR END,DIVIDED - W/MEDIAN (NOT RAISED),,STRAIGHT AND LEVEL,DRY,NO DEFECTS,NOT ON SCENE (DESK REPORT),NO INJURY / DRIVE AWAY,,,,"$501 - $1,500",11/10/2017 11:37:00 AM,FOLLOWING TOO CLOSELY,FOLLOWING TOO CLOSELY,2200,S,WENTWORTH AVE,914,,,,,,,2,NO INDICATION OF INJURY,0,0,0,0,0,2,0,9,4,11,41.852816682,-87.632155289,POINT (-87.632155289181 41.852816681706)
JA503525,Y,11/08/2017 09:15:00 AM,30,NO CONTROLS,NO CONTROLS,CLEAR,DAYLIGHT,REAR END,DIVIDED - W/MEDIAN (NOT RAISED),4,STRAIGHT AND LEVEL,DRY,NO DEFECTS,ON SCENE,INJURY AND / OR TOW DUE TO CRASH,,,,"OVER $1,500",11/08/2017 09:16:00 AM,UNABLE TO DETERMINE,UNABLE TO DETERMINE,2433,N,WESTERN AVE,1432,,,,,,,2,NO INDICATION OF INJURY,0,0,0,0,0,2,0,9,4,11,41.925968832,-87.687534772,POINT (-87.687534771646 41.925968832276)
JA517096,,11/08/2017 09:20:00 AM,30,NO CONTROLS,NO CONTROLS,CLEAR,DAYLIGHT,REAR END,NOT DIVIDED,4,STRAIGHT AND LEVEL,DRY,NO DEFECTS,NOT ON SCENE (DESK REPORT),NO INJURY / DRIVE AWAY,,,,"OVER $1,500",11/18/2017 07:13:00 PM,FOLLOWING TOO CLOSELY,UNABLE TO DETERMINE,5444,N,CUMBERLAND AVE,1614,,,,,,,2,NO INDICATION OF INJURY,0,0,0,0,0,2,0,9,4,11,41.978807624,-87.836735085,POINT (-87.836735084783 41.978807623905)
JA505240,,11/08/2017 09:20:00 AM,30,NO CONTROLS,NO CONTROLS,CLEAR,DAYLIGHT,ANGLE,NOT DIVIDED,2,STRAIGHT AND LEVEL,DRY,NO DEFECTS,NOT ON SCENE (DESK REPORT),NO INJURY / DRIVE AWAY,Y,,,"OVER $1,500",11/09/2017 02:53:00 PM,FAILING TO YIELD RIGHT-OF-WAY,NOT APPLICABLE,6200,N,HARLEM AVE,1612,,,,,,,2,NO INDICATION OF INJURY,0,0,0,0,0,2,0,9,4,11,41.993583081,-87.806983767,POINT (-87.806983767169 41.993583080763)
JA505868,,11/08/2017 09:22:00 AM,30,TRAFFIC SIGNAL,FUNCTIONING PROPERLY,CLEAR,DAYLIGHT,TURNING,NOT DIVIDED,,STRAIGHT AND LEVEL,DRY,NO DEFECTS,NOT ON SCENE (DESK REPORT),NO INJURY / DRIVE AWAY,,,,"$501 - $1,500",11/10/2017 12:15:00 AM,UNABLE TO DETERMINE,NOT APPLICABLE,5522,N,NAGLE AVE,1613,,,,,,,2,NO INDICATION OF INJURY,0,0,0,0,0,6,0,9,4,11,41.981876229,-87.787900547,POINT (-87.787900546866 41.981876229085)
JA506108,,11/08/2017 09:30:00 AM,35,NO CONTROLS,NO CONTROLS,CLEAR,DAYLIGHT,REAR END,DIVIDED - W/MEDIAN (NOT RAISED),6,STRAIGHT AND LEVEL,DRY,NO DEFECTS,NOT ON SCENE (DESK REPORT),NO INJURY / DRIVE AWAY,,,,"OVER $1,500",11/10/2017 09:30:00 AM,EXCEEDING SAFE SPEED FOR CONDITIONS,FAILING TO REDUCE SPEED TO AVOID CRASH,800,N,FRANKLIN ST,1823,,,,,,,2,NO INDICATION OF INJURY,0,0,0,0,0,2,0,9,4,11,41.896621488,-87.635840708,POINT (-87.63584070765 41.896621488199)
JA505479,,11/08/2017 09:30:00 AM,15,NO CONTROLS,NO CONTROLS,CLEAR,DAYLIGHT,FIXED OBJECT,ALLEY,,STRAIGHT AND LEVEL,DRY,NO DEFECTS,NOT ON SCENE (DESK REPORT),NO INJURY / DRIVE AWAY,,,,"$501 - $1,500",11/09/2017 06:45:00 PM,IMPROPER BACKING,NOT APPLICABLE,708,W,111TH ST,2233,,,,,,,1,NO INDICATION OF INJURY,0,0,0,0,0,1,0,9,4,11,41.692488941,-87.640353961,POINT (-87.640353961025 41.692488941333)
JA503567,,11/08/2017 09:40:00 AM,30,TRAFFIC SIGNAL,FUNCTIONING PROPERLY,CLEAR,"DARKNESS, LIGHTED ROAD",TURNING,DIVIDED - W/MEDIAN BARRIER,3,STRAIGHT AND LEVEL,DRY,NO DEFECTS,NOT ON SCENE (DESK REPORT),NO INJURY / DRIVE AWAY,,,,"OVER $1,500",11/08/2017 10:00:00 AM,UNABLE TO DETERMINE,NOT APPLICABLE,340,E,LOWER WACKER DR,114,,,,,,,2,NO INDICATION OF INJURY,0,0,0,0,0,2,0,9,4,11,41.887948082,-87.618796751,POINT (-87.618796750713 41.88794808169)
JA503590,,11/08/2017 09:45:00 AM,10,NO CONTROLS,NO CONTROLS,CLEAR,DAYLIGHT,FIXED OBJECT,PARKING LOT,,STRAIGHT AND LEVEL,DRY,NO DEFECTS,ON SCENE,NO INJURY / DRIVE AWAY,,Y,,"OVER $1,500",11/08/2017 09:50:00 AM,UNABLE TO DETERMINE,UNABLE TO DETERMINE,3230,W,ARMITAGE AVE,1413,,,,,,,1,NO INDICATION OF INJURY,0,0,0,0,0,2,0,9,4,11,41.917494652,-87.708265808,POINT (-87.708265807846 41.917494651902)
JA503591,,11/08/2017 09:45:00 AM,35,LANE USE MARKING,WORN REFLECTIVE MATERIAL,CLEAR,DAYLIGHT,SIDESWIPE SAME DIRECTION,DIVIDED - W/MEDIAN (NOT RAISED),5,STRAIGHT AND LEVEL,DRY,NO DEFECTS,ON SCENE,NO INJURY / DRIVE AWAY,,,,"OVER $1,500",11/08/2017 10:00:00 AM,IMPROPER LANE USAGE,FAILING TO YIELD RIGHT-OF-WAY,10000,W,OHARE ST,1651,,,,,,,2,NO INDICATION OF INJURY,0,0,0,0,0,2,0,9,4,11,41.976201139,-87.905309125,POINT (-87.905309125103 41.976201139024)
JA503604,,11/08/2017 09:47:00 AM,45,NO CONTROLS,NO CONTROLS,CLEAR,DAYLIGHT,REAR END,DIVIDED - W/MEDIAN BARRIER,4,STRAIGHT AND LEVEL,DRY,NO DEFECTS,ON SCENE,INJURY AND / OR TOW DUE TO CRASH,,,,"OVER $1,500",11/08/2017 09:48:00 AM,UNABLE TO DETERMINE,NOT APPLICABLE,2920,N,LAKE SHORE DR SB,1934,,,,,,,3,NONINCAPACITATING INJURY,3,0,0,1,2,0,0,9,4,11,41.935059577,-87.632816491,POINT (-87.632816491101 41.935059577137)
JA503792,,11/08/2017 09:50:00 AM,30,TRAFFIC SIGNAL,FUNCTIONING PROPERLY,CLEAR,DAYLIGHT,REAR END,DIVIDED - W/MEDIAN BARRIER,4,STRAIGHT AND LEVEL,DRY,NO DEFECTS,NOT ON SCENE (DESK REPORT),NO INJURY / DRIVE AWAY,,,,"OVER $1,500",11/08/2017 01:04:00 PM,FOLLOWING TOO CLOSELY,FOLLOWING TOO CLOSELY,6311,S,CICERO AVE,813,,,,,,,2,NO INDICATION OF INJURY,0,0,0,0,0,2,0,9,4,11,41.778057624,-87.742134338,POINT (-87.742134338193 41.778057623611)
JA503614,,11/08/2017 09:55:00 AM,30,TRAFFIC SIGNAL,FUNCTIONING PROPERLY,CLEAR,DAYLIGHT,TURNING,DIVIDED - W/MEDIAN (NOT RAISED),,STRAIGHT AND LEVEL,DRY,NO DEFECTS,ON SCENE,NO INJURY / DRIVE AWAY,,,Y,"$501 - $1,500",11/08/2017 10:15:00 AM,IMPROPER TURNING/NO SIGNAL,FOLLOWING TOO CLOSELY,830,N,CALIFORNIA AVE,1211,,,,,,,2,NO INDICATION OF INJURY,0,0,0,0,0,2,0,9,4,11,41.896528027,-87.696871995,POINT (-87.696871994959 41.896528026915)
JA503678,,11/08/2017 09:56:00 AM,30,NO CONTROLS,NO CONTROLS,CLEAR,DAYLIGHT,SIDESWIPE SAME DIRECTION,NOT DIVIDED,4,STRAIGHT AND LEVEL,DRY,NO DEFECTS,NOT ON SCENE (DESK REPORT),NO INJURY / DRIVE AWAY,,,Y,"OVER $1,500",11/08/2017 11:10:00 AM,FAILING TO YIELD RIGHT-OF-WAY,UNABLE TO DETERMINE,401,N,WABASH AVE,1834,,,,,,,2,NO INDICATION OF INJURY,0,0,0,0,0,2,0,9,4,11,41.889284014,-87.626548548,POINT (-87.626548547941 41.889284013529)
JA503598,,11/08/2017 10:00:00 AM,30,NO CONTROLS,NO CONTROLS,CLEAR,DAYLIGHT,SIDESWIPE SAME DIRECTION,DIVIDED - W/MEDIAN (NOT RAISED),2,STRAIGHT AND LEVEL,DRY,NO DEFECTS,ON SCENE,INJURY AND / OR TOW DUE TO CRASH,,,,"OVER $1,500",11/08/2017 10:30:00 AM,FAILING TO YIELD RIGHT-OF-WAY,FAILING TO YIELD RIGHT-OF-WAY,1005,W,MADISON ST,1232,,,,,,,2,NO INDICATION OF INJURY,0,0,0,0,0,2,0,10,4,11,41.88158651,-87.652247245,POINT (-87.652247245215 41.881586509989)
JA503576,,11/08/2017 10:00:00 AM,20,NO CONTROLS,NO CONTROLS,CLEAR,DAYLIGHT,FIXED OBJECT,NOT DIVIDED,,STRAIGHT AND LEVEL,DRY,NO DEFECTS,ON SCENE,NO INJURY / DRIVE AWAY,,,,"OVER $1,500",11/08/2017 10:00:00 AM,ROAD ENGINEERING/SURFACE/MARKING DEFECTS,NOT APPLICABLE,1800,W,BALMORAL AVE,2012,,,,,,,1,NO INDICATION OF INJURY,0,0,0,0,0,2,0,10,4,11,41.979854938,-87.674750222,POINT (-87.674750222001 41.979854938441)
JA503613,,11/08/2017 10:14:00 AM,30,TRAFFIC SIGNAL,FUNCTIONING PROPERLY,CLEAR,DAYLIGHT,TURNING,NOT DIVIDED,4,STRAIGHT ON GRADE,DRY,NO DEFECTS,ON SCENE,NO INJURY / DRIVE AWAY,Y,,,"$501 - $1,500",11/08/2017 10:16:00 AM,FAILING TO YIELD RIGHT-OF-WAY,FAILING TO YIELD RIGHT-OF-WAY,4000,W,CHICAGO AVE,1111,,,,,,,2,NO INDICATION OF INJURY,0,0,0,0,0,2,0,10,4,11,41.895476752,-87.72614436,POINT (-87.726144359916 41.895476751637)
JA503664,,11/08/2017 10:17:00 AM,35,TRAFFIC SIGNAL,FUNCTIONING PROPERLY,CLEAR,DAYLIGHT,REAR END,DIVIDED - W/MEDIAN BARRIER,,STRAIGHT AND LEVEL,DRY,NO DEFECTS,ON SCENE,INJURY AND / OR TOW DUE TO CRASH,,,,"OVER $1,500",11/08/2017 10:27:00 AM,FOLLOWING TOO CLOSELY,UNABLE TO DETERMINE,5658,S,LAKE SHORE DR SB,331,,,,,,,2,"REPORTED, NOT EVIDENT",1,0,0,0,1,1,0,10,4,11,41.791533917,-87.580208735,POINT (-87.580208735455 41.791533916538)
JA503635,,11/08/2017 10:20:00 AM,30,STOP SIGN/FLASHER,FUNCTIONING PROPERLY,CLEAR,DAYLIGHT,ANGLE,NOT DIVIDED,,STRAIGHT AND LEVEL,DRY,NO DEFECTS,ON SCENE,INJURY AND / OR TOW DUE TO CRASH,Y,,,"OVER $1,500",11/08/2017 10:22:00 AM,UNABLE TO DETERMINE,UNABLE TO DETERMINE,10757,S,AVENUE F,432,,,,,,,2,NO INDICATION OF INJURY,0,0,0,0,0,2,0,10,4,11,41.699224573,-87.530307323,POINT (-87.530307322794 41.69922457334)
JA503848,N,11/08/2017 10:20:00 AM,20,NO CONTROLS,NO CONTROLS,CLEAR,DAYLIGHT,PARKED MOTOR VEHICLE,DIVIDED - W/MEDIAN BARRIER,,STRAIGHT AND LEVEL,DRY,NO DEFECTS,ON SCENE,NO INJURY / DRIVE AWAY,,,,"OVER $1,500",11/08/2017 11:35:00 AM,UNABLE TO DETERMINE,UNABLE TO DETERMINE,4237,N,ASHLAND AVE,1912,,,,,,,2,NO INDICATION OF INJURY,0,0,0,0,0,1,0,10,4,11,41.959059188,-87.669037041,POINT (-87.669037040734 41.959059188154)
JA503643,,11/08/2017 10:25:00 AM,30,NO CONTROLS,NO CONTROLS,CLEAR,DAYLIGHT,PARKED MOTOR VEHICLE,DIVIDED - W/MEDIAN (NOT RAISED),2,STRAIGHT AND LEVEL,DRY,NO DEFECTS,ON SCENE,NO INJURY / DRIVE AWAY,,,Y,"OVER $1,500",11/08/2017 10:26:00 AM,DISTRACTION - FROM INSIDE VEHICLE,FAILING TO REDUCE SPEED TO AVOID CRASH,331,N,FRANCISCO AVE,1222,,,,,,,2,NO INDICATION OF INJURY,0,0,0,0,0,1,0,10,4,11,41.887393106,-87.698773381,POINT (-87.698773381278 41.887393106066)
JA503651,,11/08/2017 10:30:00 AM,25,NO CONTROLS,NO CONTROLS,CLEAR,DAYLIGHT,SIDESWIPE OPPOSITE DIRECTION,OTHER,,STRAIGHT ON GRADE,DRY,NO DEFECTS,ON SCENE,NO INJURY / DRIVE AWAY,,,,$500 OR LESS,11/08/2017 10:45:00 AM,IMPROPER BACKING,IMPROPER BACKING,3840,S,MORGAN ST,915,,,,,,,2,NO INDICATION OF INJURY,0,0,0,0,0,2,0,10,4,11,41.823981393,-87.65094599,POINT (-87.650945990184 41.823981392792)
JA504050,,11/08/2017 10:40:00 AM,30,TRAFFIC SIGNAL,FUNCTIONING PROPERLY,CLEAR,DAYLIGHT,REAR END,NOT DIVIDED,8,STRAIGHT AND LEVEL,DRY,NO DEFECTS,NOT ON SCENE (DESK REPORT),NO INJURY / DRIVE AWAY,Y,,,"$501 - $1,500",11/08/2017 04:00:00 PM,UNABLE TO DETERMINE,UNABLE TO DETERMINE,150,E,LA SALLE DR,1814,,,,,,,2,NO INDICATION OF INJURY,0,0,0,0,0,2,0,10,4,11,41.913448778,-87.626112338,POINT (-87.626112337562 41.913448777932)
JA504786,,11/08/2017 10:41:00 AM,0,NO CONTROLS,NO CONTROLS,CLEAR,DAYLIGHT,ANGLE,PARKING LOT,,STRAIGHT AND LEVEL,DRY,NO DEFECTS,NOT ON SCENE (DESK REPORT),NO INJURY / DRIVE AWAY,,,,"$501 - $1,500",11/09/2017 08:25:00 AM,IMPROPER BACKING,FAILING TO YIELD RIGHT-OF-WAY,1408,E,53RD ST,234,,,,,,,2,NO INDICATION OF INJURY,0,0,0,0,0,2,0,10,4,11,41.799625689,-87.59137367,POINT (-87.59137367045 41.799625689273)
JA503686,,11/08/2017 10:50:00 AM,35,NO CONTROLS,NO CONTROLS,CLEAR,DAYLIGHT,REAR END,DIVIDED - W/MEDIAN (NOT RAISED),,STRAIGHT AND LEVEL,DRY,NO DEFECTS,ON SCENE,INJURY AND / OR TOW DUE TO CRASH,,,,"OVER $1,500",11/08/2017 10:56:00 AM,FOLLOWING TOO CLOSELY,NOT APPLICABLE,6000,S,KEDZIE AVE,823,,Y,,Y,UTILITY,,3,NONINCAPACITATING INJURY,1,0,0,1,0,2,0,10,4,11,41.784333249,-87.703437297,POINT (-87.70343729709 41.784333248946)
JA503703,,11/08/2017 10:59:00 AM,5,NO CONTROLS,NO CONTROLS,CLEAR,DAYLIGHT,PARKED MOTOR VEHICLE,PARKING LOT,0,STRAIGHT AND LEVEL,DRY,NO DEFECTS,NOT ON SCENE (DESK REPORT),NO INJURY / DRIVE AWAY,,,,$500 OR LESS,11/08/2017 11:40:00 AM,UNABLE TO DETERMINE,UNABLE TO DETERMINE,4440,W,NORTH AVE,2533,,,,,,,2,NO INDICATION OF INJURY,0,0,0,0,0,2,0,10,4,11,41.909842058,-87.737797969,POINT (-87.737797969282 41.909842057966)
JA504465,,11/08/2017 11:00:00 AM,30,NO CONTROLS,NO CONTROLS,CLEAR,DAYLIGHT,PARKED MOTOR VEHICLE,PARKING LOT,0,STRAIGHT AND LEVEL,DRY,NO DEFECTS,NOT ON SCENE (DESK REPORT),NO INJURY / DRIVE AWAY,,,Y,"OVER $1,500",11/08/2017 08:30:00 PM,DRIVING SKILLS/KNOWLEDGE/EXPERIENCE,UNABLE TO DETERMINE,3301,W,63RD ST,823,,,,,,,2,NO INDICATION OF INJURY,0,0,0,0,0,1,0,11,4,11,41.778822697,-87.70567679,POINT (-87.705676790286 41.778822697431)
JA503695,,11/08/2017 11:00:00 AM,30,NO CONTROLS,NO CONTROLS,CLEAR,DAYLIGHT,ANGLE,ALLEY,,STRAIGHT AND LEVEL,DRY,NO DEFECTS,NOT ON SCENE (DESK REPORT),NO INJURY / DRIVE AWAY,,,,"$501 - $1,500",11/08/2017 11:30:00 AM,UNABLE TO DETERMINE,NOT APPLICABLE,1700,W,WABANSIA AVE,1433,,,,,,,2,NO INDICATION OF INJURY,0,0,0,0,0,2,0,11,4,11,41.912531456,-87.670246807,POINT (-87.670246806593 41.912531456295)
JA504936,N,11/08/2017 11:00:00 AM,30,NO CONTROLS,NO CONTROLS,CLEAR,DAYLIGHT,PARKED MOTOR VEHICLE,NOT DIVIDED,,STRAIGHT AND LEVEL,DRY,OTHER,ON SCENE,NO INJURY / DRIVE AWAY,,,Y,"$501 - $1,500",11/09/2017 10:15:00 AM,UNABLE TO DETERMINE,NOT APPLICABLE,2530,N,CLARK ST,1935,,,,,,,2,NO INDICATION OF INJURY,0,0,0,0,0,1,0,11,4,11,41.928585159,-87.642423913,POINT (-87.642423912707 41.928585159058)
JA503928,,11/08/2017 11:05:00 AM,30,NO CONTROLS,NO CONTROLS,CLEAR,DAYLIGHT,PEDALCYCLIST,NOT DIVIDED,2,STRAIGHT AND LEVEL,DRY,NO DEFECTS,NOT ON SCENE (DESK REPORT),INJURY AND / OR TOW DUE TO CRASH,,,,"$501 - $1,500",11/08/2017 02:00:00 PM,UNABLE TO DETERMINE,NOT APPLICABLE,51,W,KINZIE ST,1831,,,Y,,,,2,NONINCAPACITATING INJURY,1,0,0,1,0,2,0,11,4,11,41.889118078,-87.629923303,POINT (-87.629923302785 41.889118078364)
JA503706,Y,11/08/2017 11:10:00 AM,30,STOP SIGN/FLASHER,FUNCTIONING PROPERLY,CLEAR,DAYLIGHT,SIDESWIPE OPPOSITE DIRECTION,NOT DIVIDED,2,STRAIGHT AND LEVEL,DRY,NO DEFECTS,ON SCENE,NO INJURY / DRIVE AWAY,,,Y,$500 OR LESS,11/08/2017 11:15:00 AM,UNABLE TO DETERMINE,NOT APPLICABLE,2800,N,LAKE SHORE DR,1934,,,,,,,2,NO INDICATION OF INJURY,0,0,0,0,0,2,0,11,4,11,41.932902467,-87.636373165,POINT (-87.636373165151 41.932902466506)
JA503739,,11/08/2017 11:15:00 AM,30,STOP SIGN/FLASHER,FUNCTIONING PROPERLY,CLEAR,DAYLIGHT,TURNING,DIVIDED - W/MEDIAN BARRIER,4,STRAIGHT AND LEVEL,DRY,NO DEFECTS,NOT ON SCENE (DESK REPORT),NO INJURY / DRIVE AWAY,Y,,,"OVER $1,500",11/08/2017 12:30:00 PM,FAILING TO YIELD RIGHT-OF-WAY,FAILING TO YIELD RIGHT-OF-WAY,1422,N,ASHLAND AVE,1433,,,,,,,2,NO INDICATION OF INJURY,0,0,0,0,0,2,0,11,4,11,41.907640942,-87.667753259,POINT (-87.667753259018 41.907640942193)
JA503687,,11/08/2017 11:19:00 AM,30,OTHER,FUNCTIONING PROPERLY,CLEAR,DAYLIGHT,REAR END,DIVIDED - W/MEDIAN BARRIER,2,STRAIGHT AND LEVEL,DRY,NO DEFECTS,ON SCENE,NO INJURY / DRIVE AWAY,,,,$500 OR LESS,11/08/2017 11:19:00 AM,FOLLOWING TOO CLOSELY,NOT APPLICABLE,2615,S,CALIFORNIA BLVD,1034,,,,,,,2,NO INDICATION OF INJURY,0,0,0,0,0,2,0,11,4,11,41.844228285,-87.694500755,POINT (-87.694500755468 41.844228285425)
JA503916,,11/08/2017 11:25:00 AM,30,NO CONTROLS,NO CONTROLS,CLEAR,DAYLIGHT,PARKED MOTOR VEHICLE,PARKING LOT,,STRAIGHT AND LEVEL,DRY,NO DEFECTS,NOT ON SCENE (DESK REPORT),NO INJURY / DRIVE AWAY,,,Y,$500 OR LESS,11/08/2017 02:31:00 PM,UNABLE TO DETERMINE,NOT APPLICABLE,86,W,63RD ST,311,,,,,,,2,NO INDICATION OF INJURY,0,0,0,0,0,1,0,11,4,11,41.780129624,-87.627777483,POINT (-87.627777483095 41.780129624377)
JA503718,,11/08/2017 11:25:00 AM,35,NO CONTROLS,NO CONTROLS,CLEAR,DAYLIGHT,PEDESTRIAN,DRIVEWAY,,STRAIGHT AND LEVEL,DRY,NO DEFECTS,ON SCENE,INJURY AND / OR TOW DUE TO CRASH,,,Y,"OVER $1,500",11/08/2017 11:31:00 AM,DRIVING SKILLS/KNOWLEDGE/EXPERIENCE,"OPERATING VEHICLE IN ERRATIC, RECKLESS, CARELESS, NEGLIGENT OR AGGRESSIVE MANNER",7849,S,CICERO AVE,834,,,,,,,2,NONINCAPACITATING INJURY,1,0,0,1,0,1,0,11,4,11,41.749526607,-87.741245391,POINT (-87.741245390517 41.749526606876)
JA503717,,11/08/2017 11:30:00 AM,30,NO CONTROLS,NO CONTROLS,CLEAR,DAYLIGHT,PARKED MOTOR VEHICLE,NOT DIVIDED,2,STRAIGHT AND LEVEL,DRY,NO DEFECTS,,NO INJURY / DRIVE AWAY,,,Y,"$501 - $1,500",11/08/2017 12:00:00 PM,NOT APPLICABLE,NOT APPLICABLE,1135,S,HERMITAGE AVE,1231,,,,,,,2,NO INDICATION OF INJURY,0,0,0,0,0,1,0,11,4,11,41.867269746,-87.669993852,POINT (-87.669993851988 41.867269746186)
JA503797,,11/08/2017 11:30:00 AM,25,NO CONTROLS,NO CONTROLS,CLEAR,DAYLIGHT,REAR END,NOT DIVIDED,,STRAIGHT AND LEVEL,DRY,NO DEFECTS,NOT ON SCENE (DESK REPORT),NO INJURY / DRIVE AWAY,,,,"$501 - $1,500",11/08/2017 01:00:00 PM,NOT APPLICABLE,NOT APPLICABLE,901,N,CICERO AVE,1111,,,,,,,2,NO INDICATION OF INJURY,0,0,0,0,0,3,0,11,4,11,41.89690467,-87.745706364,POINT (-87.745706364211 41.896904670378)
JA503375,,11/08/2017 11:30:00 AM,30,NO CONTROLS,NO CONTROLS,CLEAR,DAYLIGHT,PARKED MOTOR VEHICLE,PARKING LOT,,STRAIGHT AND LEVEL,DRY,NO DEFECTS,NOT ON SCENE (DESK REPORT),NO INJURY / DRIVE AWAY,,,,"OVER $1,500",11/08/2017 12:50:00 PM,FOLLOWING TOO CLOSELY,FAILING TO YIELD RIGHT-OF-WAY,5401,N,ELSTON AVE,1621,,,,,,,2,NO INDICATION OF INJURY,0,0,0,0,0,1,0,11,4,11,41.97959355,-87.758589272,POINT (-87.758589271767 41.979593550153)
JA503765,,11/08/2017 11:50:00 AM,25,NO CONTROLS,NO CONTROLS,CLEAR,DAYLIGHT,PARKED MOTOR VEHICLE,NOT DIVIDED,2,STRAIGHT AND LEVEL,DRY,NO DEFECTS,ON SCENE,INJURY AND / OR TOW DUE TO CRASH,,,Y,"OVER $1,500",11/08/2017 12:14:00 PM,UNABLE TO DETERMINE,UNABLE TO DETERMINE,11051,S,THROOP ST,2234,,,,,,,2,NO INDICATION OF INJURY,0,0,0,0,0,2,0,11,4,11,41.692494228,-87.654406058,POINT (-87.654406057571 41.692494228106)
JA503755,,11/08/2017 11:58:00 AM,30,NO CONTROLS,NO CONTROLS,CLEAR,DAYLIGHT,TURNING,DIVIDED - W/MEDIAN (NOT RAISED),0,STRAIGHT AND LEVEL,DRY,NO DEFECTS,ON SCENE,NO INJURY / DRIVE AWAY,Y,,,"OVER $1,500",11/08/2017 12:00:00 PM,IMPROPER TURNING/NO SIGNAL,FAILING TO REDUCE SPEED TO AVOID CRASH,1121,N,WOOD ST,1213,,,,,,,2,NO INDICATION OF INJURY,0,0,0,0,0,2,0,11,4,11,41.902098624,-87.672205042,POINT (-87.672205041587 41.902098623584)
JA503781,,11/08/2017 11:59:00 AM,20,STOP SIGN/FLASHER,FUNCTIONING PROPERLY,CLEAR,DAYLIGHT,ANGLE,NOT DIVIDED,2,STRAIGHT AND LEVEL,DRY,NO DEFECTS,ON SCENE,NO INJURY / DRIVE AWAY,Y,,,"$501 - $1,500",11/08/2017 12:00:00 PM,DRIVING SKILLS/KNOWLEDGE/EXPERIENCE,FAILING TO YIELD RIGHT-OF-WAY,1100,E,47TH ST,222,,,,,,,2,NO INDICATION OF INJURY,0,0,0,0,0,2,0,11,4,11,41.809725102,-87.59914579,POINT (-87.599145789512 41.809725102389)
JA510288,,11/08/2017 12:00:00 PM,30,NO CONTROLS,NO CONTROLS,CLEAR,DAYLIGHT,PARKED MOTOR VEHICLE,NOT DIVIDED,,STRAIGHT AND LEVEL,DRY,NO DEFECTS,NOT ON SCENE (DESK REPORT),NO INJURY / DRIVE AWAY,,,Y,"OVER $1,500",11/13/2017 02:35:00 PM,UNABLE TO DETERMINE,UNABLE TO DETERMINE,242,E,CHESTNUT ST,1833,,,,,,,2,NO INDICATION OF INJURY,0,0,0,0,0,1,0,12,4,11,41.898552535,-87.620284203,POINT (-87.620284203419 41.898552534751)