RD_NO,CRASH_DATE_EST_I,CRASH_DATE,POSTED_SPEED_LIMIT,TRAFFIC_CONTROL_DEVICE,DEVICE_CONDITION,WEATHER_CONDITION,LIGHTING_CONDITION,FIRST_CRASH_TYPE,TRAFFICWAY_TYPE,LANE_CNT,ALIGNMENT,ROADWAY_SURFACE_COND,ROAD_DEFECT,REPORT_TYPE,CRASH_TYPE,INTERSECTION_RELATED_I,NOT_RIGHT_OF_WAY_I,HIT_AND_RUN_I,DAMAGE,DATE_POLICE_NOTIFIED,PRIM_CONTRIBUTORY_CAUSE,SEC_CONTRIBUTORY_CAUSE,STREET_NO,STREET_DIRECTION,STREET_NAME,BEAT_OF_OCCURRENCE,PHOTOS_TAKEN_I,STATEMENTS_TAKEN_I,DOORING_I,WORK_ZONE_I,WORK_ZONE_TYPE,WORKERS_PRESENT_I,NUM_UNITS,MOST_SEVERE_INJURY,INJURIES_TOTAL,INJURIES_FATAL,INJURIES_INCAPACITATING,INJURIES_NON_INCAPACITATING,INJURIES_REPORTED_NOT_EVIDENT,INJURIES_NO_INDICATION,INJURIES_UNKNOWN,CRASH_HOUR,CRASH_DAY_OF_WEEK,CRASH_MONTH,LATITUDE,LONGITUDE,LOCATION
JA503771,,11/08/2017 12:00:00 PM,30,TRAFFIC SIGNAL,FUNCTIONING PROPERLY,CLEAR,DAYLIGHT,REAR END,DIVIDED - W/MEDIAN (NOT RAISED),2,STRAIGHT AND LEVEL,DRY,UNKNOWN,,INJURY AND / OR TOW DUE TO CRASH,,,Y,"OVER $1,500",11/08/2017 12:10:00 PM,UNABLE TO DETERMINE,UNABLE TO DETERMINE,139,E,MARQUETTE RD,322,,,,,,,2,NONINCAPACITATING INJURY,1,0,0,1,0,1,0,12,4,11,41.772770039,-87.62034858,POINT (-87.620348580358 41.7727700387)
JA503731,,11/08/2017 12:00:00 PM,15,NO CONTROLS,NO CONTROLS,CLEAR,DAYLIGHT,PARKED MOTOR VEHICLE,PARKING LOT,,STRAIGHT AND LEVEL,DRY,NO DEFECTS,NOT ON SCENE (DESK REPORT),NO INJURY / DRIVE AWAY,,Y,,"OVER $1,500",11/08/2017 12:11:00 PM,IMPROPER BACKING,IMPROPER BACKING,3000,S,HALSTED ST,913,,,,,,,2,NO INDICATION OF INJURY,0,0,0,0,0,1,0,12,4,11,41.839771947,-87.646467511,POINT (-87.646467511129 41.839771946584)
JA503748,,11/08/2017 12:00:00 PM,30,NO CONTROLS,NO CONTROLS,CLEAR,DAYLIGHT,PEDESTRIAN,NOT DIVIDED,,STRAIGHT AND LEVEL,DRY,NO DEFECTS,NOT ON SCENE (DESK REPORT),NO INJURY / DRIVE AWAY,Y,,,$500 OR LESS,11/08/2017 12:10:00 PM,NOT APPLICABLE,BICYCLE ADVANCING LEGALLY ON RED LIGHT,4000,N,GREENVIEW AVE,1912,,,,,,,2,NO INDICATION OF INJURY,0,0,0,0,0,2,0,12,4,11,41.95434914,-87.667669969,POINT (-87.667669969424 41.954349140001)
JA503888,,11/08/2017 12:00:00 PM,0,NO CONTROLS,NO CONTROLS,CLEAR,DAYLIGHT,REAR END,PARKING LOT,,STRAIGHT AND LEVEL,DRY,NO DEFECTS,NOT ON SCENE (DESK REPORT),NO INJURY / DRIVE AWAY,,,Y,"OVER $1,500",11/08/2017 01:50:00 PM,IMPROPER BACKING,NOT APPLICABLE,1526,E,55TH ST,234,,,,,,,2,NO INDICATION OF INJURY,0,0,0,0,0,2,0,12,4,11,41.795301239,-87.5882259,POINT (-87.588225899576 41.795301239109)
JA503873,,11/08/2017 12:00:00 PM,30,NO CONTROLS,NO CONTROLS,CLEAR,DAYLIGHT,PARKED MOTOR VEHICLE,PARKING LOT,,STRAIGHT AND LEVEL,DRY,NO DEFECTS,NOT ON SCENE (DESK REPORT),NO INJURY / DRIVE AWAY,,,Y,"$501 - $1,500",11/08/2017 02:03:00 PM,UNABLE TO DETERMINE,NOT APPLICABLE,3334,N,KIMBALL AVE,1732,,,,,,,2,NO INDICATION OF INJURY,0,0,0,0,0,1,0,12,4,11,41.942215263,-87.712743784,POINT (-87.712743784051 41.942215262844)
JA503727,,11/08/2017 12:05:00 PM,30,NO CONTROLS,NO CONTROLS,CLEAR,DAYLIGHT,REAR END,NOT DIVIDED,2,STRAIGHT AND LEVEL,DRY,NO DEFECTS,ON SCENE,INJURY AND / OR TOW DUE TO CRASH,,,Y,$500 OR LESS,11/08/2017 12:08:00 PM,UNABLE TO DETERMINE,NOT APPLICABLE,5001,W,ADDISON ST,1634,,,,,,,2,INCAPACITATING INJURY,1,0,1,0,0,2,0,12,4,11,41.945950153,-87.752134378,POINT (-87.752134378082 41.945950153038)
JA503843,,11/08/2017 12:15:00 PM,10,NO CONTROLS,NO CONTROLS,CLEAR,DAYLIGHT,PARKED MOTOR VEHICLE,PARKING LOT,,STRAIGHT AND LEVEL,DRY,NO DEFECTS,NOT ON SCENE (DESK REPORT),NO INJURY / DRIVE AWAY,,Y,,"OVER $1,500",11/08/2017 01:00:00 PM,IMPROPER BACKING,NOT APPLICABLE,2525,S,DR MARTIN LUTHER KING JR DR,133,,,,,,,2,NO INDICATION OF INJURY,0,0,0,0,0,1,0,12,4,11,41.846766611,-87.617175778,POINT (-87.61717577755 41.846766610919)
JA503807,,11/08/2017 12:15:00 PM,30,TRAFFIC SIGNAL,FUNCTIONING PROPERLY,CLEAR,DAYLIGHT,TURNING,NOT DIVIDED,,STRAIGHT AND LEVEL,DRY,NO DEFECTS,ON SCENE,INJURY AND / OR TOW DUE TO CRASH,Y,,,"OVER $1,500",11/08/2017 12:45:00 PM,IMPROPER LANE USAGE,FOLLOWING TOO CLOSELY,1602,N,SHEFFIELD AVE,1811,,,,,,,2,NONINCAPACITATING INJURY,1,0,0,1,0,1,0,12,4,11,41.910941042,-87.653258337,POINT (-87.653258337484 41.910941042405)
JA507724,,11/08/2017 12:15:00 PM,35,NO CONTROLS,NO CONTROLS,CLEAR,DAYLIGHT,ANGLE,NOT DIVIDED,4,STRAIGHT AND LEVEL,DRY,NO DEFECTS,NOT ON SCENE (DESK REPORT),NO INJURY / DRIVE AWAY,,,,"$501 - $1,500",11/11/2017 12:10:00 PM,IMPROPER BACKING,IMPROPER BACKING,5414,S,ASHLAND AVE,932,,,,,,,2,NO INDICATION OF INJURY,0,0,0,0,0,2,0,12,4,11,41.795360647,-87.664767471,POINT (-87.664767471118 41.795360647074)
JA503767,,11/08/2017 12:17:00 PM,35,TRAFFIC SIGNAL,FUNCTIONING PROPERLY,CLEAR,DAYLIGHT,TURNING,DIVIDED - W/MEDIAN (NOT RAISED),2,STRAIGHT AND LEVEL,DRY,NO DEFECTS,ON SCENE,NO INJURY / DRIVE AWAY,Y,,,"$501 - $1,500",11/08/2017 12:27:00 PM,FAILING TO YIELD RIGHT-OF-WAY,IMPROPER TURNING/NO SIGNAL,4000,W,GRAND AVE,2534,,,,,,,2,NO INDICATION OF INJURY,0,0,0,0,0,4,0,12,4,11,41.906258871,-87.726353476,POINT (-87.726353476362 41.90625887086)
JA503828,,11/08/2017 12:30:00 PM,20,NO CONTROLS,NO CONTROLS,CLEAR,DAYLIGHT,PARKED MOTOR VEHICLE,NOT DIVIDED,,STRAIGHT AND LEVEL,DRY,NO DEFECTS,ON SCENE,NO INJURY / DRIVE AWAY,,,Y,"OVER $1,500",11/08/2017 01:10:00 PM,IMPROPER BACKING,NOT APPLICABLE,8320,S,ROCKWELL ST,835,,Y,,,,,2,NO INDICATION OF INJURY,0,0,0,0,0,1,0,12,4,11,41.742062511,-87.687858568,POINT (-87.687858568005 41.742062511187)
JA503814,,11/08/2017 12:45:00 PM,30,NO CONTROLS,NO CONTROLS,CLEAR,DAYLIGHT,TURNING,NOT DIVIDED,2,STRAIGHT AND LEVEL,DRY,UNKNOWN,NOT ON SCENE (DESK REPORT),NO INJURY / DRIVE AWAY,,,,"$501 - $1,500",11/08/2017 01:00:00 PM,UNABLE TO DETERMINE,UNABLE TO DETERMINE,6400,S,WESTERN AVE,825,,,,,,,2,NO INDICATION OF INJURY,0,0,0,0,0,2,0,12,4,11,41.777325273,-87.683738393,POINT (-87.683738393495 41.777325272828)
JA503801,,11/08/2017 12:50:00 PM,30,STOP SIGN/FLASHER,FUNCTIONING PROPERLY,CLEAR,DAYLIGHT,PARKED MOTOR VEHICLE,ONE-WAY,1,STRAIGHT AND LEVEL,DRY,NO DEFECTS,NOT ON SCENE (DESK REPORT),NO INJURY / DRIVE AWAY,,,,"OVER $1,500",11/08/2017 01:00:00 PM,UNABLE TO DETERMINE,NOT APPLICABLE,10604,S,YATES AVE,434,,,,,,,2,NO INDICATION OF INJURY,0,0,0,0,0,2,0,12,4,11,41.70255748,-87.564120335,POINT (-87.564120334543 41.702557479777)
JA503805,,11/08/2017 12:54:00 PM,30,TRAFFIC SIGNAL,FUNCTIONING PROPERLY,CLEAR,DAYLIGHT,REAR END,NOT DIVIDED,4,STRAIGHT AND LEVEL,DRY,OTHER,ON SCENE,NO INJURY / DRIVE AWAY,,,,"OVER $1,500",11/08/2017 12:54:00 PM,UNABLE TO DETERMINE,UNABLE TO DETERMINE,2959,N,LARAMIE AVE,2521,,,,,,,2,NO INDICATION OF INJURY,0,0,0,0,0,2,0,12,4,11,41.935009527,-87.756408039,POINT (-87.75640803922 41.935009526833)
JA504045,,11/08/2017 01:00:00 PM,30,NO CONTROLS,NO CONTROLS,CLEAR,DAYLIGHT,PARKED MOTOR VEHICLE,DIVIDED - W/MEDIAN (NOT RAISED),4,STRAIGHT AND LEVEL,DRY,NO DEFECTS,NOT ON SCENE (DESK REPORT),NO INJURY / DRIVE AWAY,,,Y,"OVER $1,500",11/08/2017 04:14:00 PM,FAILING TO REDUCE SPEED TO AVOID CRASH,DRIVING SKILLS/KNOWLEDGE/EXPERIENCE,5170,S,ARCHER AVE,815,,,,,,,2,NO INDICATION OF INJURY,0,0,0,0,0,1,0,13,4,11,41.800313026,-87.733130796,POINT (-87.733130795786 41.800313026059)
JA503808,,11/08/2017 01:01:00 PM,30,TRAFFIC SIGNAL,FUNCTIONING PROPERLY,CLEAR,DAYLIGHT,SIDESWIPE SAME DIRECTION,NOT DIVIDED,4,STRAIGHT AND LEVEL,DRY,NO DEFECTS,ON SCENE,NO INJURY / DRIVE AWAY,,,Y,$500 OR LESS,11/08/2017 01:05:00 PM,UNABLE TO DETERMINE,UNABLE TO DETERMINE,3805,W,CHICAGO AVE,1112,,,,,,,2,NO INDICATION OF INJURY,0,0,0,0,0,2,0,13,4,11,41.895301068,-87.721434053,POINT (-87.721434053398 41.895301068393)
JA503883,,11/08/2017 01:10:00 PM,30,STOP SIGN/FLASHER,FUNCTIONING PROPERLY,CLEAR,DAYLIGHT,TURNING,NOT DIVIDED,,STRAIGHT AND LEVEL,DRY,NO DEFECTS,NOT ON SCENE (DESK REPORT),NO INJURY / DRIVE AWAY,,,,"OVER $1,500",11/08/2017 02:00:00 PM,UNABLE TO DETERMINE,NOT APPLICABLE,5199,N,DELPHIA AVE,1614,,,,,,,2,NO INDICATION OF INJURY,0,0,0,0,0,2,0,13,4,11,41.97376008,-87.840879407,POINT (-87.840879407023 41.973760079583)
JA503857,,11/08/2017 01:11:00 PM,30,TRAFFIC SIGNAL,FUNCTIONING PROPERLY,CLEAR,DAYLIGHT,SIDESWIPE SAME DIRECTION,NOT DIVIDED,5,STRAIGHT AND LEVEL,DRY,NO DEFECTS,NOT ON SCENE (DESK REPORT),NO INJURY / DRIVE AWAY,Y,,,"$501 - $1,500",11/08/2017 01:35:00 PM,UNABLE TO DETERMINE,UNABLE TO DETERMINE,832,W,NORTH AVE,1813,,,,,,,2,NO INDICATION OF INJURY,0,0,0,0,0,2,0,13,4,11,41.911011254,-87.64944316,POINT (-87.649443159634 41.911011253765)
JA504181,,11/08/2017 01:15:00 PM,0,NO CONTROLS,NO CONTROLS,CLEAR,DAYLIGHT,PARKED MOTOR VEHICLE,NOT DIVIDED,2,STRAIGHT AND LEVEL,DRY,NO DEFECTS,NOT ON SCENE (DESK REPORT),NO INJURY / DRIVE AWAY,,,Y,"$501 - $1,500",11/08/2017 05:30:00 PM,TEXTING,UNABLE TO DETERMINE,7505,S,STEWART AVE,623,,,,,,,2,NO INDICATION OF INJURY,0,0,0,0,0,1,0,13,4,11,41.75787524,-87.634332619,POINT (-87.634332618892 41.75787524018)
JA503860,,11/08/2017 01:20:00 PM,30,NO CONTROLS,NO CONTROLS,CLEAR,DAYLIGHT,PARKED MOTOR VEHICLE,PARKING LOT,,STRAIGHT AND LEVEL,DRY,NO DEFECTS,NOT ON SCENE (DESK REPORT),NO INJURY / DRIVE AWAY,,,Y,"$501 - $1,500",11/08/2017 01:47:00 PM,UNABLE TO DETERMINE,UNABLE TO DETERMINE,860,W,EVERGREEN AVE,1822,,,,,,,2,NO INDICATION OF INJURY,0,0,0,0,0,1,0,13,4,11,41.905996038,-87.650438575,POINT (-87.650438575097 41.905996037707)
JA503872,,11/08/2017 01:21:00 PM,30,STOP SIGN/FLASHER,FUNCTIONING PROPERLY,CLEAR,DAYLIGHT,ANGLE,NOT DIVIDED,,STRAIGHT AND LEVEL,DRY,NO DEFECTS,ON SCENE,INJURY AND / OR TOW DUE TO CRASH,Y,,,"OVER $1,500",11/08/2017 01:30:00 PM,DISREGARDING STOP SIGN,FAILING TO REDUCE SPEED TO AVOID CRASH,2200,W,99TH ST,2213,,,,,,,2,NO INDICATION OF INJURY,0,0,0,0,0,3,0,13,4,11,41.713837563,-87.677064713,POINT (-87.677064713155 41.713837563393)
JA503867,,11/08/2017 01:30:00 PM,30,TRAFFIC SIGNAL,FUNCTIONING PROPERLY,CLEAR,DAYLIGHT,REAR END,DIVIDED - W/MEDIAN (NOT RAISED),2,STRAIGHT AND LEVEL,DRY,NO DEFECTS,ON SCENE,NO INJURY / DRIVE AWAY,Y,,,"$501 - $1,500",11/08/2017 01:30:00 PM,UNABLE TO DETERMINE,NOT APPLICABLE,2448,N,SACRAMENTO AVE,1414,,,,,,,2,NO INDICATION OF INJURY,0,0,0,0,0,2,0,13,4,11,41.926134966,-87.702498832,POINT (-87.702498831801 41.926134966022)
JA503869,,11/08/2017 01:30:00 PM,0,NO CONTROLS,NO CONTROLS,CLEAR,DAYLIGHT,PARKED MOTOR VEHICLE,PARKING LOT,0,STRAIGHT AND LEVEL,DRY,NO DEFECTS,ON SCENE,NO INJURY / DRIVE AWAY,,Y,Y,"OVER $1,500",11/08/2017 01:35:00 PM,UNABLE TO DETERMINE,UNABLE TO DETERMINE,3301,W,LAWRENCE AVE,1713,,,,,,,2,NO INDICATION OF INJURY,0,0,0,0,0,1,0,13,4,11,41.968319028,-87.710980425,POINT (-87.710980424887 41.968319028062)
JA504950,,11/08/2017 01:30:00 PM,30,NO CONTROLS,NO CONTROLS,CLEAR,DAYLIGHT,ANGLE,NOT DIVIDED,,STRAIGHT AND LEVEL,DRY,NO DEFECTS,NOT ON SCENE (DESK REPORT),NO INJURY / DRIVE AWAY,,,,"OVER $1,500",11/09/2017 11:00:00 AM,FAILING TO YIELD RIGHT-OF-WAY,UNABLE TO DETERMINE,6930,N,SHERIDAN RD,2431,,,,,,,2,NO INDICATION OF INJURY,0,0,0,0,0,2,0,13,4,11,42.007710272,-87.661755873,POINT (-87.661755872901 42.007710271968)
JA503885,,11/08/2017 01:40:00 PM,30,NO CONTROLS,NO CONTROLS,CLEAR,DAYLIGHT,SIDESWIPE OPPOSITE DIRECTION,NOT DIVIDED,2,STRAIGHT AND LEVEL,DRY,UNKNOWN,NOT ON SCENE (DESK REPORT),NO INJURY / DRIVE AWAY,,,,"$501 - $1,500",11/08/2017 02:00:00 PM,IMPROPER LANE USAGE,NOT APPLICABLE,5130,W,LAKE ST,1532,,,,,,,2,NO INDICATION OF INJURY,0,0,0,0,0,2,0,13,4,11,41.887236336,-87.754197657,POINT (-87.754197657445 41.887236335889)
JA503901,,11/08/2017 01:45:00 PM,30,TRAFFIC SIGNAL,FUNCTIONING PROPERLY,CLEAR,DAYLIGHT,ANGLE,ONE-WAY,1,STRAIGHT AND LEVEL,DRY,NO DEFECTS,ON SCENE,INJURY AND / OR TOW DUE TO CRASH,Y,,,"OVER $1,500",11/08/2017 02:03:00 PM,DISREGARDING TRAFFIC SIGNALS,NOT APPLICABLE,1901,W,LAWRENCE AVE,1912,,,,,,,2,NO INDICATION OF INJURY,0,0,0,0,0,2,0,13,4,11,41.96868409,-87.676276701,POINT (-87.676276700603 41.968684090266)
JA503878,,11/08/2017 01:50:00 PM,30,NO CONTROLS,NO CONTROLS,CLEAR,DAYLIGHT,FIXED OBJECT,PARKING LOT,0,STRAIGHT AND LEVEL,WET,NO DEFECTS,ON SCENE,NO INJURY / DRIVE AWAY,,Y,,$500 OR LESS,11/08/2017 01:58:00 PM,UNABLE TO DETERMINE,"VISION OBSCURED (SIGNS, TREE LIMBS, BUILDINGS, ETC.)",7150,W,54TH ST,811,,,,,,,1,NO INDICATION OF INJURY,0,0,0,0,0,1,0,13,4,11,41.794064543,-87.801090772,POINT (-87.801090772082 41.794064542872)
JA504206,,11/08/2017 01:55:00 PM,30,NO CONTROLS,NO CONTROLS,CLEAR,DAYLIGHT,PARKED MOTOR VEHICLE,NOT DIVIDED,2,STRAIGHT AND LEVEL,DRY,NO DEFECTS,NOT ON SCENE (DESK REPORT),NO INJURY / DRIVE AWAY,,,,"OVER $1,500",11/08/2017 05:30:00 PM,IMPROPER LANE USAGE,NOT APPLICABLE,50,W,MAPLE ST,1824,,,,,,,2,NO INDICATION OF INJURY,0,0,0,0,0,1,0,13,4,11,41.901968996,-87.630247525,POINT (-87.630247524693 41.90196899556)
JA504020,,11/08/2017 02:00:00 PM,30,NO CONTROLS,NO CONTROLS,CLEAR,DAYLIGHT,SIDESWIPE SAME DIRECTION,NOT DIVIDED,2,STRAIGHT AND LEVEL,DRY,NO DEFECTS,ON SCENE,NO INJURY / DRIVE AWAY,,,Y,"OVER $1,500",11/08/2017 02:35:00 PM,"OPERATING VEHICLE IN ERRATIC, RECKLESS, CARELESS, NEGLIGENT OR AGGRESSIVE MANNER",IMPROPER OVERTAKING/PASSING,1632,W,31ST ST,912,,,,,,,2,NO INDICATION OF INJURY,0,0,0,0,0,3,0,14,4,11,41.838275102,-87.667121035,POINT (-87.667121035154 41.838275101919)
JA503949,,11/08/2017 02:00:00 PM,30,NO CONTROLS,NO CONTROLS,CLEAR,DAYLIGHT,ANGLE,PARKING LOT,2,STRAIGHT AND LEVEL,DRY,NO DEFECTS,NOT ON SCENE (DESK REPORT),NO INJURY / DRIVE AWAY,,,,"OVER $1,500",11/08/2017 03:11:00 PM,UNABLE TO DETERMINE,UNABLE TO DETERMINE,2605,S,INDIANA AVE,133,,,,,,,2,NO INDICATION OF INJURY,0,0,0,0,0,2,0,14,4,11,41.84548095,-87.621986117,POINT (-87.621986116944 41.845480950206)
JA503951,,11/08/2017 02:00:00 PM,30,STOP SIGN/FLASHER,UNKNOWN,CLEAR,DAYLIGHT,ANGLE,DIVIDED - W/MEDIAN (NOT RAISED),,STRAIGHT AND LEVEL,DRY,NO DEFECTS,ON SCENE,INJURY AND / OR TOW DUE TO CRASH,Y,,,"OVER $1,500",11/08/2017 02:15:00 PM,FAILING TO YIELD RIGHT-OF-WAY,"VISION OBSCURED (SIGNS, TREE LIMBS, BUILDINGS, ETC.)",1699,W,GRAND AVE,1215,,,,,,,2,NONINCAPACITATING INJURY,2,0,0,2,0,1,0,14,4,11,41.890834559,-87.669515012,POINT (-87.669515012366 41.890834558905)
JA503963,,11/08/2017 02:00:00 PM,30,NO CONTROLS,NO CONTROLS,CLEAR,DAYLIGHT,SIDESWIPE SAME DIRECTION,ONE-WAY,,STRAIGHT AND LEVEL,DRY,UNKNOWN,NOT ON SCENE (DESK REPORT),NO INJURY / DRIVE AWAY,,,Y,$500 OR LESS,11/08/2017 03:14:00 PM,FAILING TO YIELD RIGHT-OF-WAY,FAILING TO YIELD RIGHT-OF-WAY,110,S,HAMLIN BLVD,1122,,,,,,,2,NO INDICATION OF INJURY,0,0,0,0,0,2,0,14,4,11,41.879415936,-87.720844095,POINT (-87.720844095 41.879415936177)
JA504143,,11/08/2017 02:00:00 PM,30,TRAFFIC SIGNAL,FUNCTIONING PROPERLY,UNKNOWN,DAYLIGHT,PEDESTRIAN,DIVIDED - W/MEDIAN (NOT RAISED),2,STRAIGHT AND LEVEL,UNKNOWN,UNKNOWN,ON SCENE,INJURY AND / OR TOW DUE TO CRASH,,,Y,$500 OR LESS,11/08/2017 04:30:00 PM,FAILING TO YIELD RIGHT-OF-WAY,NOT APPLICABLE,100,W,WASHINGTON ST,122,,,,,,,2,NONINCAPACITATING INJURY,1,0,0,1,0,1,0,14,4,11,41.883320514,-87.630981905,POINT (-87.630981905164 41.88332051362)
JA505155,,11/08/2017 02:00:00 PM,30,TRAFFIC SIGNAL,FUNCTIONING PROPERLY,CLEAR,DAYLIGHT,REAR END,NOT DIVIDED,,STRAIGHT AND LEVEL,DRY,NO DEFECTS,NOT ON SCENE (DESK REPORT),NO INJURY / DRIVE AWAY,,,,"OVER $1,500",11/09/2017 02:10:00 PM,UNABLE TO DETERMINE,UNABLE TO DETERMINE,8700,S,COTTAGE GROVE AVE,632,,,,,,,2,NO INDICATION OF INJURY,0,0,0,0,0,2,0,14,4,11,41.736601558,-87.6049681,POINT (-87.604968100168 41.736601558476)
JA504108,,11/08/2017 02:15:00 PM,30,NO CONTROLS,NO CONTROLS,CLEAR,DAYLIGHT,PARKED MOTOR VEHICLE,NOT DIVIDED,,STRAIGHT AND LEVEL,DRY,NO DEFECTS,NOT ON SCENE (DESK REPORT),NO INJURY / DRIVE AWAY,,,Y,$500 OR LESS,11/08/2017 05:05:00 PM,UNABLE TO DETERMINE,UNABLE TO DETERMINE,6027,W,GRAND AVE,2512,,,,,,,2,NO INDICATION OF INJURY,0,0,0,0,0,1,0,14,4,11,41.920666255,-87.776803649,POINT (-87.776803649081 41.920666254715)
JA503964,,11/08/2017 02:17:00 PM,30,NO CONTROLS,NO CONTROLS,CLEAR,DAYLIGHT,TURNING,NOT DIVIDED,2,STRAIGHT AND LEVEL,DRY,NO DEFECTS,NOT ON SCENE (DESK REPORT),NO INJURY / DRIVE AWAY,,,,"OVER $1,500",11/08/2017 03:00:00 PM,UNABLE TO DETERMINE,NOT APPLICABLE,16,N,MORGAN ST,1224,,,,,,,2,NO INDICATION OF INJURY,0,0,0,0,0,2,0,14,4,11,41.88219542,-87.652192695,POINT (-87.652192694896 41.882195420164)
JA504041,,11/08/2017 02:20:00 PM,30,NO CONTROLS,NO CONTROLS,CLEAR,DAYLIGHT,PEDESTRIAN,NOT DIVIDED,,STRAIGHT AND LEVEL,DRY,NO DEFECTS,NOT ON SCENE (DESK REPORT),NO INJURY / DRIVE AWAY,,,,"$501 - $1,500",11/08/2017 04:15:00 PM,NOT APPLICABLE,NOT APPLICABLE,3955,W,GRAND AVE,2535,,,,,,,2,NO INDICATION OF INJURY,0,0,0,0,0,2,0,14,4,11,41.905844271,-87.725941299,POINT (-87.725941298801 41.905844270588)
JA503922,,11/08/2017 02:30:00 PM,30,NO CONTROLS,NO CONTROLS,CLEAR,DAYLIGHT,PARKED MOTOR VEHICLE,ONE-WAY,1,STRAIGHT AND LEVEL,DRY,NO DEFECTS,ON SCENE,NO INJURY / DRIVE AWAY,,,,$500 OR LESS,11/08/2017 02:30:00 PM,DISTRACTION - FROM OUTSIDE VEHICLE,NOT APPLICABLE,5915,S,THROOP ST,713,,,,,,,2,NO INDICATION OF INJURY,0,0,0,0,0,2,0,14,4,11,41.786366571,-87.656951704,POINT (-87.656951703531 41.786366571404)
JA503950,,11/08/2017 02:30:00 PM,30,TRAFFIC SIGNAL,FUNCTIONING PROPERLY,CLEAR,DAYLIGHT,SIDESWIPE SAME DIRECTION,NOT DIVIDED,5,STRAIGHT AND LEVEL,DRY,OTHER,ON SCENE,INJURY AND / OR TOW DUE TO CRASH,,,,$500 OR LESS,11/08/2017 02:51:00 PM,UNABLE TO DETERMINE,UNABLE TO DETERMINE,25,S,STATE ST,112,,,,Y,CONSTRUCTION,Y,2,"REPORTED, NOT EVIDENT",1,0,0,0,1,1,0,14,4,11,41.881397367,-87.627602871,POINT (-87.627602871389 41.881397366895)
JA503955,,11/08/2017 02:35:00 PM,30,TRAFFIC SIGNAL,FUNCTIONING PROPERLY,CLEAR,DAYLIGHT,REAR END,DIVIDED - W/MEDIAN (NOT RAISED),4,STRAIGHT AND LEVEL,DRY,NO DEFECTS,ON SCENE,NO INJURY / DRIVE AWAY,,,Y,"OVER $1,500",11/08/2017 02:50:00 PM,IMPROPER BACKING,IMPROPER BACKING,5555,N,BROADWAY,2023,,,,,,,2,NO INDICATION OF INJURY,0,0,0,0,0,3,0,14,4,11,41.983420091,-87.659915817,POINT (-87.659915816782 41.983420090744)
JA503956,,11/08/2017 02:35:00 PM,25,NO CONTROLS,NO CONTROLS,CLEAR,DAYLIGHT,PARKED MOTOR VEHICLE,ONE-WAY,1,STRAIGHT AND LEVEL,DRY,NO DEFECTS,NOT ON SCENE (DESK REPORT),NO INJURY / DRIVE AWAY,,,,"$501 - $1,500",11/08/2017 03:00:00 PM,NOT APPLICABLE,NOT APPLICABLE,6034,S,MELVINA AVE,812,,,,,,,2,NO INDICATION OF INJURY,0,0,0,0,0,1,0,14,4,11,41.782209068,-87.776691676,POINT (-87.776691675977 41.782209067706)
JA504307,,11/08/2017 02:40:00 PM,30,NO CONTROLS,NO CONTROLS,CLEAR,DAYLIGHT,REAR END,NOT DIVIDED,2,STRAIGHT AND LEVEL,DRY,NO DEFECTS,NOT ON SCENE (DESK REPORT),NO INJURY / DRIVE AWAY,,,Y,"$501 - $1,500",11/08/2017 06:57:00 PM,FAILING TO YIELD RIGHT-OF-WAY,IMPROPER BACKING,2101,W,59TH ST,714,,,,,,,2,NO INDICATION OF INJURY,0,0,0,0,0,2,0,14,4,11,41.786485236,-87.676665443,POINT (-87.676665442955 41.786485235679)
JA504023,,11/08/2017 02:50:00 PM,25,NO CONTROLS,NO CONTROLS,CLEAR,DAYLIGHT,FIXED OBJECT,NOT DIVIDED,2,STRAIGHT AND LEVEL,DRY,NO DEFECTS,NOT ON SCENE (DESK REPORT),INJURY AND / OR TOW DUE TO CRASH,,,N,"OVER $1,500",11/08/2017 03:00:00 PM,UNABLE TO DETERMINE,NOT APPLICABLE,4525,W,FIFTH AVE,1131,,,,,,,1,,,,,,,,,14,4,11,41.869231874,-87.738533781,POINT (-87.738533781233 41.869231873709)
JA503971,,11/08/2017 02:55:00 PM,30,TRAFFIC SIGNAL,UNKNOWN,CLEAR,DAYLIGHT,REAR END,NOT DIVIDED,,STRAIGHT AND LEVEL,UNKNOWN,UNKNOWN,NOT ON SCENE (DESK REPORT),NO INJURY / DRIVE AWAY,Y,,,"OVER $1,500",11/08/2017 03:25:00 PM,UNABLE TO DETERMINE,UNABLE TO DETERMINE,2044,W,35TH ST,912,,,,,,,2,NO INDICATION OF INJURY,0,0,0,0,0,2,0,14,4,11,41.830479487,-87.677113049,POINT (-87.677113049391 41.830479486814)
JA504157,,11/08/2017 03:00:00 PM,30,NO CONTROLS,NO CONTROLS,CLEAR,DUSK,PARKED MOTOR VEHICLE,NOT DIVIDED,4,STRAIGHT AND LEVEL,DRY,NO DEFECTS,NOT ON SCENE (DESK REPORT),NO INJURY / DRIVE AWAY,,,,$500 OR LESS,11/08/2017 05:25:00 PM,IMPROPER LANE USAGE,NOT APPLICABLE,2345,S,CENTRAL PARK AVE,1024,,,,,,,2,NO INDICATION OF INJURY,0,0,0,0,0,1,0,15,4,11,41.848521331,-87.714760333,POINT (-87.714760332669 41.848521330589)