RD_NO,CRASH_DATE_EST_I,CRASH_DATE,POSTED_SPEED_LIMIT,TRAFFIC_CONTROL_DEVICE,DEVICE_CONDITION,WEATHER_CONDITION,LIGHTING_CONDITION,FIRST_CRASH_TYPE,TRAFFICWAY_TYPE,LANE_CNT,ALIGNMENT,ROADWAY_SURFACE_COND,ROAD_DEFECT,REPORT_TYPE,CRASH_TYPE,INTERSECTION_RELATED_I,NOT_RIGHT_OF_WAY_I,HIT_AND_RUN_I,DAMAGE,DATE_POLICE_NOTIFIED,PRIM_CONTRIBUTORY_CAUSE,SEC_CONTRIBUTORY_CAUSE,STREET_NO,STREET_DIRECTION,STREET_NAME,BEAT_OF_OCCURRENCE,PHOTOS_TAKEN_I,STATEMENTS_TAKEN_I,DOORING_I,WORK_ZONE_I,WORK_ZONE_TYPE,WORKERS_PRESENT_I,NUM_UNITS,MOST_SEVERE_INJURY,INJURIES_TOTAL,INJURIES_FATAL,INJURIES_INCAPACITATING,INJURIES_NON_INCAPACITATING,INJURIES_REPORTED_NOT_EVIDENT,INJURIES_NO_INDICATION,INJURIES_UNKNOWN,CRASH_HOUR,CRASH_DAY_OF_WEEK,CRASH_MONTH,LATITUDE,LONGITUDE,LOCATION
JA504599,,11/08/2017 10:03:00 PM,35,TRAFFIC SIGNAL,FUNCTIONING PROPERLY,CLEAR,"DARKNESS, LIGHTED ROAD",REAR END,NOT DIVIDED,2,STRAIGHT AND LEVEL,DRY,NO DEFECTS,ON SCENE,NO INJURY / DRIVE AWAY,,,Y,$500 OR LESS,11/08/2017 11:05:00 PM,FAILING TO REDUCE SPEED TO AVOID CRASH,UNABLE TO DETERMINE,2001,E,76TH ST,414,,,,,,,2,NO INDICATION OF INJURY,0,0,0,0,0,4,0,22,4,11,41.756950267,-87.576039589,POINT (-87.576039589377 41.756950267277)
JA504594,,11/08/2017 10:45:00 PM,30,NO CONTROLS,NO CONTROLS,CLEAR,"DARKNESS, LIGHTED ROAD",SIDESWIPE SAME DIRECTION,NOT DIVIDED,,STRAIGHT AND LEVEL,DRY,NO DEFECTS,NOT ON SCENE (DESK REPORT),NO INJURY / DRIVE AWAY,,,Y,"$501 - $1,500",11/08/2017 11:00:00 PM,IMPROPER OVERTAKING/PASSING,NOT APPLICABLE,3106,N,HARLEM AVE,2511,,,,,,,2,NO INDICATION OF INJURY,0,0,0,0,0,2,0,22,4,11,41.936613133,-87.806847521,POINT (-87.806847521101 41.936613132849)
JA504596,,11/08/2017 11:00:00 PM,30,NO CONTROLS,NO CONTROLS,CLEAR,"DARKNESS, LIGHTED ROAD",REAR END,ONE-WAY,1,STRAIGHT AND LEVEL,DRY,NO DEFECTS,ON SCENE,NO INJURY / DRIVE AWAY,,,Y,"OVER $1,500",11/08/2017 11:09:00 PM,FAILING TO YIELD RIGHT-OF-WAY,UNABLE TO DETERMINE,205,N,LOREL AVE,1523,,,,,,,2,NO INDICATION OF INJURY,0,0,0,0,0,2,0,23,4,11,41.884589679,-87.75874495,POINT (-87.75874495001 41.884589678841)
JA504611,,11/08/2017 11:15:00 PM,30,STOP SIGN/FLASHER,FUNCTIONING PROPERLY,CLEAR,"DARKNESS, LIGHTED ROAD",ANGLE,NOT DIVIDED,2,STRAIGHT AND LEVEL,DRY,UNKNOWN,NOT ON SCENE (DESK REPORT),INJURY AND / OR TOW DUE TO CRASH,,,,"OVER $1,500",11/08/2017 11:44:00 PM,FAILING TO YIELD RIGHT-OF-WAY,UNABLE TO DETERMINE,2459,W,ARMITAGE AVE,1434,,,,,,,2,INCAPACITATING INJURY,1,0,1,0,0,6,0,23,4,11,41.917444659,-87.689791778,POINT (-87.689791778449 41.91744465934)
JA504613,,11/08/2017 11:15:00 PM,30,NO CONTROLS,NO CONTROLS,CLEAR,"DARKNESS, LIGHTED ROAD",PARKED MOTOR VEHICLE,NOT DIVIDED,2,STRAIGHT AND LEVEL,DRY,UNKNOWN,ON SCENE,INJURY AND / OR TOW DUE TO CRASH,,,Y,"OVER $1,500",11/08/2017 11:26:00 PM,IMPROPER LANE USAGE,DRIVING SKILLS/KNOWLEDGE/EXPERIENCE,3031,S,PRINCETON AVE,914,,,,,,,2,NO INDICATION OF INJURY,0,0,0,0,0,1,0,23,4,11,41.838706466,-87.633969439,POINT (-87.633969438924 41.838706465535)
JA505117,,11/08/2017 11:30:00 PM,30,NO CONTROLS,NO CONTROLS,CLEAR,"DARKNESS, LIGHTED ROAD",PARKED MOTOR VEHICLE,NOT DIVIDED,,STRAIGHT AND LEVEL,DRY,NO DEFECTS,NOT ON SCENE (DESK REPORT),NO INJURY / DRIVE AWAY,,,Y,"OVER $1,500",11/09/2017 01:20:00 PM,UNABLE TO DETERMINE,UNABLE TO DETERMINE,4702,N,SHERIDAN RD,1914,,,,,,,2,NO INDICATION OF INJURY,0,0,0,0,0,1,0,23,4,11,41.967370926,-87.654945216,POINT (-87.654945216174 41.967370925868)
JA504621,,11/08/2017 11:45:00 PM,15,NO CONTROLS,NO CONTROLS,CLEAR,"DARKNESS, LIGHTED ROAD",ANGLE,PARKING LOT,2,STRAIGHT AND LEVEL,DRY,NO DEFECTS,NOT ON SCENE (DESK REPORT),NO INJURY / DRIVE AWAY,,,,$500 OR LESS,11/09/2017 12:05:00 AM,IMPROPER BACKING,UNABLE TO DETERMINE,7201,S,CICERO AVE,833,,,,,,,2,NO INDICATION OF INJURY,0,0,0,0,0,2,0,23,4,11,41.761848064,-87.741670647,POINT (-87.741670647349 41.761848063557)
JA504619,,11/08/2017 11:45:00 PM,30,NO CONTROLS,NO CONTROLS,CLEAR,"DARKNESS, LIGHTED ROAD",TURNING,NOT DIVIDED,2,STRAIGHT AND LEVEL,DRY,NO DEFECTS,ON SCENE,NO INJURY / DRIVE AWAY,,,,"OVER $1,500",11/08/2017 11:45:00 PM,UNDER THE INFLUENCE OF ALCOHOL/DRUGS (USE WHEN ARREST IS EFFECTED),UNDER THE INFLUENCE OF ALCOHOL/DRUGS (USE WHEN ARREST IS EFFECTED),4371,N,ELSTON AVE,1722,,,,,,,2,NO INDICATION OF INJURY,0,0,0,0,0,2,0,23,4,11,41.960212465,-87.728442265,POINT (-87.728442264644 41.960212464508)
JA506220,Y,11/09/2017 12:01:00 AM,30,NO CONTROLS,NO CONTROLS,CLEAR,DARKNESS,PARKED MOTOR VEHICLE,ONE-WAY,1,STRAIGHT AND LEVEL,DRY,NO DEFECTS,NOT ON SCENE (DESK REPORT),NO INJURY / DRIVE AWAY,,,Y,"OVER $1,500",11/10/2017 10:28:00 AM,UNABLE TO DETERMINE,UNABLE TO DETERMINE,2828,S,KEELER AVE,1031,,,,,,,2,NO INDICATION OF INJURY,0,0,0,0,0,1,0,0,5,11,41.839613675,-87.729434495,POINT (-87.729434494779 41.839613674899)
JA504629,,11/09/2017 12:09:00 AM,30,TRAFFIC SIGNAL,FUNCTIONING PROPERLY,CLEAR,"DARKNESS, LIGHTED ROAD",ANGLE,DIVIDED - W/MEDIAN (NOT RAISED),4,STRAIGHT AND LEVEL,DRY,NO DEFECTS,ON SCENE,INJURY AND / OR TOW DUE TO CRASH,Y,,Y,"OVER $1,500",11/09/2017 12:09:00 AM,DISREGARDING TRAFFIC SIGNALS,"OPERATING VEHICLE IN ERRATIC, RECKLESS, CARELESS, NEGLIGENT OR AGGRESSIVE MANNER",7602,S,ASHLAND AVE,611,,,,,,,2,NO INDICATION OF INJURY,0,0,0,0,0,2,0,0,5,11,41.755662994,-87.663715459,POINT (-87.663715458815 41.755662993565)
JA504650,,11/09/2017 12:29:00 AM,30,TRAFFIC SIGNAL,FUNCTIONING PROPERLY,CLEAR,"DARKNESS, LIGHTED ROAD",REAR END,NOT DIVIDED,2,STRAIGHT AND LEVEL,DRY,NO DEFECTS,ON SCENE,NO INJURY / DRIVE AWAY,,,,"OVER $1,500",11/09/2017 01:20:00 AM,UNABLE TO DETERMINE,UNABLE TO DETERMINE,333,S,HALSTED ST,1232,,,,,,,2,NO INDICATION OF INJURY,0,0,0,0,0,2,0,0,5,11,41.876953377,-87.647063465,POINT (-87.647063464534 41.87695337722)
JA504638,,11/09/2017 12:51:00 AM,30,TRAFFIC SIGNAL,NOT FUNCTIONING,CLEAR,"DARKNESS, LIGHTED ROAD",FIXED OBJECT,ONE-WAY,,STRAIGHT AND LEVEL,"SAND, MUD, DIRT",OTHER,ON SCENE,INJURY AND / OR TOW DUE TO CRASH,Y,Y,,"OVER $1,500",11/09/2017 12:51:00 AM,"OPERATING VEHICLE IN ERRATIC, RECKLESS, CARELESS, NEGLIGENT OR AGGRESSIVE MANNER",EXCEEDING SAFE SPEED FOR CONDITIONS,3157,W,OHIO ST,1221,,,,Y,CONSTRUCTION,,1,NO INDICATION OF INJURY,0,0,0,0,0,1,0,0,5,11,41.891786984,-87.706382124,POINT (-87.706382124084 41.891786983696)
JA504938,,11/09/2017 01:30:00 AM,30,NO CONTROLS,NO CONTROLS,CLEAR,"DARKNESS, LIGHTED ROAD",PARKED MOTOR VEHICLE,DIVIDED - W/MEDIAN (NOT RAISED),,STRAIGHT AND LEVEL,DRY,NO DEFECTS,NOT ON SCENE (DESK REPORT),NO INJURY / DRIVE AWAY,,,,"OVER $1,500",11/09/2017 11:00:00 AM,UNABLE TO DETERMINE,FAILING TO REDUCE SPEED TO AVOID CRASH,4002,N,HOYNE AVE,1911,,,,,,,2,NO INDICATION OF INJURY,0,0,0,0,0,1,0,1,5,11,41.954230617,-87.681333696,POINT (-87.681333695991 41.954230617074)
JA507161,,11/09/2017 01:56:00 AM,30,NO CONTROLS,NO CONTROLS,CLEAR,"DARKNESS, LIGHTED ROAD",PARKED MOTOR VEHICLE,PARKING LOT,,STRAIGHT AND LEVEL,DRY,NO DEFECTS,NOT ON SCENE (DESK REPORT),NO INJURY / DRIVE AWAY,,,,"$501 - $1,500",11/10/2017 09:30:00 PM,UNABLE TO DETERMINE,UNABLE TO DETERMINE,6248,N,CALIFORNIA AVE,2413,,,,,,,2,NO INDICATION OF INJURY,0,0,0,0,0,1,0,1,5,11,41.995399589,-87.699711339,POINT (-87.699711339318 41.99539958897)
JA504676,,11/09/2017 03:10:00 AM,30,NO CONTROLS,NO CONTROLS,CLEAR,"DARKNESS, LIGHTED ROAD",FIXED OBJECT,NOT DIVIDED,2,STRAIGHT AND LEVEL,DRY,NO DEFECTS,ON SCENE,INJURY AND / OR TOW DUE TO CRASH,,,Y,"OVER $1,500",11/09/2017 03:15:00 AM,UNABLE TO DETERMINE,UNABLE TO DETERMINE,2301,S,PULASKI RD,1013,,,,,,,1,NO INDICATION OF INJURY,0,0,0,0,0,1,0,3,5,11,41.849667486,-87.724562234,POINT (-87.724562234134 41.849667486321)
JA504682,,11/09/2017 03:35:00 AM,30,UNKNOWN,UNKNOWN,CLEAR,"DARKNESS, LIGHTED ROAD",REAR END,CENTER TURN LANE,,STRAIGHT AND LEVEL,DRY,UNKNOWN,ON SCENE,NO INJURY / DRIVE AWAY,,,,"OVER $1,500",11/09/2017 03:42:00 AM,PHYSICAL CONDITION OF DRIVER,NOT APPLICABLE,1400,W,79TH ST,612,,,,,,,2,NO INDICATION OF INJURY,0,0,0,0,0,2,0,3,5,11,41.750534981,-87.658652062,POINT (-87.65865206229 41.750534981258)
JA504697,,11/09/2017 04:15:00 AM,30,TRAFFIC SIGNAL,FUNCTIONING PROPERLY,CLEAR,"DARKNESS, LIGHTED ROAD",REAR END,DIVIDED - W/MEDIAN (NOT RAISED),,STRAIGHT AND LEVEL,DRY,NO DEFECTS,NOT ON SCENE (DESK REPORT),NO INJURY / DRIVE AWAY,,,,$500 OR LESS,11/09/2017 05:00:00 AM,FOLLOWING TOO CLOSELY,FOLLOWING TOO CLOSELY,1552,W,NORTH AVE,1433,,,,,,,2,NO INDICATION OF INJURY,0,0,0,0,0,2,0,4,5,11,41.910744611,-87.667386913,POINT (-87.667386913062 41.910744610501)
JA504693,,11/09/2017 04:44:00 AM,35,NO CONTROLS,NO CONTROLS,CLEAR,"DARKNESS, LIGHTED ROAD",PARKED MOTOR VEHICLE,NOT DIVIDED,2,STRAIGHT AND LEVEL,DRY,NO DEFECTS,ON SCENE,NO INJURY / DRIVE AWAY,,,Y,$500 OR LESS,11/09/2017 04:47:00 AM,UNABLE TO DETERMINE,UNABLE TO DETERMINE,2342,E,75TH ST,334,,,,,,,2,NO INDICATION OF INJURY,0,0,0,0,0,2,0,4,5,11,41.759089116,-87.567110779,POINT (-87.567110778744 41.759089115659)
JA505038,,11/09/2017 05:00:00 AM,30,NO CONTROLS,NO CONTROLS,CLEAR,DAWN,PARKED MOTOR VEHICLE,ONE-WAY,1,STRAIGHT AND LEVEL,DRY,NO DEFECTS,NOT ON SCENE (DESK REPORT),NO INJURY / DRIVE AWAY,,,Y,"$501 - $1,500",11/09/2017 12:23:00 PM,UNABLE TO DETERMINE,UNABLE TO DETERMINE,9100,S,URBAN AVE,634,,,,,,,2,NO INDICATION OF INJURY,0,0,0,0,0,1,0,5,5,11,41.72874027,-87.622522553,POINT (-87.622522553189 41.728740269894)
JA506732,,11/09/2017 05:00:00 AM,30,STOP SIGN/FLASHER,NOT FUNCTIONING,CLEAR,DUSK,ANGLE,OTHER,4,STRAIGHT AND LEVEL,DRY,NO DEFECTS,NOT ON SCENE (DESK REPORT),NO INJURY / DRIVE AWAY,,,Y,"OVER $1,500",11/10/2017 04:15:00 PM,UNABLE TO DETERMINE,UNABLE TO DETERMINE,6026,W,FULLERTON AVE,2512,,,,,,,2,NO INDICATION OF INJURY,0,0,0,0,0,2,0,5,5,11,41.923918044,-87.776873852,POINT (-87.776873852312 41.923918044441)
JA504696,,11/09/2017 05:15:00 AM,30,STOP SIGN/FLASHER,FUNCTIONING PROPERLY,CLEAR,DAYLIGHT,ANGLE,DIVIDED - W/MEDIAN (NOT RAISED),,STRAIGHT AND LEVEL,DRY,NO DEFECTS,ON SCENE,INJURY AND / OR TOW DUE TO CRASH,Y,,Y,"OVER $1,500",11/09/2017 05:17:00 AM,UNABLE TO DETERMINE,UNABLE TO DETERMINE,6032,W,FULLERTON AVE,2512,,,,,,,2,NONINCAPACITATING INJURY,1,0,0,1,0,1,0,5,5,11,41.923915162,-87.777073583,POINT (-87.777073583031 41.92391516181)
JA504704,,11/09/2017 05:50:00 AM,30,NO CONTROLS,NO CONTROLS,CLEAR,"DARKNESS, LIGHTED ROAD",REAR END,DIVIDED - W/MEDIAN (NOT RAISED),4,STRAIGHT AND LEVEL,DRY,NO DEFECTS,NOT ON SCENE (DESK REPORT),NO INJURY / DRIVE AWAY,,,,"OVER $1,500",11/09/2017 06:00:00 AM,FOLLOWING TOO CLOSELY,UNABLE TO DETERMINE,4900,W,63RD ST,813,,,,,,,2,NO INDICATION OF INJURY,0,0,0,0,0,2,0,5,5,11,41.778492466,-87.74478114,POINT (-87.744781140224 41.778492466095)
JA504752,,11/09/2017 06:00:00 AM,0,NO CONTROLS,NO CONTROLS,CLEAR,UNKNOWN,PARKED MOTOR VEHICLE,PARKING LOT,,STRAIGHT AND LEVEL,DRY,NO DEFECTS,ON SCENE,NO INJURY / DRIVE AWAY,,Y,,$500 OR LESS,11/09/2017 07:29:00 AM,IMPROPER BACKING,NOT APPLICABLE,3701,S,SPAULDING AVE,911,,,,,,,2,NO INDICATION OF INJURY,0,0,0,0,0,1,0,6,5,11,41.82600493,-87.706780766,POINT (-87.706780765984 41.826004929913)
JA504708,,11/09/2017 06:00:00 AM,30,NO CONTROLS,NO CONTROLS,CLEAR,"DARKNESS, LIGHTED ROAD",PARKED MOTOR VEHICLE,DIVIDED - W/MEDIAN (NOT RAISED),2,STRAIGHT AND LEVEL,DRY,NO DEFECTS,ON SCENE,NO INJURY / DRIVE AWAY,,,Y,"OVER $1,500",11/09/2017 06:00:00 AM,"OPERATING VEHICLE IN ERRATIC, RECKLESS, CARELESS, NEGLIGENT OR AGGRESSIVE MANNER",FAILING TO REDUCE SPEED TO AVOID CRASH,910,S,RACINE AVE,1231,,,,,,,3,NO INDICATION OF INJURY,0,0,0,0,0,1,0,6,5,11,41.869952023,-87.656918309,POINT (-87.656918308989 41.869952023067)
JA505389,,11/09/2017 06:15:00 AM,30,NO CONTROLS,NO CONTROLS,CLEAR,DAYLIGHT,REAR END,NOT DIVIDED,,STRAIGHT AND LEVEL,DRY,NO DEFECTS,NOT ON SCENE (DESK REPORT),NO INJURY / DRIVE AWAY,,,,"OVER $1,500",11/09/2017 04:45:00 PM,UNABLE TO DETERMINE,NOT APPLICABLE,3600,N,HARLEM AVE,1631,,,,,,,2,NO INDICATION OF INJURY,0,0,0,0,0,2,0,6,5,11,41.945338412,-87.807154769,POINT (-87.80715476912 41.945338412466)
JA504742,,11/09/2017 07:00:00 AM,30,NO CONTROLS,NO CONTROLS,CLEAR,DAYLIGHT,SIDESWIPE SAME DIRECTION,NOT DIVIDED,3,STRAIGHT AND LEVEL,DRY,NO DEFECTS,NOT ON SCENE (DESK REPORT),NO INJURY / DRIVE AWAY,,,,"OVER $1,500",11/09/2017 07:00:00 AM,IMPROPER OVERTAKING/PASSING,NOT APPLICABLE,3500,S,CALIFORNIA AVE,911,,,,,,,2,NO INDICATION OF INJURY,0,0,0,0,0,3,0,7,5,11,41.830027284,-87.694937839,POINT (-87.69493783907 41.830027283593)
JA505609,,11/09/2017 07:05:00 AM,30,NO CONTROLS,NO CONTROLS,CLEAR,DAYLIGHT,PARKED MOTOR VEHICLE,DIVIDED - W/MEDIAN (NOT RAISED),4,STRAIGHT AND LEVEL,DRY,NO DEFECTS,NOT ON SCENE (DESK REPORT),NO INJURY / DRIVE AWAY,,,Y,"OVER $1,500",11/09/2017 07:05:00 PM,UNABLE TO DETERMINE,UNABLE TO DETERMINE,4116,W,FULLERTON AVE,2524,,,,,,,2,NO INDICATION OF INJURY,0,0,0,0,0,2,0,7,5,11,41.924559044,-87.729913914,POINT (-87.729913913647 41.924559043812)
JA504901,,11/09/2017 07:10:00 AM,30,TRAFFIC SIGNAL,FUNCTIONING PROPERLY,CLEAR,DAYLIGHT,SIDESWIPE SAME DIRECTION,NOT DIVIDED,,STRAIGHT AND LEVEL,DRY,NO DEFECTS,NOT ON SCENE (DESK REPORT),INJURY AND / OR TOW DUE TO CRASH,,,,"OVER $1,500",11/09/2017 10:30:00 AM,FAILING TO YIELD RIGHT-OF-WAY,NOT APPLICABLE,5125,W,NORTH AVE,2533,,,,,,,2,"REPORTED, NOT EVIDENT",3,0,0,0,3,1,0,7,5,11,41.909407439,-87.75456414,POINT (-87.754564139615 41.909407439405)
JA504924,,11/09/2017 07:10:00 AM,30,NO CONTROLS,NO CONTROLS,CLEAR,DAYLIGHT,PARKED MOTOR VEHICLE,NOT DIVIDED,2,STRAIGHT AND LEVEL,DRY,NO DEFECTS,NOT ON SCENE (DESK REPORT),NO INJURY / DRIVE AWAY,,,Y,"OVER $1,500",11/09/2017 11:00:00 AM,DRIVING SKILLS/KNOWLEDGE/EXPERIENCE,NOT APPLICABLE,11181,S,HERMOSA AVE,2212,,,,,,,2,NO INDICATION OF INJURY,0,0,0,0,0,1,0,7,5,11,41.690095574,-87.667533836,POINT (-87.667533836185 41.690095574004)
JA504878,,11/09/2017 07:15:00 AM,15,NO CONTROLS,NO CONTROLS,CLEAR,DAYLIGHT,FIXED OBJECT,OTHER,,STRAIGHT AND LEVEL,DRY,NO DEFECTS,ON SCENE,NO INJURY / DRIVE AWAY,,Y,,$500 OR LESS,11/09/2017 07:20:00 AM,FAILING TO REDUCE SPEED TO AVOID CRASH,NOT APPLICABLE,4959,S,ARCHER AVE,821,,,,,,,1,NO INDICATION OF INJURY,0,0,0,0,0,1,0,7,5,11,41.803046146,-87.722006734,POINT (-87.722006733579 41.803046146366)
JA504843,,11/09/2017 07:20:00 AM,30,NO CONTROLS,NO CONTROLS,CLEAR,DAYLIGHT,SIDESWIPE SAME DIRECTION,ONE-WAY,2,STRAIGHT AND LEVEL,DRY,NO DEFECTS,NOT ON SCENE (DESK REPORT),NO INJURY / DRIVE AWAY,,,,"OVER $1,500",11/09/2017 09:54:00 AM,FAILING TO YIELD RIGHT-OF-WAY,UNABLE TO DETERMINE,210,N,WELLS ST,122,,,,,,,2,NO INDICATION OF INJURY,0,0,0,0,0,2,0,7,5,11,41.886028398,-87.634084983,POINT (-87.63408498312 41.886028398061)
JA505360,,11/09/2017 07:30:00 AM,20,NO CONTROLS,NO CONTROLS,UNKNOWN,UNKNOWN,PARKED MOTOR VEHICLE,ONE-WAY,,STRAIGHT AND LEVEL,DRY,NO DEFECTS,NOT ON SCENE (DESK REPORT),NO INJURY / DRIVE AWAY,,,Y,"OVER $1,500",11/09/2017 04:20:00 PM,UNABLE TO DETERMINE,NOT APPLICABLE,6215,S,SACRAMENTO AVE,823,,,,,,,2,NO INDICATION OF INJURY,0,0,0,0,0,1,0,7,5,11,41.780380045,-87.698156231,POINT (-87.698156230553 41.780380045173)
JA504754,,11/09/2017 07:30:00 AM,30,NO CONTROLS,NO CONTROLS,CLEAR,DAYLIGHT,PARKED MOTOR VEHICLE,NOT DIVIDED,,STRAIGHT AND LEVEL,DRY,NO DEFECTS,ON SCENE,NO INJURY / DRIVE AWAY,,,Y,"OVER $1,500",11/09/2017 08:00:00 AM,IMPROPER BACKING,NOT APPLICABLE,3499,N,SAYRE AVE,1632,,,,,,,2,NO INDICATION OF INJURY,0,0,0,0,0,1,0,7,5,11,41.943453079,-87.80127838,POINT (-87.801278379936 41.943453078884)
JA509019,,11/09/2017 07:30:00 AM,25,TRAFFIC SIGNAL,FUNCTIONING PROPERLY,CLEAR,DAYLIGHT,SIDESWIPE SAME DIRECTION,UNKNOWN,4,STRAIGHT AND LEVEL,SNOW OR SLUSH,NO DEFECTS,NOT ON SCENE (DESK REPORT),NO INJURY / DRIVE AWAY,,,,"$501 - $1,500",11/12/2017 02:15:00 PM,IMPROPER OVERTAKING/PASSING,UNABLE TO DETERMINE,2343,W,IRVING PARK RD,1921,,,,,,,2,NO INDICATION OF INJURY,0,0,0,0,0,2,0,7,5,11,41.953913903,-87.687728904,POINT (-87.687728903568 41.953913903217)
JA504739,,11/09/2017 07:34:00 AM,25,NO CONTROLS,NO CONTROLS,CLEAR,DAYLIGHT,SIDESWIPE SAME DIRECTION,NOT DIVIDED,,STRAIGHT AND LEVEL,DRY,NO DEFECTS,ON SCENE,NO INJURY / DRIVE AWAY,,,,"OVER $1,500",11/09/2017 07:36:00 AM,FAILING TO YIELD RIGHT-OF-WAY,UNABLE TO DETERMINE,10631,S,ALBANY AVE,2211,,,,,,,2,NO INDICATION OF INJURY,0,0,0,0,0,3,0,7,5,11,41.699794399,-87.698619049,POINT (-87.698619048617 41.699794399216)
JA507748,,11/09/2017 07:40:00 AM,30,TRAFFIC SIGNAL,FUNCTIONING PROPERLY,CLEAR,DAYLIGHT,SIDESWIPE SAME DIRECTION,ONE-WAY,3,STRAIGHT AND LEVEL,DRY,NO DEFECTS,ON SCENE,INJURY AND / OR TOW DUE TO CRASH,Y,,,"OVER $1,500",11/09/2017 07:42:00 AM,IMPROPER LANE USAGE,DRIVING SKILLS/KNOWLEDGE/EXPERIENCE,3500,S,MICHIGAN AVE,213,,,,,,,2,NONINCAPACITATING INJURY,1,0,0,1,0,1,0,7,5,11,41.830970129,-87.623402122,POINT (-87.623402122211 41.830970129402)
JA504899,,11/09/2017 07:40:00 AM,30,NO CONTROLS,NO CONTROLS,CLEAR,DAYLIGHT,SIDESWIPE SAME DIRECTION,DIVIDED - W/MEDIAN (NOT RAISED),4,STRAIGHT AND LEVEL,DRY,UNKNOWN,NOT ON SCENE (DESK REPORT),NO INJURY / DRIVE AWAY,,,Y,"OVER $1,500",11/09/2017 10:35:00 AM,FAILING TO YIELD RIGHT-OF-WAY,UNABLE TO DETERMINE,2515,W,47TH ST,922,,,,,,,2,NO INDICATION OF INJURY,0,0,0,0,0,3,0,7,5,11,41.808279459,-87.687532809,POINT (-87.687532808724 41.808279458583)
JA504765,,11/09/2017 07:45:00 AM,15,NO CONTROLS,NO CONTROLS,CLEAR,DAYLIGHT,PARKED MOTOR VEHICLE,PARKING LOT,,STRAIGHT AND LEVEL,DRY,NO DEFECTS,ON SCENE,NO INJURY / DRIVE AWAY,,,,"$501 - $1,500",11/09/2017 07:50:00 AM,UNABLE TO DETERMINE,NOT APPLICABLE,659,W,RANDOLPH ST,121,,,,,,,2,NO INDICATION OF INJURY,0,0,0,0,0,1,0,7,5,11,41.884309449,-87.645029662,POINT (-87.645029662249 41.884309448849)
JA507817,,11/09/2017 07:48:00 AM,30,TRAFFIC SIGNAL,FUNCTIONING PROPERLY,CLEAR,DAYLIGHT,REAR END,DIVIDED - W/MEDIAN (NOT RAISED),,STRAIGHT AND LEVEL,DRY,NO DEFECTS,ON SCENE,NO INJURY / DRIVE AWAY,,,,"OVER $1,500",11/09/2017 09:20:00 AM,FOLLOWING TOO CLOSELY,FAILING TO YIELD RIGHT-OF-WAY,3601,N,HARLEM AVE,1632,,,,,,,2,NO INDICATION OF INJURY,0,0,0,0,0,2,0,7,5,11,41.945343559,-87.806860788,POINT (-87.806860788087 41.945343559175)
JA504768,,11/09/2017 07:50:00 AM,30,STOP SIGN/FLASHER,NO CONTROLS,CLEAR,DAYLIGHT,PARKED MOTOR VEHICLE,DIVIDED - W/MEDIAN (NOT RAISED),2,STRAIGHT AND LEVEL,DRY,NO DEFECTS,ON SCENE,INJURY AND / OR TOW DUE TO CRASH,,,,"OVER $1,500",11/09/2017 07:55:00 AM,IMPROPER TURNING/NO SIGNAL,IMPROPER TURNING/NO SIGNAL,2934,N,KIMBALL AVE,1412,,,,,,,3,NO INDICATION OF INJURY,0,0,0,0,0,1,0,7,5,11,41.935288734,-87.712517838,POINT (-87.71251783829 41.935288734368)
JA504842,Y,11/09/2017 08:00:00 AM,30,NO CONTROLS,NO CONTROLS,CLEAR,DAYLIGHT,PARKED MOTOR VEHICLE,ONE-WAY,1,STRAIGHT AND LEVEL,DRY,NO DEFECTS,ON SCENE,INJURY AND / OR TOW DUE TO CRASH,,,Y,"$501 - $1,500",11/09/2017 09:24:00 AM,UNABLE TO DETERMINE,UNABLE TO DETERMINE,8334,S,MARQUETTE AVE,423,,,,,,,2,NO INDICATION OF INJURY,0,0,0,0,0,1,0,8,5,11,41.74350762,-87.558961489,POINT (-87.558961489348 41.743507620175)
JA504771,Y,11/09/2017 08:00:00 AM,25,TRAFFIC SIGNAL,FUNCTIONING PROPERLY,CLOUDY/OVERCAST,DAYLIGHT,TURNING,ONE-WAY,3,STRAIGHT AND LEVEL,DRY,NO DEFECTS,NOT ON SCENE (DESK REPORT),NO INJURY / DRIVE AWAY,,,,"OVER $1,500",11/09/2017 08:20:00 AM,UNABLE TO DETERMINE,UNABLE TO DETERMINE,500,W,MADISON ST,121,,,,,,,2,NO INDICATION OF INJURY,0,0,0,0,0,2,0,8,5,11,41.881994338,-87.639758685,POINT (-87.639758684881 41.881994338205)
JA504838,,11/09/2017 08:00:00 AM,20,NO CONTROLS,NO CONTROLS,CLEAR,DAYLIGHT,SIDESWIPE SAME DIRECTION,NOT DIVIDED,2,STRAIGHT AND LEVEL,DRY,NO DEFECTS,NOT ON SCENE (DESK REPORT),NO INJURY / DRIVE AWAY,,,,"$501 - $1,500",11/09/2017 09:40:00 AM,UNABLE TO DETERMINE,NOT APPLICABLE,6255,N,GREENVIEW AVE,2433,,,,,,,2,NO INDICATION OF INJURY,0,0,0,0,0,2,0,8,5,11,41.996080101,-87.667627428,POINT (-87.667627428026 41.996080100857)
JA512635,,11/09/2017 08:00:00 AM,20,NO CONTROLS,NO CONTROLS,CLEAR,DAYLIGHT,PARKED MOTOR VEHICLE,NOT DIVIDED,,STRAIGHT AND LEVEL,DRY,NO DEFECTS,NOT ON SCENE (DESK REPORT),NO INJURY / DRIVE AWAY,,,,"$501 - $1,500",11/15/2017 10:00:00 AM,IMPROPER BACKING,NOT APPLICABLE,446,W,103RD PL,2232,,,,,,,2,NO INDICATION OF INJURY,0,0,0,0,0,1,0,8,5,11,41.706208885,-87.635024538,POINT (-87.635024537534 41.706208884652)