RD_NO,CRASH_DATE_EST_I,CRASH_DATE,POSTED_SPEED_LIMIT,TRAFFIC_CONTROL_DEVICE,DEVICE_CONDITION,WEATHER_CONDITION,LIGHTING_CONDITION,FIRST_CRASH_TYPE,TRAFFICWAY_TYPE,LANE_CNT,ALIGNMENT,ROADWAY_SURFACE_COND,ROAD_DEFECT,REPORT_TYPE,CRASH_TYPE,INTERSECTION_RELATED_I,NOT_RIGHT_OF_WAY_I,HIT_AND_RUN_I,DAMAGE,DATE_POLICE_NOTIFIED,PRIM_CONTRIBUTORY_CAUSE,SEC_CONTRIBUTORY_CAUSE,STREET_NO,STREET_DIRECTION,STREET_NAME,BEAT_OF_OCCURRENCE,PHOTOS_TAKEN_I,STATEMENTS_TAKEN_I,DOORING_I,WORK_ZONE_I,WORK_ZONE_TYPE,WORKERS_PRESENT_I,NUM_UNITS,MOST_SEVERE_INJURY,INJURIES_TOTAL,INJURIES_FATAL,INJURIES_INCAPACITATING,INJURIES_NON_INCAPACITATING,INJURIES_REPORTED_NOT_EVIDENT,INJURIES_NO_INDICATION,INJURIES_UNKNOWN,CRASH_HOUR,CRASH_DAY_OF_WEEK,CRASH_MONTH,LATITUDE,LONGITUDE,LOCATION
JA504788,,11/09/2017 08:00:00 AM,25,STOP SIGN/FLASHER,FUNCTIONING PROPERLY,CLEAR,DAYLIGHT,ANGLE,NOT DIVIDED,2,STRAIGHT AND LEVEL,DRY,NO DEFECTS,ON SCENE,INJURY AND / OR TOW DUE TO CRASH,Y,,,"OVER $1,500",11/09/2017 08:03:00 AM,DISREGARDING STOP SIGN,FAILING TO REDUCE SPEED TO AVOID CRASH,932,W,98TH ST,2223,,,,,,,2,"REPORTED, NOT EVIDENT",2,0,0,0,2,1,0,8,5,11,41.7159806,-87.646776806,POINT (-87.646776806491 41.71598060015)
JA504820,,11/09/2017 08:00:00 AM,30,NO CONTROLS,NO CONTROLS,CLEAR,DAYLIGHT,PARKED MOTOR VEHICLE,NOT DIVIDED,2,STRAIGHT AND LEVEL,DRY,NO DEFECTS,NOT ON SCENE (DESK REPORT),NO INJURY / DRIVE AWAY,,,,"$501 - $1,500",11/09/2017 09:24:00 AM,UNABLE TO DETERMINE,PHYSICAL CONDITION OF DRIVER,2771,W,SHERWIN AVE,2411,,,,,,,2,NO INDICATION OF INJURY,0,0,0,0,0,1,0,8,5,11,42.014685489,-87.699546807,POINT (-87.699546807227 42.014685488536)
JA504785,,11/09/2017 08:05:00 AM,30,TRAFFIC SIGNAL,FUNCTIONING PROPERLY,CLEAR,DAYLIGHT,TURNING,DIVIDED - W/MEDIAN (NOT RAISED),,STRAIGHT AND LEVEL,DRY,NO DEFECTS,ON SCENE,NO INJURY / DRIVE AWAY,,,,"$501 - $1,500",11/09/2017 08:13:00 AM,IMPROPER LANE USAGE,FAILING TO YIELD RIGHT-OF-WAY,3130,S,DAMEN AVE,912,,,,Y,CONSTRUCTION,Y,2,NO INDICATION OF INJURY,0,0,0,0,0,2,0,8,5,11,41.836810334,-87.675586121,POINT (-87.675586121254 41.836810334376)
JA504761,,11/09/2017 08:06:00 AM,35,NO CONTROLS,NO CONTROLS,CLEAR,DAYLIGHT,REAR END,DIVIDED - W/MEDIAN BARRIER,,STRAIGHT AND LEVEL,DRY,NO DEFECTS,ON SCENE,INJURY AND / OR TOW DUE TO CRASH,,,,"OVER $1,500",11/09/2017 08:10:00 AM,FOLLOWING TOO CLOSELY,DRIVING SKILLS/KNOWLEDGE/EXPERIENCE,3801,W,DEVON AVE,1711,,,,,,,2,"REPORTED, NOT EVIDENT",1,0,0,0,1,1,0,8,5,11,41.997147659,-87.724082735,POINT (-87.724082735495 41.997147659052)
JA507125,Y,11/09/2017 08:06:00 AM,30,NO CONTROLS,NO CONTROLS,CLEAR,DAYLIGHT,REAR END,ONE-WAY,2,STRAIGHT AND LEVEL,DRY,NO DEFECTS,NOT ON SCENE (DESK REPORT),NO INJURY / DRIVE AWAY,,,Y,"OVER $1,500",11/10/2017 08:43:00 PM,IMPROPER OVERTAKING/PASSING,NOT APPLICABLE,301,E,ONTARIO ST,1834,,,,,,,2,NO INDICATION OF INJURY,0,0,0,0,0,2,0,8,5,11,41.893299623,-87.620143878,POINT (-87.620143877888 41.893299623097)
JA504929,,11/09/2017 08:10:00 AM,20,NO CONTROLS,NO CONTROLS,CLEAR,DAYLIGHT,PARKED MOTOR VEHICLE,ONE-WAY,1,STRAIGHT AND LEVEL,DRY,NO DEFECTS,ON SCENE,INJURY AND / OR TOW DUE TO CRASH,,,,"OVER $1,500",11/09/2017 10:50:00 AM,NOT APPLICABLE,NOT APPLICABLE,4700,N,KENTON AVE,1722,,,,,,,2,NO INDICATION OF INJURY,0,0,0,0,0,1,0,8,5,11,41.966346058,-87.742931128,POINT (-87.742931127502 41.966346057939)
JA505515,Y,11/09/2017 08:25:00 AM,30,NO CONTROLS,FUNCTIONING IMPROPERLY,CLEAR,DAYLIGHT,TURNING,DIVIDED - W/MEDIAN (NOT RAISED),,STRAIGHT AND LEVEL,DRY,NO DEFECTS,ON SCENE,NO INJURY / DRIVE AWAY,,,,"OVER $1,500",11/09/2017 06:00:00 PM,FAILING TO YIELD RIGHT-OF-WAY,NOT APPLICABLE,1835,N,KOSTNER AVE,2534,,,,,,,2,NO INDICATION OF INJURY,0,0,0,0,0,4,0,8,5,11,41.914487349,-87.736105032,POINT (-87.736105031774 41.914487348768)
JA504809,,11/09/2017 08:25:00 AM,30,NO CONTROLS,NO CONTROLS,CLEAR,DAYLIGHT,SIDESWIPE SAME DIRECTION,NOT DIVIDED,4,STRAIGHT AND LEVEL,DRY,NO DEFECTS,ON SCENE,NO INJURY / DRIVE AWAY,,,,"$501 - $1,500",11/09/2017 08:28:00 AM,UNABLE TO DETERMINE,NOT APPLICABLE,4532,W,MONTROSE AVE,1722,,,,,,,2,NO INDICATION OF INJURY,0,0,0,0,0,4,0,8,5,11,41.960894362,-87.742311369,POINT (-87.74231136924 41.9608943621)
JA510653,,11/09/2017 08:30:00 AM,30,NO CONTROLS,NO CONTROLS,CLEAR,DAYLIGHT,REAR END,NOT DIVIDED,4,STRAIGHT AND LEVEL,DRY,NO DEFECTS,NOT ON SCENE (DESK REPORT),NO INJURY / DRIVE AWAY,,,,"$501 - $1,500",11/13/2017 06:20:00 PM,FOLLOWING TOO CLOSELY,FOLLOWING TOO CLOSELY,4251,S,PULASKI RD,821,,,,,,,4,NO INDICATION OF INJURY,0,0,0,0,0,4,0,8,5,11,41.815380342,-87.723721846,POINT (-87.723721845905 41.815380342172)
JA505078,,11/09/2017 08:35:00 AM,30,TRAFFIC SIGNAL,FUNCTIONING PROPERLY,CLEAR,DAYLIGHT,SIDESWIPE SAME DIRECTION,NOT DIVIDED,2,STRAIGHT AND LEVEL,DRY,NO DEFECTS,NOT ON SCENE (DESK REPORT),NO INJURY / DRIVE AWAY,,,Y,"$501 - $1,500",11/09/2017 12:29:00 PM,IMPROPER OVERTAKING/PASSING,IMPROPER LANE USAGE,1,N,CANAL ST,121,,,,,,,2,NO INDICATION OF INJURY,0,0,0,0,0,3,0,8,5,11,41.881950696,-87.639539267,POINT (-87.639539267475 41.881950696276)
JA504986,,11/09/2017 08:40:00 AM,30,NO CONTROLS,NO CONTROLS,CLEAR,DAYLIGHT,PEDALCYCLIST,NOT DIVIDED,,STRAIGHT AND LEVEL,DRY,NO DEFECTS,NOT ON SCENE (DESK REPORT),NO INJURY / DRIVE AWAY,,,,"$501 - $1,500",11/09/2017 11:30:00 AM,UNABLE TO DETERMINE,NOT APPLICABLE,1122,N,CALIFORNIA AVE,1211,,,,,,,2,NO INDICATION OF INJURY,0,0,0,0,0,2,0,8,5,11,41.90177645,-87.69699748,POINT (-87.6969974803 41.90177644988)
JA504815,,11/09/2017 08:40:00 AM,35,OTHER WARNING SIGN,OTHER,CLEAR,DAYLIGHT,SIDESWIPE SAME DIRECTION,DIVIDED - W/MEDIAN (NOT RAISED),4,STRAIGHT AND LEVEL,DRY,OTHER,ON SCENE,INJURY AND / OR TOW DUE TO CRASH,,,,"OVER $1,500",11/09/2017 08:46:00 AM,IMPROPER LANE USAGE,IMPROPER OVERTAKING/PASSING,6530,N,HARLEM AVE,1611,,,,Y,CONSTRUCTION,,2,NO INDICATION OF INJURY,0,0,0,0,0,2,0,8,5,11,41.99962557,-87.806920572,POINT (-87.806920571505 41.999625569701)
JA504831,Y,11/09/2017 08:42:00 AM,25,STOP SIGN/FLASHER,NO CONTROLS,CLEAR,DAYLIGHT,REAR END,NOT DIVIDED,2,STRAIGHT AND LEVEL,DRY,NO DEFECTS,NOT ON SCENE (DESK REPORT),NO INJURY / DRIVE AWAY,,,,"OVER $1,500",11/09/2017 09:30:00 AM,UNABLE TO DETERMINE,UNABLE TO DETERMINE,4456,N,KIMBALL AVE,1723,,,,,,,2,NO INDICATION OF INJURY,0,0,0,0,0,2,0,8,5,11,41.962803994,-87.713340695,POINT (-87.713340694833 41.962803993669)
JA504816,,11/09/2017 08:45:00 AM,30,TRAFFIC SIGNAL,FUNCTIONING PROPERLY,CLEAR,DAYLIGHT,SIDESWIPE SAME DIRECTION,DIVIDED - W/MEDIAN BARRIER,3,STRAIGHT AND LEVEL,DRY,NO DEFECTS,ON SCENE,NO INJURY / DRIVE AWAY,Y,,,"OVER $1,500",11/09/2017 08:55:00 AM,UNABLE TO DETERMINE,NOT APPLICABLE,1215,S,LAKE SHORE DR E,132,,,,,,,2,NO INDICATION OF INJURY,0,0,0,0,0,2,0,8,5,11,41.867016937,-87.618882064,POINT (-87.618882064034 41.867016937263)
JA504826,,11/09/2017 08:50:00 AM,30,NO CONTROLS,NO CONTROLS,CLEAR,DAYLIGHT,SIDESWIPE SAME DIRECTION,NOT DIVIDED,2,STRAIGHT AND LEVEL,DRY,NO DEFECTS,ON SCENE,NO INJURY / DRIVE AWAY,,,,"OVER $1,500",11/09/2017 09:01:00 AM,UNABLE TO DETERMINE,UNABLE TO DETERMINE,600,E,60TH ST,233,,,,,,,2,NO INDICATION OF INJURY,0,0,0,0,0,2,0,8,5,11,41.785898367,-87.610861027,POINT (-87.610861027449 41.785898366806)
JA505438,,11/09/2017 08:50:00 AM,30,TRAFFIC SIGNAL,FUNCTIONING PROPERLY,CLEAR,DAWN,REAR END,NOT DIVIDED,,STRAIGHT AND LEVEL,DRY,UNKNOWN,NOT ON SCENE (DESK REPORT),NO INJURY / DRIVE AWAY,,,Y,$500 OR LESS,11/09/2017 05:15:00 PM,FOLLOWING TOO CLOSELY,UNABLE TO DETERMINE,1601,W,FOSTER AVE,2032,,,,,,,2,NO INDICATION OF INJURY,0,0,0,0,0,2,0,8,5,11,41.97606059,-87.66973389,POINT (-87.669733889871 41.976060590013)
JA504835,,11/09/2017 08:55:00 AM,35,TRAFFIC SIGNAL,FUNCTIONING PROPERLY,CLEAR,DAYLIGHT,TURNING,DIVIDED - W/MEDIAN BARRIER,,STRAIGHT AND LEVEL,DRY,NO DEFECTS,ON SCENE,INJURY AND / OR TOW DUE TO CRASH,Y,,,"OVER $1,500",11/09/2017 09:01:00 AM,FAILING TO YIELD RIGHT-OF-WAY,NOT APPLICABLE,4800,W,47TH ST,814,,Y,,,,,2,NO INDICATION OF INJURY,0,0,0,0,0,4,0,8,5,11,41.807727017,-87.743229366,POINT (-87.743229365663 41.807727016772)
JA504833,,11/09/2017 09:00:00 AM,30,STOP SIGN/FLASHER,FUNCTIONING PROPERLY,CLEAR,DAYLIGHT,SIDESWIPE SAME DIRECTION,NOT DIVIDED,2,STRAIGHT AND LEVEL,DRY,UNKNOWN,NOT ON SCENE (DESK REPORT),NO INJURY / DRIVE AWAY,,,Y,"OVER $1,500",11/09/2017 09:15:00 AM,IMPROPER OVERTAKING/PASSING,NOT APPLICABLE,8230,S,RACINE AVE,613,,,,,,,2,NO INDICATION OF INJURY,0,0,0,0,0,2,0,9,5,11,41.744095873,-87.653711579,POINT (-87.653711578817 41.74409587296)
JA516644,,11/09/2017 09:00:00 AM,15,NO CONTROLS,NO CONTROLS,CLEAR,DAYLIGHT,SIDESWIPE OPPOSITE DIRECTION,DIVIDED - W/MEDIAN (NOT RAISED),3,STRAIGHT AND LEVEL,DRY,NO DEFECTS,NOT ON SCENE (DESK REPORT),NO INJURY / DRIVE AWAY,,,,$500 OR LESS,11/18/2017 12:24:00 PM,UNABLE TO DETERMINE,NOT APPLICABLE,4410,N,RACINE AVE,1913,,,,,,,2,NO INDICATION OF INJURY,0,0,0,0,0,2,0,9,5,11,41.962061359,-87.659736075,POINT (-87.659736075127 41.962061358782)
JA504925,,11/09/2017 09:00:00 AM,20,NO CONTROLS,NO CONTROLS,CLEAR,DAYLIGHT,SIDESWIPE SAME DIRECTION,NOT DIVIDED,2,STRAIGHT AND LEVEL,DRY,NO DEFECTS,NOT ON SCENE (DESK REPORT),NO INJURY / DRIVE AWAY,,,,"OVER $1,500",11/09/2017 10:54:00 AM,NOT APPLICABLE,UNABLE TO DETERMINE,821,W,WAVELAND AVE,1923,,,,,,,2,NO INDICATION OF INJURY,0,0,0,0,0,4,0,9,5,11,41.948995087,-87.650410687,POINT (-87.65041068708 41.948995087482)
JA504869,,11/09/2017 09:00:00 AM,30,TRAFFIC SIGNAL,FUNCTIONING PROPERLY,CLEAR,DAYLIGHT,TURNING,NOT DIVIDED,,STRAIGHT AND LEVEL,DRY,NO DEFECTS,ON SCENE,NO INJURY / DRIVE AWAY,Y,,,"OVER $1,500",11/09/2017 10:11:00 AM,IMPROPER TURNING/NO SIGNAL,UNABLE TO DETERMINE,709,S,CICERO AVE,1131,,,,,,,2,NO INDICATION OF INJURY,0,0,0,0,0,3,0,9,5,11,41.871814194,-87.744783669,POINT (-87.744783668806 41.871814194365)
JA506140,,11/09/2017 09:05:00 AM,20,NO CONTROLS,NO CONTROLS,CLEAR,UNKNOWN,PARKED MOTOR VEHICLE,NOT DIVIDED,,STRAIGHT AND LEVEL,DRY,NO DEFECTS,ON SCENE,INJURY AND / OR TOW DUE TO CRASH,,,Y,"OVER $1,500",11/10/2017 09:20:00 AM,UNABLE TO DETERMINE,NOT APPLICABLE,1448,W,WINNEMAC AVE,2033,,,,,,,2,NO INDICATION OF INJURY,0,0,0,0,0,1,0,9,5,11,41.973494683,-87.666605569,POINT (-87.666605569211 41.973494682741)
JA504994,,11/09/2017 09:10:00 AM,30,NO CONTROLS,NO CONTROLS,CLEAR,DAYLIGHT,REAR END,NOT DIVIDED,4,STRAIGHT AND LEVEL,DRY,NO DEFECTS,NOT ON SCENE (DESK REPORT),NO INJURY / DRIVE AWAY,,,,"OVER $1,500",11/09/2017 11:40:00 AM,FOLLOWING TOO CLOSELY,UNABLE TO DETERMINE,3130,W,IRVING PARK RD,1724,,,,,,,2,NO INDICATION OF INJURY,0,0,0,0,0,2,0,9,5,11,41.954037601,-87.706856843,POINT (-87.706856842884 41.954037600857)
JA504839,N,11/09/2017 09:14:00 AM,30,TRAFFIC SIGNAL,FUNCTIONING PROPERLY,CLEAR,DAYLIGHT,PEDALCYCLIST,NOT DIVIDED,,STRAIGHT AND LEVEL,DRY,UNKNOWN,NOT ON SCENE (DESK REPORT),INJURY AND / OR TOW DUE TO CRASH,,,,$500 OR LESS,11/09/2017 09:34:00 AM,FOLLOWING TOO CLOSELY,UNABLE TO DETERMINE,1,E,RANDOLPH ST,111,,,,,,,2,NONINCAPACITATING INJURY,1,0,0,1,0,1,0,9,5,11,41.884381435,-87.6278266,POINT (-87.627826599815 41.884381434816)
JA504896,,11/09/2017 09:15:00 AM,30,NO CONTROLS,NO CONTROLS,CLEAR,DAYLIGHT,REAR END,NOT DIVIDED,2,STRAIGHT AND LEVEL,DRY,UNKNOWN,NOT ON SCENE (DESK REPORT),NO INJURY / DRIVE AWAY,,,,"$501 - $1,500",11/09/2017 10:35:00 AM,UNABLE TO DETERMINE,UNABLE TO DETERMINE,6655,S,CICERO AVE,833,,,,,,,2,NO INDICATION OF INJURY,0,0,0,0,0,2,0,9,5,11,41.771336629,-87.741913433,POINT (-87.741913433245 41.77133662931)
JA504850,,11/09/2017 09:20:00 AM,15,NO CONTROLS,NO CONTROLS,CLOUDY/OVERCAST,DAYLIGHT,FIXED OBJECT,ALLEY,1,STRAIGHT AND LEVEL,DRY,NO DEFECTS,ON SCENE,NO INJURY / DRIVE AWAY,,Y,,"$501 - $1,500",11/09/2017 09:25:00 AM,DRIVING SKILLS/KNOWLEDGE/EXPERIENCE,NOT APPLICABLE,7322,N,WINCHESTER AVE,2424,,,,,,,1,NO INDICATION OF INJURY,0,0,0,0,0,1,0,9,5,11,42.014887993,-87.679226267,POINT (-87.679226267458 42.014887992655)
JA504886,,11/09/2017 09:20:00 AM,30,NO CONTROLS,NO CONTROLS,CLEAR,DAYLIGHT,SIDESWIPE SAME DIRECTION,DIVIDED - W/MEDIAN (NOT RAISED),,"CURVE, LEVEL",DRY,NO DEFECTS,NOT ON SCENE (DESK REPORT),NO INJURY / DRIVE AWAY,,,,"$501 - $1,500",11/09/2017 10:00:00 AM,IMPROPER OVERTAKING/PASSING,NOT APPLICABLE,2201,S,DR MARTIN LUTHER KING JR DR,132,,,,,,,2,NO INDICATION OF INJURY,0,0,0,0,0,2,0,9,5,11,41.85297834,-87.618892324,POINT (-87.618892324018 41.852978340163)
JA504864,,11/09/2017 09:20:00 AM,35,NO CONTROLS,NO CONTROLS,CLEAR,DAYLIGHT,PARKED MOTOR VEHICLE,DIVIDED - W/MEDIAN BARRIER,,STRAIGHT AND LEVEL,OTHER,OTHER,ON SCENE,INJURY AND / OR TOW DUE TO CRASH,,,,"OVER $1,500",11/09/2017 09:20:00 AM,EXCEEDING AUTHORIZED SPEED LIMIT,NOT APPLICABLE,4651,S,CICERO AVE,815,,Y,,,,,2,NO INDICATION OF INJURY,0,0,0,0,0,2,0,9,5,11,41.80794205,-87.743011094,POINT (-87.743011094145 41.807942049881)
JA505004,,11/09/2017 09:20:00 AM,30,TRAFFIC SIGNAL,FUNCTIONING PROPERLY,CLEAR,DAYLIGHT,TURNING,NOT DIVIDED,4,STRAIGHT AND LEVEL,DRY,NO DEFECTS,NOT ON SCENE (DESK REPORT),NO INJURY / DRIVE AWAY,,,Y,"OVER $1,500",11/09/2017 11:45:00 AM,UNABLE TO DETERMINE,NOT APPLICABLE,5150,N,SHERIDAN RD,2024,,,,,,,2,NO INDICATION OF INJURY,0,0,0,0,0,2,0,9,5,11,41.976345737,-87.655143534,POINT (-87.655143534432 41.976345737248)
JA504865,,11/09/2017 09:31:00 AM,25,NO CONTROLS,NO CONTROLS,CLOUDY/OVERCAST,DAYLIGHT,SIDESWIPE SAME DIRECTION,NOT DIVIDED,4,STRAIGHT AND LEVEL,DRY,NO DEFECTS,ON SCENE,INJURY AND / OR TOW DUE TO CRASH,,,,"OVER $1,500",11/09/2017 09:43:00 AM,FAILING TO YIELD RIGHT-OF-WAY,NOT APPLICABLE,6020,N,RIDGE AVE,2433,,,,,,,2,NONINCAPACITATING INJURY,1,0,0,1,0,1,0,9,5,11,41.991004789,-87.672843038,POINT (-87.6728430379 41.991004789213)
JA507777,,11/09/2017 09:35:00 AM,30,TRAFFIC SIGNAL,FUNCTIONING PROPERLY,CLEAR,DAYLIGHT,SIDESWIPE SAME DIRECTION,DIVIDED - W/MEDIAN (NOT RAISED),,STRAIGHT AND LEVEL,DRY,NO DEFECTS,NOT ON SCENE (DESK REPORT),NO INJURY / DRIVE AWAY,,,,"$501 - $1,500",11/11/2017 12:41:00 PM,IMPROPER LANE USAGE,IMPROPER LANE USAGE,9900,S,HALSTED ST,2232,,,,,,,2,NO INDICATION OF INJURY,0,0,0,0,0,2,0,9,5,11,41.714118868,-87.643145408,POINT (-87.643145408182 41.71411886809)
JA504961,,11/09/2017 09:45:00 AM,15,NO CONTROLS,NO CONTROLS,CLEAR,DAYLIGHT,FIXED OBJECT,ALLEY,1,STRAIGHT AND LEVEL,DRY,NO DEFECTS,ON SCENE,NO INJURY / DRIVE AWAY,,Y,Y,"OVER $1,500",11/09/2017 10:00:00 AM,UNABLE TO DETERMINE,NOT APPLICABLE,847,N,TRUMBULL AVE,1121,,,,,,,2,NO INDICATION OF INJURY,0,0,0,0,0,1,0,9,5,11,41.896889022,-87.712553633,POINT (-87.712553633498 41.896889022401)
JA504894,,11/09/2017 09:45:00 AM,35,NO CONTROLS,NO CONTROLS,CLEAR,DAYLIGHT,SIDESWIPE OPPOSITE DIRECTION,DRIVEWAY,0,STRAIGHT ON GRADE,DRY,NO DEFECTS,NOT ON SCENE (DESK REPORT),NO INJURY / DRIVE AWAY,,,,$500 OR LESS,11/09/2017 10:00:00 AM,UNABLE TO DETERMINE,NOT APPLICABLE,2754,N,NARRAGANSETT AVE,2512,,,,,,,2,NO INDICATION OF INJURY,0,0,0,0,0,2,0,9,5,11,41.930793799,-87.785830132,POINT (-87.785830132238 41.930793798935)
JA504939,,11/09/2017 09:50:00 AM,30,TRAFFIC SIGNAL,FUNCTIONING PROPERLY,CLEAR,DAYLIGHT,PEDESTRIAN,DIVIDED - W/MEDIAN (NOT RAISED),4,STRAIGHT AND LEVEL,DRY,NO DEFECTS,ON SCENE,INJURY AND / OR TOW DUE TO CRASH,,,Y,$500 OR LESS,11/09/2017 10:45:00 AM,UNABLE TO DETERMINE,UNABLE TO DETERMINE,6100,S,WESTERN AVE,825,,,,,,,2,NONINCAPACITATING INJURY,1,0,0,1,0,1,0,9,5,11,41.782816203,-87.683885995,POINT (-87.683885994582 41.782816203429)
JA504902,,11/09/2017 09:55:00 AM,30,NO CONTROLS,NO CONTROLS,CLEAR,DAYLIGHT,FIXED OBJECT,ONE-WAY,3,STRAIGHT AND LEVEL,DRY,NO DEFECTS,ON SCENE,INJURY AND / OR TOW DUE TO CRASH,,,,"OVER $1,500",11/09/2017 10:01:00 AM,IMPROPER OVERTAKING/PASSING,FOLLOWING TOO CLOSELY,1600,E,85TH ST,412,,,,,,,1,"REPORTED, NOT EVIDENT",1,0,0,0,1,0,0,9,5,11,41.740672456,-87.58517647,POINT (-87.5851764699 41.740672456472)
JA505007,,11/09/2017 10:00:00 AM,30,NO CONTROLS,NO CONTROLS,CLEAR,DAYLIGHT,OTHER OBJECT,NOT DIVIDED,,STRAIGHT AND LEVEL,DRY,"RUT, HOLES",NOT ON SCENE (DESK REPORT),NO INJURY / DRIVE AWAY,,,,"$501 - $1,500",11/09/2017 11:56:00 AM,UNABLE TO DETERMINE,UNABLE TO DETERMINE,3555,S,COTTAGE GROVE AVE,212,,,,,,,1,NO INDICATION OF INJURY,0,0,0,0,0,1,0,10,5,11,41.829736192,-87.609707291,POINT (-87.609707290688 41.829736191811)
JA505035,Y,11/09/2017 10:00:00 AM,30,NO CONTROLS,NO CONTROLS,CLEAR,DAYLIGHT,FIXED OBJECT,NOT DIVIDED,,STRAIGHT AND LEVEL,SNOW OR SLUSH,NO DEFECTS,ON SCENE,NO INJURY / DRIVE AWAY,,Y,,$500 OR LESS,11/09/2017 12:05:00 PM,IMPROPER BACKING,DISREGARDING ROAD MARKINGS,1447,W,ERIE ST,1215,,,,,,,1,NO INDICATION OF INJURY,0,0,0,0,0,1,0,10,5,11,41.893280431,-87.664116058,POINT (-87.664116058363 41.893280431399)
JA504885,,11/09/2017 10:05:00 AM,35,NO CONTROLS,NO CONTROLS,CLEAR,DAYLIGHT,REAR END,NOT DIVIDED,4,STRAIGHT AND LEVEL,DRY,NO DEFECTS,ON SCENE,NO INJURY / DRIVE AWAY,,,,"OVER $1,500",11/09/2017 10:07:00 AM,FOLLOWING TOO CLOSELY,UNABLE TO DETERMINE,5773,N,LINCOLN AVE,2011,,Y,,,,,2,NO INDICATION OF INJURY,0,0,0,0,0,2,0,10,5,11,41.98649169,-87.700593147,POINT (-87.700593146638 41.986491689999)
JA504912,,11/09/2017 10:05:00 AM,30,TRAFFIC SIGNAL,FUNCTIONING PROPERLY,CLEAR,DAYLIGHT,REAR END,NOT DIVIDED,2,STRAIGHT AND LEVEL,DRY,NO DEFECTS,NOT ON SCENE (DESK REPORT),NO INJURY / DRIVE AWAY,,,,"$501 - $1,500",11/09/2017 10:56:00 AM,FAILING TO REDUCE SPEED TO AVOID CRASH,FAILING TO REDUCE SPEED TO AVOID CRASH,403,E,GARFIELD BLVD,233,,,,,,,2,NO INDICATION OF INJURY,0,0,0,0,0,2,0,10,5,11,41.794388691,-87.615859168,POINT (-87.615859168485 41.79438869131)
JA504897,,11/09/2017 10:13:00 AM,35,NO CONTROLS,OTHER,CLEAR,DAYLIGHT,PEDESTRIAN,NOT DIVIDED,,STRAIGHT AND LEVEL,DRY,NO DEFECTS,ON SCENE,INJURY AND / OR TOW DUE TO CRASH,Y,,,"OVER $1,500",11/09/2017 10:15:00 AM,FAILING TO REDUCE SPEED TO AVOID CRASH,UNABLE TO DETERMINE,1630,W,119TH ST,2234,,,,,,,2,NONINCAPACITATING INJURY,2,0,0,2,0,0,0,10,5,11,41.677630649,-87.662450711,POINT (-87.662450711185 41.677630649115)
JA505307,,11/09/2017 10:15:00 AM,30,NO CONTROLS,NO CONTROLS,CLEAR,DAYLIGHT,SIDESWIPE SAME DIRECTION,NOT DIVIDED,4,STRAIGHT AND LEVEL,DRY,NO DEFECTS,NOT ON SCENE (DESK REPORT),NO INJURY / DRIVE AWAY,,,,"$501 - $1,500",11/09/2017 03:35:00 PM,IMPROPER OVERTAKING/PASSING,UNABLE TO DETERMINE,4100,S,WESTERN BLVD,921,,,,,,,2,NO INDICATION OF INJURY,0,0,0,0,0,2,0,10,5,11,41.819246696,-87.684305322,POINT (-87.68430532228 41.819246696086)
JA504963,,11/09/2017 10:30:00 AM,35,TRAFFIC SIGNAL,FUNCTIONING PROPERLY,CLEAR,DAYLIGHT,SIDESWIPE SAME DIRECTION,NOT DIVIDED,4,STRAIGHT AND LEVEL,DRY,NO DEFECTS,NOT ON SCENE (DESK REPORT),NO INJURY / DRIVE AWAY,,,Y,"OVER $1,500",11/09/2017 11:30:00 AM,IMPROPER OVERTAKING/PASSING,IMPROPER OVERTAKING/PASSING,6248,S,COTTAGE GROVE AVE,313,,,,,,,2,NO INDICATION OF INJURY,0,0,0,0,0,2,0,10,5,11,41.780782107,-87.606085182,POINT (-87.606085182446 41.78078210718)
JA504919,,11/09/2017 10:36:00 AM,30,TRAFFIC SIGNAL,FUNCTIONING PROPERLY,CLEAR,DAYLIGHT,REAR END,DIVIDED - W/MEDIAN (NOT RAISED),4,STRAIGHT AND LEVEL,DRY,NO DEFECTS,ON SCENE,INJURY AND / OR TOW DUE TO CRASH,,,,$500 OR LESS,11/09/2017 10:36:00 AM,FOLLOWING TOO CLOSELY,UNABLE TO DETERMINE,4002,N,CALIFORNIA AVE,1724,,,,,,,2,"REPORTED, NOT EVIDENT",1,0,0,0,1,1,0,10,5,11,41.954118474,-87.698391603,POINT (-87.698391603194 41.954118473901)
JA504988,,11/09/2017 10:45:00 AM,30,TRAFFIC SIGNAL,FUNCTIONING PROPERLY,CLEAR,DAYLIGHT,ANGLE,OTHER,,STRAIGHT AND LEVEL,DRY,NO DEFECTS,ON SCENE,INJURY AND / OR TOW DUE TO CRASH,Y,,,"OVER $1,500",11/09/2017 11:04:00 AM,DISREGARDING TRAFFIC SIGNALS,UNABLE TO DETERMINE,2531,N,WESTERN AVE,1432,,,,,,,2,"REPORTED, NOT EVIDENT",2,0,0,0,2,3,0,10,5,11,41.927409392,-87.687581735,POINT (-87.687581735015 41.927409392379)