RD_NO,CRASH_DATE_EST_I,CRASH_DATE,POSTED_SPEED_LIMIT,TRAFFIC_CONTROL_DEVICE,DEVICE_CONDITION,WEATHER_CONDITION,LIGHTING_CONDITION,FIRST_CRASH_TYPE,TRAFFICWAY_TYPE,LANE_CNT,ALIGNMENT,ROADWAY_SURFACE_COND,ROAD_DEFECT,REPORT_TYPE,CRASH_TYPE,INTERSECTION_RELATED_I,NOT_RIGHT_OF_WAY_I,HIT_AND_RUN_I,DAMAGE,DATE_POLICE_NOTIFIED,PRIM_CONTRIBUTORY_CAUSE,SEC_CONTRIBUTORY_CAUSE,STREET_NO,STREET_DIRECTION,STREET_NAME,BEAT_OF_OCCURRENCE,PHOTOS_TAKEN_I,STATEMENTS_TAKEN_I,DOORING_I,WORK_ZONE_I,WORK_ZONE_TYPE,WORKERS_PRESENT_I,NUM_UNITS,MOST_SEVERE_INJURY,INJURIES_TOTAL,INJURIES_FATAL,INJURIES_INCAPACITATING,INJURIES_NON_INCAPACITATING,INJURIES_REPORTED_NOT_EVIDENT,INJURIES_NO_INDICATION,INJURIES_UNKNOWN,CRASH_HOUR,CRASH_DAY_OF_WEEK,CRASH_MONTH,LATITUDE,LONGITUDE,LOCATION
JA504947,,11/09/2017 10:51:00 AM,30,NO CONTROLS,NO CONTROLS,CLEAR,DAYLIGHT,PARKED MOTOR VEHICLE,NOT DIVIDED,2,STRAIGHT AND LEVEL,DRY,NO DEFECTS,ON SCENE,INJURY AND / OR TOW DUE TO CRASH,,,,"OVER $1,500",11/09/2017 10:51:00 AM,DRIVING SKILLS/KNOWLEDGE/EXPERIENCE,UNABLE TO DETERMINE,200,S,SACRAMENTO BLVD,1124,,,,,,,3,NO INDICATION OF INJURY,0,0,0,0,0,2,0,10,5,11,41.878234851,-87.701275569,POINT (-87.701275568929 41.878234851368)
JA505131,,11/09/2017 10:53:00 AM,30,NO CONTROLS,UNKNOWN,CLEAR,DAYLIGHT,SIDESWIPE SAME DIRECTION,NOT DIVIDED,2,STRAIGHT AND LEVEL,DRY,NO DEFECTS,NOT ON SCENE (DESK REPORT),NO INJURY / DRIVE AWAY,,,,"OVER $1,500",11/09/2017 01:10:00 PM,NOT APPLICABLE,NOT APPLICABLE,650,W,GARFIELD BLVD,935,,,,,,,2,NO INDICATION OF INJURY,0,0,0,0,0,3,0,10,5,11,41.794463592,-87.642312291,POINT (-87.642312291031 41.794463591866)
JA504965,,11/09/2017 10:58:00 AM,30,NO CONTROLS,NO CONTROLS,CLEAR,DAYLIGHT,PARKED MOTOR VEHICLE,NOT DIVIDED,2,STRAIGHT AND LEVEL,DRY,NO DEFECTS,ON SCENE,NO INJURY / DRIVE AWAY,,,,$500 OR LESS,11/09/2017 11:05:00 AM,UNABLE TO DETERMINE,NOT APPLICABLE,1706,W,GRANVILLE AVE,2433,,,,,,,2,NO INDICATION OF INJURY,0,0,0,0,0,1,0,10,5,11,41.994513541,-87.672203422,POINT (-87.672203422203 41.99451354076)
JA504967,,11/09/2017 11:00:00 AM,30,TRAFFIC SIGNAL,FUNCTIONING PROPERLY,CLEAR,DAYLIGHT,TURNING,DIVIDED - W/MEDIAN (NOT RAISED),10,STRAIGHT AND LEVEL,DRY,UNKNOWN,ON SCENE,INJURY AND / OR TOW DUE TO CRASH,Y,,,"$501 - $1,500",11/09/2017 11:05:00 AM,FAILING TO YIELD RIGHT-OF-WAY,IMPROPER TURNING/NO SIGNAL,7900,S,STONY ISLAND AVE,411,,,,,,,2,NO INDICATION OF INJURY,0,0,0,0,0,2,0,11,5,11,41.751460603,-87.585971993,POINT (-87.585971992965 41.751460603167)
JA505017,,11/09/2017 11:00:00 AM,30,NO CONTROLS,NO CONTROLS,CLEAR,DAYLIGHT,PARKED MOTOR VEHICLE,NOT DIVIDED,,STRAIGHT AND LEVEL,DRY,NO DEFECTS,NOT ON SCENE (DESK REPORT),NO INJURY / DRIVE AWAY,,,,$500 OR LESS,11/09/2017 11:50:00 AM,UNABLE TO DETERMINE,UNABLE TO DETERMINE,430,W,DIVERSEY PKWY,1934,,,,,,,2,NO INDICATION OF INJURY,0,0,0,0,0,1,0,11,5,11,41.932996318,-87.640564779,POINT (-87.640564778532 41.932996317763)
JA513471,,11/09/2017 11:00:00 AM,20,NO CONTROLS,NO CONTROLS,CLEAR,DAYLIGHT,PARKED MOTOR VEHICLE,ONE-WAY,1,STRAIGHT AND LEVEL,DRY,NO DEFECTS,ON SCENE,NO INJURY / DRIVE AWAY,,,N,"$501 - $1,500",11/15/2017 10:35:00 PM,IMPROPER BACKING,NOT APPLICABLE,8239,S,INDIANA AVE,631,,,,,,,2,NO INDICATION OF INJURY,0,0,0,0,0,1,0,11,5,11,41.744392131,-87.619443087,POINT (-87.619443087406 41.744392130557)
JA505001,Y,11/09/2017 11:00:00 AM,35,NO CONTROLS,NO CONTROLS,CLEAR,DAYLIGHT,PARKED MOTOR VEHICLE,NOT DIVIDED,1,STRAIGHT AND LEVEL,DRY,NO DEFECTS,NOT ON SCENE (DESK REPORT),NO INJURY / DRIVE AWAY,,,Y,"$501 - $1,500",11/09/2017 11:45:00 AM,UNABLE TO DETERMINE,NOT APPLICABLE,4636,W,SHAKESPEARE AVE,2522,,,,,,,2,NO INDICATION OF INJURY,0,0,0,0,0,1,0,11,5,11,41.919821082,-87.743094954,POINT (-87.743094953667 41.919821082262)
JA504976,,11/09/2017 11:07:00 AM,30,TRAFFIC SIGNAL,FUNCTIONING PROPERLY,CLEAR,DAYLIGHT,ANGLE,DIVIDED - W/MEDIAN (NOT RAISED),4,STRAIGHT AND LEVEL,DRY,NO DEFECTS,ON SCENE,INJURY AND / OR TOW DUE TO CRASH,Y,,,"OVER $1,500",11/09/2017 11:08:00 AM,DISREGARDING TRAFFIC SIGNALS,UNABLE TO DETERMINE,2600,N,CICERO AVE,2521,,,,,,,2,NO INDICATION OF INJURY,0,0,0,0,0,2,0,11,5,11,41.927919923,-87.746592904,POINT (-87.746592904471 41.927919922922)
JA504960,,11/09/2017 11:16:00 AM,30,NO CONTROLS,NO CONTROLS,CLEAR,DAYLIGHT,PARKED MOTOR VEHICLE,DIVIDED - W/MEDIAN BARRIER,4,STRAIGHT AND LEVEL,DRY,NO DEFECTS,ON SCENE,INJURY AND / OR TOW DUE TO CRASH,,,,"OVER $1,500",11/09/2017 11:16:00 AM,FAILING TO REDUCE SPEED TO AVOID CRASH,UNABLE TO DETERMINE,9001,S,HALSTED ST,2223,,,,,,,2,NONINCAPACITATING INJURY,1,0,0,1,0,1,0,11,5,11,41.730745124,-87.643319244,POINT (-87.643319243734 41.730745123752)
JA504999,,11/09/2017 11:20:00 AM,40,NO CONTROLS,NO CONTROLS,CLEAR,DAYLIGHT,REAR END,DIVIDED - W/MEDIAN BARRIER,8,STRAIGHT AND LEVEL,DRY,NO DEFECTS,ON SCENE,INJURY AND / OR TOW DUE TO CRASH,,,,"OVER $1,500",11/09/2017 11:25:00 AM,IMPROPER LANE USAGE,"OPERATING VEHICLE IN ERRATIC, RECKLESS, CARELESS, NEGLIGENT OR AGGRESSIVE MANNER",431,N,LAKE SHORE DR NB,1834,,,,,,,2,NONINCAPACITATING INJURY,1,0,0,1,0,1,0,11,5,11,41.889709296,-87.613841519,POINT (-87.613841519474 41.889709295768)
JA505113,,11/09/2017 11:30:00 AM,30,TRAFFIC SIGNAL,FUNCTIONING PROPERLY,CLEAR,DAYLIGHT,REAR END,NOT DIVIDED,2,STRAIGHT AND LEVEL,DRY,NO DEFECTS,NOT ON SCENE (DESK REPORT),NO INJURY / DRIVE AWAY,,,,"OVER $1,500",11/09/2017 01:15:00 PM,FOLLOWING TOO CLOSELY,UNABLE TO DETERMINE,2755,N,CALIFORNIA AVE,1411,,,,,,,2,NO INDICATION OF INJURY,0,0,0,0,0,2,0,11,5,11,41.931892617,-87.697465753,POINT (-87.69746575302 41.931892617066)
JA511273,,11/09/2017 11:30:00 AM,30,TRAFFIC SIGNAL,FUNCTIONING PROPERLY,CLEAR,DAYLIGHT,REAR END,DIVIDED - W/MEDIAN (NOT RAISED),2,STRAIGHT AND LEVEL,DRY,NO DEFECTS,NOT ON SCENE (DESK REPORT),NO INJURY / DRIVE AWAY,,,,"$501 - $1,500",11/14/2017 11:40:00 AM,UNABLE TO DETERMINE,UNABLE TO DETERMINE,2800,N,CALIFORNIA AVE,1411,,,,,,,2,NO INDICATION OF INJURY,0,0,0,0,0,2,0,11,5,11,41.932120719,-87.6977653,POINT (-87.697765300365 41.932120719106)
JA504990,,11/09/2017 11:30:00 AM,10,NO CONTROLS,NO CONTROLS,CLEAR,DAYLIGHT,PARKED MOTOR VEHICLE,PARKING LOT,0,STRAIGHT AND LEVEL,DRY,NO DEFECTS,NOT ON SCENE (DESK REPORT),NO INJURY / DRIVE AWAY,,Y,,$500 OR LESS,11/09/2017 11:44:00 AM,NOT APPLICABLE,NOT APPLICABLE,3506,W,63RD ST,823,,,,,,,2,NO INDICATION OF INJURY,0,0,0,0,0,1,0,11,5,11,41.778958215,-87.710752219,POINT (-87.710752218623 41.778958215417)
JA508366,,11/09/2017 11:30:00 AM,30,NO CONTROLS,NO CONTROLS,CLEAR,DAYLIGHT,TURNING,NOT DIVIDED,2,STRAIGHT AND LEVEL,DRY,UNKNOWN,NOT ON SCENE (DESK REPORT),NO INJURY / DRIVE AWAY,,,,"$501 - $1,500",11/11/2017 09:45:00 PM,IMPROPER LANE USAGE,NOT APPLICABLE,7235,S,COLES AVE,334,,,,,,,2,NO INDICATION OF INJURY,0,0,0,0,0,2,0,11,5,11,41.764633933,-87.562938241,POINT (-87.562938240692 41.764633933084)
JA505294,,11/09/2017 11:30:00 AM,25,NO CONTROLS,NO CONTROLS,CLEAR,DAYLIGHT,REAR END,DIVIDED - W/MEDIAN (NOT RAISED),4,STRAIGHT AND LEVEL,DRY,NO DEFECTS,NOT ON SCENE (DESK REPORT),NO INJURY / DRIVE AWAY,,,,"$501 - $1,500",11/09/2017 03:21:00 PM,UNABLE TO DETERMINE,UNABLE TO DETERMINE,4500,S,KILDARE BLVD,815,,,,,,,2,NO INDICATION OF INJURY,0,0,0,0,0,2,0,11,5,11,41.81133389,-87.731351186,POINT (-87.731351186234 41.811333890175)
JA505016,,11/09/2017 11:30:00 AM,30,TRAFFIC SIGNAL,FUNCTIONING PROPERLY,CLEAR,DAYLIGHT,REAR END,DIVIDED - W/MEDIAN (NOT RAISED),,STRAIGHT AND LEVEL,DRY,NO DEFECTS,NOT ON SCENE (DESK REPORT),NO INJURY / DRIVE AWAY,,,,"OVER $1,500",11/09/2017 12:15:00 PM,IMPROPER BACKING,IMPROPER BACKING,6420,W,FULLERTON AVE,2512,,,,,,,2,NO INDICATION OF INJURY,0,0,0,0,0,2,0,11,5,11,41.923781797,-87.786253674,POINT (-87.786253674433 41.92378179667)
JA505102,,11/09/2017 11:30:00 AM,30,TRAFFIC SIGNAL,FUNCTIONING PROPERLY,CLEAR,DAYLIGHT,REAR END,NOT DIVIDED,,STRAIGHT AND LEVEL,DRY,NO DEFECTS,NOT ON SCENE (DESK REPORT),NO INJURY / DRIVE AWAY,Y,,Y,$500 OR LESS,11/09/2017 01:05:00 PM,UNABLE TO DETERMINE,UNABLE TO DETERMINE,99,N,ASHLAND AVE,1224,,,,,,,2,NO INDICATION OF INJURY,0,0,0,0,0,2,0,11,5,11,41.883254565,-87.66672363,POINT (-87.666723630079 41.883254564577)
JA505216,,11/09/2017 11:40:00 AM,30,TRAFFIC SIGNAL,FUNCTIONING IMPROPERLY,CLEAR,DAYLIGHT,TURNING,OTHER,0,STRAIGHT AND LEVEL,DRY,NO DEFECTS,NOT ON SCENE (DESK REPORT),NO INJURY / DRIVE AWAY,Y,,,"OVER $1,500",11/09/2017 01:00:00 PM,UNABLE TO DETERMINE,UNABLE TO DETERMINE,2200,S,ASHLAND AVE,1034,,,,,,,2,NO INDICATION OF INJURY,0,0,0,0,0,2,0,11,5,11,41.852217997,-87.666170162,POINT (-87.666170161509 41.852217996528)
JA506013,,11/09/2017 11:40:00 AM,30,NO CONTROLS,NO CONTROLS,CLEAR,DAYLIGHT,PARKED MOTOR VEHICLE,NOT DIVIDED,2,STRAIGHT AND LEVEL,DRY,NO DEFECTS,ON SCENE,NO INJURY / DRIVE AWAY,,,Y,"OVER $1,500",11/09/2017 11:45:00 AM,IMPROPER TURNING/NO SIGNAL,NOT APPLICABLE,4527,N,MARINE DR,1914,,,,,,,2,NO INDICATION OF INJURY,0,0,0,0,0,1,0,11,5,11,41.964619777,-87.648247577,POINT (-87.648247576801 41.964619776863)
JA505013,,11/09/2017 11:40:00 AM,30,NO CONTROLS,NO CONTROLS,CLEAR,DAYLIGHT,PARKED MOTOR VEHICLE,NOT DIVIDED,2,STRAIGHT AND LEVEL,DRY,NO DEFECTS,,NO INJURY / DRIVE AWAY,,,Y,"OVER $1,500",11/09/2017 11:45:00 AM,IMPROPER TURNING/NO SIGNAL,NOT APPLICABLE,4527,N,MARINE DR,1914,,,,,,,2,NO INDICATION OF INJURY,0,0,0,0,0,1,0,11,5,11,41.964619777,-87.648247577,POINT (-87.648247576801 41.964619776863)
JA505073,,11/09/2017 11:42:00 AM,30,NO CONTROLS,NO CONTROLS,CLEAR,DAYLIGHT,TURNING,NOT DIVIDED,2,STRAIGHT ON GRADE,DRY,NO DEFECTS,ON SCENE,NO INJURY / DRIVE AWAY,,,,"OVER $1,500",11/09/2017 12:10:00 PM,UNABLE TO DETERMINE,UNABLE TO DETERMINE,2607,E,104TH ST,434,,,,,,,2,NO INDICATION OF INJURY,0,0,0,0,0,2,0,11,5,11,41.706293971,-87.560526178,POINT (-87.560526178242 41.706293971441)
JA505063,,11/09/2017 11:49:00 AM,30,TRAFFIC SIGNAL,FUNCTIONING IMPROPERLY,CLEAR,DAYLIGHT,TURNING,OTHER,2,STRAIGHT AND LEVEL,DRY,NO DEFECTS,ON SCENE,NO INJURY / DRIVE AWAY,Y,,,"OVER $1,500",11/09/2017 12:00:00 PM,DRIVING SKILLS/KNOWLEDGE/EXPERIENCE,UNABLE TO DETERMINE,9500,S,LAFAYETTE AVE,511,,,,,,,2,NO INDICATION OF INJURY,0,0,0,0,0,2,0,11,5,11,41.721566293,-87.625169518,POINT (-87.625169517699 41.721566292573)
JA505378,,11/09/2017 12:00:00 PM,35,TRAFFIC SIGNAL,FUNCTIONING PROPERLY,CLEAR,DAYLIGHT,REAR END,ONE-WAY,,STRAIGHT AND LEVEL,DRY,UNKNOWN,NOT ON SCENE (DESK REPORT),NO INJURY / DRIVE AWAY,,,,"OVER $1,500",11/09/2017 03:30:00 PM,FOLLOWING TOO CLOSELY,UNABLE TO DETERMINE,2312,N,ASHLAND AVE,1811,,,,,,,2,NO INDICATION OF INJURY,0,0,0,0,0,2,0,12,5,11,41.923741682,-87.668319411,POINT (-87.668319410607 41.923741682421)
JA505061,,11/09/2017 12:00:00 PM,20,NO CONTROLS,NO CONTROLS,CLEAR,DAYLIGHT,FIXED OBJECT,OTHER,2,"CURVE, LEVEL",DRY,NO DEFECTS,ON SCENE,NO INJURY / DRIVE AWAY,,,,"OVER $1,500",11/09/2017 12:10:00 PM,NOT APPLICABLE,NOT APPLICABLE,3100,S,LAKE SHORE DR NB,211,,,,,,,2,NO INDICATION OF INJURY,0,0,0,0,0,1,0,12,5,11,41.838411916,-87.608432823,POINT (-87.608432822836 41.8384119162)
JA507181,,11/09/2017 12:00:00 PM,15,TRAFFIC SIGNAL,FUNCTIONING PROPERLY,CLEAR,DAYLIGHT,TURNING,UNKNOWN,3,STRAIGHT AND LEVEL,DRY,NO DEFECTS,NOT ON SCENE (DESK REPORT),NO INJURY / DRIVE AWAY,Y,,,$500 OR LESS,11/10/2017 09:30:00 PM,IMPROPER TURNING/NO SIGNAL,UNABLE TO DETERMINE,153,N,LAKE SHORE DR NB,114,,,,,,,2,NO INDICATION OF INJURY,0,0,0,0,0,2,0,12,5,11,41.884474274,-87.613561367,POINT (-87.613561367179 41.88447427434)
JA505055,,11/09/2017 12:00:00 PM,0,NO CONTROLS,NO CONTROLS,CLEAR,DAYLIGHT,PARKED MOTOR VEHICLE,PARKING LOT,,STRAIGHT AND LEVEL,DRY,NO DEFECTS,NOT ON SCENE (DESK REPORT),NO INJURY / DRIVE AWAY,,,Y,"OVER $1,500",11/09/2017 12:17:00 PM,UNABLE TO DETERMINE,UNABLE TO DETERMINE,3334,W,ARMITAGE AVE,1413,,,,,,,2,NO INDICATION OF INJURY,0,0,0,0,0,1,0,12,5,11,41.917454032,-87.711744443,POINT (-87.711744443082 41.917454032467)
JA505032,,11/09/2017 12:02:00 PM,30,NO CONTROLS,NO CONTROLS,CLEAR,DAYLIGHT,REAR END,DIVIDED - W/MEDIAN BARRIER,4,STRAIGHT AND LEVEL,DRY,NO DEFECTS,ON SCENE,NO INJURY / DRIVE AWAY,,,,"OVER $1,500",11/09/2017 12:04:00 PM,FOLLOWING TOO CLOSELY,FAILING TO REDUCE SPEED TO AVOID CRASH,3049,W,IRVING PARK RD,1733,,,,,,,2,NO INDICATION OF INJURY,0,0,0,0,0,2,0,12,5,11,41.953828344,-87.705119446,POINT (-87.705119446241 41.953828344103)
JA505051,,11/09/2017 12:07:00 PM,30,OTHER WARNING SIGN,MISSING,CLEAR,DAYLIGHT,SIDESWIPE SAME DIRECTION,DIVIDED - W/MEDIAN (NOT RAISED),,STRAIGHT AND LEVEL,DRY,NO DEFECTS,ON SCENE,INJURY AND / OR TOW DUE TO CRASH,N,,Y,"OVER $1,500",11/09/2017 12:22:00 PM,IMPROPER OVERTAKING/PASSING,UNABLE TO DETERMINE,4132,S,ARCHER AVE,921,,,,Y,CONSTRUCTION,,2,NO INDICATION OF INJURY,0,0,0,0,0,2,0,12,5,11,41.818416144,-87.697421591,POINT (-87.697421591164 41.818416143858)
JA505097,,11/09/2017 12:15:00 PM,25,STOP SIGN/FLASHER,NO CONTROLS,CLEAR,DAYLIGHT,REAR END,NOT DIVIDED,,STRAIGHT AND LEVEL,DRY,UNKNOWN,NOT ON SCENE (DESK REPORT),NO INJURY / DRIVE AWAY,,,,"OVER $1,500",11/09/2017 12:40:00 PM,DRIVING SKILLS/KNOWLEDGE/EXPERIENCE,FOLLOWING TOO CLOSELY,3300,N,HALSTED ST,1924,,,,,,,2,NO INDICATION OF INJURY,0,0,0,0,0,2,0,12,5,11,41.941838281,-87.649475714,POINT (-87.649475713797 41.941838281218)
JA505060,,11/09/2017 12:15:00 PM,30,NO CONTROLS,NO CONTROLS,CLEAR,DAYLIGHT,PARKED MOTOR VEHICLE,NOT DIVIDED,4,STRAIGHT AND LEVEL,DRY,NO DEFECTS,ON SCENE,NO INJURY / DRIVE AWAY,,,,"OVER $1,500",11/09/2017 12:19:00 PM,DISTRACTION - FROM INSIDE VEHICLE,DISTRACTION - FROM OUTSIDE VEHICLE,1718,W,99TH ST,2213,,,,,,,2,NO INDICATION OF INJURY,0,0,0,0,0,3,0,12,5,11,41.714015587,-87.66614561,POINT (-87.666145610282 41.714015586556)
JA505801,,11/09/2017 12:19:00 PM,5,NO CONTROLS,NO CONTROLS,CLEAR,DAYLIGHT,PARKED MOTOR VEHICLE,PARKING LOT,,STRAIGHT AND LEVEL,DRY,NO DEFECTS,NOT ON SCENE (DESK REPORT),NO INJURY / DRIVE AWAY,,N,,"OVER $1,500",11/09/2017 10:11:00 PM,IMPROPER BACKING,UNABLE TO DETERMINE,130,W,NORTH AVE,1814,,,,,,,2,NO INDICATION OF INJURY,0,0,0,0,0,1,0,12,5,11,41.911272068,-87.633117174,POINT (-87.633117174389 41.911272068098)
JA505064,,11/09/2017 12:20:00 PM,30,NO CONTROLS,NO CONTROLS,CLEAR,DAYLIGHT,FIXED OBJECT,PARKING LOT,1,STRAIGHT AND LEVEL,DRY,NO DEFECTS,ON SCENE,INJURY AND / OR TOW DUE TO CRASH,,,,"OVER $1,500",11/09/2017 12:20:00 PM,EQUIPMENT - VEHICLE CONDITION,UNABLE TO DETERMINE,8009,S,CRANDON AVE,414,,,,,,,1,NO INDICATION OF INJURY,0,0,0,0,0,1,0,12,5,11,41.74956646,-87.56848743,POINT (-87.568487429655 41.749566460108)
JA505087,,11/09/2017 12:40:00 PM,30,STOP SIGN/FLASHER,FUNCTIONING PROPERLY,CLEAR,DAYLIGHT,TURNING,DIVIDED - W/MEDIAN (NOT RAISED),0,STRAIGHT AND LEVEL,DRY,NO DEFECTS,ON SCENE,NO INJURY / DRIVE AWAY,Y,,,"OVER $1,500",11/09/2017 12:43:00 PM,FAILING TO YIELD RIGHT-OF-WAY,FAILING TO REDUCE SPEED TO AVOID CRASH,1659,W,CERMAK RD,1034,,,,,,,2,NO INDICATION OF INJURY,0,0,0,0,0,2,0,12,5,11,41.852177474,-87.668371168,POINT (-87.668371167772 41.852177473556)
JA505190,,11/09/2017 12:44:00 PM,45,NO CONTROLS,FUNCTIONING PROPERLY,CLEAR,DAYLIGHT,FIXED OBJECT,ONE-WAY,,STRAIGHT AND LEVEL,DRY,OTHER,NOT ON SCENE (DESK REPORT),NO INJURY / DRIVE AWAY,,,,"OVER $1,500",11/09/2017 02:00:00 PM,UNABLE TO DETERMINE,UNABLE TO DETERMINE,6700,S,CHICAGO SKYWAY IB,322,,,,Y,UNKNOWN,,1,NO INDICATION OF INJURY,0,0,0,0,0,1,0,12,5,11,41.772813565,-87.618003669,POINT (-87.61800366863 41.772813565463)
JA505769,,11/09/2017 12:45:00 PM,5,NO CONTROLS,NO CONTROLS,CLEAR,DAYLIGHT,FIXED OBJECT,OTHER,,STRAIGHT AND LEVEL,DRY,NO DEFECTS,NOT ON SCENE (DESK REPORT),NO INJURY / DRIVE AWAY,,,,"$501 - $1,500",11/09/2017 06:00:00 PM,IMPROPER TURNING/NO SIGNAL,NOT APPLICABLE,110,W,LAKE ST,122,,,,,,,1,NO INDICATION OF INJURY,0,0,0,0,0,1,0,12,5,11,41.885850989,-87.631325365,POINT (-87.631325365498 41.885850988925)
JA505081,,11/09/2017 12:45:00 PM,30,STOP SIGN/FLASHER,FUNCTIONING IMPROPERLY,CLEAR,DAYLIGHT,REAR END,DIVIDED - W/MEDIAN (NOT RAISED),4,STRAIGHT AND LEVEL,DRY,NO DEFECTS,ON SCENE,INJURY AND / OR TOW DUE TO CRASH,Y,,,"OVER $1,500",11/09/2017 12:50:00 PM,FOLLOWING TOO CLOSELY,UNABLE TO DETERMINE,50,E,CERMAK RD,131,,,,Y,UTILITY,,2,NO INDICATION OF INJURY,0,0,0,0,0,3,0,12,5,11,41.852965144,-87.625096935,POINT (-87.625096935093 41.852965143768)
JA505093,,11/09/2017 12:50:00 PM,30,STOP SIGN/FLASHER,FUNCTIONING PROPERLY,CLEAR,DAYLIGHT,PEDESTRIAN,ONE-WAY,1,STRAIGHT AND LEVEL,DRY,NO DEFECTS,NOT ON SCENE (DESK REPORT),INJURY AND / OR TOW DUE TO CRASH,Y,,,"$501 - $1,500",11/09/2017 01:00:00 PM,FAILING TO YIELD RIGHT-OF-WAY,NOT APPLICABLE,7000,N,GLENWOOD AVE,2423,,,,,,,2,NONINCAPACITATING INJURY,1,0,0,1,0,1,0,12,5,11,42.009176976,-87.666369399,POINT (-87.666369398653 42.00917697648)
JA505349,,11/09/2017 12:50:00 PM,30,NO CONTROLS,NO CONTROLS,CLEAR,DAYLIGHT,PARKED MOTOR VEHICLE,DIVIDED - W/MEDIAN (NOT RAISED),2,STRAIGHT AND LEVEL,DRY,NO DEFECTS,NOT ON SCENE (DESK REPORT),NO INJURY / DRIVE AWAY,,,Y,"OVER $1,500",11/09/2017 04:15:00 PM,UNABLE TO DETERMINE,UNABLE TO DETERMINE,3215,N,CALIFORNIA AVE,1733,,,,,,,2,NO INDICATION OF INJURY,0,0,0,0,0,2,0,12,5,11,41.939849369,-87.697692489,POINT (-87.697692489083 41.939849369149)
JA505720,,11/09/2017 12:58:00 PM,10,NO CONTROLS,NO CONTROLS,CLEAR,DAYLIGHT,PARKED MOTOR VEHICLE,PARKING LOT,1,STRAIGHT AND LEVEL,DRY,NO DEFECTS,NOT ON SCENE (DESK REPORT),NO INJURY / DRIVE AWAY,,,Y,"OVER $1,500",11/09/2017 08:49:00 PM,UNABLE TO DETERMINE,NOT APPLICABLE,4300,N,NARRAGANSETT AVE,1632,,,,,,,2,NO INDICATION OF INJURY,0,0,0,0,0,1,0,12,5,11,41.958548346,-87.786918989,POINT (-87.786918988769 41.958548345645)
JA505167,,11/09/2017 01:00:00 PM,30,UNKNOWN,UNKNOWN,UNKNOWN,DAYLIGHT,SIDESWIPE OPPOSITE DIRECTION,OTHER,,STRAIGHT AND LEVEL,UNKNOWN,UNKNOWN,NOT ON SCENE (DESK REPORT),NO INJURY / DRIVE AWAY,Y,,,"OVER $1,500",11/09/2017 02:00:00 PM,UNABLE TO DETERMINE,NOT APPLICABLE,5200,N,LOCKWOOD AVE,1623,,,,,,,2,NO INDICATION OF INJURY,0,0,0,0,0,2,0,13,5,11,41.975232438,-87.7604125,POINT (-87.760412499511 41.975232437667)
JA505112,,11/09/2017 01:04:00 PM,30,TRAFFIC SIGNAL,FUNCTIONING PROPERLY,CLEAR,DAYLIGHT,TURNING,DIVIDED - W/MEDIAN (NOT RAISED),4,STRAIGHT AND LEVEL,DRY,NO DEFECTS,ON SCENE,NO INJURY / DRIVE AWAY,Y,,,"OVER $1,500",11/09/2017 01:16:00 PM,FAILING TO REDUCE SPEED TO AVOID CRASH,UNABLE TO DETERMINE,4399,W,GRAND AVE,2534,,,,,,,2,NO INDICATION OF INJURY,0,0,0,0,0,2,0,13,5,11,41.909661811,-87.735570522,POINT (-87.735570521523 41.909661811436)
JA505128,,11/09/2017 01:10:00 PM,10,NO CONTROLS,NO CONTROLS,CLEAR,DAYLIGHT,PARKED MOTOR VEHICLE,PARKING LOT,,STRAIGHT AND LEVEL,DRY,NO DEFECTS,NOT ON SCENE (DESK REPORT),NO INJURY / DRIVE AWAY,,,,"$501 - $1,500",11/09/2017 01:22:00 PM,UNABLE TO DETERMINE,UNABLE TO DETERMINE,3520,W,LAWRENCE AVE,1712,,,,,,,2,NO INDICATION OF INJURY,0,0,0,0,0,1,0,13,5,11,41.968476103,-87.716789678,POINT (-87.716789678035 41.968476103317)
JA505140,,11/09/2017 01:10:00 PM,30,NO CONTROLS,NO CONTROLS,CLEAR,DAYLIGHT,ANGLE,ONE-WAY,1,STRAIGHT AND LEVEL,DRY,NO DEFECTS,ON SCENE,NO INJURY / DRIVE AWAY,,,,"$501 - $1,500",11/09/2017 01:16:00 PM,FAILING TO YIELD RIGHT-OF-WAY,FAILING TO REDUCE SPEED TO AVOID CRASH,3831,W,AINSLIE ST,1712,,,,,,,3,NO INDICATION OF INJURY,0,0,0,0,0,3,0,13,5,11,41.96999285,-87.724512626,POINT (-87.724512626437 41.969992850478)
JA505242,,11/09/2017 01:15:00 PM,30,NO CONTROLS,NO CONTROLS,CLEAR,DAYLIGHT,SIDESWIPE SAME DIRECTION,DIVIDED - W/MEDIAN BARRIER,,STRAIGHT AND LEVEL,DRY,UNKNOWN,NOT ON SCENE (DESK REPORT),NO INJURY / DRIVE AWAY,,,,"OVER $1,500",11/09/2017 02:50:00 PM,UNABLE TO DETERMINE,UNABLE TO DETERMINE,1200,S,MICHIGAN AVE,131,,,,,,,2,NO INDICATION OF INJURY,0,0,0,0,0,2,0,13,5,11,41.867377773,-87.624283016,POINT (-87.624283015693 41.867377772988)
JA505094,,11/09/2017 01:15:00 PM,30,POLICE/FLAGMAN,OTHER,CLEAR,DAYLIGHT,SIDESWIPE SAME DIRECTION,ONE-WAY,,STRAIGHT AND LEVEL,DRY,NO DEFECTS,ON SCENE,NO INJURY / DRIVE AWAY,,,,"OVER $1,500",11/09/2017 01:22:00 PM,FAILING TO REDUCE SPEED TO AVOID CRASH,FAILING TO YIELD RIGHT-OF-WAY,60,S,DEARBORN ST,112,,,,Y,CONSTRUCTION,Y,2,NO INDICATION OF INJURY,0,0,0,0,0,3,0,13,5,11,41.881030114,-87.629519369,POINT (-87.629519368699 41.88103011369)