RD_NO,CRASH_DATE_EST_I,CRASH_DATE,POSTED_SPEED_LIMIT,TRAFFIC_CONTROL_DEVICE,DEVICE_CONDITION,WEATHER_CONDITION,LIGHTING_CONDITION,FIRST_CRASH_TYPE,TRAFFICWAY_TYPE,LANE_CNT,ALIGNMENT,ROADWAY_SURFACE_COND,ROAD_DEFECT,REPORT_TYPE,CRASH_TYPE,INTERSECTION_RELATED_I,NOT_RIGHT_OF_WAY_I,HIT_AND_RUN_I,DAMAGE,DATE_POLICE_NOTIFIED,PRIM_CONTRIBUTORY_CAUSE,SEC_CONTRIBUTORY_CAUSE,STREET_NO,STREET_DIRECTION,STREET_NAME,BEAT_OF_OCCURRENCE,PHOTOS_TAKEN_I,STATEMENTS_TAKEN_I,DOORING_I,WORK_ZONE_I,WORK_ZONE_TYPE,WORKERS_PRESENT_I,NUM_UNITS,MOST_SEVERE_INJURY,INJURIES_TOTAL,INJURIES_FATAL,INJURIES_INCAPACITATING,INJURIES_NON_INCAPACITATING,INJURIES_REPORTED_NOT_EVIDENT,INJURIES_NO_INDICATION,INJURIES_UNKNOWN,CRASH_HOUR,CRASH_DAY_OF_WEEK,CRASH_MONTH,LATITUDE,LONGITUDE,LOCATION
JA505146,,11/09/2017 01:16:00 PM,30,TRAFFIC SIGNAL,FUNCTIONING PROPERLY,CLEAR,DAYLIGHT,ANGLE,DIVIDED - W/MEDIAN (NOT RAISED),0,STRAIGHT AND LEVEL,DRY,NO DEFECTS,ON SCENE,INJURY AND / OR TOW DUE TO CRASH,Y,,,"OVER $1,500",11/09/2017 01:16:00 PM,FAILING TO YIELD RIGHT-OF-WAY,NOT APPLICABLE,3000,W,NORTH AVE,1421,,,,,,,2,NO INDICATION OF INJURY,0,0,0,0,0,3,0,13,5,11,41.910282255,-87.702273958,POINT (-87.70227395792 41.910282254788)
JA505225,,11/09/2017 01:30:00 PM,30,TRAFFIC SIGNAL,FUNCTIONING PROPERLY,CLEAR,DAYLIGHT,REAR END,NOT DIVIDED,2,STRAIGHT AND LEVEL,DRY,NO DEFECTS,NOT ON SCENE (DESK REPORT),NO INJURY / DRIVE AWAY,,,Y,"OVER $1,500",11/09/2017 02:30:00 PM,FOLLOWING TOO CLOSELY,NOT APPLICABLE,7906,S,HALSTED ST,621,,,,,,,2,NO INDICATION OF INJURY,0,0,0,0,0,2,0,13,5,11,41.750378964,-87.644184201,POINT (-87.644184201484 41.750378963631)
JA505249,,11/09/2017 01:36:00 PM,30,NO CONTROLS,NO CONTROLS,CLEAR,DAYLIGHT,PARKED MOTOR VEHICLE,DIVIDED - W/MEDIAN (NOT RAISED),2,STRAIGHT AND LEVEL,DRY,NO DEFECTS,ON SCENE,NO INJURY / DRIVE AWAY,,,,"$501 - $1,500",11/09/2017 02:38:00 PM,NOT APPLICABLE,NOT APPLICABLE,3821,W,OGDEN AVE,1014,,,,,,,2,NO INDICATION OF INJURY,0,0,0,0,0,1,0,13,5,11,41.852328331,-87.720712782,POINT (-87.72071278221 41.852328331348)
JA505168,,11/09/2017 01:51:00 PM,30,NO CONTROLS,NO CONTROLS,CLEAR,DAYLIGHT,REAR END,DIVIDED - W/MEDIAN (NOT RAISED),2,STRAIGHT AND LEVEL,UNKNOWN,UNKNOWN,ON SCENE,NO INJURY / DRIVE AWAY,Y,,,"$501 - $1,500",11/09/2017 01:53:00 PM,FOLLOWING TOO CLOSELY,NOT APPLICABLE,2527,W,PETERSON AVE,2011,,,,,,,2,NO INDICATION OF INJURY,0,0,0,0,0,2,0,13,5,11,41.990366832,-87.693254663,POINT (-87.693254662669 41.990366832291)
JA505231,,11/09/2017 02:00:00 PM,0,NO CONTROLS,NO CONTROLS,CLEAR,DAYLIGHT,PARKED MOTOR VEHICLE,PARKING LOT,,STRAIGHT AND LEVEL,DRY,NO DEFECTS,NOT ON SCENE (DESK REPORT),NO INJURY / DRIVE AWAY,,,,"OVER $1,500",11/09/2017 02:40:00 PM,UNABLE TO DETERMINE,NOT APPLICABLE,3500,N,KIMBALL AVE,1732,,,,,,,2,NO INDICATION OF INJURY,0,0,0,0,0,1,0,14,5,11,41.944881074,-87.712805089,POINT (-87.712805088759 41.944881073845)
JA505613,,11/09/2017 02:00:00 PM,30,NO CONTROLS,NO CONTROLS,CLEAR,DAYLIGHT,ANGLE,PARKING LOT,,STRAIGHT AND LEVEL,DRY,SHOULDER DEFECT,ON SCENE,INJURY AND / OR TOW DUE TO CRASH,,,,"OVER $1,500",11/09/2017 04:00:00 PM,IMPROPER BACKING,NOT APPLICABLE,3005,S,ROCKWELL ST,1034,,Y,,,,,2,NONINCAPACITATING INJURY,1,0,0,1,0,1,0,14,5,11,41.838494271,-87.689434056,POINT (-87.689434056267 41.838494271158)
JA505285,,11/09/2017 02:00:00 PM,10,NO CONTROLS,NO CONTROLS,CLEAR,DAYLIGHT,PEDESTRIAN,NOT DIVIDED,0,STRAIGHT AND LEVEL,DRY,NO DEFECTS,ON SCENE,INJURY AND / OR TOW DUE TO CRASH,,,,"$501 - $1,500",11/09/2017 02:37:00 PM,"OPERATING VEHICLE IN ERRATIC, RECKLESS, CARELESS, NEGLIGENT OR AGGRESSIVE MANNER",IMPROPER BACKING,7345,S,STATE ST,323,,,,,,,2,"REPORTED, NOT EVIDENT",1,0,0,0,1,1,0,14,5,11,41.760541966,-87.624659064,POINT (-87.6246590645 41.760541965645)
JA505178,,11/09/2017 02:00:00 PM,30,NO CONTROLS,NO CONTROLS,CLEAR,DAYLIGHT,PARKED MOTOR VEHICLE,ONE-WAY,1,STRAIGHT AND LEVEL,DRY,NO DEFECTS,NOT ON SCENE (DESK REPORT),NO INJURY / DRIVE AWAY,,,Y,"$501 - $1,500",11/09/2017 02:15:00 PM,UNABLE TO DETERMINE,UNABLE TO DETERMINE,6302,S,MAY ST,724,,,,,,,2,NO INDICATION OF INJURY,0,0,0,0,0,1,0,14,5,11,41.779478375,-87.653430975,POINT (-87.653430975097 41.779478375494)
JA505306,,11/09/2017 02:00:00 PM,30,TRAFFIC SIGNAL,FUNCTIONING PROPERLY,CLEAR,DAYLIGHT,SIDESWIPE SAME DIRECTION,DIVIDED - W/MEDIAN (NOT RAISED),4,STRAIGHT AND LEVEL,DRY,NO DEFECTS,ON SCENE,INJURY AND / OR TOW DUE TO CRASH,Y,,,"OVER $1,500",11/09/2017 02:40:00 PM,UNABLE TO DETERMINE,UNABLE TO DETERMINE,4158,W,LAKE ST,1114,,,,,,,2,NONINCAPACITATING INJURY,1,0,0,1,0,1,0,14,5,11,41.88584446,-87.730591675,POINT (-87.730591675459 41.885844459675)
JA505189,,11/09/2017 02:00:00 PM,30,NO CONTROLS,NO CONTROLS,CLEAR,DAYLIGHT,FIXED OBJECT,DIVIDED - W/MEDIAN (NOT RAISED),1,STRAIGHT AND LEVEL,DRY,NO DEFECTS,NOT ON SCENE (DESK REPORT),NO INJURY / DRIVE AWAY,,,,"$501 - $1,500",11/09/2017 02:20:00 PM,DRIVING SKILLS/KNOWLEDGE/EXPERIENCE,UNABLE TO DETERMINE,2001,S,PRAIRIE AVE,132,,,,,,,1,NO INDICATION OF INJURY,0,0,0,0,0,1,0,14,5,11,41.855476185,-87.620570418,POINT (-87.620570417682 41.855476184744)
JA506714,,11/09/2017 02:00:00 PM,10,NO CONTROLS,NO CONTROLS,CLEAR,DAYLIGHT,SIDESWIPE OPPOSITE DIRECTION,ALLEY,2,STRAIGHT AND LEVEL,DRY,NO DEFECTS,NOT ON SCENE (DESK REPORT),NO INJURY / DRIVE AWAY,,,Y,"$501 - $1,500",11/10/2017 04:00:00 PM,IMPROPER BACKING,UNABLE TO DETERMINE,2032,W,DEVON AVE,2412,,,,,,,2,NO INDICATION OF INJURY,0,0,0,0,0,2,0,14,5,11,41.99798375,-87.681420448,POINT (-87.68142044789 41.997983750252)
JA505224,,11/09/2017 02:00:00 PM,30,OTHER,FUNCTIONING PROPERLY,CLEAR,DAYLIGHT,TURNING,DIVIDED - W/MEDIAN (NOT RAISED),,STRAIGHT AND LEVEL,DRY,NO DEFECTS,ON SCENE,NO INJURY / DRIVE AWAY,,,,"OVER $1,500",11/09/2017 02:25:00 PM,IMPROPER TURNING/NO SIGNAL,FAILING TO YIELD RIGHT-OF-WAY,6400,W,DEVON AVE,1611,,,,,,,2,NO INDICATION OF INJURY,0,0,0,0,0,3,0,14,5,11,41.997463981,-87.787610243,POINT (-87.787610243414 41.997463981029)
JA505391,,11/09/2017 02:00:00 PM,30,NO CONTROLS,NO CONTROLS,CLEAR,DAYLIGHT,PARKED MOTOR VEHICLE,ONE-WAY,1,STRAIGHT AND LEVEL,DRY,NO DEFECTS,NOT ON SCENE (DESK REPORT),NO INJURY / DRIVE AWAY,,,Y,"$501 - $1,500",11/09/2017 04:40:00 PM,UNABLE TO DETERMINE,NOT APPLICABLE,1856,E,81ST ST,414,,,,,,,2,NO INDICATION OF INJURY,0,0,0,0,0,1,0,14,5,11,41.748039595,-87.579370419,POINT (-87.579370419465 41.74803959462)
JA538546,,11/09/2017 02:00:00 PM,30,STOP SIGN/FLASHER,FUNCTIONING PROPERLY,CLEAR,DAWN,ANGLE,DIVIDED - W/MEDIAN BARRIER,6,STRAIGHT AND LEVEL,DRY,NO DEFECTS,NOT ON SCENE (DESK REPORT),INJURY AND / OR TOW DUE TO CRASH,Y,,,"$501 - $1,500",12/06/2017 08:20:00 AM,FAILING TO YIELD RIGHT-OF-WAY,NOT APPLICABLE,230,E,GARFIELD BLVD,231,,,,,,,2,"REPORTED, NOT EVIDENT",1,0,0,0,1,3,0,14,5,11,41.7948571,-87.619400916,POINT (-87.619400915603 41.794857100487)
JA507194,,11/09/2017 02:19:00 PM,30,UNKNOWN,UNKNOWN,UNKNOWN,DAYLIGHT,SIDESWIPE SAME DIRECTION,NOT DIVIDED,2,STRAIGHT AND LEVEL,UNKNOWN,UNKNOWN,NOT ON SCENE (DESK REPORT),INJURY AND / OR TOW DUE TO CRASH,Y,,,"OVER $1,500",11/10/2017 09:50:00 PM,UNABLE TO DETERMINE,UNABLE TO DETERMINE,4158,W,LAKE ST,1114,,,,,,,2,"REPORTED, NOT EVIDENT",1,0,0,0,1,1,0,14,5,11,41.88584446,-87.730591675,POINT (-87.730591675459 41.885844459675)
JA505295,,11/09/2017 02:21:00 PM,35,NO CONTROLS,NO CONTROLS,CLEAR,DAYLIGHT,SIDESWIPE SAME DIRECTION,DIVIDED - W/MEDIAN (NOT RAISED),4,STRAIGHT AND LEVEL,DRY,UNKNOWN,ON SCENE,NO INJURY / DRIVE AWAY,,,,"$501 - $1,500",11/09/2017 03:11:00 PM,UNABLE TO DETERMINE,NOT APPLICABLE,3209,W,79TH ST,834,,,,,,,2,NO INDICATION OF INJURY,0,0,0,0,0,2,0,14,5,11,41.749629364,-87.702792988,POINT (-87.702792987686 41.749629363738)
JA505265,,11/09/2017 02:30:00 PM,20,NO CONTROLS,NO CONTROLS,CLEAR,DAYLIGHT,PARKED MOTOR VEHICLE,PARKING LOT,,STRAIGHT AND LEVEL,DRY,NO DEFECTS,NOT ON SCENE (DESK REPORT),NO INJURY / DRIVE AWAY,,,Y,"$501 - $1,500",11/09/2017 03:15:00 PM,UNABLE TO DETERMINE,NOT APPLICABLE,4651,W,79TH ST,834,,,,,,,2,NO INDICATION OF INJURY,0,0,0,0,0,1,0,14,5,11,41.749088829,-87.738422847,POINT (-87.738422847495 41.749088829431)
JA509055,,11/09/2017 02:30:00 PM,30,NO CONTROLS,NO CONTROLS,CLEAR,DAYLIGHT,SIDESWIPE SAME DIRECTION,NOT DIVIDED,2,STRAIGHT AND LEVEL,DRY,NO DEFECTS,NOT ON SCENE (DESK REPORT),NO INJURY / DRIVE AWAY,,,,"OVER $1,500",11/12/2017 02:46:00 PM,IMPROPER LANE USAGE,NOT APPLICABLE,4833,N,MILWAUKEE AVE,1623,,,,,,,2,NO INDICATION OF INJURY,0,0,0,0,0,2,0,14,5,11,41.968753886,-87.761325109,POINT (-87.761325109438 41.968753886279)
JA506414,,11/09/2017 02:30:00 PM,30,NO CONTROLS,NO CONTROLS,CLEAR,DAYLIGHT,TURNING,DIVIDED - W/MEDIAN (NOT RAISED),,STRAIGHT AND LEVEL,DRY,NO DEFECTS,NOT ON SCENE (DESK REPORT),NO INJURY / DRIVE AWAY,,,N,"OVER $1,500",11/10/2017 12:30:00 PM,DRIVING SKILLS/KNOWLEDGE/EXPERIENCE,NOT APPLICABLE,4701,W,MARQUETTE RD,833,,,,,,,2,NO INDICATION OF INJURY,0,0,0,0,0,2,0,14,5,11,41.771055325,-87.739670696,POINT (-87.739670696107 41.771055325389)
JA505387,,11/09/2017 02:30:00 PM,30,TRAFFIC SIGNAL,FUNCTIONING PROPERLY,CLEAR,DAYLIGHT,REAR END,NOT DIVIDED,,STRAIGHT AND LEVEL,DRY,NO DEFECTS,NOT ON SCENE (DESK REPORT),NO INJURY / DRIVE AWAY,Y,,,"OVER $1,500",11/09/2017 04:40:00 PM,UNABLE TO DETERMINE,UNABLE TO DETERMINE,653,N,MICHIGAN AVE,1834,,,,,,,2,NO INDICATION OF INJURY,0,0,0,0,0,2,0,14,5,11,41.89409702,-87.624089759,POINT (-87.624089758746 41.894097019689)
JA505317,,11/09/2017 02:30:00 PM,25,NO CONTROLS,NO CONTROLS,CLEAR,DAYLIGHT,REAR END,DIVIDED - W/MEDIAN (NOT RAISED),2,STRAIGHT AND LEVEL,DRY,NO DEFECTS,NOT ON SCENE (DESK REPORT),INJURY AND / OR TOW DUE TO CRASH,,,,"$501 - $1,500",11/09/2017 03:35:00 PM,UNABLE TO DETERMINE,UNABLE TO DETERMINE,2198,W,79TH ST,611,,,,,,,2,NONINCAPACITATING INJURY,1,0,0,1,0,1,0,14,5,11,41.750279506,-87.677979864,POINT (-87.677979863857 41.750279506035)
JA505234,,11/09/2017 02:30:00 PM,30,NO CONTROLS,NO CONTROLS,CLEAR,DAYLIGHT,PARKED MOTOR VEHICLE,NOT DIVIDED,2,STRAIGHT AND LEVEL,DRY,NO DEFECTS,NOT ON SCENE (DESK REPORT),NO INJURY / DRIVE AWAY,,,Y,$500 OR LESS,11/09/2017 02:50:00 PM,UNABLE TO DETERMINE,UNABLE TO DETERMINE,3420,W,CHICAGO AVE,1121,,,,,,,2,NO INDICATION OF INJURY,0,0,0,0,0,1,0,14,5,11,41.895607158,-87.712413422,POINT (-87.712413422311 41.895607158304)
JA512026,,11/09/2017 02:30:00 PM,30,NO CONTROLS,NO CONTROLS,CLEAR,DAYLIGHT,SIDESWIPE SAME DIRECTION,NOT DIVIDED,,STRAIGHT AND LEVEL,UNKNOWN,NO DEFECTS,NOT ON SCENE (DESK REPORT),NO INJURY / DRIVE AWAY,,,Y,"OVER $1,500",11/14/2017 07:50:00 PM,UNABLE TO DETERMINE,UNABLE TO DETERMINE,3843,N,BROADWAY,1925,,,,,,,2,NO INDICATION OF INJURY,0,0,0,0,0,2,0,14,5,11,41.952498385,-87.64949832,POINT (-87.649498320409 41.952498385378)
JA505229,Y,11/09/2017 02:30:00 PM,30,TRAFFIC SIGNAL,FUNCTIONING PROPERLY,CLEAR,DAYLIGHT,SIDESWIPE SAME DIRECTION,NOT DIVIDED,2,STRAIGHT AND LEVEL,DRY,NO DEFECTS,NOT ON SCENE (DESK REPORT),NO INJURY / DRIVE AWAY,,,,"OVER $1,500",11/09/2017 02:46:00 PM,IMPROPER OVERTAKING/PASSING,NOT APPLICABLE,80,E,RANDOLPH ST,111,,,,,,,2,NO INDICATION OF INJURY,0,0,0,0,0,2,0,14,5,11,41.884609531,-87.625024688,POINT (-87.625024688306 41.884609531033)
JA505269,,11/09/2017 02:30:00 PM,30,STOP SIGN/FLASHER,FUNCTIONING IMPROPERLY,CLEAR,DAYLIGHT,REAR END,NOT DIVIDED,4,STRAIGHT AND LEVEL,DRY,NO DEFECTS,ON SCENE,INJURY AND / OR TOW DUE TO CRASH,,,,"OVER $1,500",11/09/2017 02:40:00 PM,FOLLOWING TOO CLOSELY,NOT APPLICABLE,6201,W,IRVING PARK RD,1633,,,,,,,3,NO INDICATION OF INJURY,0,0,0,0,0,3,0,14,5,11,41.952870506,-87.781704509,POINT (-87.781704508717 41.952870506026)
JA505292,,11/09/2017 02:45:00 PM,30,TRAFFIC SIGNAL,FUNCTIONING PROPERLY,CLEAR,DAYLIGHT,PEDESTRIAN,DIVIDED - W/MEDIAN (NOT RAISED),2,STRAIGHT AND LEVEL,DRY,NO DEFECTS,ON SCENE,INJURY AND / OR TOW DUE TO CRASH,Y,,,"OVER $1,500",11/09/2017 03:25:00 PM,NOT APPLICABLE,NOT APPLICABLE,6300,S,DR MARTIN LUTHER KING JR DR,312,,,,,,,2,NONINCAPACITATING INJURY,1,0,0,1,0,1,0,14,5,11,41.780211322,-87.615768292,POINT (-87.615768291828 41.780211321839)
JA505282,,11/09/2017 02:45:00 PM,30,TRAFFIC SIGNAL,FUNCTIONING PROPERLY,CLEAR,DAYLIGHT,REAR END,DIVIDED - W/MEDIAN (NOT RAISED),2,STRAIGHT AND LEVEL,DRY,NO DEFECTS,NOT ON SCENE (DESK REPORT),NO INJURY / DRIVE AWAY,,,,"$501 - $1,500",11/09/2017 03:00:00 PM,UNABLE TO DETERMINE,UNABLE TO DETERMINE,3968,W,BELMONT AVE,1732,,,,,,,2,NO INDICATION OF INJURY,0,0,0,0,0,2,0,14,5,11,41.939208462,-87.726809361,POINT (-87.726809361452 41.939208462011)
JA505239,,11/09/2017 02:45:00 PM,30,NO CONTROLS,NO CONTROLS,CLEAR,DAYLIGHT,SIDESWIPE SAME DIRECTION,NOT DIVIDED,,STRAIGHT AND LEVEL,DRY,NO DEFECTS,ON SCENE,NO INJURY / DRIVE AWAY,,,,"$501 - $1,500",11/09/2017 03:00:00 PM,IMPROPER LANE USAGE,NOT APPLICABLE,950,W,WELLINGTON AVE,1933,,,,,,,2,NO INDICATION OF INJURY,0,0,0,0,0,2,0,14,5,11,41.936388563,-87.653565797,POINT (-87.653565797208 41.936388563024)
JA505259,,11/09/2017 02:50:00 PM,35,NO CONTROLS,UNKNOWN,CLEAR,DAYLIGHT,REAR END,NOT DIVIDED,,STRAIGHT AND LEVEL,DRY,UNKNOWN,ON SCENE,INJURY AND / OR TOW DUE TO CRASH,,,,"OVER $1,500",11/09/2017 02:50:00 PM,UNDER THE INFLUENCE OF ALCOHOL/DRUGS (USE WHEN ARREST IS EFFECTED),HAD BEEN DRINKING (USE WHEN ARREST IS NOT MADE),6315,S,DR MARTIN LUTHER KING JR DR,312,,,,,,,3,NONINCAPACITATING INJURY,3,0,0,3,0,0,0,14,5,11,41.779661671,-87.615464556,POINT (-87.615464555849 41.779661671434)
JA505284,,11/09/2017 02:50:00 PM,30,TRAFFIC SIGNAL,FUNCTIONING PROPERLY,CLEAR,DAYLIGHT,SIDESWIPE SAME DIRECTION,DIVIDED - W/MEDIAN (NOT RAISED),2,STRAIGHT AND LEVEL,DRY,NO DEFECTS,,NO INJURY / DRIVE AWAY,,,,"OVER $1,500",11/09/2017 03:20:00 PM,IMPROPER OVERTAKING/PASSING,FAILING TO REDUCE SPEED TO AVOID CRASH,4400,W,CERMAK RD,1012,,,,,,,2,NO INDICATION OF INJURY,0,0,0,0,0,2,0,14,5,11,41.851509196,-87.734559326,POINT (-87.734559326014 41.851509196295)
JA505304,,11/09/2017 02:53:00 PM,30,NO CONTROLS,NO CONTROLS,CLEAR,DAYLIGHT,REAR END,ONE-WAY,3,STRAIGHT AND LEVEL,DRY,NO DEFECTS,NOT ON SCENE (DESK REPORT),NO INJURY / DRIVE AWAY,,,,"$501 - $1,500",11/09/2017 03:10:00 PM,FOLLOWING TOO CLOSELY,NOT APPLICABLE,320,W,OHIO ST,1831,,,,,,,2,NO INDICATION OF INJURY,0,0,0,0,0,3,0,14,5,11,41.892465831,-87.636548181,POINT (-87.636548181326 41.892465831107)
JA505328,,11/09/2017 02:55:00 PM,30,TRAFFIC SIGNAL,FUNCTIONING PROPERLY,CLEAR,DAYLIGHT,REAR END,NOT DIVIDED,6,STRAIGHT AND LEVEL,DRY,NO DEFECTS,NOT ON SCENE (DESK REPORT),NO INJURY / DRIVE AWAY,Y,,,"OVER $1,500",11/09/2017 04:05:00 PM,FOLLOWING TOO CLOSELY,NOT APPLICABLE,900,N,MICHIGAN AVE,1833,,,,,,,3,NO INDICATION OF INJURY,0,0,0,0,0,3,0,14,5,11,41.899248597,-87.624274978,POINT (-87.624274978205 41.899248597036)
JA505274,,11/09/2017 02:55:00 PM,30,TRAFFIC SIGNAL,FUNCTIONING PROPERLY,CLEAR,DAYLIGHT,TURNING,NOT DIVIDED,5,STRAIGHT AND LEVEL,DRY,NO DEFECTS,ON SCENE,NO INJURY / DRIVE AWAY,,,,"OVER $1,500",11/09/2017 03:00:00 PM,IMPROPER LANE USAGE,UNABLE TO DETERMINE,5702,N,BROADWAY,2013,,,,,,,2,NO INDICATION OF INJURY,0,0,0,0,0,2,0,14,5,11,41.985698165,-87.660278882,POINT (-87.660278882293 41.985698165046)
JA505331,,11/09/2017 03:00:00 PM,25,NO CONTROLS,NO CONTROLS,CLEAR,DAYLIGHT,REAR END,DIVIDED - W/MEDIAN (NOT RAISED),2,STRAIGHT AND LEVEL,DRY,NO DEFECTS,ON SCENE,NO INJURY / DRIVE AWAY,,,,$500 OR LESS,11/09/2017 03:01:00 PM,FOLLOWING TOO CLOSELY,NOT APPLICABLE,8100,S,DR MARTIN LUTHER KING JR DR,631,,,,,,,2,NO INDICATION OF INJURY,0,0,0,0,0,2,0,15,5,11,41.747369471,-87.615014782,POINT (-87.61501478186 41.747369471252)
JA505250,,11/09/2017 03:00:00 PM,30,TRAFFIC SIGNAL,FUNCTIONING PROPERLY,CLEAR,DAYLIGHT,TURNING,DIVIDED - W/MEDIAN BARRIER,,STRAIGHT AND LEVEL,DRY,NO DEFECTS,ON SCENE,NO INJURY / DRIVE AWAY,Y,,,"OVER $1,500",11/09/2017 03:01:00 PM,UNABLE TO DETERMINE,UNABLE TO DETERMINE,3600,W,OGDEN AVE,1014,,,,,,,2,NO INDICATION OF INJURY,0,0,0,0,0,2,0,15,5,11,41.854645702,-87.715206252,POINT (-87.715206251845 41.854645701934)
JA505257,,11/09/2017 03:00:00 PM,30,NO CONTROLS,NO CONTROLS,CLEAR,DAYLIGHT,SIDESWIPE SAME DIRECTION,DIVIDED - W/MEDIAN BARRIER,4,STRAIGHT AND LEVEL,DRY,NO DEFECTS,ON SCENE,INJURY AND / OR TOW DUE TO CRASH,,,,"OVER $1,500",11/09/2017 03:05:00 PM,IMPROPER LANE USAGE,NOT APPLICABLE,1654,N,ASHLAND AVE,1433,,,,,,,2,NO INDICATION OF INJURY,0,0,0,0,0,2,0,15,5,11,41.912243844,-87.667883281,POINT (-87.667883280581 41.912243844315)
JA505463,,11/09/2017 03:00:00 PM,30,TRAFFIC SIGNAL,FUNCTIONING PROPERLY,CLEAR,DAYLIGHT,PEDALCYCLIST,CENTER TURN LANE,4,STRAIGHT AND LEVEL,DRY,NO DEFECTS,ON SCENE,INJURY AND / OR TOW DUE TO CRASH,Y,,,"OVER $1,500",11/09/2017 04:10:00 PM,UNABLE TO DETERMINE,NOT APPLICABLE,1432,N,HALSTED ST,1822,,,,,,,2,NONINCAPACITATING INJURY,1,0,0,1,0,1,0,15,5,11,41.907417906,-87.64833554,POINT (-87.648335539772 41.907417906078)
JA505300,,11/09/2017 03:05:00 PM,30,NO CONTROLS,NO CONTROLS,CLEAR,DAYLIGHT,PARKED MOTOR VEHICLE,NOT DIVIDED,,STRAIGHT AND LEVEL,DRY,NO DEFECTS,NOT ON SCENE (DESK REPORT),NO INJURY / DRIVE AWAY,N,,,"$501 - $1,500",11/09/2017 03:35:00 PM,UNABLE TO DETERMINE,UNABLE TO DETERMINE,1199,N,DEARBORN ST,1824,,,,,,,2,NO INDICATION OF INJURY,0,0,0,0,0,2,0,15,5,11,41.903887132,-87.629838068,POINT (-87.629838068012 41.903887132067)
JA505430,,11/09/2017 03:05:00 PM,30,TRAFFIC SIGNAL,FUNCTIONING PROPERLY,CLEAR,DAYLIGHT,ANGLE,NOT DIVIDED,,STRAIGHT AND LEVEL,DRY,NO DEFECTS,ON SCENE,INJURY AND / OR TOW DUE TO CRASH,Y,,,"OVER $1,500",11/09/2017 04:15:00 PM,FAILING TO YIELD RIGHT-OF-WAY,NOT APPLICABLE,6000,W,IRVING PARK RD,1624,,,,,,,2,NO INDICATION OF INJURY,0,0,0,0,0,2,0,15,5,11,41.953163772,-87.776842593,POINT (-87.776842592847 41.953163771852)
JA505403,,11/09/2017 03:05:00 PM,30,NO CONTROLS,NO CONTROLS,CLEAR,DAYLIGHT,REAR END,NOT DIVIDED,2,STRAIGHT AND LEVEL,DRY,NO DEFECTS,ON SCENE,NO INJURY / DRIVE AWAY,,,,"$501 - $1,500",11/09/2017 04:15:00 PM,UNABLE TO DETERMINE,UNABLE TO DETERMINE,4412,N,MILWAUKEE AVE,1623,,,,,,,2,NO INDICATION OF INJURY,0,0,0,0,0,2,0,15,5,11,41.960943938,-87.754921082,POINT (-87.754921082459 41.960943937996)
JA505379,,11/09/2017 03:07:00 PM,30,NO CONTROLS,NO CONTROLS,CLEAR,DAYLIGHT,SIDESWIPE SAME DIRECTION,DIVIDED - W/MEDIAN (NOT RAISED),4,STRAIGHT AND LEVEL,DRY,NO DEFECTS,NOT ON SCENE (DESK REPORT),NO INJURY / DRIVE AWAY,,,Y,"OVER $1,500",11/09/2017 04:40:00 PM,UNABLE TO DETERMINE,UNABLE TO DETERMINE,158,N,CICERO AVE,1532,,,,,,,2,NO INDICATION OF INJURY,0,0,0,0,0,2,0,15,5,11,41.883564997,-87.745538493,POINT (-87.745538493305 41.883564997115)
JA505399,,11/09/2017 03:15:00 PM,30,NO CONTROLS,NO CONTROLS,CLEAR,DAYLIGHT,SIDESWIPE SAME DIRECTION,DIVIDED - W/MEDIAN (NOT RAISED),2,STRAIGHT AND LEVEL,DRY,NO DEFECTS,NOT ON SCENE (DESK REPORT),NO INJURY / DRIVE AWAY,,,,"$501 - $1,500",11/09/2017 04:15:00 PM,UNABLE TO DETERMINE,UNABLE TO DETERMINE,777,W,CHICAGO AVE,1214,,,,,,,2,NO INDICATION OF INJURY,0,0,0,0,0,3,0,15,5,11,41.89628637,-87.647668725,POINT (-87.647668725313 41.896286369547)
JA508915,,11/09/2017 03:15:00 PM,15,NO CONTROLS,NO CONTROLS,CLEAR,DAYLIGHT,ANGLE,PARKING LOT,1,STRAIGHT AND LEVEL,DRY,NO DEFECTS,NOT ON SCENE (DESK REPORT),NO INJURY / DRIVE AWAY,,Y,,"$501 - $1,500",11/12/2017 12:25:00 PM,FAILING TO YIELD RIGHT-OF-WAY,UNABLE TO DETERMINE,4821,W,NORTH AVE,2533,,,,,,,2,NO INDICATION OF INJURY,0,0,0,0,0,2,0,15,5,11,41.909505148,-87.746959936,POINT (-87.746959936272 41.909505147743)
JA505293,,11/09/2017 03:15:00 PM,30,NO CONTROLS,NO CONTROLS,CLEAR,DAYLIGHT,SIDESWIPE SAME DIRECTION,NOT DIVIDED,,STRAIGHT AND LEVEL,DRY,NO DEFECTS,ON SCENE,NO INJURY / DRIVE AWAY,,,,"OVER $1,500",11/09/2017 03:22:00 PM,FAILING TO YIELD RIGHT-OF-WAY,NOT APPLICABLE,1524,E,53RD ST,234,,,,,,,2,NO INDICATION OF INJURY,0,0,0,0,0,2,0,15,5,11,41.799661399,-87.588100825,POINT (-87.588100825105 41.799661398535)