RD_NO,CRASH_DATE_EST_I,CRASH_DATE,POSTED_SPEED_LIMIT,TRAFFIC_CONTROL_DEVICE,DEVICE_CONDITION,WEATHER_CONDITION,LIGHTING_CONDITION,FIRST_CRASH_TYPE,TRAFFICWAY_TYPE,LANE_CNT,ALIGNMENT,ROADWAY_SURFACE_COND,ROAD_DEFECT,REPORT_TYPE,CRASH_TYPE,INTERSECTION_RELATED_I,NOT_RIGHT_OF_WAY_I,HIT_AND_RUN_I,DAMAGE,DATE_POLICE_NOTIFIED,PRIM_CONTRIBUTORY_CAUSE,SEC_CONTRIBUTORY_CAUSE,STREET_NO,STREET_DIRECTION,STREET_NAME,BEAT_OF_OCCURRENCE,PHOTOS_TAKEN_I,STATEMENTS_TAKEN_I,DOORING_I,WORK_ZONE_I,WORK_ZONE_TYPE,WORKERS_PRESENT_I,NUM_UNITS,MOST_SEVERE_INJURY,INJURIES_TOTAL,INJURIES_FATAL,INJURIES_INCAPACITATING,INJURIES_NON_INCAPACITATING,INJURIES_REPORTED_NOT_EVIDENT,INJURIES_NO_INDICATION,INJURIES_UNKNOWN,CRASH_HOUR,CRASH_DAY_OF_WEEK,CRASH_MONTH,LATITUDE,LONGITUDE,LOCATION
JA505339,,11/09/2017 03:15:00 PM,30,NO CONTROLS,NO CONTROLS,CLEAR,DAYLIGHT,REAR END,NOT DIVIDED,2,STRAIGHT AND LEVEL,DRY,UNKNOWN,NOT ON SCENE (DESK REPORT),NO INJURY / DRIVE AWAY,,,,"$501 - $1,500",11/09/2017 04:00:00 PM,UNABLE TO DETERMINE,UNABLE TO DETERMINE,47,E,31ST ST,211,,,,,,,2,NO INDICATION OF INJURY,0,0,0,0,0,2,0,15,5,11,41.838215006,-87.624894621,POINT (-87.62489462121 41.838215006123)
JA507772,,11/09/2017 03:20:00 PM,30,NO CONTROLS,NO CONTROLS,CLEAR,DAYLIGHT,PARKED MOTOR VEHICLE,NOT DIVIDED,2,STRAIGHT AND LEVEL,DRY,NO DEFECTS,NOT ON SCENE (DESK REPORT),NO INJURY / DRIVE AWAY,,,,"OVER $1,500",11/11/2017 12:30:00 PM,IMPROPER LANE USAGE,UNABLE TO DETERMINE,3900,N,HARLEM AVE,1631,,,,,,,2,NO INDICATION OF INJURY,0,0,0,0,0,1,0,15,5,11,41.950755392,-87.807347168,POINT (-87.807347168183 41.950755392273)
JA505372,,11/09/2017 03:25:00 PM,30,TRAFFIC SIGNAL,FUNCTIONING PROPERLY,CLEAR,DAYLIGHT,SIDESWIPE SAME DIRECTION,DIVIDED - W/MEDIAN (NOT RAISED),4,STRAIGHT AND LEVEL,DRY,NO DEFECTS,NOT ON SCENE (DESK REPORT),NO INJURY / DRIVE AWAY,,,,"OVER $1,500",11/09/2017 04:00:00 PM,IMPROPER LANE USAGE,IMPROPER LANE USAGE,5217,N,NAGLE AVE,1622,,,,,,,2,NO INDICATION OF INJURY,0,0,0,0,0,2,0,15,5,11,41.976252132,-87.787714158,POINT (-87.787714158077 41.97625213242)
JA505425,,11/09/2017 03:25:00 PM,30,TRAFFIC SIGNAL,FUNCTIONING PROPERLY,CLEAR,DAYLIGHT,TURNING,OTHER,,STRAIGHT AND LEVEL,DRY,NO DEFECTS,NOT ON SCENE (DESK REPORT),NO INJURY / DRIVE AWAY,,,,"OVER $1,500",11/09/2017 05:00:00 PM,IMPROPER LANE USAGE,IMPROPER LANE USAGE,1501,E,95TH ST,511,,,,,,,2,NO INDICATION OF INJURY,0,0,0,0,0,2,0,15,5,11,41.722193115,-87.587950588,POINT (-87.587950588072 41.722193114614)
JA534700,,11/09/2017 03:30:00 PM,35,NO CONTROLS,NO CONTROLS,CLEAR,DAYLIGHT,FIXED OBJECT,DIVIDED - W/MEDIAN (NOT RAISED),4,STRAIGHT AND LEVEL,DRY,"RUT, HOLES",NOT ON SCENE (DESK REPORT),INJURY AND / OR TOW DUE TO CRASH,,,,"$501 - $1,500",12/03/2017 09:20:00 AM,ROAD ENGINEERING/SURFACE/MARKING DEFECTS,ROAD ENGINEERING/SURFACE/MARKING DEFECTS,1809,S,WESTERN AVE,1234,,,,,,,2,NO INDICATION OF INJURY,0,0,0,0,0,2,0,15,5,11,41.857262743,-87.685644567,POINT (-87.685644566763 41.857262743237)
JA505343,,11/09/2017 03:30:00 PM,15,NO CONTROLS,NO CONTROLS,CLEAR,DAYLIGHT,SIDESWIPE SAME DIRECTION,NOT DIVIDED,1,STRAIGHT AND LEVEL,DRY,NO DEFECTS,NOT ON SCENE (DESK REPORT),NO INJURY / DRIVE AWAY,,,,"OVER $1,500",11/09/2017 04:00:00 PM,FAILING TO YIELD RIGHT-OF-WAY,UNABLE TO DETERMINE,409,E,62ND ST,313,,,,,,,2,NO INDICATION OF INJURY,0,0,0,0,0,2,0,15,5,11,41.781969637,-87.615271822,POINT (-87.615271822342 41.781969636591)
JA505384,,11/09/2017 03:30:00 PM,0,NO CONTROLS,NO CONTROLS,CLEAR,DAYLIGHT,PEDESTRIAN,DIVIDED - W/MEDIAN (NOT RAISED),,STRAIGHT AND LEVEL,DRY,NO DEFECTS,NOT ON SCENE (DESK REPORT),INJURY AND / OR TOW DUE TO CRASH,,,,"OVER $1,500",11/09/2017 04:00:00 PM,UNABLE TO DETERMINE,NOT APPLICABLE,214,E,51ST ST,224,,,,,,,2,NONINCAPACITATING INJURY,1,0,0,1,0,1,0,15,5,11,41.802148089,-87.620348799,POINT (-87.620348799201 41.80214808935)
JA505323,,11/09/2017 03:30:00 PM,30,TRAFFIC SIGNAL,FUNCTIONING PROPERLY,CLEAR,DAYLIGHT,REAR END,NOT DIVIDED,,STRAIGHT AND LEVEL,DRY,NO DEFECTS,NOT ON SCENE (DESK REPORT),NO INJURY / DRIVE AWAY,,,,"$501 - $1,500",11/09/2017 03:45:00 PM,FAILING TO REDUCE SPEED TO AVOID CRASH,UNABLE TO DETERMINE,3640,N,ELSTON AVE,1733,,,,,,,2,NO INDICATION OF INJURY,0,0,0,0,0,2,0,15,5,11,41.947349987,-87.710122288,POINT (-87.710122287831 41.947349986872)
JA505525,,11/09/2017 03:30:00 PM,30,STOP SIGN/FLASHER,FUNCTIONING PROPERLY,CLEAR,DAYLIGHT,REAR END,NOT DIVIDED,,STRAIGHT AND LEVEL,DRY,NO DEFECTS,NOT ON SCENE (DESK REPORT),NO INJURY / DRIVE AWAY,,,,"OVER $1,500",11/09/2017 04:30:00 PM,FOLLOWING TOO CLOSELY,NOT APPLICABLE,13401,S,BRAINARD AVE,433,,,,,,,2,NO INDICATION OF INJURY,0,0,0,0,0,2,0,15,5,11,41.651872453,-87.550093468,POINT (-87.550093467583 41.651872452611)
JA505633,,11/09/2017 03:45:00 PM,30,NO CONTROLS,NO CONTROLS,CLEAR,DAYLIGHT,PARKED MOTOR VEHICLE,NOT DIVIDED,2,STRAIGHT AND LEVEL,DRY,NO DEFECTS,NOT ON SCENE (DESK REPORT),NO INJURY / DRIVE AWAY,,,,"OVER $1,500",11/09/2017 07:28:00 PM,UNABLE TO DETERMINE,NOT APPLICABLE,4499,N,MELVINA AVE,1622,,,,,,,2,NO INDICATION OF INJURY,0,0,0,0,0,1,0,15,5,11,41.962013039,-87.781817212,POINT (-87.781817211677 41.962013038907)
JA505388,Y,11/09/2017 03:45:00 PM,35,NO CONTROLS,NO CONTROLS,CLEAR,DAYLIGHT,SIDESWIPE SAME DIRECTION,DIVIDED - W/MEDIAN (NOT RAISED),,STRAIGHT AND LEVEL,DRY,UNKNOWN,ON SCENE,INJURY AND / OR TOW DUE TO CRASH,,,,"OVER $1,500",11/09/2017 04:45:00 PM,DISREGARDING ROAD MARKINGS,NOT APPLICABLE,4300,N,ASHLAND AVE,1912,,Y,,,,,2,NONINCAPACITATING INJURY,1,0,0,1,0,2,0,15,5,11,41.959857387,-87.669354442,POINT (-87.669354442445 41.959857386639)
JA505566,,11/09/2017 03:45:00 PM,30,NO CONTROLS,NO CONTROLS,CLEAR,DAYLIGHT,PARKED MOTOR VEHICLE,ONE-WAY,2,STRAIGHT AND LEVEL,DRY,NO DEFECTS,,NO INJURY / DRIVE AWAY,,,,"OVER $1,500",11/09/2017 06:30:00 PM,DISTRACTION - FROM OUTSIDE VEHICLE,NOT APPLICABLE,5521,N,SPAULDING AVE,1712,,,,,,,2,NO INDICATION OF INJURY,0,0,0,0,0,1,0,15,5,11,41.981881121,-87.711117401,POINT (-87.711117400933 41.981881120847)
JA505434,,11/09/2017 03:45:00 PM,30,TRAFFIC SIGNAL,FUNCTIONING PROPERLY,CLEAR,"DARKNESS, LIGHTED ROAD",TURNING,NOT DIVIDED,2,STRAIGHT AND LEVEL,DRY,NO DEFECTS,,NO INJURY / DRIVE AWAY,Y,,,"OVER $1,500",11/09/2017 05:10:00 PM,DISREGARDING TRAFFIC SIGNALS,UNABLE TO DETERMINE,199,S,PAULINA ST,1224,,,,,,,2,NO INDICATION OF INJURY,0,0,0,0,0,4,0,15,5,11,41.878922021,-87.669082747,POINT (-87.669082747324 41.878922021152)
JA505390,,11/09/2017 03:45:00 PM,35,NO CONTROLS,NO CONTROLS,CLEAR,DAYLIGHT,REAR END,DIVIDED - W/MEDIAN BARRIER,,STRAIGHT AND LEVEL,DRY,NO DEFECTS,NOT ON SCENE (DESK REPORT),NO INJURY / DRIVE AWAY,,,,"OVER $1,500",11/09/2017 04:35:00 PM,FOLLOWING TOO CLOSELY,UNABLE TO DETERMINE,5230,S,LAKE SHORE DR SB,234,,,,,,,2,NO INDICATION OF INJURY,0,0,0,0,0,2,0,15,5,11,41.800637847,-87.581719165,POINT (-87.581719165113 41.800637847191)
JA505686,,11/09/2017 03:45:00 PM,30,NO CONTROLS,NO CONTROLS,CLEAR,DAYLIGHT,PARKED MOTOR VEHICLE,NOT DIVIDED,2,STRAIGHT AND LEVEL,DRY,NO DEFECTS,NOT ON SCENE (DESK REPORT),NO INJURY / DRIVE AWAY,,,,"OVER $1,500",11/09/2017 08:16:00 PM,IMPROPER LANE USAGE,NOT APPLICABLE,2798,W,FOSTER AVE,2011,,,,,,,2,NO INDICATION OF INJURY,0,0,0,0,0,1,0,15,5,11,41.97592824,-87.698802053,POINT (-87.698802052573 41.9759282399)
JA505375,,11/09/2017 03:45:00 PM,20,NO CONTROLS,NO CONTROLS,CLEAR,DUSK,ANGLE,ALLEY,,STRAIGHT AND LEVEL,DRY,NO DEFECTS,ON SCENE,NO INJURY / DRIVE AWAY,Y,,,"OVER $1,500",11/09/2017 04:23:00 PM,FAILING TO YIELD RIGHT-OF-WAY,NOT APPLICABLE,2014,N,KEELER AVE,2522,,,,,,,2,NO INDICATION OF INJURY,0,0,0,0,0,2,0,15,5,11,41.91758916,-87.731616932,POINT (-87.731616932413 41.91758915984)
JA505504,,11/09/2017 03:50:00 PM,30,TRAFFIC SIGNAL,FUNCTIONING PROPERLY,CLEAR,DAYLIGHT,SIDESWIPE SAME DIRECTION,DIVIDED - W/MEDIAN (NOT RAISED),2,STRAIGHT AND LEVEL,DRY,NO DEFECTS,NOT ON SCENE (DESK REPORT),NO INJURY / DRIVE AWAY,,,,"OVER $1,500",11/09/2017 05:55:00 PM,IMPROPER LANE USAGE,FAILING TO YIELD RIGHT-OF-WAY,1200,S,HALSTED ST,1232,,,,,,,2,NO INDICATION OF INJURY,0,0,0,0,0,2,0,15,5,11,41.867125251,-87.647064808,POINT (-87.647064808299 41.867125250673)
JA505402,,11/09/2017 03:50:00 PM,25,TRAFFIC SIGNAL,FUNCTIONING PROPERLY,CLEAR,DAYLIGHT,PEDESTRIAN,NOT DIVIDED,2,STRAIGHT ON GRADE,DRY,NO DEFECTS,ON SCENE,INJURY AND / OR TOW DUE TO CRASH,Y,,Y,$500 OR LESS,11/09/2017 03:55:00 PM,FAILING TO YIELD RIGHT-OF-WAY,UNABLE TO DETERMINE,7600,W,TALCOTT AVE,1612,,,,,,,2,NONINCAPACITATING INJURY,1,0,0,1,0,2,0,15,5,11,41.990761963,-87.816762188,POINT (-87.816762188326 41.990761963149)
JA505344,,11/09/2017 03:50:00 PM,30,NO CONTROLS,NO CONTROLS,CLEAR,DAYLIGHT,ANGLE,PARKING LOT,,STRAIGHT AND LEVEL,DRY,NO DEFECTS,NOT ON SCENE (DESK REPORT),NO INJURY / DRIVE AWAY,,Y,,"OVER $1,500",11/09/2017 04:00:00 PM,IMPROPER BACKING,IMPROPER BACKING,7516,N,CLARK ST,2424,,,,,,,2,NO INDICATION OF INJURY,0,0,0,0,0,4,0,15,5,11,42.018366389,-87.676042709,POINT (-87.676042708986 42.018366389269)
JA505376,,11/09/2017 03:51:00 PM,30,NO CONTROLS,NO CONTROLS,CLEAR,DAYLIGHT,TURNING,DIVIDED - W/MEDIAN (NOT RAISED),4,STRAIGHT AND LEVEL,DRY,NO DEFECTS,NOT ON SCENE (DESK REPORT),NO INJURY / DRIVE AWAY,,,,"$501 - $1,500",11/09/2017 04:25:00 PM,UNABLE TO DETERMINE,NOT APPLICABLE,5555,W,NORTH AVE,2532,,,,,,,2,NO INDICATION OF INJURY,0,0,0,0,0,2,0,15,5,11,41.909274567,-87.765187785,POINT (-87.765187784962 41.909274566712)
JA505346,,11/09/2017 03:53:00 PM,30,NO CONTROLS,NO CONTROLS,CLEAR,DAYLIGHT,TURNING,NOT DIVIDED,4,STRAIGHT AND LEVEL,DRY,NO DEFECTS,ON SCENE,INJURY AND / OR TOW DUE TO CRASH,Y,,,"OVER $1,500",11/09/2017 03:57:00 PM,FAILING TO YIELD RIGHT-OF-WAY,NOT APPLICABLE,5600,S,PULASKI RD,813,,,,,,,2,NO INDICATION OF INJURY,0,0,0,0,0,3,0,15,5,11,41.791349424,-87.723255323,POINT (-87.723255322969 41.791349423725)
JA505355,,11/09/2017 03:59:00 PM,30,NO CONTROLS,NO CONTROLS,CLEAR,DAYLIGHT,TURNING,ONE-WAY,2,STRAIGHT AND LEVEL,DRY,NO DEFECTS,NOT ON SCENE (DESK REPORT),NO INJURY / DRIVE AWAY,,,,"OVER $1,500",11/09/2017 04:01:00 PM,FAILING TO YIELD RIGHT-OF-WAY,NOT APPLICABLE,6430,S,WELLS ST,722,,,,,,,2,NO INDICATION OF INJURY,0,0,0,0,0,2,0,15,5,11,41.777282587,-87.630698061,POINT (-87.630698060793 41.77728258697)
JA505440,,11/09/2017 04:00:00 PM,30,TRAFFIC SIGNAL,FUNCTIONING PROPERLY,CLEAR,DAYLIGHT,REAR END,DIVIDED - W/MEDIAN (NOT RAISED),4,STRAIGHT AND LEVEL,DRY,NO DEFECTS,ON SCENE,INJURY AND / OR TOW DUE TO CRASH,Y,Y,,"OVER $1,500",11/09/2017 04:09:00 PM,FOLLOWING TOO CLOSELY,NOT APPLICABLE,1700,W,OGDEN AVE,1225,,,,,,,2,NO INDICATION OF INJURY,0,0,0,0,0,2,0,16,5,11,41.878898957,-87.669372103,POINT (-87.669372103135 41.878898956797)
JA505414,,11/09/2017 04:00:00 PM,30,TRAFFIC SIGNAL,FUNCTIONING PROPERLY,CLEAR,DAYLIGHT,SIDESWIPE SAME DIRECTION,ONE-WAY,,STRAIGHT AND LEVEL,DRY,NO DEFECTS,NOT ON SCENE (DESK REPORT),NO INJURY / DRIVE AWAY,,,Y,"$501 - $1,500",11/09/2017 05:00:00 PM,UNABLE TO DETERMINE,NOT APPLICABLE,156,W,VAN BUREN ST,122,,,,,,,2,NO INDICATION OF INJURY,0,0,0,0,0,2,0,16,5,11,41.876979236,-87.632715296,POINT (-87.63271529572 41.876979236087)
JA505629,,11/09/2017 04:00:00 PM,30,TRAFFIC SIGNAL,FUNCTIONING PROPERLY,CLEAR,DAYLIGHT,SIDESWIPE SAME DIRECTION,DIVIDED - W/MEDIAN (NOT RAISED),1,STRAIGHT AND LEVEL,DRY,NO DEFECTS,ON SCENE,NO INJURY / DRIVE AWAY,Y,,,"OVER $1,500",11/09/2017 07:30:00 PM,IMPROPER LANE USAGE,IMPROPER LANE USAGE,1601,S,BLUE ISLAND AVE,1233,,,,,,,2,NO INDICATION OF INJURY,0,0,0,0,0,2,0,16,5,11,41.859565973,-87.659524514,POINT (-87.659524513506 41.859565972988)
JA506067,Y,11/09/2017 04:00:00 PM,30,NO CONTROLS,NO CONTROLS,CLEAR,DAYLIGHT,PARKED MOTOR VEHICLE,NOT DIVIDED,2,STRAIGHT AND LEVEL,DRY,NO DEFECTS,NOT ON SCENE (DESK REPORT),NO INJURY / DRIVE AWAY,,,Y,"OVER $1,500",11/10/2017 08:05:00 AM,NOT APPLICABLE,NOT APPLICABLE,3711,W,DOUGLAS BLVD,1011,,,,,,,2,NO INDICATION OF INJURY,0,0,0,0,0,1,0,16,5,11,41.862254728,-87.718259268,POINT (-87.718259268187 41.862254728383)
JA505404,,11/09/2017 04:00:00 PM,30,STOP SIGN/FLASHER,FUNCTIONING PROPERLY,CLEAR,DAYLIGHT,TURNING,DIVIDED - W/MEDIAN (NOT RAISED),6,STRAIGHT AND LEVEL,DRY,NO DEFECTS,NOT ON SCENE (DESK REPORT),NO INJURY / DRIVE AWAY,,,,"OVER $1,500",11/09/2017 04:30:00 PM,IMPROPER TURNING/NO SIGNAL,DRIVING SKILLS/KNOWLEDGE/EXPERIENCE,15,W,95TH ST,511,,,,,,,2,NO INDICATION OF INJURY,0,0,0,0,0,3,0,16,5,11,41.721514969,-87.624610166,POINT (-87.624610165642 41.721514969204)
JA505354,,11/09/2017 04:00:00 PM,30,NO CONTROLS,NO CONTROLS,CLEAR,DAYLIGHT,PARKED MOTOR VEHICLE,NOT DIVIDED,2,STRAIGHT AND LEVEL,DRY,NO DEFECTS,NOT ON SCENE (DESK REPORT),NO INJURY / DRIVE AWAY,,,Y,"OVER $1,500",11/09/2017 04:18:00 PM,UNABLE TO DETERMINE,NOT APPLICABLE,2846,N,MC VICKER AVE,2511,,,,,,,2,NO INDICATION OF INJURY,0,0,0,0,0,1,0,16,5,11,41.93251535,-87.77737354,POINT (-87.777373539683 41.932515350263)
JA505435,,11/09/2017 04:00:00 PM,30,STOP SIGN/FLASHER,FUNCTIONING PROPERLY,CLEAR,DAYLIGHT,ANGLE,NOT DIVIDED,0,STRAIGHT AND LEVEL,DRY,NO DEFECTS,ON SCENE,INJURY AND / OR TOW DUE TO CRASH,Y,,,"OVER $1,500",11/09/2017 04:35:00 PM,DISREGARDING STOP SIGN,DISTRACTION - FROM INSIDE VEHICLE,2101,W,CERMAK RD,1034,,,,,,,2,NO INDICATION OF INJURY,0,0,0,0,0,2,0,16,5,11,41.852025692,-87.678412243,POINT (-87.678412243343 41.852025691815)
JA505428,,11/09/2017 04:00:00 PM,30,NO CONTROLS,NO CONTROLS,CLEAR,DAYLIGHT,PARKED MOTOR VEHICLE,NOT DIVIDED,2,STRAIGHT AND LEVEL,DRY,NO DEFECTS,NOT ON SCENE (DESK REPORT),NO INJURY / DRIVE AWAY,,,,"OVER $1,500",11/09/2017 05:07:00 PM,FAILING TO YIELD RIGHT-OF-WAY,NOT APPLICABLE,6029,W,BERTEAU AVE,1624,,,,,,,2,NO INDICATION OF INJURY,0,0,0,0,0,1,0,16,5,11,41.956577541,-87.778055579,POINT (-87.778055578661 41.956577541085)
JA505386,,11/09/2017 04:05:00 PM,35,LANE USE MARKING,FUNCTIONING PROPERLY,CLEAR,DAYLIGHT,SIDESWIPE SAME DIRECTION,NOT DIVIDED,5,STRAIGHT AND LEVEL,DRY,NO DEFECTS,ON SCENE,NO INJURY / DRIVE AWAY,,,,$500 OR LESS,11/09/2017 04:09:00 PM,UNABLE TO DETERMINE,UNABLE TO DETERMINE,6010,N,WESTERN AVE,2413,,,,,,,2,NO INDICATION OF INJURY,0,0,0,0,0,2,0,16,5,11,41.990851994,-87.689830956,POINT (-87.689830956067 41.990851993601)
JA505380,,11/09/2017 04:10:00 PM,30,STOP SIGN/FLASHER,FUNCTIONING PROPERLY,CLEAR,DUSK,ANGLE,NOT DIVIDED,2,STRAIGHT AND LEVEL,DRY,NO DEFECTS,NOT ON SCENE (DESK REPORT),NO INJURY / DRIVE AWAY,Y,,,"OVER $1,500",11/09/2017 04:34:00 PM,FAILING TO YIELD RIGHT-OF-WAY,NOT APPLICABLE,5733,N,NORTHWEST HWY,1611,,,,,,,2,NO INDICATION OF INJURY,0,0,0,0,0,2,0,16,5,11,41.986001137,-87.78752792,POINT (-87.787527920187 41.986001137112)
JA505526,,11/09/2017 04:15:00 PM,30,STOP SIGN/FLASHER,OTHER,CLEAR,DAYLIGHT,ANGLE,DIVIDED - W/MEDIAN (NOT RAISED),4,STRAIGHT AND LEVEL,DRY,NO DEFECTS,NOT ON SCENE (DESK REPORT),INJURY AND / OR TOW DUE TO CRASH,Y,,,"OVER $1,500",11/09/2017 04:22:00 PM,FAILING TO YIELD RIGHT-OF-WAY,UNABLE TO DETERMINE,10100,S,WENTWORTH AVE,511,,Y,,,,,2,INCAPACITATING INJURY,4,0,1,3,0,0,0,16,5,11,41.710657766,-87.628550656,POINT (-87.628550656079 41.710657765652)
JA505642,,11/09/2017 04:25:00 PM,30,TRAFFIC SIGNAL,FUNCTIONING PROPERLY,CLEAR,"DARKNESS, LIGHTED ROAD",ANGLE,NOT DIVIDED,,STRAIGHT AND LEVEL,DRY,NO DEFECTS,NOT ON SCENE (DESK REPORT),INJURY AND / OR TOW DUE TO CRASH,,,,"OVER $1,500",11/09/2017 07:30:00 PM,UNABLE TO DETERMINE,NOT APPLICABLE,2405,W,IRVING PARK RD,1921,,,,,,,2,"REPORTED, NOT EVIDENT",1,0,0,0,1,6,0,16,5,11,41.953898989,-87.688733216,POINT (-87.688733216083 41.953898988913)
JA508957,,11/09/2017 04:30:00 PM,30,NO CONTROLS,NO CONTROLS,CLEAR,"DARKNESS, LIGHTED ROAD",PARKED MOTOR VEHICLE,NOT DIVIDED,2,STRAIGHT AND LEVEL,DRY,NO DEFECTS,NOT ON SCENE (DESK REPORT),INJURY AND / OR TOW DUE TO CRASH,,,,"$501 - $1,500",11/12/2017 01:00:00 PM,IMPROPER LANE USAGE,NOT APPLICABLE,355,N,LAFLIN ST,1215,,,,,,,2,NO INDICATION OF INJURY,0,0,0,0,0,1,0,16,5,11,41.88814384,-87.6642205,POINT (-87.664220500154 41.888143839763)
JA507680,,11/09/2017 04:30:00 PM,25,TRAFFIC SIGNAL,FUNCTIONING PROPERLY,CLEAR,DAYLIGHT,REAR END,NOT DIVIDED,,STRAIGHT AND LEVEL,DRY,NO DEFECTS,NOT ON SCENE (DESK REPORT),NO INJURY / DRIVE AWAY,,,,"$501 - $1,500",11/11/2017 11:15:00 AM,UNABLE TO DETERMINE,UNABLE TO DETERMINE,500,N,LA SALLE DR,1831,,,,,,,2,NO INDICATION OF INJURY,0,0,0,0,0,2,0,16,5,11,41.890841457,-87.632706278,POINT (-87.632706277654 41.890841457198)
JA505482,,11/09/2017 04:56:00 PM,30,NO CONTROLS,NO CONTROLS,CLEAR,DUSK,REAR END,DIVIDED - W/MEDIAN BARRIER,6,STRAIGHT AND LEVEL,DRY,UNKNOWN,ON SCENE,NO INJURY / DRIVE AWAY,Y,,,"$501 - $1,500",11/09/2017 05:01:00 PM,FOLLOWING TOO CLOSELY,NOT APPLICABLE,9229,S,STONY ISLAND AVE,413,,,,,,,2,NO INDICATION OF INJURY,0,0,0,0,0,2,0,16,5,11,41.726959017,-87.584844743,POINT (-87.58484474271 41.726959016961)
JA505474,,11/09/2017 04:58:00 PM,30,NO CONTROLS,NO CONTROLS,CLEAR,"DARKNESS, LIGHTED ROAD",PARKED MOTOR VEHICLE,NOT DIVIDED,,STRAIGHT AND LEVEL,DRY,NO DEFECTS,NOT ON SCENE (DESK REPORT),NO INJURY / DRIVE AWAY,,,,"$501 - $1,500",11/09/2017 05:42:00 PM,DRIVING SKILLS/KNOWLEDGE/EXPERIENCE,UNABLE TO DETERMINE,1055,W,BRYN MAWR AVE,2023,,,,,,,2,NO INDICATION OF INJURY,0,0,0,0,0,2,0,16,5,11,41.983559426,-87.657382024,POINT (-87.657382024073 41.983559425774)
JA505467,,11/09/2017 05:00:00 PM,30,STOP SIGN/FLASHER,FUNCTIONING PROPERLY,CLEAR,DUSK,TURNING,ONE-WAY,1,STRAIGHT AND LEVEL,DRY,NO DEFECTS,ON SCENE,NO INJURY / DRIVE AWAY,,,,"$501 - $1,500",11/09/2017 05:12:00 PM,UNABLE TO DETERMINE,UNABLE TO DETERMINE,558,E,48TH ST,223,,,,,,,2,NO INDICATION OF INJURY,0,0,0,0,0,2,0,17,5,11,41.807750296,-87.611558918,POINT (-87.611558918083 41.807750295962)
JA505462,,11/09/2017 05:00:00 PM,20,NO CONTROLS,NO CONTROLS,CLEAR,"DARKNESS, LIGHTED ROAD",SIDESWIPE SAME DIRECTION,NOT DIVIDED,,STRAIGHT AND LEVEL,DRY,NO DEFECTS,ON SCENE,NO INJURY / DRIVE AWAY,,,Y,"OVER $1,500",11/09/2017 05:30:00 PM,IMPROPER OVERTAKING/PASSING,IMPROPER BACKING,641,N,STATE ST,1834,,,,,,,2,NO INDICATION OF INJURY,0,0,0,0,0,2,0,17,5,11,41.89367489,-87.627973331,POINT (-87.627973331305 41.893674890449)
JA505520,Y,11/09/2017 05:00:00 PM,30,NO CONTROLS,NO CONTROLS,CLEAR,"DARKNESS, LIGHTED ROAD",SIDESWIPE SAME DIRECTION,DIVIDED - W/MEDIAN (NOT RAISED),4,STRAIGHT AND LEVEL,DRY,WORN SURFACE,ON SCENE,NO INJURY / DRIVE AWAY,,,,"OVER $1,500",11/09/2017 05:54:00 PM,UNABLE TO DETERMINE,UNABLE TO DETERMINE,760,N,OGDEN AVE,1215,,,,,,,2,NO INDICATION OF INJURY,0,0,0,0,0,2,0,17,5,11,41.895886621,-87.655130525,POINT (-87.655130524638 41.895886620509)
JA511260,,11/09/2017 05:00:00 PM,30,TRAFFIC SIGNAL,FUNCTIONING PROPERLY,CLEAR,"DARKNESS, LIGHTED ROAD",REAR END,NOT DIVIDED,,STRAIGHT AND LEVEL,DRY,NO DEFECTS,NOT ON SCENE (DESK REPORT),NO INJURY / DRIVE AWAY,,,Y,"OVER $1,500",11/14/2017 10:30:00 AM,FOLLOWING TOO CLOSELY,FAILING TO REDUCE SPEED TO AVOID CRASH,7201,W,IRVING PARK RD,1631,,,,,,,2,NO INDICATION OF INJURY,0,0,0,0,0,3,0,17,5,11,41.952655406,-87.807331324,POINT (-87.807331324127 41.952655406155)
JA505480,,11/09/2017 05:05:00 PM,35,TRAFFIC SIGNAL,FUNCTIONING PROPERLY,CLEAR,DUSK,ANGLE,NOT DIVIDED,,STRAIGHT AND LEVEL,DRY,NO DEFECTS,ON SCENE,INJURY AND / OR TOW DUE TO CRASH,Y,,,"OVER $1,500",11/09/2017 05:06:00 PM,FAILING TO REDUCE SPEED TO AVOID CRASH,FAILING TO YIELD RIGHT-OF-WAY,4300,S,WESTERN BLVD,922,,,,,,,2,NONINCAPACITATING INJURY,2,0,0,2,0,0,0,17,5,11,41.815604951,-87.684215916,POINT (-87.684215916118 41.815604951255)
JA505485,,11/09/2017 05:08:00 PM,30,NO CONTROLS,NO CONTROLS,CLEAR,"DARKNESS, LIGHTED ROAD",SIDESWIPE SAME DIRECTION,DIVIDED - W/MEDIAN BARRIER,4,STRAIGHT AND LEVEL,DRY,NO DEFECTS,ON SCENE,NO INJURY / DRIVE AWAY,,,Y,"$501 - $1,500",11/09/2017 05:23:00 PM,IMPROPER OVERTAKING/PASSING,NOT APPLICABLE,2723,N,ASHLAND AVE,1932,,,,,,,2,NO INDICATION OF INJURY,0,0,0,0,0,2,0,17,5,11,41.931343094,-87.668216881,POINT (-87.668216881325 41.931343093999)