RD_NO,CRASH_DATE_EST_I,CRASH_DATE,POSTED_SPEED_LIMIT,TRAFFIC_CONTROL_DEVICE,DEVICE_CONDITION,WEATHER_CONDITION,LIGHTING_CONDITION,FIRST_CRASH_TYPE,TRAFFICWAY_TYPE,LANE_CNT,ALIGNMENT,ROADWAY_SURFACE_COND,ROAD_DEFECT,REPORT_TYPE,CRASH_TYPE,INTERSECTION_RELATED_I,NOT_RIGHT_OF_WAY_I,HIT_AND_RUN_I,DAMAGE,DATE_POLICE_NOTIFIED,PRIM_CONTRIBUTORY_CAUSE,SEC_CONTRIBUTORY_CAUSE,STREET_NO,STREET_DIRECTION,STREET_NAME,BEAT_OF_OCCURRENCE,PHOTOS_TAKEN_I,STATEMENTS_TAKEN_I,DOORING_I,WORK_ZONE_I,WORK_ZONE_TYPE,WORKERS_PRESENT_I,NUM_UNITS,MOST_SEVERE_INJURY,INJURIES_TOTAL,INJURIES_FATAL,INJURIES_INCAPACITATING,INJURIES_NON_INCAPACITATING,INJURIES_REPORTED_NOT_EVIDENT,INJURIES_NO_INDICATION,INJURIES_UNKNOWN,CRASH_HOUR,CRASH_DAY_OF_WEEK,CRASH_MONTH,LATITUDE,LONGITUDE,LOCATION
JA506929,,11/09/2017 05:10:00 PM,30,TRAFFIC SIGNAL,FUNCTIONING PROPERLY,CLEAR,"DARKNESS, LIGHTED ROAD",REAR END,NOT DIVIDED,2,STRAIGHT AND LEVEL,DRY,NO DEFECTS,NOT ON SCENE (DESK REPORT),NO INJURY / DRIVE AWAY,,,,$500 OR LESS,11/10/2017 06:00:00 PM,NOT APPLICABLE,NOT APPLICABLE,9856,S,VINCENNES AVE,2213,,,,,,,2,NO INDICATION OF INJURY,0,0,0,0,0,2,0,17,5,11,41.714256277,-87.653406536,POINT (-87.653406535827 41.71425627704)
JA505493,,11/09/2017 05:12:00 PM,25,STOP SIGN/FLASHER,FUNCTIONING PROPERLY,CLEAR,"DARKNESS, LIGHTED ROAD",ANGLE,NOT DIVIDED,2,STRAIGHT AND LEVEL,DRY,UNKNOWN,NOT ON SCENE (DESK REPORT),NO INJURY / DRIVE AWAY,Y,,,"OVER $1,500",11/09/2017 05:40:00 PM,UNABLE TO DETERMINE,UNABLE TO DETERMINE,2998,S,LYMAN ST,913,,,,,,,2,NO INDICATION OF INJURY,0,0,0,0,0,2,0,17,5,11,41.839845196,-87.655959202,POINT (-87.655959201831 41.839845195727)
JA505461,,11/09/2017 05:15:00 PM,30,NO CONTROLS,NO CONTROLS,CLEAR,DARKNESS,SIDESWIPE SAME DIRECTION,DIVIDED - W/MEDIAN (NOT RAISED),2,STRAIGHT AND LEVEL,DRY,NO DEFECTS,ON SCENE,NO INJURY / DRIVE AWAY,,,,"OVER $1,500",11/09/2017 05:25:00 PM,UNABLE TO DETERMINE,NOT APPLICABLE,2701,W,ARMITAGE AVE,1421,,,,,,,2,NO INDICATION OF INJURY,0,0,0,0,0,2,0,17,5,11,41.91740234,-87.694810703,POINT (-87.694810702832 41.917402340081)
JA505518,,11/09/2017 05:20:00 PM,30,NO CONTROLS,NO CONTROLS,CLEAR,DARKNESS,REAR END,NOT DIVIDED,2,STRAIGHT AND LEVEL,DRY,NO DEFECTS,NOT ON SCENE (DESK REPORT),NO INJURY / DRIVE AWAY,,,,"$501 - $1,500",11/09/2017 06:05:00 PM,FOLLOWING TOO CLOSELY,NOT APPLICABLE,3960,W,26TH ST,1013,,,,,,,2,NO INDICATION OF INJURY,0,0,0,0,0,2,0,17,5,11,41.844365038,-87.72449252,POINT (-87.724492520268 41.844365037785)
JA505519,,11/09/2017 05:20:00 PM,30,TRAFFIC SIGNAL,FUNCTIONING PROPERLY,CLEAR,"DARKNESS, LIGHTED ROAD",TURNING,NOT DIVIDED,2,STRAIGHT AND LEVEL,DRY,NO DEFECTS,ON SCENE,INJURY AND / OR TOW DUE TO CRASH,Y,,,"OVER $1,500",11/09/2017 05:25:00 PM,FAILING TO YIELD RIGHT-OF-WAY,NOT APPLICABLE,801,W,DIVISION ST,1822,,,,,,,2,NO INDICATION OF INJURY,0,0,0,0,0,2,0,17,5,11,41.903526092,-87.648159783,POINT (-87.648159783038 41.903526092119)
JA505490,,11/09/2017 05:20:00 PM,30,NO CONTROLS,NO CONTROLS,CLEAR,DUSK,REAR END,NOT DIVIDED,2,STRAIGHT AND LEVEL,DRY,NO DEFECTS,ON SCENE,NO INJURY / DRIVE AWAY,,,,$500 OR LESS,11/09/2017 05:20:00 PM,FOLLOWING TOO CLOSELY,FAILING TO REDUCE SPEED TO AVOID CRASH,3804,S,CALIFORNIA AVE,911,,,,,,,2,NO INDICATION OF INJURY,0,0,0,0,0,2,0,17,5,11,41.824428955,-87.694804162,POINT (-87.694804161807 41.824428955085)
JA505587,,11/09/2017 05:20:00 PM,30,TRAFFIC SIGNAL,FUNCTIONING PROPERLY,CLEAR,DARKNESS,SIDESWIPE SAME DIRECTION,DIVIDED - W/MEDIAN BARRIER,4,STRAIGHT AND LEVEL,DRY,NO DEFECTS,NOT ON SCENE (DESK REPORT),NO INJURY / DRIVE AWAY,,,,"$501 - $1,500",11/09/2017 06:55:00 PM,IMPROPER LANE USAGE,NOT APPLICABLE,598,W,ROOSEVELT RD,124,,,,,,,2,NO INDICATION OF INJURY,0,0,0,0,0,5,0,17,5,11,41.867330482,-87.642117429,POINT (-87.642117429123 41.867330482418)
JA505473,,11/09/2017 05:25:00 PM,30,NO CONTROLS,NO CONTROLS,CLEAR,"DARKNESS, LIGHTED ROAD",TURNING,DIVIDED - W/MEDIAN (NOT RAISED),4,STRAIGHT AND LEVEL,DRY,NO DEFECTS,ON SCENE,INJURY AND / OR TOW DUE TO CRASH,,,,"OVER $1,500",11/09/2017 05:25:00 PM,UNABLE TO DETERMINE,NOT APPLICABLE,7000,S,ASHLAND AVE,735,,Y,,,,,2,"REPORTED, NOT EVIDENT",3,0,0,0,3,2,0,17,5,11,41.766637458,-87.663982209,POINT (-87.663982209003 41.766637458225)
JA505511,,11/09/2017 05:25:00 PM,30,NO CONTROLS,NO CONTROLS,CLEAR,"DARKNESS, LIGHTED ROAD",SIDESWIPE SAME DIRECTION,NOT DIVIDED,,STRAIGHT AND LEVEL,DRY,NO DEFECTS,NOT ON SCENE (DESK REPORT),NO INJURY / DRIVE AWAY,,,,"$501 - $1,500",11/09/2017 06:05:00 PM,UNABLE TO DETERMINE,UNABLE TO DETERMINE,67,E,CHICAGO AVE,1833,,,,,,,2,NO INDICATION OF INJURY,0,0,0,0,0,4,0,17,5,11,41.896602601,-87.625557994,POINT (-87.625557993501 41.896602601177)
JA506577,,11/09/2017 05:30:00 PM,30,TRAFFIC SIGNAL,FUNCTIONING PROPERLY,CLEAR,"DARKNESS, LIGHTED ROAD",SIDESWIPE SAME DIRECTION,DIVIDED - W/MEDIAN (NOT RAISED),2,STRAIGHT AND LEVEL,DRY,NO DEFECTS,NOT ON SCENE (DESK REPORT),NO INJURY / DRIVE AWAY,Y,,,"$501 - $1,500",11/10/2017 02:00:00 PM,UNABLE TO DETERMINE,UNABLE TO DETERMINE,799,W,ARMITAGE AVE,1813,,,,,,,2,NO INDICATION OF INJURY,0,0,0,0,0,2,0,17,5,11,41.918070444,-87.648447391,POINT (-87.648447391421 41.918070443759)
JA505501,,11/09/2017 05:33:00 PM,30,STOP SIGN/FLASHER,FUNCTIONING IMPROPERLY,CLEAR,"DARKNESS, LIGHTED ROAD",ANGLE,DIVIDED - W/MEDIAN BARRIER,2,STRAIGHT AND LEVEL,DRY,NO DEFECTS,ON SCENE,INJURY AND / OR TOW DUE TO CRASH,Y,,,"OVER $1,500",11/09/2017 05:42:00 PM,FAILING TO YIELD RIGHT-OF-WAY,DRIVING SKILLS/KNOWLEDGE/EXPERIENCE,1600,E,92ND ST,413,,,,,,,2,NO INDICATION OF INJURY,0,0,0,0,0,2,0,17,5,11,41.727926903,-87.58490486,POINT (-87.584904860136 41.727926902539)
JA505523,,11/09/2017 05:38:00 PM,25,NO CONTROLS,NO CONTROLS,CLEAR,"DARKNESS, LIGHTED ROAD",PARKED MOTOR VEHICLE,ONE-WAY,1,STRAIGHT AND LEVEL,DRY,NO DEFECTS,ON SCENE,INJURY AND / OR TOW DUE TO CRASH,,,,"OVER $1,500",11/09/2017 05:50:00 PM,FAILING TO YIELD RIGHT-OF-WAY,"OPERATING VEHICLE IN ERRATIC, RECKLESS, CARELESS, NEGLIGENT OR AGGRESSIVE MANNER",3623,W,62ND PL,823,,,,,,,6,NO INDICATION OF INJURY,0,0,0,0,0,1,0,17,5,11,41.77959885,-87.714070138,POINT (-87.714070138086 41.779598850214)
JA505524,,11/09/2017 05:40:00 PM,30,TRAFFIC SIGNAL,FUNCTIONING PROPERLY,CLEAR,DARKNESS,TURNING,NOT DIVIDED,5,STRAIGHT AND LEVEL,DRY,NO DEFECTS,ON SCENE,INJURY AND / OR TOW DUE TO CRASH,,,,"OVER $1,500",11/09/2017 05:45:00 PM,FAILING TO YIELD RIGHT-OF-WAY,UNABLE TO DETERMINE,5998,N,CLARK ST,2012,,,,,,,2,NO INDICATION OF INJURY,0,0,0,0,0,3,0,17,5,11,41.990750636,-87.670169885,POINT (-87.670169885249 41.990750636456)
JA505534,,11/09/2017 05:40:00 PM,30,TRAFFIC SIGNAL,FUNCTIONING PROPERLY,CLEAR,DAYLIGHT,ANGLE,NOT DIVIDED,2,STRAIGHT AND LEVEL,DRY,NO DEFECTS,NOT ON SCENE (DESK REPORT),NO INJURY / DRIVE AWAY,,,,"$501 - $1,500",11/09/2017 06:19:00 PM,FAILING TO YIELD RIGHT-OF-WAY,FAILING TO REDUCE SPEED TO AVOID CRASH,3158,N,NARRAGANSETT AVE,2511,,,,,,,2,NO INDICATION OF INJURY,0,0,0,0,0,2,0,17,5,11,41.938250184,-87.786162177,POINT (-87.786162177119 41.938250183987)
JA505545,Y,11/09/2017 05:44:00 PM,30,NO CONTROLS,NO CONTROLS,CLEAR,DAYLIGHT,PARKED MOTOR VEHICLE,NOT DIVIDED,4,STRAIGHT AND LEVEL,DRY,NO DEFECTS,NOT ON SCENE (DESK REPORT),NO INJURY / DRIVE AWAY,,,N,"$501 - $1,500",11/09/2017 06:25:00 PM,"OPERATING VEHICLE IN ERRATIC, RECKLESS, CARELESS, NEGLIGENT OR AGGRESSIVE MANNER",UNABLE TO DETERMINE,4459,W,IRVING PARK RD,1731,,,,,,,2,NO INDICATION OF INJURY,0,0,0,0,0,2,0,17,5,11,41.953395957,-87.740374222,POINT (-87.740374222051 41.953395956803)
JA505593,,11/09/2017 05:45:00 PM,30,NO CONTROLS,NO CONTROLS,CLEAR,DARKNESS,TURNING,NOT DIVIDED,,STRAIGHT AND LEVEL,DRY,NO DEFECTS,NOT ON SCENE (DESK REPORT),NO INJURY / DRIVE AWAY,,,Y,"$501 - $1,500",11/09/2017 06:54:00 PM,UNABLE TO DETERMINE,UNABLE TO DETERMINE,2745,W,ROOSEVELT RD,1023,,,,,,,2,NO INDICATION OF INJURY,0,0,0,0,0,2,0,17,5,11,41.8664078,-87.695260793,POINT (-87.695260793204 41.866407799585)
JA505600,,11/09/2017 05:47:00 PM,30,TRAFFIC SIGNAL,FUNCTIONING PROPERLY,CLEAR,"DARKNESS, LIGHTED ROAD",SIDESWIPE SAME DIRECTION,CENTER TURN LANE,5,STRAIGHT AND LEVEL,DRY,NO DEFECTS,NOT ON SCENE (DESK REPORT),NO INJURY / DRIVE AWAY,Y,,,"$501 - $1,500",11/09/2017 06:45:00 PM,IMPROPER LANE USAGE,NOT APPLICABLE,1058,W,CHICAGO AVE,1213,,,,,,,2,NO INDICATION OF INJURY,0,0,0,0,0,6,0,17,5,11,41.896386177,-87.65478609,POINT (-87.654786089862 41.896386177176)
JA505559,Y,11/09/2017 05:50:00 PM,30,STOP SIGN/FLASHER,FUNCTIONING PROPERLY,CLEAR,"DARKNESS, LIGHTED ROAD",TURNING,DIVIDED - W/MEDIAN (NOT RAISED),4,STRAIGHT AND LEVEL,DRY,WORN SURFACE,ON SCENE,NO INJURY / DRIVE AWAY,,,,"OVER $1,500",11/09/2017 06:10:00 PM,UNABLE TO DETERMINE,UNABLE TO DETERMINE,459,N,DESPLAINES ST,1214,,,,,,,2,NO INDICATION OF INJURY,0,0,0,0,0,2,0,17,5,11,41.890829067,-87.644212053,POINT (-87.644212053231 41.890829067363)
JA505512,,11/09/2017 05:51:00 PM,25,NO CONTROLS,NO CONTROLS,CLEAR,"DARKNESS, LIGHTED ROAD",PARKED MOTOR VEHICLE,ALLEY,,STRAIGHT AND LEVEL,DRY,NO DEFECTS,ON SCENE,NO INJURY / DRIVE AWAY,,,,"OVER $1,500",11/09/2017 05:57:00 PM,IMPROPER BACKING,UNABLE TO DETERMINE,7636,S,MARSHFIELD AVE,611,,,,,,,2,NO INDICATION OF INJURY,0,0,0,0,0,2,0,17,5,11,41.754688188,-87.664908393,POINT (-87.664908392943 41.754688187811)
JA506488,,11/09/2017 05:55:00 PM,30,NO CONTROLS,NO CONTROLS,CLEAR,"DARKNESS, LIGHTED ROAD",REAR END,DIVIDED - W/MEDIAN (NOT RAISED),4,STRAIGHT AND LEVEL,DRY,NO DEFECTS,NOT ON SCENE (DESK REPORT),NO INJURY / DRIVE AWAY,,,,"OVER $1,500",11/10/2017 01:15:00 PM,FOLLOWING TOO CLOSELY,FOLLOWING TOO CLOSELY,7500,S,HALSTED ST,621,,,,,,,2,NO INDICATION OF INJURY,0,0,0,0,0,2,0,17,5,11,41.75765656,-87.644370057,POINT (-87.644370057249 41.757656559814)
JA505636,,11/09/2017 05:55:00 PM,30,NO CONTROLS,NO CONTROLS,CLEAR,DUSK,REAR END,NOT DIVIDED,,STRAIGHT AND LEVEL,DRY,NO DEFECTS,NOT ON SCENE (DESK REPORT),NO INJURY / DRIVE AWAY,,,,"OVER $1,500",11/09/2017 07:30:00 PM,UNABLE TO DETERMINE,UNABLE TO DETERMINE,5000,S,ABERDEEN ST,933,,,,,,,2,NO INDICATION OF INJURY,0,0,0,0,0,2,0,17,5,11,41.803212123,-87.65282043,POINT (-87.652820429932 41.803212123356)
JA505554,,11/09/2017 06:00:00 PM,30,NO CONTROLS,NO CONTROLS,CLEAR,"DARKNESS, LIGHTED ROAD",FIXED OBJECT,DIVIDED - W/MEDIAN (NOT RAISED),,STRAIGHT AND LEVEL,DRY,NO DEFECTS,ON SCENE,INJURY AND / OR TOW DUE TO CRASH,,,,"OVER $1,500",11/09/2017 06:20:00 PM,UNABLE TO DETERMINE,NOT APPLICABLE,1551,S,BLUE ISLAND AVE,1233,,,,,,,1,NO INDICATION OF INJURY,0,0,0,0,0,1,0,18,5,11,41.860383686,-87.658836444,POINT (-87.658836444258 41.860383686228)
JA505584,Y,11/09/2017 06:00:00 PM,30,TRAFFIC SIGNAL,FUNCTIONING PROPERLY,CLEAR,DAYLIGHT,REAR END,NOT DIVIDED,2,STRAIGHT AND LEVEL,DRY,NO DEFECTS,NOT ON SCENE (DESK REPORT),NO INJURY / DRIVE AWAY,,,,"OVER $1,500",11/09/2017 06:40:00 PM,IMPROPER OVERTAKING/PASSING,NOT APPLICABLE,1231,S,CANAL ST,124,,,,,,,2,NO INDICATION OF INJURY,0,0,0,0,0,2,0,18,5,11,41.866388501,-87.639071164,POINT (-87.639071164471 41.866388500703)
JA505570,,11/09/2017 06:00:00 PM,30,NO CONTROLS,NO CONTROLS,CLEAR,"DARKNESS, LIGHTED ROAD",TURNING,DIVIDED - W/MEDIAN (NOT RAISED),2,STRAIGHT AND LEVEL,DRY,NO DEFECTS,NOT ON SCENE (DESK REPORT),NO INJURY / DRIVE AWAY,Y,,,"OVER $1,500",11/09/2017 06:30:00 PM,FAILING TO YIELD RIGHT-OF-WAY,FAILING TO REDUCE SPEED TO AVOID CRASH,2718,N,CALIFORNIA AVE,1411,,,,,,,2,NO INDICATION OF INJURY,0,0,0,0,0,2,0,18,5,11,41.930872166,-87.697733531,POINT (-87.697733530556 41.930872166273)
JA505539,,11/09/2017 06:00:00 PM,35,NO CONTROLS,NO CONTROLS,CLEAR,"DARKNESS, LIGHTED ROAD",REAR END,ONE-WAY,2,STRAIGHT AND LEVEL,DRY,NO DEFECTS,ON SCENE,INJURY AND / OR TOW DUE TO CRASH,,,,"OVER $1,500",11/09/2017 06:02:00 PM,FOLLOWING TOO CLOSELY,NOT APPLICABLE,950,W,99TH ST,2232,,,,,,,2,NO INDICATION OF INJURY,0,0,0,0,0,2,0,18,5,11,41.714261763,-87.647487575,POINT (-87.647487574575 41.714261763344)
JA505869,,11/09/2017 06:00:00 PM,45,NO CONTROLS,NO CONTROLS,CLEAR,"DARKNESS, LIGHTED ROAD",REAR END,ONE-WAY,5,STRAIGHT AND LEVEL,DRY,NO DEFECTS,NOT ON SCENE (DESK REPORT),NO INJURY / DRIVE AWAY,,,,"OVER $1,500",11/10/2017 12:10:00 AM,FOLLOWING TOO CLOSELY,UNABLE TO DETERMINE,1500,N,LAKE SHORE DR,1824,,,,,,,2,NO INDICATION OF INJURY,0,0,0,0,0,3,0,18,5,11,41.90959743,-87.626312214,POINT (-87.626312214236 41.909597430399)
JA505537,,11/09/2017 06:05:00 PM,30,UNKNOWN,UNKNOWN,CLEAR,DAWN,REAR END,NOT DIVIDED,,STRAIGHT AND LEVEL,DRY,UNKNOWN,ON SCENE,INJURY AND / OR TOW DUE TO CRASH,,,,"$501 - $1,500",11/09/2017 06:30:00 PM,UNABLE TO DETERMINE,UNABLE TO DETERMINE,8030,S,ASHLAND AVE,611,,,,,,,2,NO INDICATION OF INJURY,0,0,0,0,0,3,0,18,5,11,41.747591012,-87.663512494,POINT (-87.663512494393 41.747591012233)
JA508929,,11/09/2017 06:10:00 PM,30,OTHER,NO CONTROLS,CLEAR,"DARKNESS, LIGHTED ROAD",SIDESWIPE SAME DIRECTION,NOT DIVIDED,4,STRAIGHT AND LEVEL,DRY,NO DEFECTS,NOT ON SCENE (DESK REPORT),NO INJURY / DRIVE AWAY,,,,$500 OR LESS,11/12/2017 12:42:00 PM,FAILING TO YIELD RIGHT-OF-WAY,NOT APPLICABLE,4646,N,MARINE DR,1914,,,,,,,2,NO INDICATION OF INJURY,0,0,0,0,0,2,0,18,5,11,41.966859551,-87.649135042,POINT (-87.649135042071 41.966859550699)
JA505556,,11/09/2017 06:17:00 PM,30,TRAFFIC SIGNAL,FUNCTIONING PROPERLY,CLEAR,"DARKNESS, LIGHTED ROAD",REAR END,NOT DIVIDED,2,STRAIGHT AND LEVEL,DRY,NO DEFECTS,ON SCENE,INJURY AND / OR TOW DUE TO CRASH,Y,,,"OVER $1,500",11/09/2017 06:17:00 PM,FAILING TO REDUCE SPEED TO AVOID CRASH,FOLLOWING TOO CLOSELY,7450,S,SOUTH SHORE DR,334,,,,,,,4,NONINCAPACITATING INJURY,1,0,0,1,0,5,0,18,5,11,41.761088187,-87.557855766,POINT (-87.557855766437 41.761088187067)
JA505585,,11/09/2017 06:19:00 PM,30,TRAFFIC SIGNAL,FUNCTIONING PROPERLY,CLEAR,DARKNESS,TURNING,DIVIDED - W/MEDIAN BARRIER,4,STRAIGHT AND LEVEL,DRY,NO DEFECTS,ON SCENE,INJURY AND / OR TOW DUE TO CRASH,Y,,,"OVER $1,500",11/09/2017 06:26:00 PM,DISREGARDING TRAFFIC SIGNALS,FAILING TO REDUCE SPEED TO AVOID CRASH,1198,E,103RD ST,511,,,,,,,2,NONINCAPACITATING INJURY,3,0,0,3,0,1,0,18,5,11,41.707736763,-87.594288613,POINT (-87.594288613092 41.707736762758)
JA505564,,11/09/2017 06:20:00 PM,35,NO CONTROLS,NO CONTROLS,CLEAR,"DARKNESS, LIGHTED ROAD",PARKED MOTOR VEHICLE,NOT DIVIDED,2,STRAIGHT AND LEVEL,DRY,NO DEFECTS,ON SCENE,NO INJURY / DRIVE AWAY,,,Y,"OVER $1,500",11/09/2017 06:33:00 PM,"OPERATING VEHICLE IN ERRATIC, RECKLESS, CARELESS, NEGLIGENT OR AGGRESSIVE MANNER",NOT APPLICABLE,5419,S,DAMEN AVE,932,,,,,,,2,NO INDICATION OF INJURY,0,0,0,0,0,1,0,18,5,11,41.795160003,-87.674190274,POINT (-87.674190274479 41.795160002875)
JA505580,,11/09/2017 06:25:00 PM,30,STOP SIGN/FLASHER,FUNCTIONING PROPERLY,CLEAR,"DARKNESS, LIGHTED ROAD",ANGLE,DIVIDED - W/MEDIAN (NOT RAISED),2,STRAIGHT AND LEVEL,DRY,NO DEFECTS,NOT ON SCENE (DESK REPORT),NO INJURY / DRIVE AWAY,,,,"OVER $1,500",11/09/2017 06:45:00 PM,UNABLE TO DETERMINE,UNABLE TO DETERMINE,1998,W,BARRY AVE,1931,,,,,,,2,NO INDICATION OF INJURY,0,0,0,0,0,3,0,18,5,11,41.937862383,-87.678178258,POINT (-87.678178258463 41.937862382571)
JA505611,,11/09/2017 06:25:00 PM,35,NO CONTROLS,NO CONTROLS,CLEAR,"DARKNESS, LIGHTED ROAD",ANGLE,NOT DIVIDED,2,STRAIGHT AND LEVEL,DRY,NO DEFECTS,NOT ON SCENE (DESK REPORT),NO INJURY / DRIVE AWAY,,,,"$501 - $1,500",11/09/2017 06:45:00 PM,FAILING TO YIELD RIGHT-OF-WAY,NOT APPLICABLE,3832,W,MONTROSE AVE,1723,,,,,,,2,NO INDICATION OF INJURY,0,0,0,0,0,3,0,18,5,11,41.961099886,-87.724300283,POINT (-87.724300283282 41.961099886198)
JA505571,,11/09/2017 06:30:00 PM,30,TRAFFIC SIGNAL,FUNCTIONING PROPERLY,CLEAR,DARKNESS,ANGLE,NOT DIVIDED,4,STRAIGHT AND LEVEL,DRY,NO DEFECTS,ON SCENE,NO INJURY / DRIVE AWAY,Y,,,$500 OR LESS,11/09/2017 06:35:00 PM,UNABLE TO DETERMINE,DISREGARDING TRAFFIC SIGNALS,2332,E,103RD ST,431,,,,,,,2,NO INDICATION OF INJURY,0,0,0,0,0,8,0,18,5,11,41.708176446,-87.566869601,POINT (-87.566869600987 41.708176446255)
JA505635,,11/09/2017 06:30:00 PM,30,TRAFFIC SIGNAL,FUNCTIONING PROPERLY,CLEAR,"DARKNESS, LIGHTED ROAD",REAR END,NOT DIVIDED,2,STRAIGHT AND LEVEL,DRY,NO DEFECTS,NOT ON SCENE (DESK REPORT),NO INJURY / DRIVE AWAY,,,,"$501 - $1,500",11/09/2017 07:34:00 PM,FOLLOWING TOO CLOSELY,FAILING TO REDUCE SPEED TO AVOID CRASH,7257,W,ADDISON ST,1631,,,,,,,2,NO INDICATION OF INJURY,0,0,0,0,0,2,0,18,5,11,41.945108681,-87.809272254,POINT (-87.809272254319 41.945108681337)
JA506068,,11/09/2017 06:30:00 PM,30,TRAFFIC SIGNAL,FUNCTIONING PROPERLY,CLEAR,"DARKNESS, LIGHTED ROAD",TURNING,NOT DIVIDED,2,STRAIGHT AND LEVEL,DRY,NO DEFECTS,NOT ON SCENE (DESK REPORT),NO INJURY / DRIVE AWAY,Y,,Y,"$501 - $1,500",11/10/2017 08:45:00 AM,UNABLE TO DETERMINE,NOT APPLICABLE,1000,W,DIVISION ST,1822,,,,,,,2,NO INDICATION OF INJURY,0,0,0,0,0,2,0,18,5,11,41.903686597,-87.65263224,POINT (-87.652632240245 41.903686596785)
JA505594,,11/09/2017 06:35:00 PM,30,NO CONTROLS,NO CONTROLS,CLEAR,"DARKNESS, LIGHTED ROAD",PARKED MOTOR VEHICLE,DIVIDED - W/MEDIAN (NOT RAISED),,STRAIGHT AND LEVEL,DRY,WORN SURFACE,ON SCENE,INJURY AND / OR TOW DUE TO CRASH,,,Y,"OVER $1,500",11/09/2017 06:36:00 PM,UNABLE TO DETERMINE,UNABLE TO DETERMINE,1429,N,AUSTIN BLVD,2531,,,,,,,2,NO INDICATION OF INJURY,0,0,0,0,0,1,0,18,5,11,41.906506974,-87.775364616,POINT (-87.775364615531 41.906506973699)
JA505693,,11/09/2017 06:35:00 PM,35,NO CONTROLS,NO CONTROLS,CLEAR,"DARKNESS, LIGHTED ROAD",PARKED MOTOR VEHICLE,NOT DIVIDED,4,STRAIGHT AND LEVEL,DRY,NO DEFECTS,ON SCENE,INJURY AND / OR TOW DUE TO CRASH,,,Y,"OVER $1,500",11/09/2017 08:13:00 PM,UNABLE TO DETERMINE,NOT APPLICABLE,7624,W,FOREST PRESERVE AVE,1631,,,,,,,2,NO INDICATION OF INJURY,0,0,0,0,0,1,0,18,5,11,41.94879546,-87.817923198,POINT (-87.817923198361 41.948795460104)
JA505610,,11/09/2017 06:36:00 PM,30,NO CONTROLS,NO CONTROLS,CLEAR,"DARKNESS, LIGHTED ROAD",OTHER OBJECT,DIVIDED - W/MEDIAN (NOT RAISED),4,STRAIGHT AND LEVEL,DRY,NO DEFECTS,ON SCENE,INJURY AND / OR TOW DUE TO CRASH,,,,"OVER $1,500",11/09/2017 06:41:00 PM,FAILING TO REDUCE SPEED TO AVOID CRASH,UNABLE TO DETERMINE,4849,W,FULLERTON AVE,2522,,,,,,,1,NO INDICATION OF INJURY,0,0,0,0,0,3,0,18,5,11,41.924103005,-87.748251366,POINT (-87.748251365583 41.924103004583)
JA505621,,11/09/2017 06:41:00 PM,35,NO CONTROLS,NO CONTROLS,CLEAR,DARKNESS,TURNING,DIVIDED - W/MEDIAN (NOT RAISED),4,STRAIGHT AND LEVEL,DRY,NO DEFECTS,ON SCENE,NO INJURY / DRIVE AWAY,,,,"$501 - $1,500",11/09/2017 06:59:00 PM,DISREGARDING OTHER TRAFFIC SIGNS,NOT APPLICABLE,8632,S,KEDZIE AVE,834,,,,,,,2,NO INDICATION OF INJURY,0,0,0,0,0,2,0,18,5,11,41.735978445,-87.70218113,POINT (-87.702181129604 41.735978444663)
JA506769,,11/09/2017 06:44:00 PM,55,NO CONTROLS,NO CONTROLS,CLEAR,"DARKNESS, LIGHTED ROAD",REAR END,DIVIDED - W/MEDIAN BARRIER,6,STRAIGHT AND LEVEL,DRY,NO DEFECTS,NOT ON SCENE (DESK REPORT),NO INJURY / DRIVE AWAY,,,,"$501 - $1,500",11/10/2017 04:00:00 PM,UNABLE TO DETERMINE,NOT APPLICABLE,1600,N,LAKE SHORE DR,1814,,,,,,,2,NO INDICATION OF INJURY,0,0,0,0,0,2,0,18,5,11,41.911224556,-87.626482572,POINT (-87.626482572426 41.911224555611)
JA505626,,11/09/2017 06:45:00 PM,30,TRAFFIC SIGNAL,FUNCTIONING PROPERLY,CLEAR,DARKNESS,REAR END,NOT DIVIDED,,STRAIGHT AND LEVEL,DRY,NO DEFECTS,NOT ON SCENE (DESK REPORT),NO INJURY / DRIVE AWAY,,,,"OVER $1,500",11/09/2017 07:00:00 PM,FOLLOWING TOO CLOSELY,NOT APPLICABLE,2006,E,95TH ST,413,,,,,,,2,NO INDICATION OF INJURY,0,0,0,0,0,2,0,18,5,11,41.722582057,-87.575041988,POINT (-87.575041988021 41.722582056747)
JA505619,,11/09/2017 06:48:00 PM,30,UNKNOWN,UNKNOWN,CLEAR,"DARKNESS, LIGHTED ROAD",PEDESTRIAN,NOT DIVIDED,,STRAIGHT AND LEVEL,UNKNOWN,UNKNOWN,NOT ON SCENE (DESK REPORT),INJURY AND / OR TOW DUE TO CRASH,,,,"OVER $1,500",11/09/2017 07:10:00 PM,NOT APPLICABLE,NOT APPLICABLE,4800,W,AUGUSTA BLVD,1531,,,,,,,2,NONINCAPACITATING INJURY,1,0,0,1,0,1,0,18,5,11,41.898789614,-87.74602339,POINT (-87.746023390048 41.898789613754)