RD_NO,CRASH_DATE_EST_I,CRASH_DATE,POSTED_SPEED_LIMIT,TRAFFIC_CONTROL_DEVICE,DEVICE_CONDITION,WEATHER_CONDITION,LIGHTING_CONDITION,FIRST_CRASH_TYPE,TRAFFICWAY_TYPE,LANE_CNT,ALIGNMENT,ROADWAY_SURFACE_COND,ROAD_DEFECT,REPORT_TYPE,CRASH_TYPE,INTERSECTION_RELATED_I,NOT_RIGHT_OF_WAY_I,HIT_AND_RUN_I,DAMAGE,DATE_POLICE_NOTIFIED,PRIM_CONTRIBUTORY_CAUSE,SEC_CONTRIBUTORY_CAUSE,STREET_NO,STREET_DIRECTION,STREET_NAME,BEAT_OF_OCCURRENCE,PHOTOS_TAKEN_I,STATEMENTS_TAKEN_I,DOORING_I,WORK_ZONE_I,WORK_ZONE_TYPE,WORKERS_PRESENT_I,NUM_UNITS,MOST_SEVERE_INJURY,INJURIES_TOTAL,INJURIES_FATAL,INJURIES_INCAPACITATING,INJURIES_NON_INCAPACITATING,INJURIES_REPORTED_NOT_EVIDENT,INJURIES_NO_INDICATION,INJURIES_UNKNOWN,CRASH_HOUR,CRASH_DAY_OF_WEEK,CRASH_MONTH,LATITUDE,LONGITUDE,LOCATION
JA505857,,11/09/2017 11:25:00 PM,30,STOP SIGN/FLASHER,FUNCTIONING PROPERLY,CLEAR,"DARKNESS, LIGHTED ROAD",TURNING,NOT DIVIDED,,STRAIGHT ON GRADE,DRY,NO DEFECTS,ON SCENE,INJURY AND / OR TOW DUE TO CRASH,Y,,,"OVER $1,500",11/09/2017 11:40:00 PM,FAILING TO YIELD RIGHT-OF-WAY,UNABLE TO DETERMINE,650,W,MADISON ST,121,,,,,,,2,NO INDICATION OF INJURY,0,0,0,0,0,2,0,23,5,11,41.881923579,-87.644602052,POINT (-87.644602052403 41.881923579232)
JA505862,,11/09/2017 11:28:00 PM,30,OTHER WARNING SIGN,UNKNOWN,CLEAR,"DARKNESS, LIGHTED ROAD",FIXED OBJECT,NOT DIVIDED,2,STRAIGHT AND LEVEL,DRY,NO DEFECTS,ON SCENE,NO INJURY / DRIVE AWAY,,,,"OVER $1,500",11/10/2017 12:02:00 AM,UNABLE TO DETERMINE,NOT APPLICABLE,2501,W,35TH ST,911,,,,,,,1,NO INDICATION OF INJURY,0,0,0,0,0,1,0,23,5,11,41.830127908,-87.687385172,POINT (-87.687385172437 41.830127908155)
JA505853,,11/09/2017 11:29:00 PM,30,NO CONTROLS,UNKNOWN,CLEAR,"DARKNESS, LIGHTED ROAD",FIXED OBJECT,ONE-WAY,1,STRAIGHT AND LEVEL,ICE,NO DEFECTS,ON SCENE,NO INJURY / DRIVE AWAY,,,,"$501 - $1,500",11/09/2017 11:29:00 PM,WEATHER,NOT APPLICABLE,11200,S,TORRENCE AVE,434,,,,Y,CONSTRUCTION,,1,NO INDICATION OF INJURY,0,0,0,0,0,1,0,23,5,11,41.691845059,-87.559610907,POINT (-87.55961090672 41.691845059245)
JA505874,,11/09/2017 11:51:00 PM,30,TRAFFIC SIGNAL,FUNCTIONING PROPERLY,CLEAR,"DARKNESS, LIGHTED ROAD",REAR END,NOT DIVIDED,4,STRAIGHT AND LEVEL,DRY,NO DEFECTS,ON SCENE,NO INJURY / DRIVE AWAY,Y,,Y,"OVER $1,500",11/09/2017 11:54:00 PM,FOLLOWING TOO CLOSELY,NOT APPLICABLE,3212,W,ADDISON ST,1733,,,,,,,2,NO INDICATION OF INJURY,0,0,0,0,0,5,0,23,5,11,41.946736269,-87.708425979,POINT (-87.708425979206 41.946736269406)
JA506792,,11/10/2017 12:10:00 AM,30,TRAFFIC SIGNAL,FUNCTIONING PROPERLY,CLEAR,DARKNESS,REAR END,DIVIDED - W/MEDIAN (NOT RAISED),,STRAIGHT AND LEVEL,DRY,NO DEFECTS,NOT ON SCENE (DESK REPORT),NO INJURY / DRIVE AWAY,,,Y,"OVER $1,500",11/10/2017 04:20:00 PM,UNABLE TO DETERMINE,UNABLE TO DETERMINE,9500,S,LAFAYETTE AVE,511,,,,,,,2,NO INDICATION OF INJURY,0,0,0,0,0,2,0,0,6,11,41.721566293,-87.625169518,POINT (-87.625169517699 41.721566292573)
JA506768,,11/10/2017 12:15:00 AM,35,NO CONTROLS,NO CONTROLS,UNKNOWN,DARKNESS,PARKED MOTOR VEHICLE,PARKING LOT,,STRAIGHT AND LEVEL,UNKNOWN,UNKNOWN,NOT ON SCENE (DESK REPORT),NO INJURY / DRIVE AWAY,,,Y,$500 OR LESS,11/10/2017 04:37:00 PM,UNABLE TO DETERMINE,NOT APPLICABLE,3424,S,STATE ST,211,,,,,,,2,NO INDICATION OF INJURY,0,0,0,0,0,1,0,0,6,11,41.832066205,-87.626818285,POINT (-87.626818285005 41.832066204897)
JA507250,,11/10/2017 12:30:00 AM,30,NO CONTROLS,NO CONTROLS,CLEAR,"DARKNESS, LIGHTED ROAD",PARKED MOTOR VEHICLE,DIVIDED - W/MEDIAN (NOT RAISED),,STRAIGHT AND LEVEL,DRY,NO DEFECTS,NOT ON SCENE (DESK REPORT),NO INJURY / DRIVE AWAY,,,,$500 OR LESS,11/10/2017 11:00:00 PM,IMPROPER BACKING,NOT APPLICABLE,716,S,CARPENTER ST,1232,,,,,,,2,NO INDICATION OF INJURY,0,0,0,0,0,1,0,0,6,11,41.872607127,-87.653425461,POINT (-87.653425461094 41.872607126794)
JA505895,,11/10/2017 12:54:00 AM,35,TRAFFIC SIGNAL,FUNCTIONING PROPERLY,CLEAR,"DARKNESS, LIGHTED ROAD",SIDESWIPE SAME DIRECTION,NOT DIVIDED,,STRAIGHT AND LEVEL,DRY,NO DEFECTS,ON SCENE,INJURY AND / OR TOW DUE TO CRASH,Y,,,"OVER $1,500",11/10/2017 12:59:00 AM,PHYSICAL CONDITION OF DRIVER,FOLLOWING TOO CLOSELY,5701,N,SHERIDAN RD,2022,,,,,,,2,NO INDICATION OF INJURY,0,0,0,0,0,2,0,0,6,11,41.985638421,-87.655094323,POINT (-87.655094323271 41.985638421049)
JA505912,,11/10/2017 01:05:00 AM,30,NO CONTROLS,NO CONTROLS,CLEAR,"DARKNESS, LIGHTED ROAD",ANGLE,DIVIDED - W/MEDIAN BARRIER,2,STRAIGHT AND LEVEL,DRY,NO DEFECTS,NOT ON SCENE (DESK REPORT),NO INJURY / DRIVE AWAY,Y,,,"$501 - $1,500",11/10/2017 01:55:00 AM,UNABLE TO DETERMINE,NOT APPLICABLE,802,W,RANDOLPH ST,1224,,,,,,,2,NO INDICATION OF INJURY,0,0,0,0,0,2,0,1,6,11,41.88451431,-87.647584853,POINT (-87.647584852536 41.884514309758)
JA505896,,11/10/2017 01:10:00 AM,25,TRAFFIC SIGNAL,FUNCTIONING PROPERLY,CLEAR,"DARKNESS, LIGHTED ROAD",PARKED MOTOR VEHICLE,NOT DIVIDED,,STRAIGHT AND LEVEL,DRY,NO DEFECTS,ON SCENE,INJURY AND / OR TOW DUE TO CRASH,Y,,,$500 OR LESS,11/10/2017 01:10:00 AM,PHYSICAL CONDITION OF DRIVER,BICYCLE ADVANCING LEGALLY ON RED LIGHT,501,S,STATE ST,123,,,,,,,2,"REPORTED, NOT EVIDENT",1,0,0,0,1,0,0,1,6,11,41.875583415,-87.62747177,POINT (-87.627471769599 41.875583414979)
JA505905,,11/10/2017 01:21:00 AM,30,NO CONTROLS,NO CONTROLS,CLEAR,"DARKNESS, LIGHTED ROAD",PARKED MOTOR VEHICLE,NOT DIVIDED,,STRAIGHT AND LEVEL,DRY,NO DEFECTS,ON SCENE,NO INJURY / DRIVE AWAY,,,Y,"OVER $1,500",11/10/2017 01:21:00 AM,UNABLE TO DETERMINE,UNABLE TO DETERMINE,2015,W,CONCORD PL,1434,,,,,,,3,NO INDICATION OF INJURY,0,0,0,0,0,1,0,1,6,11,41.911453287,-87.677959325,POINT (-87.677959324833 41.911453286792)
JA505952,,11/10/2017 01:33:00 AM,30,NO CONTROLS,NO CONTROLS,CLEAR,"DARKNESS, LIGHTED ROAD",SIDESWIPE SAME DIRECTION,DIVIDED - W/MEDIAN (NOT RAISED),,STRAIGHT AND LEVEL,DRY,NO DEFECTS,NOT ON SCENE (DESK REPORT),NO INJURY / DRIVE AWAY,,,,"OVER $1,500",11/10/2017 03:33:00 AM,IMPROPER OVERTAKING/PASSING,UNABLE TO DETERMINE,1210,W,WEBSTER AVE,1811,,,,,,,2,NO INDICATION OF INJURY,0,0,0,0,0,2,0,1,6,11,41.921765963,-87.658819893,POINT (-87.658819893323 41.92176596275)
JA506376,,11/10/2017 02:00:00 AM,30,NO CONTROLS,NO CONTROLS,CLEAR,"DARKNESS, LIGHTED ROAD",FIXED OBJECT,DIVIDED - W/MEDIAN BARRIER,,STRAIGHT AND LEVEL,DRY,NO DEFECTS,NOT ON SCENE (DESK REPORT),INJURY AND / OR TOW DUE TO CRASH,,,,"OVER $1,500",11/10/2017 11:45:00 AM,UNABLE TO DETERMINE,NOT APPLICABLE,200,W,LOWER WACKER DR,122,,,,,,,1,NO INDICATION OF INJURY,0,0,0,0,0,1,0,2,6,11,41.887068779,-87.634007958,POINT (-87.634007958314 41.88706877922)
JA505929,,11/10/2017 02:15:00 AM,30,TRAFFIC SIGNAL,FUNCTIONING PROPERLY,CLEAR,"DARKNESS, LIGHTED ROAD",ANGLE,ONE-WAY,0,STRAIGHT AND LEVEL,DRY,NO DEFECTS,ON SCENE,INJURY AND / OR TOW DUE TO CRASH,Y,,,"OVER $1,500",11/10/2017 02:15:00 AM,UNDER THE INFLUENCE OF ALCOHOL/DRUGS (USE WHEN ARREST IS EFFECTED),DISREGARDING TRAFFIC SIGNALS,600,N,DEARBORN ST,1832,,,,,,,2,NO INDICATION OF INJURY,0,0,0,0,0,2,0,2,6,11,41.892485454,-87.62982444,POINT (-87.62982443971 41.892485453597)
JA505928,,11/10/2017 02:20:00 AM,30,NO CONTROLS,NO CONTROLS,CLEAR,"DARKNESS, LIGHTED ROAD",TURNING,NOT DIVIDED,2,STRAIGHT AND LEVEL,DRY,NO DEFECTS,ON SCENE,INJURY AND / OR TOW DUE TO CRASH,,,Y,"OVER $1,500",11/10/2017 02:21:00 AM,IMPROPER TURNING/NO SIGNAL,NOT APPLICABLE,2036,W,NORTH AVE,1434,,,,,,,2,"REPORTED, NOT EVIDENT",2,0,0,0,2,1,0,2,6,11,41.910569913,-87.678830654,POINT (-87.678830654441 41.91056991284)
JA505947,,11/10/2017 03:00:00 AM,10,NO CONTROLS,NO CONTROLS,CLEAR,"DARKNESS, LIGHTED ROAD",FIXED OBJECT,PARKING LOT,,STRAIGHT AND LEVEL,DRY,NO DEFECTS,ON SCENE,INJURY AND / OR TOW DUE TO CRASH,,,,"OVER $1,500",11/10/2017 03:04:00 AM,EQUIPMENT - VEHICLE CONDITION,NOT APPLICABLE,8628,S,COTTAGE GROVE AVE,632,,,,,,,1,NO INDICATION OF INJURY,0,0,0,0,0,1,0,3,6,11,41.737581396,-87.604996231,POINT (-87.604996230941 41.737581395989)
JA505943,,11/10/2017 03:15:00 AM,30,NO CONTROLS,NO CONTROLS,CLEAR,"DARKNESS, LIGHTED ROAD",SIDESWIPE SAME DIRECTION,ONE-WAY,1,STRAIGHT AND LEVEL,DRY,NO DEFECTS,ON SCENE,NO INJURY / DRIVE AWAY,,,Y,"$501 - $1,500",11/10/2017 03:16:00 AM,UNABLE TO DETERMINE,NOT APPLICABLE,5353,W,CRYSTAL ST,2532,,,,,,,2,NO INDICATION OF INJURY,0,0,0,0,0,3,0,3,6,11,41.902995834,-87.760337617,POINT (-87.760337616781 41.902995834043)
JA506740,,11/10/2017 03:50:00 AM,15,NO CONTROLS,NO CONTROLS,CLEAR,"DARKNESS, LIGHTED ROAD",FIXED OBJECT,ALLEY,,STRAIGHT AND LEVEL,DRY,OTHER,NOT ON SCENE (DESK REPORT),NO INJURY / DRIVE AWAY,,,,"OVER $1,500",11/10/2017 04:00:00 PM,ROAD ENGINEERING/SURFACE/MARKING DEFECTS,NOT APPLICABLE,2210,N,CENTRAL AVE,2515,,,,,,,1,NO INDICATION OF INJURY,0,0,0,0,0,1,0,3,6,11,41.920769358,-87.766015853,POINT (-87.766015853431 41.92076935813)
JA505954,,11/10/2017 04:00:00 AM,30,TRAFFIC SIGNAL,FUNCTIONING PROPERLY,CLEAR,"DARKNESS, LIGHTED ROAD",SIDESWIPE SAME DIRECTION,DIVIDED - W/MEDIAN (NOT RAISED),,STRAIGHT AND LEVEL,DRY,NO DEFECTS,ON SCENE,INJURY AND / OR TOW DUE TO CRASH,Y,,,"$501 - $1,500",11/10/2017 04:04:00 AM,DRIVING SKILLS/KNOWLEDGE/EXPERIENCE,UNABLE TO DETERMINE,3200,W,NORTH AVE,1421,,,,,,,3,NO INDICATION OF INJURY,0,0,0,0,0,4,0,4,6,11,41.910224299,-87.707036506,POINT (-87.707036505555 41.910224298601)
JA506214,Y,11/10/2017 04:00:00 AM,25,NO CONTROLS,NO CONTROLS,SNOW,DAWN,PARKED MOTOR VEHICLE,ONE-WAY,1,STRAIGHT AND LEVEL,SNOW OR SLUSH,NO DEFECTS,ON SCENE,NO INJURY / DRIVE AWAY,,,Y,"$501 - $1,500",11/10/2017 10:10:00 AM,UNABLE TO DETERMINE,UNABLE TO DETERMINE,4150,W,POTOMAC AVE,2534,,,,,,,2,NO INDICATION OF INJURY,0,0,0,0,0,1,0,4,6,11,41.904514531,-87.730848745,POINT (-87.730848745335 41.904514531002)
JA505963,,11/10/2017 04:30:00 AM,30,NO CONTROLS,NO CONTROLS,CLEAR,"DARKNESS, LIGHTED ROAD",PARKED MOTOR VEHICLE,ONE-WAY,1,STRAIGHT AND LEVEL,DRY,NO DEFECTS,ON SCENE,NO INJURY / DRIVE AWAY,,,Y,"OVER $1,500",11/10/2017 04:44:00 AM,UNABLE TO DETERMINE,UNABLE TO DETERMINE,7927,S,CHAMPLAIN AVE,624,,,,,,,2,NO INDICATION OF INJURY,0,0,0,0,0,1,0,4,6,11,41.750394829,-87.608698483,POINT (-87.608698482874 41.750394829347)
JA506105,,11/10/2017 05:00:00 AM,30,NO CONTROLS,NO CONTROLS,SNOW,DAWN,PARKED MOTOR VEHICLE,ONE-WAY,,STRAIGHT AND LEVEL,WET,NO DEFECTS,NOT ON SCENE (DESK REPORT),NO INJURY / DRIVE AWAY,,,Y,"$501 - $1,500",11/10/2017 09:00:00 AM,UNABLE TO DETERMINE,UNABLE TO DETERMINE,1210,W,COLUMBIA AVE,2432,,,,,,,2,NO INDICATION OF INJURY,0,0,0,0,0,1,0,5,6,11,42.004633826,-87.661365839,POINT (-87.661365839122 42.004633826181)
JA505988,,11/10/2017 05:05:00 AM,30,TRAFFIC SIGNAL,FUNCTIONING PROPERLY,CLEAR,DAYLIGHT,PEDESTRIAN,OTHER,2,STRAIGHT AND LEVEL,DRY,NO DEFECTS,NOT ON SCENE (DESK REPORT),INJURY AND / OR TOW DUE TO CRASH,N,,,"OVER $1,500",11/10/2017 07:00:00 AM,FAILING TO YIELD RIGHT-OF-WAY,UNABLE TO DETERMINE,36,W,POLK ST,123,,,,,,,2,NONINCAPACITATING INJURY,1,0,0,1,0,1,0,5,6,11,41.872394874,-87.628883543,POINT (-87.628883542763 41.872394873967)
JA505964,,11/10/2017 05:16:00 AM,35,TRAFFIC SIGNAL,FUNCTIONING PROPERLY,SNOW,"DARKNESS, LIGHTED ROAD",TURNING,CENTER TURN LANE,4,STRAIGHT AND LEVEL,SNOW OR SLUSH,NO DEFECTS,ON SCENE,INJURY AND / OR TOW DUE TO CRASH,Y,,,"OVER $1,500",11/10/2017 05:17:00 AM,DISREGARDING TRAFFIC SIGNALS,NOT APPLICABLE,6166,N,SHERIDAN RD,2433,,,,,,,2,NONINCAPACITATING INJURY,2,0,0,2,0,0,0,5,6,11,41.994218839,-87.655661513,POINT (-87.655661512784 41.994218839282)
JA505993,,11/10/2017 05:25:00 AM,30,STOP SIGN/FLASHER,FUNCTIONING PROPERLY,CLEAR,"DARKNESS, LIGHTED ROAD",REAR END,NOT DIVIDED,2,STRAIGHT AND LEVEL,DRY,NO DEFECTS,NOT ON SCENE (DESK REPORT),NO INJURY / DRIVE AWAY,,,Y,"OVER $1,500",11/10/2017 07:05:00 AM,FAILING TO YIELD RIGHT-OF-WAY,NOT APPLICABLE,2330,W,33RD ST,912,,,,,,,2,NO INDICATION OF INJURY,0,0,0,0,0,2,0,5,6,11,41.834054665,-87.683850016,POINT (-87.68385001565 41.834054665103)
JA505972,,11/10/2017 05:40:00 AM,30,STOP SIGN/FLASHER,FUNCTIONING PROPERLY,CLEAR,"DARKNESS, LIGHTED ROAD",ANGLE,NOT DIVIDED,2,STRAIGHT AND LEVEL,DRY,NO DEFECTS,ON SCENE,NO INJURY / DRIVE AWAY,Y,,Y,$500 OR LESS,11/10/2017 05:45:00 AM,FAILING TO YIELD RIGHT-OF-WAY,EXCEEDING AUTHORIZED SPEED LIMIT,4500,N,MAJOR AVE,1622,,,,,,,2,NO INDICATION OF INJURY,0,0,0,0,0,2,0,5,6,11,41.962364424,-87.769897682,POINT (-87.769897682025 41.962364423519)
JA505979,,11/10/2017 06:00:00 AM,30,NO CONTROLS,NO CONTROLS,UNKNOWN,UNKNOWN,PARKED MOTOR VEHICLE,ONE-WAY,1,STRAIGHT AND LEVEL,UNKNOWN,NO DEFECTS,ON SCENE,INJURY AND / OR TOW DUE TO CRASH,,,Y,"OVER $1,500",11/10/2017 06:20:00 AM,UNABLE TO DETERMINE,UNABLE TO DETERMINE,3705,W,85TH PL,834,,,,,,,2,NO INDICATION OF INJURY,0,0,0,0,0,1,0,6,6,11,41.737609298,-87.714498794,POINT (-87.714498793821 41.737609298298)
JA514466,,11/10/2017 06:00:00 AM,30,STOP SIGN/FLASHER,FUNCTIONING PROPERLY,SNOW,DAYLIGHT,TURNING,DIVIDED - W/MEDIAN (NOT RAISED),2,STRAIGHT AND LEVEL,WET,NO DEFECTS,NOT ON SCENE (DESK REPORT),NO INJURY / DRIVE AWAY,,,,$500 OR LESS,11/16/2017 06:15:00 PM,UNABLE TO DETERMINE,NOT APPLICABLE,4532,W,JACKSON BLVD,1113,,,,,,,2,NO INDICATION OF INJURY,0,0,0,0,0,2,0,6,6,11,41.877029118,-87.739123434,POINT (-87.73912343409 41.877029117746)
JA506202,,11/10/2017 06:16:00 AM,30,NO CONTROLS,NO CONTROLS,CLEAR,DAYLIGHT,PARKED MOTOR VEHICLE,PARKING LOT,,STRAIGHT AND LEVEL,DRY,NO DEFECTS,NOT ON SCENE (DESK REPORT),NO INJURY / DRIVE AWAY,,Y,,"$501 - $1,500",11/10/2017 10:20:00 AM,IMPROPER BACKING,UNABLE TO DETERMINE,1501,S,CALIFORNIA BLVD,1023,,,,,,,2,NO INDICATION OF INJURY,0,0,0,0,0,1,0,6,6,11,41.861124433,-87.695602337,POINT (-87.695602337173 41.861124432598)
JA505983,,11/10/2017 06:20:00 AM,30,NO CONTROLS,NO CONTROLS,CLEAR,"DARKNESS, LIGHTED ROAD",TURNING,DIVIDED - W/MEDIAN (NOT RAISED),5,STRAIGHT AND LEVEL,DRY,NO DEFECTS,ON SCENE,INJURY AND / OR TOW DUE TO CRASH,Y,,,"OVER $1,500",11/10/2017 06:28:00 AM,FAILING TO YIELD RIGHT-OF-WAY,UNABLE TO DETERMINE,7126,W,ARCHER AVE,811,,,,,,,2,"REPORTED, NOT EVIDENT",1,0,0,0,1,2,0,6,6,11,41.792067214,-87.800198887,POINT (-87.800198887183 41.792067214057)
JA505981,,11/10/2017 06:20:00 AM,30,NO CONTROLS,NO CONTROLS,CLEAR,DAWN,REAR END,DIVIDED - W/MEDIAN (NOT RAISED),2,STRAIGHT AND LEVEL,DRY,NO DEFECTS,ON SCENE,INJURY AND / OR TOW DUE TO CRASH,Y,,,"OVER $1,500",11/10/2017 06:23:00 AM,FAILING TO REDUCE SPEED TO AVOID CRASH,UNABLE TO DETERMINE,7842,W,BELMONT AVE,1631,,,,,,,3,NO INDICATION OF INJURY,0,0,0,0,0,6,0,6,6,11,41.937916817,-87.823115031,POINT (-87.82311503055 41.937916817261)
JA505977,,11/10/2017 06:30:00 AM,30,NO CONTROLS,NO CONTROLS,CLEAR,DAYLIGHT,SIDESWIPE SAME DIRECTION,DIVIDED - W/MEDIAN (NOT RAISED),4,STRAIGHT AND LEVEL,DRY,NO DEFECTS,ON SCENE,NO INJURY / DRIVE AWAY,,,,"OVER $1,500",11/10/2017 06:35:00 AM,NOT APPLICABLE,NOT APPLICABLE,6114,S,WESTERN AVE,825,,,,,,,2,NO INDICATION OF INJURY,0,0,0,0,0,2,0,6,6,11,41.782412765,-87.683874491,POINT (-87.683874491201 41.782412765421)
JA505989,,11/10/2017 06:30:00 AM,35,TRAFFIC SIGNAL,FUNCTIONING PROPERLY,CLEAR,"DARKNESS, LIGHTED ROAD",TURNING,OTHER,3,STRAIGHT AND LEVEL,DRY,NO DEFECTS,,NO INJURY / DRIVE AWAY,Y,,,"OVER $1,500",11/10/2017 07:00:00 AM,FAILING TO REDUCE SPEED TO AVOID CRASH,IMPROPER LANE USAGE,835,N,RACINE AVE,1213,,,,,,,2,NO INDICATION OF INJURY,0,0,0,0,0,3,0,6,6,11,41.897396317,-87.657401385,POINT (-87.657401384613 41.897396317343)
JA505985,,11/10/2017 06:35:00 AM,30,STOP SIGN/FLASHER,FUNCTIONING PROPERLY,CLOUDY/OVERCAST,DAYLIGHT,ANGLE,CENTER TURN LANE,4,STRAIGHT AND LEVEL,DRY,NO DEFECTS,ON SCENE,INJURY AND / OR TOW DUE TO CRASH,Y,,,"OVER $1,500",11/10/2017 06:39:00 AM,FAILING TO YIELD RIGHT-OF-WAY,NOT APPLICABLE,5700,W,IRVING PARK RD,1624,,,,,,,2,NO INDICATION OF INJURY,0,0,0,0,0,2,0,6,6,11,41.95325817,-87.769512027,POINT (-87.769512027417 41.95325816953)
JA505992,,11/10/2017 06:41:00 AM,20,NO CONTROLS,NO CONTROLS,CLEAR,DAYLIGHT,PARKED MOTOR VEHICLE,OTHER,1,STRAIGHT AND LEVEL,DRY,NO DEFECTS,ON SCENE,NO INJURY / DRIVE AWAY,,,,"OVER $1,500",11/10/2017 06:48:00 AM,UNABLE TO DETERMINE,UNABLE TO DETERMINE,4059,N,LAVERGNE AVE,1624,,,,,,,2,NO INDICATION OF INJURY,0,0,0,0,0,1,0,6,6,11,41.955096006,-87.752152305,POINT (-87.752152305373 41.955096006099)
JA510711,,11/10/2017 06:42:00 AM,0,STOP SIGN/FLASHER,FUNCTIONING PROPERLY,CLEAR,DAYLIGHT,ANGLE,DIVIDED - W/MEDIAN (NOT RAISED),,STRAIGHT AND LEVEL,DRY,NO DEFECTS,NOT ON SCENE (DESK REPORT),NO INJURY / DRIVE AWAY,,,,"OVER $1,500",11/13/2017 05:50:00 PM,FAILING TO YIELD RIGHT-OF-WAY,NOT APPLICABLE,5356,S,HYDE PARK BLVD,234,,,,,,,2,NO INDICATION OF INJURY,0,0,0,0,0,2,0,6,6,11,41.79821668,-87.58416835,POINT (-87.584168349773 41.798216680103)
JA505994,,11/10/2017 06:45:00 AM,30,TRAFFIC SIGNAL,FUNCTIONING PROPERLY,CLEAR,DAYLIGHT,ANGLE,NOT DIVIDED,2,STRAIGHT AND LEVEL,DRY,NO DEFECTS,ON SCENE,INJURY AND / OR TOW DUE TO CRASH,Y,,,"OVER $1,500",11/10/2017 06:48:00 AM,DISREGARDING TRAFFIC SIGNALS,UNABLE TO DETERMINE,1801,N,AUSTIN AVE,2531,,,,,,,2,NO INDICATION OF INJURY,0,0,0,0,0,2,0,6,6,11,41.91297342,-87.775199212,POINT (-87.775199212468 41.912973419791)
JA506004,,11/10/2017 06:58:00 AM,30,NO CONTROLS,NO CONTROLS,CLEAR,DAYLIGHT,ANGLE,NOT DIVIDED,4,STRAIGHT AND LEVEL,DRY,NO DEFECTS,ON SCENE,NO INJURY / DRIVE AWAY,,,Y,"OVER $1,500",11/10/2017 07:15:00 AM,UNABLE TO DETERMINE,UNABLE TO DETERMINE,7902,S,ASHLAND AVE,611,,,,,,,2,NO INDICATION OF INJURY,0,0,0,0,0,2,0,6,6,11,41.75020547,-87.663577786,POINT (-87.663577786148 41.750205470353)
JA506208,,11/10/2017 07:00:00 AM,20,STOP SIGN/FLASHER,FUNCTIONING PROPERLY,SNOW,DAYLIGHT,ANGLE,OTHER,1,STRAIGHT AND LEVEL,WET,NO DEFECTS,NOT ON SCENE (DESK REPORT),NO INJURY / DRIVE AWAY,,,Y,"OVER $1,500",11/10/2017 10:05:00 AM,UNABLE TO DETERMINE,NOT APPLICABLE,1700,E,54TH ST,234,,,,,,,2,NO INDICATION OF INJURY,0,0,0,0,0,3,0,7,6,11,41.798255362,-87.58395743,POINT (-87.583957430153 41.798255361781)
JA506037,,11/10/2017 07:15:00 AM,30,NO CONTROLS,NO CONTROLS,CLEAR,DAYLIGHT,TURNING,NOT DIVIDED,4,STRAIGHT AND LEVEL,DRY,NO DEFECTS,,NO INJURY / DRIVE AWAY,Y,,,"$501 - $1,500",11/10/2017 08:15:00 AM,IMPROPER TURNING/NO SIGNAL,NOT APPLICABLE,6200,N,HARLEM AVE,1612,,,,,,,2,NO INDICATION OF INJURY,0,0,0,0,0,3,0,7,6,11,41.993583081,-87.806983767,POINT (-87.806983767169 41.993583080763)
JA506710,,11/10/2017 07:30:00 AM,25,NO CONTROLS,NO CONTROLS,CLEAR,DAYLIGHT,SIDESWIPE OPPOSITE DIRECTION,PARKING LOT,1,STRAIGHT AND LEVEL,DRY,NO DEFECTS,NOT ON SCENE (DESK REPORT),NO INJURY / DRIVE AWAY,,,Y,"$501 - $1,500",11/10/2017 03:52:00 PM,UNABLE TO DETERMINE,UNABLE TO DETERMINE,6315,W,55TH ST,811,,,,,,,2,NO INDICATION OF INJURY,0,0,0,0,0,2,0,7,6,11,41.792229523,-87.780120221,POINT (-87.780120221008 41.792229523279)
JA506018,,11/10/2017 07:30:00 AM,30,TRAFFIC SIGNAL,FUNCTIONING PROPERLY,SNOW,DAYLIGHT,SIDESWIPE SAME DIRECTION,DIVIDED - W/MEDIAN BARRIER,4,STRAIGHT AND LEVEL,WET,NO DEFECTS,ON SCENE,NO INJURY / DRIVE AWAY,Y,,,"OVER $1,500",11/10/2017 07:31:00 AM,IMPROPER LANE USAGE,FAILING TO YIELD RIGHT-OF-WAY,2400,W,PERSHING RD,911,,,,,,,2,NO INDICATION OF INJURY,0,0,0,0,0,2,0,7,6,11,41.82309676,-87.685018951,POINT (-87.685018950616 41.823096760166)
JA506050,,11/10/2017 07:30:00 AM,30,NO CONTROLS,NO CONTROLS,SNOW,DAYLIGHT,OTHER OBJECT,NOT DIVIDED,,STRAIGHT ON GRADE,SNOW OR SLUSH,NO DEFECTS,ON SCENE,NO INJURY / DRIVE AWAY,,Y,,"OVER $1,500",11/10/2017 08:00:00 AM,EQUIPMENT - VEHICLE CONDITION,NOT APPLICABLE,1040,W,RANDOLPH ST,1224,,,,,,,2,NO INDICATION OF INJURY,0,0,0,0,0,1,0,7,6,11,41.884407732,-87.65368149,POINT (-87.65368149002 41.884407731619)
JA506058,,11/10/2017 07:32:00 AM,30,NO CONTROLS,NO CONTROLS,SNOW,DAYLIGHT,FIXED OBJECT,NOT DIVIDED,2,STRAIGHT AND LEVEL,SNOW OR SLUSH,NO DEFECTS,ON SCENE,INJURY AND / OR TOW DUE TO CRASH,,,Y,"$501 - $1,500",11/10/2017 08:45:00 AM,WEATHER,WEATHER,5901,S,CORNELL DR,331,,,,,,,1,NO INDICATION OF INJURY,0,0,0,0,0,1,0,7,6,11,41.78805928,-87.585079838,POINT (-87.585079838119 41.78805928018)