RD_NO,CRASH_DATE_EST_I,CRASH_DATE,POSTED_SPEED_LIMIT,TRAFFIC_CONTROL_DEVICE,DEVICE_CONDITION,WEATHER_CONDITION,LIGHTING_CONDITION,FIRST_CRASH_TYPE,TRAFFICWAY_TYPE,LANE_CNT,ALIGNMENT,ROADWAY_SURFACE_COND,ROAD_DEFECT,REPORT_TYPE,CRASH_TYPE,INTERSECTION_RELATED_I,NOT_RIGHT_OF_WAY_I,HIT_AND_RUN_I,DAMAGE,DATE_POLICE_NOTIFIED,PRIM_CONTRIBUTORY_CAUSE,SEC_CONTRIBUTORY_CAUSE,STREET_NO,STREET_DIRECTION,STREET_NAME,BEAT_OF_OCCURRENCE,PHOTOS_TAKEN_I,STATEMENTS_TAKEN_I,DOORING_I,WORK_ZONE_I,WORK_ZONE_TYPE,WORKERS_PRESENT_I,NUM_UNITS,MOST_SEVERE_INJURY,INJURIES_TOTAL,INJURIES_FATAL,INJURIES_INCAPACITATING,INJURIES_NON_INCAPACITATING,INJURIES_REPORTED_NOT_EVIDENT,INJURIES_NO_INDICATION,INJURIES_UNKNOWN,CRASH_HOUR,CRASH_DAY_OF_WEEK,CRASH_MONTH,LATITUDE,LONGITUDE,LOCATION
JA506285,,11/10/2017 07:36:00 AM,30,NO CONTROLS,NO CONTROLS,CLOUDY/OVERCAST,DAYLIGHT,PARKED MOTOR VEHICLE,ONE-WAY,,STRAIGHT AND LEVEL,DRY,NO DEFECTS,NOT ON SCENE (DESK REPORT),NO INJURY / DRIVE AWAY,,,,"$501 - $1,500",11/10/2017 11:00:00 AM,NOT APPLICABLE,NOT APPLICABLE,8739,S,BEVERLY AVE,2221,,,,,,,2,NO INDICATION OF INJURY,0,0,0,0,0,4,0,7,6,11,41.7346862,-87.671738254,POINT (-87.6717382535 41.73468619971)
JA506847,,11/10/2017 07:40:00 AM,30,TRAFFIC SIGNAL,FUNCTIONING PROPERLY,SNOW,DAYLIGHT,REAR END,UNKNOWN,,STRAIGHT AND LEVEL,WET,NO DEFECTS,NOT ON SCENE (DESK REPORT),NO INJURY / DRIVE AWAY,,,Y,"OVER $1,500",11/10/2017 05:00:00 PM,FOLLOWING TOO CLOSELY,WEATHER,11158,S,AVENUE O,433,,,,,,,2,NO INDICATION OF INJURY,0,0,0,0,0,4,0,7,6,11,41.691952191,-87.540253665,POINT (-87.540253664652 41.691952190526)
JA510228,,11/10/2017 07:40:00 AM,30,STOP SIGN/FLASHER,FUNCTIONING PROPERLY,CLEAR,DAYLIGHT,ANGLE,DIVIDED - W/MEDIAN (NOT RAISED),4,STRAIGHT AND LEVEL,DRY,NO DEFECTS,NOT ON SCENE (DESK REPORT),NO INJURY / DRIVE AWAY,,,Y,"OVER $1,500",11/13/2017 12:42:00 PM,UNABLE TO DETERMINE,UNABLE TO DETERMINE,1600,W,HUBBARD ST,1215,,,,,,,2,NO INDICATION OF INJURY,0,0,0,0,0,2,0,7,6,11,41.889996002,-87.667160366,POINT (-87.667160366454 41.889996001809)
JA506045,,11/10/2017 07:45:00 AM,30,RAILROAD CROSSING GATE,FUNCTIONING PROPERLY,CLEAR,DAYLIGHT,REAR END,DIVIDED - W/MEDIAN (NOT RAISED),,STRAIGHT AND LEVEL,DRY,NO DEFECTS,NOT ON SCENE (DESK REPORT),NO INJURY / DRIVE AWAY,,,,"OVER $1,500",11/10/2017 08:32:00 AM,FOLLOWING TOO CLOSELY,FAILING TO YIELD RIGHT-OF-WAY,5700,N,NAGLE AVE,1612,,,,,,,2,NO INDICATION OF INJURY,0,0,0,0,0,3,0,7,6,11,41.984991824,-87.787848895,POINT (-87.787848894502 41.984991823544)
JA506138,,11/10/2017 07:45:00 AM,30,TRAFFIC SIGNAL,FUNCTIONING PROPERLY,SNOW,DAYLIGHT,REAR END,DIVIDED - W/MEDIAN (NOT RAISED),2,STRAIGHT AND LEVEL,SNOW OR SLUSH,NO DEFECTS,ON SCENE,NO INJURY / DRIVE AWAY,,,,"OVER $1,500",11/10/2017 09:45:00 AM,WEATHER,NOT APPLICABLE,6650,S,JEFFERY DR,331,,,,,,,2,NO INDICATION OF INJURY,0,0,0,0,0,2,0,7,6,11,41.774249019,-87.576324155,POINT (-87.576324154885 41.77424901878)
JA506101,,11/10/2017 07:50:00 AM,30,TRAFFIC SIGNAL,FUNCTIONING PROPERLY,SNOW,DAYLIGHT,TURNING,NOT DIVIDED,,STRAIGHT AND LEVEL,WET,NO DEFECTS,ON SCENE,NO INJURY / DRIVE AWAY,Y,,,"$501 - $1,500",11/10/2017 09:00:00 AM,FAILING TO YIELD RIGHT-OF-WAY,NOT APPLICABLE,301,E,LOWER WACKER DR,114,,,,,,,2,NO INDICATION OF INJURY,0,0,0,0,0,2,0,7,6,11,41.887672221,-87.62057394,POINT (-87.620573939863 41.887672220686)
JA506040,,11/10/2017 07:50:00 AM,30,NO CONTROLS,NO CONTROLS,CLEAR,DAYLIGHT,REAR END,DIVIDED - W/MEDIAN (NOT RAISED),,STRAIGHT AND LEVEL,WET,SHOULDER DEFECT,ON SCENE,INJURY AND / OR TOW DUE TO CRASH,,,,"OVER $1,500",11/10/2017 07:54:00 AM,FOLLOWING TOO CLOSELY,NOT APPLICABLE,6219,W,63RD ST,812,,Y,,,,,3,"REPORTED, NOT EVIDENT",1,0,0,0,1,2,0,7,6,11,41.777644004,-87.777144438,POINT (-87.777144438194 41.77764400389)
JA506035,,11/10/2017 07:53:00 AM,30,NO CONTROLS,NO CONTROLS,CLEAR,DAYLIGHT,ANGLE,NOT DIVIDED,2,STRAIGHT AND LEVEL,DRY,NO DEFECTS,ON SCENE,NO INJURY / DRIVE AWAY,,,,"OVER $1,500",11/10/2017 08:03:00 AM,FAILING TO YIELD RIGHT-OF-WAY,FAILING TO YIELD RIGHT-OF-WAY,4754,N,CENTRAL PARK AVE,1723,,,,,,,2,NO INDICATION OF INJURY,0,0,0,0,0,3,0,7,6,11,41.968142344,-87.718396596,POINT (-87.718396596421 41.968142343508)
JA506048,,11/10/2017 07:53:00 AM,10,NO CONTROLS,NO CONTROLS,SNOW,DAYLIGHT,PARKED MOTOR VEHICLE,PARKING LOT,1,STRAIGHT AND LEVEL,SNOW OR SLUSH,NO DEFECTS,ON SCENE,NO INJURY / DRIVE AWAY,,Y,,$500 OR LESS,11/10/2017 07:54:00 AM,DRIVING SKILLS/KNOWLEDGE/EXPERIENCE,NOT APPLICABLE,2425,E,79TH ST,422,,,,,,,2,NO INDICATION OF INJURY,0,0,0,0,0,4,0,7,6,11,41.751633599,-87.565160651,POINT (-87.565160650934 41.751633598976)
JA506038,,11/10/2017 07:55:00 AM,30,TRAFFIC SIGNAL,FUNCTIONING PROPERLY,SNOW,DAYLIGHT,TURNING,NOT DIVIDED,,STRAIGHT AND LEVEL,SNOW OR SLUSH,NO DEFECTS,ON SCENE,INJURY AND / OR TOW DUE TO CRASH,Y,,,"OVER $1,500",11/10/2017 08:03:00 AM,FAILING TO YIELD RIGHT-OF-WAY,NOT APPLICABLE,3900,S,ASHLAND AVE,924,,,,,,,2,NO INDICATION OF INJURY,0,0,0,0,0,2,0,7,6,11,41.823027657,-87.665744031,POINT (-87.665744031095 41.82302765704)
JA506069,,11/10/2017 08:00:00 AM,25,NO CONTROLS,NO CONTROLS,CLEAR,DAYLIGHT,SIDESWIPE SAME DIRECTION,NOT DIVIDED,2,STRAIGHT AND LEVEL,DRY,NO DEFECTS,NOT ON SCENE (DESK REPORT),NO INJURY / DRIVE AWAY,,,Y,"$501 - $1,500",11/10/2017 08:45:00 AM,UNABLE TO DETERMINE,NOT APPLICABLE,2621,S,ELEANOR ST,913,,,,,,,2,NO INDICATION OF INJURY,0,0,0,0,0,2,0,8,6,11,41.845105541,-87.65907175,POINT (-87.659071750479 41.845105541456)
JA506090,,11/10/2017 08:00:00 AM,30,TRAFFIC SIGNAL,FUNCTIONING PROPERLY,SNOW,DAYLIGHT,REAR END,DIVIDED - W/MEDIAN BARRIER,2,STRAIGHT AND LEVEL,SNOW OR SLUSH,NO DEFECTS,ON SCENE,NO INJURY / DRIVE AWAY,,,,"OVER $1,500",11/10/2017 09:10:00 AM,WEATHER,NOT APPLICABLE,6258,S,LAKE SHORE DR,331,,,,,,,2,NO INDICATION OF INJURY,0,0,0,0,0,2,0,8,6,11,,,
JA506103,,11/10/2017 08:00:00 AM,30,NO CONTROLS,NO CONTROLS,SNOW,DAYLIGHT,FIXED OBJECT,NOT DIVIDED,,STRAIGHT AND LEVEL,SNOW OR SLUSH,NO DEFECTS,ON SCENE,NO INJURY / DRIVE AWAY,,,,"OVER $1,500",11/10/2017 09:02:00 AM,WEATHER,NOT APPLICABLE,1451,W,FULLER ST,913,,,,,,,1,NO INDICATION OF INJURY,0,0,0,0,0,1,0,8,6,11,41.842419621,-87.66315256,POINT (-87.663152559598 41.842419621134)
JA506228,,11/10/2017 08:00:00 AM,30,NO CONTROLS,NO CONTROLS,UNKNOWN,UNKNOWN,PARKED MOTOR VEHICLE,ONE-WAY,3,STRAIGHT AND LEVEL,SNOW OR SLUSH,UNKNOWN,NOT ON SCENE (DESK REPORT),NO INJURY / DRIVE AWAY,,,Y,"OVER $1,500",11/10/2017 10:18:00 AM,UNABLE TO DETERMINE,NOT APPLICABLE,17,N,JEFFERSON ST,121,,,,,,,2,NO INDICATION OF INJURY,0,0,0,0,0,1,0,8,6,11,41.882387197,-87.642531046,POINT (-87.64253104623 41.88238719728)
JA540194,,11/10/2017 08:10:00 AM,30,TRAFFIC SIGNAL,FUNCTIONING PROPERLY,UNKNOWN,UNKNOWN,TURNING,DIVIDED - W/MEDIAN (NOT RAISED),4,STRAIGHT AND LEVEL,UNKNOWN,UNKNOWN,NOT ON SCENE (DESK REPORT),INJURY AND / OR TOW DUE TO CRASH,,,,"OVER $1,500",11/13/2017 01:22:00 PM,IMPROPER TURNING/NO SIGNAL,IMPROPER OVERTAKING/PASSING,6400,S,PULASKI RD,813,,,,,,,2,NO INDICATION OF INJURY,0,0,0,0,0,2,0,8,6,11,41.776778179,-87.722858718,POINT (-87.722858718441 41.77677817895)
JA506242,,11/10/2017 08:10:00 AM,5,LANE USE MARKING,NO CONTROLS,SNOW,DAYLIGHT,FIXED OBJECT,RAMP,,CURVE ON GRADE,SNOW OR SLUSH,NO DEFECTS,ON SCENE,INJURY AND / OR TOW DUE TO CRASH,,Y,,"OVER $1,500",11/10/2017 08:16:00 AM,WEATHER,UNABLE TO DETERMINE,1701,E,57TH DR,331,,,,,,,1,INCAPACITATING INJURY,1,0,1,0,0,0,0,8,6,11,41.792536209,-87.583791206,POINT (-87.583791206225 41.792536208727)
JA508265,,11/10/2017 08:15:00 AM,30,NO CONTROLS,NO CONTROLS,CLEAR,DAYLIGHT,SIDESWIPE SAME DIRECTION,NOT DIVIDED,3,STRAIGHT AND LEVEL,SNOW OR SLUSH,NO DEFECTS,NOT ON SCENE (DESK REPORT),NO INJURY / DRIVE AWAY,,,,"OVER $1,500",11/11/2017 07:35:00 PM,IMPROPER OVERTAKING/PASSING,IMPROPER OVERTAKING/PASSING,6700,S,STONY ISLAND AVE,332,,,,,,,3,NO INDICATION OF INJURY,0,0,0,0,0,3,0,8,6,11,41.773292896,-87.586442368,POINT (-87.586442368314 41.773292895851)
JA506029,,11/10/2017 08:15:00 AM,35,TRAFFIC SIGNAL,FUNCTIONING PROPERLY,CLOUDY/OVERCAST,DAYLIGHT,ANGLE,NOT DIVIDED,4,STRAIGHT AND LEVEL,DRY,NO DEFECTS,ON SCENE,NO INJURY / DRIVE AWAY,,,,"OVER $1,500",11/10/2017 08:20:00 AM,FAILING TO YIELD RIGHT-OF-WAY,FAILING TO REDUCE SPEED TO AVOID CRASH,3600,N,ELSTON AVE,1733,,,,,,,2,NO INDICATION OF INJURY,0,0,0,0,0,2,0,8,6,11,41.946549165,-87.708952626,POINT (-87.708952626035 41.946549164806)
JA506061,,11/10/2017 08:15:00 AM,30,TRAFFIC SIGNAL,FUNCTIONING PROPERLY,SNOW,DAYLIGHT,REAR END,NOT DIVIDED,4,STRAIGHT AND LEVEL,WET,NO DEFECTS,ON SCENE,INJURY AND / OR TOW DUE TO CRASH,N,,,"$501 - $1,500",11/10/2017 08:30:00 AM,UNABLE TO DETERMINE,WEATHER,5700,S,COTTAGE GROVE AVE,233,,,,,,,2,NO INDICATION OF INJURY,0,0,0,0,0,2,0,8,6,11,41.791233259,-87.606298213,POINT (-87.606298213182 41.791233258933)
JA506292,,11/10/2017 08:18:00 AM,15,NO CONTROLS,NO CONTROLS,SNOW,DAYLIGHT,FIXED OBJECT,ALLEY,,STRAIGHT AND LEVEL,SNOW OR SLUSH,NO DEFECTS,NOT ON SCENE (DESK REPORT),NO INJURY / DRIVE AWAY,,,,"OVER $1,500",11/10/2017 10:58:00 AM,UNABLE TO DETERMINE,UNABLE TO DETERMINE,1840,S,LAFLIN ST,1233,,,,,,,1,NO INDICATION OF INJURY,0,0,0,0,0,2,0,8,6,11,41.856631687,-87.663875288,POINT (-87.663875288302 41.8566316871)
JA506046,,11/10/2017 08:19:00 AM,35,TRAFFIC SIGNAL,FUNCTIONING PROPERLY,SNOW,DAYLIGHT,REAR END,CENTER TURN LANE,2,STRAIGHT AND LEVEL,SNOW OR SLUSH,UNKNOWN,ON SCENE,NO INJURY / DRIVE AWAY,,,,"$501 - $1,500",11/10/2017 08:19:00 AM,"EVASIVE ACTION DUE TO ANIMAL, OBJECT, NONMOTORIST",WEATHER,2398,E,75TH ST,334,,,,,,,2,NO INDICATION OF INJURY,0,0,0,0,0,2,0,8,6,11,41.759096898,-87.566436275,POINT (-87.566436275029 41.759096898246)
JA506062,,11/10/2017 08:20:00 AM,30,TRAFFIC SIGNAL,FUNCTIONING PROPERLY,CLOUDY/OVERCAST,DAYLIGHT,TURNING,NOT DIVIDED,2,STRAIGHT AND LEVEL,WET,NO DEFECTS,ON SCENE,NO INJURY / DRIVE AWAY,Y,,,"OVER $1,500",11/10/2017 08:24:00 AM,FAILING TO REDUCE SPEED TO AVOID CRASH,FOLLOWING TOO CLOSELY,5158,W,AUGUSTA BLVD,1531,,,,,,,2,NO INDICATION OF INJURY,0,0,0,0,0,4,0,8,6,11,41.898692286,-87.755627487,POINT (-87.755627487101 41.898692285904)
JA506049,,11/10/2017 08:20:00 AM,30,TRAFFIC SIGNAL,FUNCTIONING PROPERLY,SNOW,DAYLIGHT,FIXED OBJECT,NOT DIVIDED,,STRAIGHT AND LEVEL,SNOW OR SLUSH,NO DEFECTS,ON SCENE,INJURY AND / OR TOW DUE TO CRASH,Y,,,"OVER $1,500",11/10/2017 09:00:00 AM,WEATHER,EXCEEDING SAFE SPEED FOR CONDITIONS,2801,W,LAKE ST,1222,,,,,,,1,NO INDICATION OF INJURY,0,0,0,0,0,1,0,8,6,11,41.884132371,-87.696424255,POINT (-87.696424254507 41.884132371429)
JA506967,,11/10/2017 08:25:00 AM,30,STOP SIGN/FLASHER,FUNCTIONING PROPERLY,SNOW,DAYLIGHT,REAR END,NOT DIVIDED,,STRAIGHT AND LEVEL,WET,NO DEFECTS,NOT ON SCENE (DESK REPORT),NO INJURY / DRIVE AWAY,Y,,,"OVER $1,500",11/10/2017 05:52:00 PM,FAILING TO REDUCE SPEED TO AVOID CRASH,WEATHER,10001,S,STATE ST,511,,,,,,,2,NO INDICATION OF INJURY,0,0,0,0,0,2,0,8,6,11,41.71258284,-87.623483887,POINT (-87.623483887218 41.712582839515)
JA506142,,11/10/2017 08:30:00 AM,30,TRAFFIC SIGNAL,FUNCTIONING PROPERLY,SNOW,DAYLIGHT,REAR END,NOT DIVIDED,4,STRAIGHT AND LEVEL,WET,NO DEFECTS,NOT ON SCENE (DESK REPORT),NO INJURY / DRIVE AWAY,,,Y,$500 OR LESS,11/10/2017 09:30:00 AM,UNABLE TO DETERMINE,NOT APPLICABLE,400,W,63RD ST,711,,,,,,,2,NO INDICATION OF INJURY,0,0,0,0,0,2,0,8,6,11,41.780018037,-87.635112764,POINT (-87.635112763932 41.780018036652)
JA506121,,11/10/2017 08:30:00 AM,30,TRAFFIC SIGNAL,FUNCTIONING PROPERLY,SNOW,DAYLIGHT,REAR END,NOT DIVIDED,4,STRAIGHT AND LEVEL,SNOW OR SLUSH,NO DEFECTS,ON SCENE,INJURY AND / OR TOW DUE TO CRASH,,,,"OVER $1,500",11/10/2017 10:00:00 AM,FOLLOWING TOO CLOSELY,FAILING TO REDUCE SPEED TO AVOID CRASH,3034,N,CICERO AVE,2521,,,,,,,2,NO INDICATION OF INJURY,0,0,0,0,0,2,0,8,6,11,41.936251742,-87.746932063,POINT (-87.746932062894 41.936251741734)
JA506186,,11/10/2017 08:30:00 AM,30,NO CONTROLS,NO CONTROLS,SNOW,DAYLIGHT,REAR END,NOT DIVIDED,,STRAIGHT AND LEVEL,WET,NO DEFECTS,NOT ON SCENE (DESK REPORT),NO INJURY / DRIVE AWAY,,,Y,"$501 - $1,500",11/10/2017 10:07:00 AM,UNABLE TO DETERMINE,NOT APPLICABLE,1551,N,WESTERN AVE,1424,,,,,,,2,NO INDICATION OF INJURY,0,0,0,0,0,2,0,8,6,11,41.910004538,-87.687064708,POINT (-87.687064708421 41.910004537854)
JA506670,,11/10/2017 08:30:00 AM,25,NO CONTROLS,NO CONTROLS,CLEAR,DAYLIGHT,REAR END,DIVIDED - W/MEDIAN (NOT RAISED),4,STRAIGHT AND LEVEL,DRY,NO DEFECTS,NOT ON SCENE (DESK REPORT),NO INJURY / DRIVE AWAY,,,,"$501 - $1,500",11/10/2017 03:20:00 PM,UNABLE TO DETERMINE,UNABLE TO DETERMINE,6235,S,LAKE SHORE DR,331,,,,,,,3,NO INDICATION OF INJURY,0,0,0,0,0,3,0,8,6,11,41.781329357,-87.574759574,POINT (-87.574759574041 41.781329356814)
JA518114,,11/10/2017 08:30:00 AM,30,NO CONTROLS,NO CONTROLS,CLEAR,DAYLIGHT,SIDESWIPE SAME DIRECTION,ONE-WAY,,STRAIGHT AND LEVEL,DRY,NO DEFECTS,NOT ON SCENE (DESK REPORT),NO INJURY / DRIVE AWAY,,,Y,"$501 - $1,500",11/19/2017 04:40:00 PM,IMPROPER OVERTAKING/PASSING,NOT APPLICABLE,4115,N,HERMITAGE AVE,1912,,,,,,,2,NO INDICATION OF INJURY,0,0,0,0,0,2,0,8,6,11,41.956575012,-87.672121382,POINT (-87.67212138167 41.956575011984)
JA506072,Y,11/10/2017 08:30:00 AM,30,NO CONTROLS,NO CONTROLS,SNOW,DAYLIGHT,PARKED MOTOR VEHICLE,ONE-WAY,1,STRAIGHT AND LEVEL,DRY,NO DEFECTS,ON SCENE,NO INJURY / DRIVE AWAY,,,,$500 OR LESS,11/10/2017 08:40:00 AM,UNABLE TO DETERMINE,UNABLE TO DETERMINE,3349,W,23RD ST,1024,,,,,,,2,NO INDICATION OF INJURY,0,0,0,0,0,2,0,8,6,11,41.849786671,-87.709585617,POINT (-87.709585616679 41.849786671231)
JA506106,,11/10/2017 08:30:00 AM,30,TRAFFIC SIGNAL,FUNCTIONING PROPERLY,SNOW,DAYLIGHT,SIDESWIPE SAME DIRECTION,DIVIDED - W/MEDIAN (NOT RAISED),4,STRAIGHT AND LEVEL,WET,NO DEFECTS,ON SCENE,NO INJURY / DRIVE AWAY,,,Y,$500 OR LESS,11/10/2017 09:08:00 AM,IMPROPER LANE USAGE,EXCEEDING SAFE SPEED FOR CONDITIONS,1265,W,DIVISION ST,1213,,,,,,,2,NO INDICATION OF INJURY,0,0,0,0,0,2,0,8,6,11,41.903353037,-87.660126601,POINT (-87.660126600613 41.903353037169)
JA506548,N,11/10/2017 08:30:00 AM,30,NO CONTROLS,NO CONTROLS,CLEAR,DAYLIGHT,PARKED MOTOR VEHICLE,ONE-WAY,,STRAIGHT AND LEVEL,DRY,NO DEFECTS,NOT ON SCENE (DESK REPORT),NO INJURY / DRIVE AWAY,,,Y,"OVER $1,500",11/10/2017 01:50:00 PM,UNABLE TO DETERMINE,UNABLE TO DETERMINE,7199,N,WASHTENAW AVE,2411,,,,,,,2,NO INDICATION OF INJURY,0,0,0,0,0,1,0,8,6,11,42.012077429,-87.697204202,POINT (-87.697204201667 42.012077428714)
JA506054,,11/10/2017 08:30:00 AM,30,TRAFFIC SIGNAL,FUNCTIONING PROPERLY,SNOW,DAYLIGHT,ANGLE,OTHER,0,STRAIGHT AND LEVEL,SNOW OR SLUSH,NO DEFECTS,ON SCENE,INJURY AND / OR TOW DUE TO CRASH,Y,,,"OVER $1,500",11/10/2017 08:31:00 AM,DISREGARDING TRAFFIC SIGNALS,UNABLE TO DETERMINE,2800,W,CONGRESS PKWY,1135,,,,,,,2,NO INDICATION OF INJURY,0,0,0,0,0,2,0,8,6,11,41.875008568,-87.696245665,POINT (-87.696245665367 41.875008567703)
JA506294,,11/10/2017 08:30:00 AM,30,STOP SIGN/FLASHER,FUNCTIONING PROPERLY,SNOW,DAYLIGHT,ANGLE,DIVIDED - W/MEDIAN (NOT RAISED),,STRAIGHT AND LEVEL,WET,NO DEFECTS,NOT ON SCENE (DESK REPORT),NO INJURY / DRIVE AWAY,,,Y,"OVER $1,500",11/10/2017 11:00:00 AM,DRIVING SKILLS/KNOWLEDGE/EXPERIENCE,NOT APPLICABLE,4800,S,KILDARE AVE,815,,,,,,,2,NO INDICATION OF INJURY,0,0,0,0,0,2,0,8,6,11,41.805857907,-87.731020184,POINT (-87.731020183844 41.805857907334)
JA506076,,11/10/2017 08:30:00 AM,0,TRAFFIC SIGNAL,FUNCTIONING PROPERLY,SNOW,DAYLIGHT,REAR END,DIVIDED - W/MEDIAN BARRIER,6,STRAIGHT AND LEVEL,SNOW OR SLUSH,NO DEFECTS,ON SCENE,NO INJURY / DRIVE AWAY,,,,"OVER $1,500",11/10/2017 08:45:00 AM,EXCEEDING SAFE SPEED FOR CONDITIONS,DRIVING SKILLS/KNOWLEDGE/EXPERIENCE,300,E,WACKER DR,114,,,,,,,2,NO INDICATION OF INJURY,0,0,0,0,0,3,0,8,6,11,41.888073332,-87.620594461,POINT (-87.620594461337 41.888073331609)
JA506117,,11/10/2017 08:30:00 AM,45,NO CONTROLS,NO CONTROLS,SNOW,DAYLIGHT,SIDESWIPE SAME DIRECTION,DIVIDED - W/MEDIAN BARRIER,3,STRAIGHT AND LEVEL,SNOW OR SLUSH,NO DEFECTS,NOT ON SCENE (DESK REPORT),NO INJURY / DRIVE AWAY,,,,"OVER $1,500",11/10/2017 09:30:00 AM,WEATHER,UNABLE TO DETERMINE,5300,S,LAKE SHORE DR SB,234,,,,,,,2,NO INDICATION OF INJURY,0,0,0,0,0,2,0,8,6,11,41.799569399,-87.58154906,POINT (-87.581549060329 41.7995693995)
JA506960,Y,11/10/2017 08:30:00 AM,35,TRAFFIC SIGNAL,FUNCTIONING PROPERLY,SNOW,DAYLIGHT,REAR END,NOT DIVIDED,4,STRAIGHT AND LEVEL,SNOW OR SLUSH,NO DEFECTS,NOT ON SCENE (DESK REPORT),NO INJURY / DRIVE AWAY,Y,,,$500 OR LESS,11/10/2017 06:30:00 PM,FAILING TO REDUCE SPEED TO AVOID CRASH,NOT APPLICABLE,1600,E,67TH ST,331,,,,,,,2,NO INDICATION OF INJURY,0,0,0,0,0,2,0,8,6,11,41.773454665,-87.586086981,POINT (-87.586086981214 41.773454664759)
JA506092,,11/10/2017 08:30:00 AM,0,TRAFFIC SIGNAL,FUNCTIONING PROPERLY,SNOW,DAYLIGHT,REAR END,DIVIDED - W/MEDIAN BARRIER,6,STRAIGHT AND LEVEL,SNOW OR SLUSH,NO DEFECTS,ON SCENE,NO INJURY / DRIVE AWAY,,,,"OVER $1,500",11/10/2017 08:40:00 AM,EXCEEDING SAFE SPEED FOR CONDITIONS,DRIVING SKILLS/KNOWLEDGE/EXPERIENCE,300,E,WACKER DR,114,,,,,,,2,NO INDICATION OF INJURY,0,0,0,0,0,2,0,8,6,11,41.888073332,-87.620594461,POINT (-87.620594461337 41.888073331609)
JA506085,,11/10/2017 08:33:00 AM,35,NO CONTROLS,NO CONTROLS,SNOW,DAYLIGHT,SIDESWIPE SAME DIRECTION,DIVIDED - W/MEDIAN BARRIER,8,STRAIGHT AND LEVEL,SNOW OR SLUSH,NO DEFECTS,,INJURY AND / OR TOW DUE TO CRASH,,,,"OVER $1,500",11/10/2017 08:35:00 AM,WEATHER,DRIVING SKILLS/KNOWLEDGE/EXPERIENCE,5300,S,LAKE SHORE DR SB,234,,,,,,,2,NO INDICATION OF INJURY,0,0,0,0,0,2,0,8,6,11,41.799569399,-87.58154906,POINT (-87.581549060329 41.7995693995)
JA506172,,11/10/2017 08:35:00 AM,30,TRAFFIC SIGNAL,FUNCTIONING PROPERLY,SNOW,DAYLIGHT,PARKED MOTOR VEHICLE,DIVIDED - W/MEDIAN BARRIER,6,STRAIGHT AND LEVEL,SNOW OR SLUSH,NO DEFECTS,NOT ON SCENE (DESK REPORT),NO INJURY / DRIVE AWAY,,,,"OVER $1,500",11/10/2017 10:00:00 AM,WEATHER,UNABLE TO DETERMINE,7107,S,STONY ISLAND AVE,324,,,,,,,3,NO INDICATION OF INJURY,0,0,0,0,0,3,0,8,6,11,41.765776873,-87.58576847,POINT (-87.585768469795 41.765776872879)
JA506207,,11/10/2017 08:35:00 AM,30,STOP SIGN/FLASHER,FUNCTIONING PROPERLY,SNOW,DAYLIGHT,REAR END,NOT DIVIDED,2,STRAIGHT AND LEVEL,SNOW OR SLUSH,NO DEFECTS,NOT ON SCENE (DESK REPORT),NO INJURY / DRIVE AWAY,,,,"OVER $1,500",11/10/2017 10:15:00 AM,WEATHER,UNABLE TO DETERMINE,6500,S,WOODLAWN AVE,321,,,,,,,2,NO INDICATION OF INJURY,0,0,0,0,0,6,0,8,6,11,41.776788033,-87.596261969,POINT (-87.596261968937 41.776788032942)
JA506059,,11/10/2017 08:36:00 AM,30,STOP SIGN/FLASHER,FUNCTIONING PROPERLY,SNOW,DAYLIGHT,PARKED MOTOR VEHICLE,NOT DIVIDED,2,STRAIGHT AND LEVEL,SNOW OR SLUSH,NO DEFECTS,NOT ON SCENE (DESK REPORT),NO INJURY / DRIVE AWAY,,,,"OVER $1,500",11/10/2017 08:40:00 AM,WEATHER,NOT APPLICABLE,1647,E,67TH ST,332,,,,,,,2,NO INDICATION OF INJURY,0,0,0,0,0,1,0,8,6,11,41.773244817,-87.584426002,POINT (-87.584426002094 41.773244816545)
JA507944,,11/10/2017 08:40:00 AM,45,NO CONTROLS,NO CONTROLS,SNOW,DAYLIGHT,REAR END,DIVIDED - W/MEDIAN BARRIER,8,STRAIGHT AND LEVEL,SNOW OR SLUSH,NO DEFECTS,NOT ON SCENE (DESK REPORT),NO INJURY / DRIVE AWAY,,,,"$501 - $1,500",11/11/2017 03:00:00 PM,FOLLOWING TOO CLOSELY,WEATHER,5101,S,LAKE SHORE DR NB,234,,,,,,,2,NO INDICATION OF INJURY,0,0,0,0,0,2,0,8,6,11,41.802492012,-87.581264008,POINT (-87.581264007518 41.802492011707)
JA506099,N,11/10/2017 08:40:00 AM,15,NO CONTROLS,NO CONTROLS,SNOW,DAYLIGHT,SIDESWIPE OPPOSITE DIRECTION,NOT DIVIDED,2,CURVE ON GRADE,SNOW OR SLUSH,NO DEFECTS,ON SCENE,INJURY AND / OR TOW DUE TO CRASH,,,,"OVER $1,500",11/10/2017 08:48:00 AM,EXCEEDING SAFE SPEED FOR CONDITIONS,WEATHER,1524,E,94TH ST,413,,Y,,,,,2,"REPORTED, NOT EVIDENT",1,0,0,0,1,2,0,8,6,11,41.724256196,-87.586816028,POINT (-87.58681602774 41.724256196031)
JA506088,,11/10/2017 08:40:00 AM,30,TRAFFIC SIGNAL,FUNCTIONING PROPERLY,SNOW,DAYLIGHT,REAR END,DIVIDED - W/MEDIAN BARRIER,2,STRAIGHT AND LEVEL,SNOW OR SLUSH,NO DEFECTS,ON SCENE,INJURY AND / OR TOW DUE TO CRASH,Y,,,"OVER $1,500",11/10/2017 09:08:00 AM,WEATHER,NOT APPLICABLE,6310,S,COAST GUARD DR,331,,,,,,,2,NO INDICATION OF INJURY,0,0,0,0,0,2,0,8,6,11,41.779537652,-87.575177768,POINT (-87.575177767708 41.779537652319)