RD_NO,CRASH_DATE_EST_I,CRASH_DATE,POSTED_SPEED_LIMIT,TRAFFIC_CONTROL_DEVICE,DEVICE_CONDITION,WEATHER_CONDITION,LIGHTING_CONDITION,FIRST_CRASH_TYPE,TRAFFICWAY_TYPE,LANE_CNT,ALIGNMENT,ROADWAY_SURFACE_COND,ROAD_DEFECT,REPORT_TYPE,CRASH_TYPE,INTERSECTION_RELATED_I,NOT_RIGHT_OF_WAY_I,HIT_AND_RUN_I,DAMAGE,DATE_POLICE_NOTIFIED,PRIM_CONTRIBUTORY_CAUSE,SEC_CONTRIBUTORY_CAUSE,STREET_NO,STREET_DIRECTION,STREET_NAME,BEAT_OF_OCCURRENCE,PHOTOS_TAKEN_I,STATEMENTS_TAKEN_I,DOORING_I,WORK_ZONE_I,WORK_ZONE_TYPE,WORKERS_PRESENT_I,NUM_UNITS,MOST_SEVERE_INJURY,INJURIES_TOTAL,INJURIES_FATAL,INJURIES_INCAPACITATING,INJURIES_NON_INCAPACITATING,INJURIES_REPORTED_NOT_EVIDENT,INJURIES_NO_INDICATION,INJURIES_UNKNOWN,CRASH_HOUR,CRASH_DAY_OF_WEEK,CRASH_MONTH,LATITUDE,LONGITUDE,LOCATION
JA506380,,11/10/2017 08:40:00 AM,30,TRAFFIC SIGNAL,FUNCTIONING PROPERLY,SNOW,DAYLIGHT,SIDESWIPE SAME DIRECTION,DIVIDED - W/MEDIAN BARRIER,4,STRAIGHT ON GRADE,WET,NO DEFECTS,NOT ON SCENE (DESK REPORT),NO INJURY / DRIVE AWAY,Y,,,"OVER $1,500",11/10/2017 11:55:00 AM,UNABLE TO DETERMINE,UNABLE TO DETERMINE,3200,S,DAMEN AVE,912,,,,,,,2,NO INDICATION OF INJURY,0,0,0,0,0,2,0,8,6,11,41.835769939,-87.675565007,POINT (-87.675565006716 41.83576993883)
JA506129,,11/10/2017 08:40:00 AM,25,NO CONTROLS,NO CONTROLS,SNOW,DAYLIGHT,REAR END,NOT DIVIDED,2,STRAIGHT AND LEVEL,SNOW OR SLUSH,NO DEFECTS,ON SCENE,INJURY AND / OR TOW DUE TO CRASH,,,Y,"OVER $1,500",11/10/2017 09:10:00 AM,FAILING TO REDUCE SPEED TO AVOID CRASH,UNABLE TO DETERMINE,2845,W,HOWARD ST,2411,,,,,,,2,NONINCAPACITATING INJURY,1,0,0,1,0,1,0,8,6,11,42.019179231,-87.701310512,POINT (-87.70131051176 42.019179230542)
JA506887,,11/10/2017 08:45:00 AM,30,TRAFFIC SIGNAL,FUNCTIONING PROPERLY,SNOW,DAYLIGHT,REAR END,NOT DIVIDED,4,STRAIGHT AND LEVEL,ICE,NO DEFECTS,NOT ON SCENE (DESK REPORT),NO INJURY / DRIVE AWAY,,,,"$501 - $1,500",11/10/2017 05:44:00 PM,WEATHER,NOT APPLICABLE,6700,S,JEFFERY BLVD,332,,,,,,,2,NO INDICATION OF INJURY,0,0,0,0,0,2,0,8,6,11,41.773368409,-87.576638552,POINT (-87.576638552177 41.773368408547)
JA506080,,11/10/2017 08:45:00 AM,30,STOP SIGN/FLASHER,FUNCTIONING PROPERLY,SNOW,DAYLIGHT,REAR END,NOT DIVIDED,0,STRAIGHT AND LEVEL,SNOW OR SLUSH,NO DEFECTS,ON SCENE,NO INJURY / DRIVE AWAY,Y,,Y,"OVER $1,500",11/10/2017 08:52:00 AM,UNABLE TO DETERMINE,FAILING TO REDUCE SPEED TO AVOID CRASH,3801,W,LAKE ST,1122,,,,,,,2,NO INDICATION OF INJURY,0,0,0,0,0,2,0,8,6,11,41.885099432,-87.721010801,POINT (-87.721010800725 41.885099432172)
JA506165,,11/10/2017 08:46:00 AM,30,NO CONTROLS,NO CONTROLS,SNOW,DAYLIGHT,TURNING,NOT DIVIDED,4,STRAIGHT AND LEVEL,SNOW OR SLUSH,NO DEFECTS,ON SCENE,INJURY AND / OR TOW DUE TO CRASH,,,,"OVER $1,500",11/10/2017 08:48:00 AM,FAILING TO YIELD RIGHT-OF-WAY,FAILING TO YIELD RIGHT-OF-WAY,3659,W,DIVISION ST,1112,,,,,,,2,NO INDICATION OF INJURY,0,0,0,0,0,2,0,8,6,11,41.902624889,-87.718934837,POINT (-87.718934837204 41.902624889105)
JA506126,,11/10/2017 08:50:00 AM,30,TRAFFIC SIGNAL,FUNCTIONING PROPERLY,SNOW,DAYLIGHT,REAR END,DIVIDED - W/MEDIAN BARRIER,3,STRAIGHT AND LEVEL,SNOW OR SLUSH,NO DEFECTS,ON SCENE,NO INJURY / DRIVE AWAY,,,,"OVER $1,500",11/10/2017 09:05:00 AM,WEATHER,WEATHER,6659,S,STONY ISLAND AVE,331,,,,,,,3,NO INDICATION OF INJURY,0,0,0,0,0,3,0,8,6,11,41.773438495,-87.585954245,POINT (-87.585954245052 41.773438495122)
JA507574,,11/10/2017 08:50:00 AM,25,TRAFFIC SIGNAL,FUNCTIONING PROPERLY,SNOW,DAYLIGHT,REAR END,DIVIDED - W/MEDIAN (NOT RAISED),,STRAIGHT AND LEVEL,DRY,NO DEFECTS,NOT ON SCENE (DESK REPORT),NO INJURY / DRIVE AWAY,,,,"$501 - $1,500",11/10/2017 01:15:00 PM,UNABLE TO DETERMINE,UNABLE TO DETERMINE,359,N,LOWER WABASH AVE,1834,,,,,,,2,NO INDICATION OF INJURY,0,0,0,0,0,2,0,8,6,11,41.889166977,-87.626662497,POINT (-87.626662497334 41.889166976943)
JA506299,,11/10/2017 08:50:00 AM,25,TRAFFIC SIGNAL,FUNCTIONING PROPERLY,CLEAR,DAYLIGHT,REAR END,DIVIDED - W/MEDIAN (NOT RAISED),,STRAIGHT AND LEVEL,DRY,NO DEFECTS,NOT ON SCENE (DESK REPORT),NO INJURY / DRIVE AWAY,,,,"OVER $1,500",11/10/2017 11:00:00 AM,UNABLE TO DETERMINE,UNABLE TO DETERMINE,5959,S,COTTAGE GROVE AVE,235,,,,,,,2,NO INDICATION OF INJURY,0,0,0,0,0,2,0,8,6,11,41.785900645,-87.605890667,POINT (-87.605890667312 41.785900644638)
JA506097,,11/10/2017 08:57:00 AM,40,TRAFFIC SIGNAL,FUNCTIONING PROPERLY,SNOW,DAYLIGHT,FIXED OBJECT,NOT DIVIDED,,STRAIGHT AND LEVEL,ICE,NO DEFECTS,NOT ON SCENE (DESK REPORT),NO INJURY / DRIVE AWAY,,,,"OVER $1,500",11/10/2017 09:18:00 AM,WEATHER,NOT APPLICABLE,2355,E,67TH ST,331,,,,,,,2,NO INDICATION OF INJURY,0,0,0,0,0,1,0,8,6,11,41.773435792,-87.567783821,POINT (-87.567783821031 41.773435791733)
JA506835,,11/10/2017 09:00:00 AM,5,NO CONTROLS,NO CONTROLS,SNOW,DAYLIGHT,PARKED MOTOR VEHICLE,PARKING LOT,0,STRAIGHT AND LEVEL,SNOW OR SLUSH,NO DEFECTS,NOT ON SCENE (DESK REPORT),NO INJURY / DRIVE AWAY,,Y,Y,"OVER $1,500",11/10/2017 05:00:00 PM,UNABLE TO DETERMINE,UNABLE TO DETERMINE,2323,W,NELSON ST,1931,,,,,,,2,NO INDICATION OF INJURY,0,0,0,0,0,1,0,9,6,11,41.93662794,-87.686511979,POINT (-87.686511979064 41.936627939609)
JA506163,,11/10/2017 09:00:00 AM,35,STOP SIGN/FLASHER,FUNCTIONING PROPERLY,SNOW,DAYLIGHT,REAR END,NOT DIVIDED,2,"CURVE, LEVEL",SNOW OR SLUSH,NO DEFECTS,NOT ON SCENE (DESK REPORT),NO INJURY / DRIVE AWAY,,,,"$501 - $1,500",11/10/2017 09:15:00 AM,FOLLOWING TOO CLOSELY,WEATHER,800,E,55TH ST,233,,,,,,,2,NO INDICATION OF INJURY,0,0,0,0,0,2,0,9,6,11,41.795075207,-87.606096609,POINT (-87.606096609283 41.795075206809)
JA506157,,11/10/2017 09:03:00 AM,30,TRAFFIC SIGNAL,FUNCTIONING PROPERLY,SNOW,DAYLIGHT,REAR END,NOT DIVIDED,2,STRAIGHT ON GRADE,SNOW OR SLUSH,NO DEFECTS,NOT ON SCENE (DESK REPORT),NO INJURY / DRIVE AWAY,,,,"$501 - $1,500",11/10/2017 09:45:00 AM,WEATHER,WEATHER,6250,S,DORCHESTER AVE,314,,,,,,,2,NO INDICATION OF INJURY,0,0,0,0,0,2,0,9,6,11,41.780869465,-87.591656436,POINT (-87.591656435997 41.780869464869)
JA506176,,11/10/2017 09:05:00 AM,30,TRAFFIC SIGNAL,FUNCTIONING PROPERLY,SNOW,DAYLIGHT,SIDESWIPE SAME DIRECTION,DIVIDED - W/MEDIAN (NOT RAISED),2,STRAIGHT AND LEVEL,SNOW OR SLUSH,NO DEFECTS,NOT ON SCENE (DESK REPORT),NO INJURY / DRIVE AWAY,,,,"$501 - $1,500",11/10/2017 10:06:00 AM,WEATHER,UNABLE TO DETERMINE,16,S,WESTERN AVE,1125,,,,,,,2,NO INDICATION OF INJURY,0,0,0,0,0,2,0,9,6,11,41.880677409,-87.686566891,POINT (-87.686566891285 41.880677409479)
JA506133,,11/10/2017 09:10:00 AM,25,STOP SIGN/FLASHER,FUNCTIONING PROPERLY,SNOW,DAYLIGHT,ANGLE,ONE-WAY,1,STRAIGHT AND LEVEL,SNOW OR SLUSH,NO DEFECTS,ON SCENE,NO INJURY / DRIVE AWAY,,,,"OVER $1,500",11/10/2017 09:45:00 AM,WEATHER,WEATHER,6200,S,UNIVERSITY AVE,314,,,,,,,2,NO INDICATION OF INJURY,0,0,0,0,0,2,0,9,6,11,41.782230998,-87.598015727,POINT (-87.598015726983 41.782230998489)
JA507484,,11/10/2017 09:10:00 AM,30,TRAFFIC SIGNAL,FUNCTIONING PROPERLY,CLEAR,DAYLIGHT,REAR END,DIVIDED - W/MEDIAN (NOT RAISED),2,STRAIGHT AND LEVEL,WET,NO DEFECTS,NOT ON SCENE (DESK REPORT),NO INJURY / DRIVE AWAY,Y,,Y,"OVER $1,500",11/11/2017 07:50:00 AM,FOLLOWING TOO CLOSELY,NOT APPLICABLE,140,W,43RD ST,925,,,,,,,2,NO INDICATION OF INJURY,0,0,0,0,0,2,0,9,6,11,41.816542464,-87.630268134,POINT (-87.630268133818 41.816542463675)
JA506230,,11/10/2017 09:10:00 AM,0,NO CONTROLS,NO CONTROLS,SNOW,DAYLIGHT,OTHER OBJECT,OTHER,,STRAIGHT AND LEVEL,SNOW OR SLUSH,NO DEFECTS,ON SCENE,INJURY AND / OR TOW DUE TO CRASH,,,,$500 OR LESS,11/10/2017 09:15:00 AM,PHYSICAL CONDITION OF DRIVER,NOT APPLICABLE,1934,S,STATE ST,131,,,,,,,1,NONINCAPACITATING INJURY,1,0,0,1,0,0,0,9,6,11,41.855555054,-87.627295499,POINT (-87.627295499348 41.855555053988)
JA506137,,11/10/2017 09:12:00 AM,35,NO CONTROLS,NO CONTROLS,SNOW,DAYLIGHT,SIDESWIPE SAME DIRECTION,DIVIDED - W/MEDIAN BARRIER,8,STRAIGHT AND LEVEL,SNOW OR SLUSH,NO DEFECTS,ON SCENE,INJURY AND / OR TOW DUE TO CRASH,,,,"OVER $1,500",11/10/2017 09:12:00 AM,WEATHER,DRIVING SKILLS/KNOWLEDGE/EXPERIENCE,5500,S,LAKE SHORE DR SB,235,,,,,,,2,NO INDICATION OF INJURY,0,0,0,0,0,3,0,9,6,11,41.795188563,-87.579373001,POINT (-87.579373001156 41.795188562546)
JA506112,,11/10/2017 09:12:00 AM,30,TRAFFIC SIGNAL,FUNCTIONING PROPERLY,SNOW,DAYLIGHT,TURNING,DIVIDED - W/MEDIAN BARRIER,,STRAIGHT AND LEVEL,WET,NO DEFECTS,ON SCENE,INJURY AND / OR TOW DUE TO CRASH,Y,,,"OVER $1,500",11/10/2017 09:20:00 AM,IMPROPER TURNING/NO SIGNAL,UNABLE TO DETERMINE,5498,N,HARLEM AVE,1613,,,,,,,2,"REPORTED, NOT EVIDENT",1,0,0,0,1,1,0,9,6,11,41.981020382,-87.807111728,POINT (-87.807111727871 41.981020382487)
JA506423,,11/10/2017 09:15:00 AM,30,NO CONTROLS,NO CONTROLS,SNOW,DAYLIGHT,REAR END,DIVIDED - W/MEDIAN (NOT RAISED),2,STRAIGHT AND LEVEL,SNOW OR SLUSH,NO DEFECTS,NOT ON SCENE (DESK REPORT),NO INJURY / DRIVE AWAY,,,,"OVER $1,500",11/10/2017 12:30:00 PM,UNABLE TO DETERMINE,UNABLE TO DETERMINE,6400,S,ASHLAND AVE,725,,,,,,,2,NO INDICATION OF INJURY,0,0,0,0,0,2,0,9,6,11,41.777560687,-87.664313747,POINT (-87.664313747254 41.777560686625)
JA506223,,11/10/2017 09:15:00 AM,0,NO CONTROLS,NO CONTROLS,SNOW,DAYLIGHT,PARKED MOTOR VEHICLE,ONE-WAY,1,STRAIGHT AND LEVEL,WET,NO DEFECTS,ON SCENE,NO INJURY / DRIVE AWAY,Y,Y,,"OVER $1,500",11/10/2017 10:07:00 AM,UNABLE TO DETERMINE,NOT APPLICABLE,1810,N,BISSELL ST,1813,,,,,,,2,NO INDICATION OF INJURY,0,0,0,0,0,1,0,9,6,11,41.9141358,-87.652161641,POINT (-87.652161641294 41.914135799745)
JA507191,,11/10/2017 09:15:00 AM,30,TRAFFIC SIGNAL,FUNCTIONING PROPERLY,CLEAR,"DARKNESS, LIGHTED ROAD",REAR END,DIVIDED - W/MEDIAN (NOT RAISED),2,STRAIGHT AND LEVEL,UNKNOWN,UNKNOWN,NOT ON SCENE (DESK REPORT),NO INJURY / DRIVE AWAY,Y,,,"OVER $1,500",11/10/2017 09:30:00 AM,FAILING TO REDUCE SPEED TO AVOID CRASH,NOT APPLICABLE,6701,S,DAMEN AVE,726,,,,,,,2,NO INDICATION OF INJURY,0,0,0,0,0,2,0,9,6,11,41.772031271,-87.673566273,POINT (-87.673566273499 41.772031271055)
JA506179,,11/10/2017 09:15:00 AM,30,NO CONTROLS,NO CONTROLS,SNOW,DAYLIGHT,PARKED MOTOR VEHICLE,NOT DIVIDED,,STRAIGHT AND LEVEL,WET,NO DEFECTS,NOT ON SCENE (DESK REPORT),NO INJURY / DRIVE AWAY,,,,"OVER $1,500",11/10/2017 10:18:00 AM,UNABLE TO DETERMINE,UNABLE TO DETERMINE,4477,S,ARCHER AVE,821,,,,,,,2,NO INDICATION OF INJURY,0,0,0,0,0,1,0,9,6,11,41.811804802,-87.707734341,POINT (-87.70773434141 41.811804802295)
JA506130,,11/10/2017 09:15:00 AM,10,NO CONTROLS,NO CONTROLS,SNOW,DAYLIGHT,OTHER OBJECT,OTHER,2,STRAIGHT ON GRADE,SNOW OR SLUSH,NO DEFECTS,ON SCENE,INJURY AND / OR TOW DUE TO CRASH,,Y,,"OVER $1,500",11/10/2017 09:19:00 AM,DRIVING SKILLS/KNOWLEDGE/EXPERIENCE,WEATHER,1633,E,95TH ST,431,,,,,,,1,NONINCAPACITATING INJURY,1,0,0,1,0,0,0,9,6,11,41.722253749,-87.58376624,POINT (-87.583766240128 41.722253749468)
JA506472,,11/10/2017 09:19:00 AM,30,TRAFFIC SIGNAL,FUNCTIONING PROPERLY,SNOW,DAYLIGHT,HEAD ON,DIVIDED - W/MEDIAN (NOT RAISED),2,STRAIGHT AND LEVEL,SNOW OR SLUSH,NO DEFECTS,NOT ON SCENE (DESK REPORT),NO INJURY / DRIVE AWAY,,,Y,"OVER $1,500",11/10/2017 01:15:00 PM,IMPROPER BACKING,UNABLE TO DETERMINE,762,W,ADAMS ST,1232,,,,,,,2,NO INDICATION OF INJURY,0,0,0,0,0,2,0,9,6,11,41.879337872,-87.646521638,POINT (-87.646521638035 41.879337871794)
JA506232,,11/10/2017 09:20:00 AM,30,TRAFFIC SIGNAL,FUNCTIONING PROPERLY,SNOW,DAYLIGHT,REAR END,NOT DIVIDED,,STRAIGHT AND LEVEL,WET,NO DEFECTS,NOT ON SCENE (DESK REPORT),NO INJURY / DRIVE AWAY,,,Y,$500 OR LESS,11/10/2017 10:30:00 AM,FOLLOWING TOO CLOSELY,NOT APPLICABLE,1100,W,HARRISON ST,1232,,,,,,,2,NO INDICATION OF INJURY,0,0,0,0,0,2,0,9,6,11,41.874429519,-87.654549273,POINT (-87.654549273052 41.874429519405)
JA506164,,11/10/2017 09:20:00 AM,30,NO CONTROLS,NO CONTROLS,CLEAR,DAYLIGHT,SIDESWIPE SAME DIRECTION,NOT DIVIDED,,STRAIGHT AND LEVEL,DRY,NO DEFECTS,ON SCENE,INJURY AND / OR TOW DUE TO CRASH,,,,"$501 - $1,500",11/10/2017 09:20:00 AM,NOT APPLICABLE,NOT APPLICABLE,3848,W,MADISON ST,1122,,,,,,,2,NO INDICATION OF INJURY,0,0,0,0,0,3,0,9,6,11,41.880874705,-87.722621298,POINT (-87.722621298146 41.880874705129)
JA506343,,11/10/2017 09:20:00 AM,35,TRAFFIC SIGNAL,FUNCTIONING PROPERLY,SNOW,DAYLIGHT,REAR END,DIVIDED - W/MEDIAN (NOT RAISED),6,STRAIGHT AND LEVEL,SNOW OR SLUSH,NO DEFECTS,NOT ON SCENE (DESK REPORT),NO INJURY / DRIVE AWAY,Y,,Y,"OVER $1,500",11/10/2017 11:15:00 AM,FOLLOWING TOO CLOSELY,FAILING TO REDUCE SPEED TO AVOID CRASH,1400,W,CHICAGO AVE,1213,,,,,,,2,NO INDICATION OF INJURY,0,0,0,0,0,3,0,9,6,11,41.896258494,-87.662466661,POINT (-87.662466661159 41.896258493767)
JA506229,,11/10/2017 09:30:00 AM,30,TRAFFIC SIGNAL,FUNCTIONING PROPERLY,SNOW,DAYLIGHT,REAR END,NOT DIVIDED,2,STRAIGHT AND LEVEL,SNOW OR SLUSH,NO DEFECTS,NOT ON SCENE (DESK REPORT),NO INJURY / DRIVE AWAY,,,,"OVER $1,500",11/10/2017 10:29:00 AM,FOLLOWING TOO CLOSELY,NOT APPLICABLE,5302,N,BROADWAY,2013,,,,,,,2,NO INDICATION OF INJURY,0,0,0,0,0,3,0,9,6,11,41.978289872,-87.660068462,POINT (-87.660068462068 41.978289872181)
JA506160,,11/10/2017 09:30:00 AM,30,TRAFFIC SIGNAL,FUNCTIONING PROPERLY,SNOW,DAYLIGHT,REAR END,NOT DIVIDED,4,STRAIGHT AND LEVEL,SNOW OR SLUSH,NO DEFECTS,ON SCENE,NO INJURY / DRIVE AWAY,,,,"OVER $1,500",11/10/2017 09:40:00 AM,WEATHER,WEATHER,1801,W,CHICAGO AVE,1221,,,,,,,2,NO INDICATION OF INJURY,0,0,0,0,0,2,0,9,6,11,41.895879885,-87.672291449,POINT (-87.672291449422 41.895879885229)
JA506210,,11/10/2017 09:30:00 AM,35,TRAFFIC SIGNAL,FUNCTIONING PROPERLY,SNOW,DAYLIGHT,REAR END,DIVIDED - W/MEDIAN (NOT RAISED),4,STRAIGHT AND LEVEL,SNOW OR SLUSH,NO DEFECTS,NOT ON SCENE (DESK REPORT),NO INJURY / DRIVE AWAY,Y,,,"OVER $1,500",11/10/2017 10:15:00 AM,FOLLOWING TOO CLOSELY,EXCEEDING SAFE SPEED FOR CONDITIONS,1200,N,ELSTON AVE,1433,,,,,,,2,NO INDICATION OF INJURY,0,0,0,0,0,2,0,9,6,11,41.903469798,-87.6585224,POINT (-87.658522400154 41.903469797829)
JA506173,,11/10/2017 09:30:00 AM,30,STOP SIGN/FLASHER,FUNCTIONING PROPERLY,SNOW,DAYLIGHT,REAR END,NOT DIVIDED,2,STRAIGHT AND LEVEL,WET,NO DEFECTS,NOT ON SCENE (DESK REPORT),NO INJURY / DRIVE AWAY,,,,"OVER $1,500",11/10/2017 09:55:00 AM,FOLLOWING TOO CLOSELY,WEATHER,1501,E,57TH ST,235,,,,,,,2,NO INDICATION OF INJURY,0,0,0,0,0,2,0,9,6,11,41.791416366,-87.588953333,POINT (-87.588953333297 41.791416366172)
JA506238,,11/10/2017 09:30:00 AM,20,NO CONTROLS,NO CONTROLS,SNOW,DAYLIGHT,SIDESWIPE SAME DIRECTION,ALLEY,,STRAIGHT AND LEVEL,SNOW OR SLUSH,NO DEFECTS,NOT ON SCENE (DESK REPORT),NO INJURY / DRIVE AWAY,,,,$500 OR LESS,11/10/2017 10:00:00 AM,IMPROPER BACKING,FAILING TO REDUCE SPEED TO AVOID CRASH,100,W,75TH ST,731,,,,,,,2,NO INDICATION OF INJURY,0,0,0,0,0,2,0,9,6,11,41.758300469,-87.627242462,POINT (-87.627242462248 41.758300468619)
JA506187,,11/10/2017 09:30:00 AM,30,TRAFFIC SIGNAL,FUNCTIONING PROPERLY,SNOW,DAYLIGHT,TURNING,DIVIDED - W/MEDIAN (NOT RAISED),,STRAIGHT AND LEVEL,SNOW OR SLUSH,NO DEFECTS,ON SCENE,NO INJURY / DRIVE AWAY,Y,,,"OVER $1,500",11/10/2017 09:34:00 AM,WEATHER,UNABLE TO DETERMINE,1030,W,HOLLYWOOD AVE,2022,,,,,,,3,NO INDICATION OF INJURY,0,0,0,0,0,4,0,9,6,11,41.985617985,-87.656604019,POINT (-87.656604019285 41.985617985017)
JA506139,,11/10/2017 09:30:00 AM,30,TRAFFIC SIGNAL,FUNCTIONING PROPERLY,SNOW,DAYLIGHT,SIDESWIPE SAME DIRECTION,NOT DIVIDED,4,STRAIGHT AND LEVEL,WET,NO DEFECTS,ON SCENE,NO INJURY / DRIVE AWAY,Y,,,"OVER $1,500",11/10/2017 09:35:00 AM,EQUIPMENT - VEHICLE CONDITION,UNABLE TO DETERMINE,6259,N,CENTRAL AVE,1621,,,,,,,2,NO INDICATION OF INJURY,0,0,0,0,0,4,0,9,6,11,41.996006831,-87.764111439,POINT (-87.764111438754 41.996006831073)
JA506291,,11/10/2017 09:30:00 AM,30,NO CONTROLS,NO CONTROLS,SNOW,DAYLIGHT,PARKED MOTOR VEHICLE,NOT DIVIDED,,STRAIGHT AND LEVEL,WET,NO DEFECTS,ON SCENE,NO INJURY / DRIVE AWAY,,,,"OVER $1,500",11/10/2017 10:40:00 AM,WEATHER,NOT APPLICABLE,1402,E,54TH ST,234,,,,,,,2,NO INDICATION OF INJURY,0,0,0,0,0,1,0,9,6,11,41.798157928,-87.591597324,POINT (-87.591597324289 41.798157928084)
JA506222,,11/10/2017 09:30:00 AM,30,TRAFFIC SIGNAL,FUNCTIONING PROPERLY,SNOW,DAYLIGHT,ANGLE,NOT DIVIDED,4,STRAIGHT AND LEVEL,SNOW OR SLUSH,NO DEFECTS,ON SCENE,NO INJURY / DRIVE AWAY,,,,"$501 - $1,500",11/10/2017 09:55:00 AM,WEATHER,WEATHER,460,N,PULASKI RD,1111,Y,Y,,,,,2,NO INDICATION OF INJURY,0,0,0,0,0,3,0,9,6,11,41.889771263,-87.726071484,POINT (-87.726071484355 41.889771262714)
JA506217,,11/10/2017 09:30:00 AM,30,TRAFFIC SIGNAL,FUNCTIONING PROPERLY,SNOW,DAYLIGHT,ANGLE,NOT DIVIDED,,STRAIGHT AND LEVEL,SNOW OR SLUSH,NO DEFECTS,NOT ON SCENE (DESK REPORT),NO INJURY / DRIVE AWAY,,,,"OVER $1,500",11/10/2017 10:10:00 AM,EXCEEDING SAFE SPEED FOR CONDITIONS,UNABLE TO DETERMINE,5702,N,SHERIDAN RD,2022,,,,,,,3,NO INDICATION OF INJURY,0,0,0,0,0,3,0,9,6,11,41.985697231,-87.655387628,POINT (-87.655387627582 41.985697230711)
JA506144,,11/10/2017 09:30:00 AM,30,STOP SIGN/FLASHER,FUNCTIONING PROPERLY,SNOW,DAYLIGHT,REAR END,NOT DIVIDED,2,STRAIGHT AND LEVEL,SNOW OR SLUSH,NO DEFECTS,NOT ON SCENE (DESK REPORT),NO INJURY / DRIVE AWAY,,,,"$501 - $1,500",11/10/2017 09:45:00 AM,WEATHER,FOLLOWING TOO CLOSELY,1799,W,GRANVILLE AVE,2433,,,,,,,2,NO INDICATION OF INJURY,0,0,0,0,0,2,0,9,6,11,41.994245737,-87.674816907,POINT (-87.674816906669 41.994245737467)
JA506151,,11/10/2017 09:33:00 AM,30,STOP SIGN/FLASHER,FUNCTIONING PROPERLY,SNOW,DAYLIGHT,PEDESTRIAN,DIVIDED - W/MEDIAN (NOT RAISED),2,STRAIGHT AND LEVEL,SNOW OR SLUSH,NO DEFECTS,ON SCENE,INJURY AND / OR TOW DUE TO CRASH,N,,Y,$500 OR LESS,11/10/2017 09:40:00 AM,FAILING TO YIELD RIGHT-OF-WAY,WEATHER,900,N,ORLEANS ST,1823,,,,,,,2,"REPORTED, NOT EVIDENT",1,0,0,0,1,1,0,9,6,11,41.898979021,-87.637410212,POINT (-87.637410212028 41.898979021041)
JA506197,,11/10/2017 09:40:00 AM,35,TRAFFIC SIGNAL,FUNCTIONING PROPERLY,SNOW,DAYLIGHT,OTHER OBJECT,NOT DIVIDED,,STRAIGHT AND LEVEL,SNOW OR SLUSH,NO DEFECTS,ON SCENE,NO INJURY / DRIVE AWAY,Y,,,"$501 - $1,500",11/10/2017 09:47:00 AM,WEATHER,EXCEEDING SAFE SPEED FOR CONDITIONS,1503,N,LAKE SHORE DR,1824,,,,Y,MAINTENANCE,,1,NO INDICATION OF INJURY,0,0,0,0,0,1,0,9,6,11,41.909670301,-87.626026944,POINT (-87.626026944409 41.909670301136)
JA506156,,11/10/2017 09:40:00 AM,30,TRAFFIC SIGNAL,FUNCTIONING PROPERLY,SNOW,DAYLIGHT,ANGLE,DIVIDED - W/MEDIAN (NOT RAISED),,STRAIGHT AND LEVEL,SNOW OR SLUSH,NO DEFECTS,ON SCENE,NO INJURY / DRIVE AWAY,Y,,,"OVER $1,500",11/10/2017 09:44:00 AM,FAILING TO YIELD RIGHT-OF-WAY,WEATHER,732,W,PERSHING RD,915,,,,,,,2,NO INDICATION OF INJURY,0,0,0,0,0,5,0,9,6,11,41.823582522,-87.644865966,POINT (-87.644865965619 41.823582521938)
JA506266,,11/10/2017 09:45:00 AM,30,NO CONTROLS,NO CONTROLS,RAIN,DAYLIGHT,REAR END,NOT DIVIDED,4,STRAIGHT AND LEVEL,SNOW OR SLUSH,NO DEFECTS,NOT ON SCENE (DESK REPORT),NO INJURY / DRIVE AWAY,,,,"OVER $1,500",11/10/2017 10:45:00 AM,FOLLOWING TOO CLOSELY,WEATHER,3635,W,DEVON AVE,1711,,,,,,,3,NO INDICATION OF INJURY,0,0,0,0,0,3,0,9,6,11,41.997161473,-87.720357873,POINT (-87.720357873197 41.997161473312)
JA506219,,11/10/2017 09:45:00 AM,30,NO CONTROLS,NO CONTROLS,SNOW,DAYLIGHT,SIDESWIPE SAME DIRECTION,DIVIDED - W/MEDIAN (NOT RAISED),4,STRAIGHT ON GRADE,SNOW OR SLUSH,NO DEFECTS,ON SCENE,INJURY AND / OR TOW DUE TO CRASH,,,,"OVER $1,500",11/10/2017 09:50:00 AM,WEATHER,NOT APPLICABLE,5545,N,WESTERN AVE,2012,,,,,,,4,NO INDICATION OF INJURY,0,0,0,0,0,2,0,9,6,11,41.982694081,-87.689280077,POINT (-87.689280076553 41.982694080656)
JA506264,,11/10/2017 09:45:00 AM,30,NO CONTROLS,NO CONTROLS,SNOW,DAYLIGHT,SIDESWIPE SAME DIRECTION,DIVIDED - W/MEDIAN (NOT RAISED),,STRAIGHT AND LEVEL,SNOW OR SLUSH,NO DEFECTS,,NO INJURY / DRIVE AWAY,,,Y,"OVER $1,500",11/10/2017 10:40:00 AM,UNABLE TO DETERMINE,UNABLE TO DETERMINE,532,E,35TH ST,211,,,,,,,2,NO INDICATION OF INJURY,0,0,0,0,0,2,0,9,6,11,41.831323425,-87.611646546,POINT (-87.61164654586 41.831323424964)