RD_NO,CRASH_DATE_EST_I,CRASH_DATE,POSTED_SPEED_LIMIT,TRAFFIC_CONTROL_DEVICE,DEVICE_CONDITION,WEATHER_CONDITION,LIGHTING_CONDITION,FIRST_CRASH_TYPE,TRAFFICWAY_TYPE,LANE_CNT,ALIGNMENT,ROADWAY_SURFACE_COND,ROAD_DEFECT,REPORT_TYPE,CRASH_TYPE,INTERSECTION_RELATED_I,NOT_RIGHT_OF_WAY_I,HIT_AND_RUN_I,DAMAGE,DATE_POLICE_NOTIFIED,PRIM_CONTRIBUTORY_CAUSE,SEC_CONTRIBUTORY_CAUSE,STREET_NO,STREET_DIRECTION,STREET_NAME,BEAT_OF_OCCURRENCE,PHOTOS_TAKEN_I,STATEMENTS_TAKEN_I,DOORING_I,WORK_ZONE_I,WORK_ZONE_TYPE,WORKERS_PRESENT_I,NUM_UNITS,MOST_SEVERE_INJURY,INJURIES_TOTAL,INJURIES_FATAL,INJURIES_INCAPACITATING,INJURIES_NON_INCAPACITATING,INJURIES_REPORTED_NOT_EVIDENT,INJURIES_NO_INDICATION,INJURIES_UNKNOWN,CRASH_HOUR,CRASH_DAY_OF_WEEK,CRASH_MONTH,LATITUDE,LONGITUDE,LOCATION
JA511229,,11/10/2017 09:45:00 AM,30,TRAFFIC SIGNAL,FUNCTIONING PROPERLY,SNOW,DAYLIGHT,REAR END,DIVIDED - W/MEDIAN (NOT RAISED),2,STRAIGHT AND LEVEL,SNOW OR SLUSH,NO DEFECTS,,NO INJURY / DRIVE AWAY,,,,"$501 - $1,500",11/14/2017 10:10:00 AM,FOLLOWING TOO CLOSELY,NOT APPLICABLE,2099,W,CHICAGO AVE,1221,,,,,,,3,NO INDICATION OF INJURY,0,0,0,0,0,4,0,9,6,11,41.895759972,-87.679374843,POINT (-87.679374842586 41.895759971552)
JA506221,,11/10/2017 09:48:00 AM,30,NO CONTROLS,NO CONTROLS,SNOW,DAYLIGHT,SIDESWIPE SAME DIRECTION,NOT DIVIDED,,STRAIGHT AND LEVEL,SNOW OR SLUSH,NO DEFECTS,ON SCENE,NO INJURY / DRIVE AWAY,,,,"$501 - $1,500",11/10/2017 09:59:00 AM,IMPROPER LANE USAGE,NOT APPLICABLE,2799,N,DAMEN AVE,1931,,,,,,,2,NO INDICATION OF INJURY,0,0,0,0,0,2,0,9,6,11,41.932160048,-87.677987087,POINT (-87.677987087117 41.932160047854)
JA506190,,11/10/2017 09:50:00 AM,30,NO CONTROLS,NO CONTROLS,SNOW,DAYLIGHT,SIDESWIPE OPPOSITE DIRECTION,DIVIDED - W/MEDIAN (NOT RAISED),4,STRAIGHT AND LEVEL,SNOW OR SLUSH,NO DEFECTS,ON SCENE,INJURY AND / OR TOW DUE TO CRASH,Y,,,"OVER $1,500",11/10/2017 09:53:00 AM,WEATHER,EXCEEDING SAFE SPEED FOR CONDITIONS,2302,W,LOGAN BLVD,1432,,,,,,,3,"REPORTED, NOT EVIDENT",2,0,0,0,2,1,0,9,6,11,41.930463089,-87.685612773,POINT (-87.68561277304 41.930463089405)
JA506519,,11/10/2017 09:50:00 AM,30,TRAFFIC SIGNAL,FUNCTIONING PROPERLY,SNOW,DAYLIGHT,REAR END,ONE-WAY,,STRAIGHT AND LEVEL,SNOW OR SLUSH,UNKNOWN,NOT ON SCENE (DESK REPORT),NO INJURY / DRIVE AWAY,,,,$500 OR LESS,11/10/2017 01:33:00 PM,FOLLOWING TOO CLOSELY,FOLLOWING TOO CLOSELY,2110,W,VAN BUREN ST,1225,,,,,,,2,NO INDICATION OF INJURY,0,0,0,0,0,4,0,9,6,11,41.876291114,-87.679457362,POINT (-87.679457361633 41.876291114259)
JA506209,,11/10/2017 09:50:00 AM,30,TRAFFIC SIGNAL,FUNCTIONING PROPERLY,SNOW,DAYLIGHT,REAR END,ONE-WAY,2,STRAIGHT AND LEVEL,SNOW OR SLUSH,NO DEFECTS,NOT ON SCENE (DESK REPORT),INJURY AND / OR TOW DUE TO CRASH,,,Y,"OVER $1,500",11/10/2017 10:10:00 AM,WEATHER,FOLLOWING TOO CLOSELY,3401,W,HARRISON ST,1133,,,,,,,2,"REPORTED, NOT EVIDENT",1,0,0,0,1,1,0,9,6,11,41.873517221,-87.710901588,POINT (-87.710901587953 41.873517221433)
JA506178,,11/10/2017 09:50:00 AM,25,NO CONTROLS,NO CONTROLS,SNOW,DAYLIGHT,PARKED MOTOR VEHICLE,NOT DIVIDED,2,STRAIGHT AND LEVEL,SNOW OR SLUSH,NO DEFECTS,ON SCENE,NO INJURY / DRIVE AWAY,,,,"OVER $1,500",11/10/2017 10:12:00 AM,UNABLE TO DETERMINE,UNABLE TO DETERMINE,1456,E,54TH ST,234,,,,,,,2,NO INDICATION OF INJURY,0,0,0,0,0,1,0,9,6,11,41.798184269,-87.589474237,POINT (-87.589474237402 41.798184268767)
JA506194,,11/10/2017 09:50:00 AM,30,TRAFFIC SIGNAL,FUNCTIONING PROPERLY,SNOW,DAYLIGHT,REAR END,NOT DIVIDED,2,STRAIGHT AND LEVEL,SNOW OR SLUSH,UNKNOWN,NOT ON SCENE (DESK REPORT),NO INJURY / DRIVE AWAY,,,,"$501 - $1,500",11/10/2017 10:19:00 AM,UNABLE TO DETERMINE,NOT APPLICABLE,1600,W,ADAMS ST,1224,,,,,,,2,NO INDICATION OF INJURY,0,0,0,0,0,2,0,9,6,11,41.879002865,-87.666879853,POINT (-87.666879852995 41.879002865298)
JA506315,,11/10/2017 09:50:00 AM,25,STOP SIGN/FLASHER,FUNCTIONING PROPERLY,SNOW,DAYLIGHT,REAR END,NOT DIVIDED,4,STRAIGHT AND LEVEL,SNOW OR SLUSH,NO DEFECTS,NOT ON SCENE (DESK REPORT),NO INJURY / DRIVE AWAY,,,Y,"OVER $1,500",11/10/2017 11:07:00 AM,UNABLE TO DETERMINE,UNABLE TO DETERMINE,4359,W,ROOSEVELT RD,1011,,,,,,,2,NO INDICATION OF INJURY,0,0,0,0,0,2,0,9,6,11,41.865924046,-87.734900281,POINT (-87.734900280994 41.865924045778)
JA506273,,11/10/2017 09:50:00 AM,30,STOP SIGN/FLASHER,FUNCTIONING PROPERLY,SNOW,DAYLIGHT,ANGLE,NOT DIVIDED,2,STRAIGHT AND LEVEL,SNOW OR SLUSH,NO DEFECTS,NOT ON SCENE (DESK REPORT),NO INJURY / DRIVE AWAY,Y,,,"OVER $1,500",11/10/2017 10:45:00 AM,UNABLE TO DETERMINE,UNABLE TO DETERMINE,7200,S,DR MARTIN LUTHER KING JR DR,323,,,,,,,2,NO INDICATION OF INJURY,0,0,0,0,0,2,0,9,6,11,41.763791761,-87.615393616,POINT (-87.615393616365 41.763791761446)
JA506272,,11/10/2017 09:53:00 AM,10,NO CONTROLS,NO CONTROLS,SNOW,DAYLIGHT,FIXED OBJECT,PARKING LOT,1,STRAIGHT AND LEVEL,SNOW OR SLUSH,NO DEFECTS,,INJURY AND / OR TOW DUE TO CRASH,,Y,,"OVER $1,500",11/10/2017 09:54:00 AM,"OPERATING VEHICLE IN ERRATIC, RECKLESS, CARELESS, NEGLIGENT OR AGGRESSIVE MANNER",FAILING TO REDUCE SPEED TO AVOID CRASH,4614,S,PULASKI RD,815,,,,,,,1,NO INDICATION OF INJURY,0,0,0,0,0,1,0,9,6,11,41.809212925,-87.72378016,POINT (-87.723780159657 41.80921292483)
JA506175,,11/10/2017 09:53:00 AM,30,TRAFFIC SIGNAL,FUNCTIONING PROPERLY,SNOW,DAYLIGHT,PEDESTRIAN,NOT DIVIDED,4,STRAIGHT AND LEVEL,SNOW OR SLUSH,NO DEFECTS,ON SCENE,INJURY AND / OR TOW DUE TO CRASH,Y,,,$500 OR LESS,11/10/2017 10:11:00 AM,FAILING TO YIELD RIGHT-OF-WAY,WEATHER,800,N,LARRABEE ST,1822,,Y,,,,,2,NONINCAPACITATING INJURY,1,0,0,1,0,1,0,9,6,11,41.896527922,-87.643075742,POINT (-87.643075741773 41.896527921751)
JA506240,,11/10/2017 09:55:00 AM,30,NO CONTROLS,NO CONTROLS,OTHER,DAYLIGHT,SIDESWIPE SAME DIRECTION,NOT DIVIDED,2,STRAIGHT AND LEVEL,WET,NO DEFECTS,ON SCENE,NO INJURY / DRIVE AWAY,,,,$500 OR LESS,11/10/2017 10:02:00 AM,WEATHER,NOT APPLICABLE,327,N,DAMEN AVE,1223,,,,,,,2,NO INDICATION OF INJURY,0,0,0,0,0,2,0,9,6,11,41.887632727,-87.676668984,POINT (-87.676668984351 41.887632727018)
JA506237,,11/10/2017 09:55:00 AM,30,TRAFFIC SIGNAL,FUNCTIONING PROPERLY,SNOW,DAYLIGHT,TURNING,NOT DIVIDED,2,STRAIGHT AND LEVEL,WET,NO DEFECTS,NOT ON SCENE (DESK REPORT),NO INJURY / DRIVE AWAY,Y,,,"$501 - $1,500",11/10/2017 10:30:00 AM,FAILING TO YIELD RIGHT-OF-WAY,NOT APPLICABLE,5331,W,LAWRENCE AVE,1623,,,,,,,2,NO INDICATION OF INJURY,0,0,0,0,0,2,0,9,6,11,41.967769816,-87.76070343,POINT (-87.760703429685 41.967769815741)
JA506256,,11/10/2017 09:55:00 AM,30,TRAFFIC SIGNAL,FUNCTIONING PROPERLY,SNOW,DAYLIGHT,TURNING,NOT DIVIDED,0,STRAIGHT AND LEVEL,WET,NO DEFECTS,NOT ON SCENE (DESK REPORT),NO INJURY / DRIVE AWAY,Y,,,"OVER $1,500",11/10/2017 10:30:00 AM,FAILING TO YIELD RIGHT-OF-WAY,UNABLE TO DETERMINE,5538,W,FOSTER AVE,1623,,,,,,,2,NO INDICATION OF INJURY,0,0,0,0,0,2,0,9,6,11,41.975795501,-87.7677946,POINT (-87.767794600366 41.975795501135)
JA506308,,11/10/2017 09:55:00 AM,35,NO CONTROLS,NO CONTROLS,SNOW,DAYLIGHT,REAR END,NOT DIVIDED,,STRAIGHT AND LEVEL,SNOW OR SLUSH,NO DEFECTS,NOT ON SCENE (DESK REPORT),NO INJURY / DRIVE AWAY,,,,"$501 - $1,500",11/10/2017 10:50:00 AM,UNABLE TO DETERMINE,UNABLE TO DETERMINE,4001,W,DEVON AVE,1711,,,,,,,2,NO INDICATION OF INJURY,0,0,0,0,0,2,0,9,6,11,41.997129084,-87.728969868,POINT (-87.728969867863 41.997129083534)
JA506188,,11/10/2017 09:58:00 AM,30,TRAFFIC SIGNAL,FUNCTIONING PROPERLY,SNOW,DAYLIGHT,TURNING,NOT DIVIDED,2,STRAIGHT AND LEVEL,SNOW OR SLUSH,UNKNOWN,NOT ON SCENE (DESK REPORT),NO INJURY / DRIVE AWAY,Y,,,"$501 - $1,500",11/10/2017 10:14:00 AM,WEATHER,WEATHER,1600,N,CALIFORNIA AVE,1421,,,,,,,2,NO INDICATION OF INJURY,0,0,0,0,0,4,0,9,6,11,41.910315146,-87.697174719,POINT (-87.697174719012 41.910315146253)
JA506288,,11/10/2017 09:59:00 AM,30,TRAFFIC SIGNAL,FUNCTIONING PROPERLY,SNOW,DAYLIGHT,REAR END,DIVIDED - W/MEDIAN (NOT RAISED),4,STRAIGHT ON GRADE,SNOW OR SLUSH,NO DEFECTS,NOT ON SCENE (DESK REPORT),INJURY AND / OR TOW DUE TO CRASH,Y,,,$500 OR LESS,11/10/2017 10:00:00 AM,WEATHER,UNABLE TO DETERMINE,4801,W,PETERSON AVE,1621,,,,,,,2,"REPORTED, NOT EVIDENT",1,0,0,0,1,1,0,9,6,11,41.989788489,-87.748373844,POINT (-87.748373844489 41.989788488824)
JA506269,,11/10/2017 09:59:00 AM,30,NO CONTROLS,NO CONTROLS,SNOW,DAYLIGHT,TURNING,DIVIDED - W/MEDIAN (NOT RAISED),,STRAIGHT AND LEVEL,SNOW OR SLUSH,NO DEFECTS,NOT ON SCENE (DESK REPORT),NO INJURY / DRIVE AWAY,Y,,,"OVER $1,500",11/10/2017 10:08:00 AM,IMPROPER TURNING/NO SIGNAL,IMPROPER LANE USAGE,6099,N,RAVENSWOOD AVE,2433,,,,,,,2,NO INDICATION OF INJURY,0,0,0,0,0,4,0,9,6,11,41.992044006,-87.675147673,POINT (-87.675147673044 41.992044006166)
JA506284,,11/10/2017 10:00:00 AM,25,NO CONTROLS,NO CONTROLS,CLEAR,DAYLIGHT,PARKED MOTOR VEHICLE,NOT DIVIDED,1,STRAIGHT AND LEVEL,WET,NO DEFECTS,NOT ON SCENE (DESK REPORT),NO INJURY / DRIVE AWAY,,,,$500 OR LESS,11/10/2017 11:00:00 AM,UNABLE TO DETERMINE,NOT APPLICABLE,1313,W,109TH PL,2234,,,,,,,2,NO INDICATION OF INJURY,0,0,0,0,0,1,0,10,6,11,41.694823519,-87.655198057,POINT (-87.655198056577 41.694823518933)
JA506247,,11/10/2017 10:00:00 AM,30,STOP SIGN/FLASHER,FUNCTIONING PROPERLY,SNOW,DAYLIGHT,TURNING,NOT DIVIDED,1,STRAIGHT AND LEVEL,SNOW OR SLUSH,NO DEFECTS,NOT ON SCENE (DESK REPORT),NO INJURY / DRIVE AWAY,Y,,,"OVER $1,500",11/10/2017 10:30:00 AM,WEATHER,WEATHER,1400,N,CLAREMONT AVE,1424,,,,,,,2,NO INDICATION OF INJURY,0,0,0,0,0,2,0,10,6,11,41.906775136,-87.686055977,POINT (-87.686055976666 41.906775136191)
JA506235,,11/10/2017 10:00:00 AM,30,NO CONTROLS,NO CONTROLS,SNOW,DAYLIGHT,TURNING,NOT DIVIDED,2,STRAIGHT AND LEVEL,SNOW OR SLUSH,NO DEFECTS,NOT ON SCENE (DESK REPORT),NO INJURY / DRIVE AWAY,,,,"OVER $1,500",11/10/2017 10:19:00 AM,FAILING TO YIELD RIGHT-OF-WAY,IMPROPER TURNING/NO SIGNAL,2746,W,DIVISION ST,1423,,,,,,,2,NO INDICATION OF INJURY,0,0,0,0,0,3,0,10,6,11,41.903039822,-87.696298855,POINT (-87.696298855481 41.903039822433)
JA506322,,11/10/2017 10:00:00 AM,30,TRAFFIC SIGNAL,FUNCTIONING PROPERLY,SNOW,DAYLIGHT,SIDESWIPE SAME DIRECTION,NOT DIVIDED,4,STRAIGHT AND LEVEL,SNOW OR SLUSH,NO DEFECTS,NOT ON SCENE (DESK REPORT),INJURY AND / OR TOW DUE TO CRASH,,,Y,"OVER $1,500",11/10/2017 11:12:00 AM,UNABLE TO DETERMINE,UNABLE TO DETERMINE,3127,W,FIFTH AVE,1124,,,,,,,2,NONINCAPACITATING INJURY,1,0,0,1,0,1,0,10,6,11,41.878582291,-87.704849298,POINT (-87.70484929802 41.878582290674)
JA508816,,11/10/2017 10:00:00 AM,0,TRAFFIC SIGNAL,FUNCTIONING PROPERLY,CLOUDY/OVERCAST,DAYLIGHT,REAR END,NOT DIVIDED,4,STRAIGHT AND LEVEL,DRY,NO DEFECTS,NOT ON SCENE (DESK REPORT),NO INJURY / DRIVE AWAY,,,,"OVER $1,500",11/12/2017 10:20:00 AM,EXCEEDING SAFE SPEED FOR CONDITIONS,DRIVING SKILLS/KNOWLEDGE/EXPERIENCE,3000,S,ARCHER AVE,913,,,,,,,2,NO INDICATION OF INJURY,0,0,0,0,0,2,0,10,6,11,41.840144558,-87.661339461,POINT (-87.661339460978 41.840144558215)
JA506201,,11/10/2017 10:00:00 AM,30,TRAFFIC SIGNAL,FUNCTIONING PROPERLY,SNOW,DAYLIGHT,REAR END,DIVIDED - W/MEDIAN (NOT RAISED),2,STRAIGHT AND LEVEL,SNOW OR SLUSH,NO DEFECTS,NOT ON SCENE (DESK REPORT),NO INJURY / DRIVE AWAY,,,,"$501 - $1,500",11/10/2017 10:35:00 AM,WEATHER,WEATHER,2392,W,FULLERTON AVE,1432,,,,,,,2,NO INDICATION OF INJURY,0,0,0,0,0,2,0,10,6,11,41.925010656,-87.687617787,POINT (-87.687617786941 41.925010655979)
JA506336,,11/10/2017 10:00:00 AM,25,STOP SIGN/FLASHER,FUNCTIONING PROPERLY,SNOW,DAYLIGHT,SIDESWIPE OPPOSITE DIRECTION,NOT DIVIDED,2,STRAIGHT AND LEVEL,WET,NO DEFECTS,NOT ON SCENE (DESK REPORT),NO INJURY / DRIVE AWAY,Y,,,"OVER $1,500",11/10/2017 11:10:00 AM,UNABLE TO DETERMINE,NOT APPLICABLE,500,W,29TH ST,914,,,,,,,2,NO INDICATION OF INJURY,0,0,0,0,0,2,0,10,6,11,41.841881177,-87.63988448,POINT (-87.639884479597 41.841881176794)
JA506658,,11/10/2017 10:00:00 AM,30,TRAFFIC SIGNAL,FUNCTIONING PROPERLY,CLOUDY/OVERCAST,DAYLIGHT,REAR END,DIVIDED - W/MEDIAN (NOT RAISED),4,STRAIGHT AND LEVEL,WET,NO DEFECTS,NOT ON SCENE (DESK REPORT),NO INJURY / DRIVE AWAY,Y,,,$500 OR LESS,11/10/2017 03:15:00 PM,UNABLE TO DETERMINE,NOT APPLICABLE,2209,S,WESTERN AVE,1034,,,,,,,2,NO INDICATION OF INJURY,0,0,0,0,0,2,0,10,6,11,41.851714698,-87.685484108,POINT (-87.685484107727 41.851714697644)
JA506196,,11/10/2017 10:00:00 AM,25,STOP SIGN/FLASHER,FUNCTIONING PROPERLY,SNOW,DAYLIGHT,REAR END,DIVIDED - W/MEDIAN (NOT RAISED),,STRAIGHT AND LEVEL,SNOW OR SLUSH,NO DEFECTS,ON SCENE,INJURY AND / OR TOW DUE TO CRASH,,,Y,"$501 - $1,500",11/10/2017 10:10:00 AM,FOLLOWING TOO CLOSELY,WEATHER,2236,W,GRANVILLE AVE,2413,,,,,,,2,NONINCAPACITATING INJURY,1,0,0,1,0,1,0,10,6,11,41.994261433,-87.686316188,POINT (-87.68631618831 41.994261432946)
JA506174,,11/10/2017 10:00:00 AM,30,NO CONTROLS,NO CONTROLS,SNOW,DAYLIGHT,SIDESWIPE SAME DIRECTION,DIVIDED - W/MEDIAN BARRIER,4,STRAIGHT AND LEVEL,SNOW OR SLUSH,NO DEFECTS,NOT ON SCENE (DESK REPORT),NO INJURY / DRIVE AWAY,,,,"OVER $1,500",11/10/2017 10:20:00 AM,UNABLE TO DETERMINE,UNABLE TO DETERMINE,2400,N,LAKE SHORE DR SB,1935,,,,,,,2,NO INDICATION OF INJURY,0,0,0,0,0,2,0,10,6,11,41.92616072,-87.631514665,POINT (-87.631514664826 41.926160719812)
JA506886,,11/10/2017 10:00:00 AM,30,NO CONTROLS,NO CONTROLS,SNOW,DAYLIGHT,PARKED MOTOR VEHICLE,NOT DIVIDED,2,STRAIGHT AND LEVEL,WET,NO DEFECTS,ON SCENE,NO INJURY / DRIVE AWAY,,,Y,"OVER $1,500",11/10/2017 05:02:00 PM,UNABLE TO DETERMINE,NOT APPLICABLE,6645,N,OLIPHANT AVE,1612,,,,,,,2,NO INDICATION OF INJURY,0,0,0,0,0,1,0,10,6,11,42.001405489,-87.81736068,POINT (-87.817360679818 42.00140548868)
JA506218,,11/10/2017 10:00:00 AM,30,TRAFFIC SIGNAL,FUNCTIONING PROPERLY,SNOW,DAYLIGHT,REAR END,NOT DIVIDED,2,STRAIGHT AND LEVEL,SNOW OR SLUSH,NO DEFECTS,NOT ON SCENE (DESK REPORT),NO INJURY / DRIVE AWAY,,,,"OVER $1,500",11/10/2017 10:25:00 AM,FOLLOWING TOO CLOSELY,NOT APPLICABLE,5653,N,LINCOLN AVE,2011,,,,,,,2,NO INDICATION OF INJURY,0,0,0,0,0,2,0,10,6,11,41.984300614,-87.696871008,POINT (-87.696871008101 41.984300613841)
JA506205,,11/10/2017 10:00:00 AM,30,NO CONTROLS,NO CONTROLS,SNOW,DAYLIGHT,SIDESWIPE SAME DIRECTION,ONE-WAY,,STRAIGHT AND LEVEL,SNOW OR SLUSH,NO DEFECTS,NOT ON SCENE (DESK REPORT),NO INJURY / DRIVE AWAY,,,,$500 OR LESS,11/10/2017 10:10:00 AM,WEATHER,NOT APPLICABLE,1701,W,CONGRESS PKWY,1231,,,,,,,2,NO INDICATION OF INJURY,0,0,0,0,0,2,0,10,6,11,41.87503099,-87.669138369,POINT (-87.669138368557 41.87503099014)
JA506333,,11/10/2017 10:00:00 AM,30,NO CONTROLS,NO CONTROLS,SNOW,DAYLIGHT,REAR END,DIVIDED - W/MEDIAN (NOT RAISED),4,STRAIGHT ON GRADE,SNOW OR SLUSH,NO DEFECTS,NOT ON SCENE (DESK REPORT),NO INJURY / DRIVE AWAY,,,,"OVER $1,500",11/10/2017 11:20:00 AM,UNABLE TO DETERMINE,NOT APPLICABLE,451,N,COLUMBUS DR,1834,,,,,,,2,NO INDICATION OF INJURY,0,0,0,0,0,3,0,10,6,11,41.890096297,-87.620169669,POINT (-87.620169669145 41.890096297182)
JA506263,,11/10/2017 10:00:00 AM,30,TRAFFIC SIGNAL,FUNCTIONING PROPERLY,SNOW,DAYLIGHT,SIDESWIPE SAME DIRECTION,DIVIDED - W/MEDIAN (NOT RAISED),,STRAIGHT AND LEVEL,WET,OTHER,ON SCENE,INJURY AND / OR TOW DUE TO CRASH,Y,,,"OVER $1,500",11/10/2017 10:40:00 AM,IMPROPER LANE USAGE,FAILING TO YIELD RIGHT-OF-WAY,4801,N,NAGLE AVE,1622,,,,,,,2,NO INDICATION OF INJURY,0,0,0,0,0,4,0,10,6,11,41.968433923,-87.787866563,POINT (-87.787866562515 41.968433923187)
JA506450,,11/10/2017 10:00:00 AM,30,TRAFFIC SIGNAL,FUNCTIONING PROPERLY,SNOW,DAYLIGHT,TURNING,DIVIDED - W/MEDIAN (NOT RAISED),4,STRAIGHT AND LEVEL,WET,NO DEFECTS,NOT ON SCENE (DESK REPORT),NO INJURY / DRIVE AWAY,,,,"OVER $1,500",11/10/2017 12:30:00 PM,WEATHER,NOT APPLICABLE,1410,W,CERMAK RD,1235,,,,,,,2,NO INDICATION OF INJURY,0,0,0,0,0,2,0,10,6,11,41.852520042,-87.661670156,POINT (-87.661670155783 41.852520042074)
JA506191,,11/10/2017 10:00:00 AM,30,TRAFFIC SIGNAL,FUNCTIONING PROPERLY,SNOW,DAYLIGHT,SIDESWIPE SAME DIRECTION,DIVIDED - W/MEDIAN BARRIER,4,STRAIGHT AND LEVEL,SNOW OR SLUSH,NO DEFECTS,NOT ON SCENE (DESK REPORT),NO INJURY / DRIVE AWAY,,,,"$501 - $1,500",11/10/2017 10:20:00 AM,DISREGARDING STOP SIGN,UNABLE TO DETERMINE,5685,N,LINCOLN AVE,2011,,,,,,,3,NO INDICATION OF INJURY,0,0,0,0,0,3,0,10,6,11,41.984803791,-87.697732334,POINT (-87.69773233366 41.984803790604)
JA506350,,11/10/2017 10:00:00 AM,30,TRAFFIC SIGNAL,FUNCTIONING PROPERLY,SNOW,DAYLIGHT,REAR END,NOT DIVIDED,4,STRAIGHT AND LEVEL,SNOW OR SLUSH,NO DEFECTS,NOT ON SCENE (DESK REPORT),NO INJURY / DRIVE AWAY,,,,"OVER $1,500",11/10/2017 11:40:00 AM,FOLLOWING TOO CLOSELY,NOT APPLICABLE,1817,W,PETERSON AVE,2012,,,,,,,2,NO INDICATION OF INJURY,0,0,0,0,0,2,0,10,6,11,41.99063099,-87.675914817,POINT (-87.675914817206 41.990630990268)
JA506203,,11/10/2017 10:00:00 AM,30,TRAFFIC SIGNAL,FUNCTIONING PROPERLY,SNOW,DAYLIGHT,SIDESWIPE SAME DIRECTION,DIVIDED - W/MEDIAN BARRIER,6,STRAIGHT ON GRADE,SNOW OR SLUSH,NO DEFECTS,ON SCENE,INJURY AND / OR TOW DUE TO CRASH,,,,"OVER $1,500",11/10/2017 10:06:00 AM,WEATHER,NOT APPLICABLE,300,N,STATE ST,1831,,,,,,,2,NO INDICATION OF INJURY,0,0,0,0,0,2,0,10,6,11,41.887557873,-87.628153065,POINT (-87.628153064672 41.887557872813)
JA507652,,11/10/2017 10:00:00 AM,30,NO CONTROLS,NO CONTROLS,SNOW,DAYLIGHT,REAR END,NOT DIVIDED,,STRAIGHT AND LEVEL,SNOW OR SLUSH,NO DEFECTS,NOT ON SCENE (DESK REPORT),NO INJURY / DRIVE AWAY,,,,"OVER $1,500",11/11/2017 10:50:00 AM,UNABLE TO DETERMINE,UNABLE TO DETERMINE,1727,N,ELSTON AVE,1433,,,,,,,2,NO INDICATION OF INJURY,0,0,0,0,0,2,0,10,6,11,41.913785841,-87.664265174,POINT (-87.66426517376 41.913785841118)
JA506199,,11/10/2017 10:01:00 AM,30,NO CONTROLS,NO CONTROLS,SNOW,DAYLIGHT,HEAD ON,NOT DIVIDED,2,STRAIGHT AND LEVEL,SNOW OR SLUSH,NO DEFECTS,ON SCENE,INJURY AND / OR TOW DUE TO CRASH,,,,"OVER $1,500",11/10/2017 10:01:00 AM,UNABLE TO DETERMINE,WEATHER,3758,W,ADDISON ST,1732,,,,,,,2,"REPORTED, NOT EVIDENT",1,0,0,0,1,1,0,10,6,11,41.946551143,-87.722387298,POINT (-87.722387298215 41.94655114298)
JA506204,,11/10/2017 10:02:00 AM,30,TRAFFIC SIGNAL,FUNCTIONING PROPERLY,CLEAR,DAYLIGHT,REAR END,NOT DIVIDED,2,STRAIGHT AND LEVEL,SNOW OR SLUSH,NO DEFECTS,ON SCENE,NO INJURY / DRIVE AWAY,,,,$500 OR LESS,11/10/2017 10:08:00 AM,WEATHER,UNABLE TO DETERMINE,6198,N,JERSEY AVE,1711,,,,,,,2,NO INDICATION OF INJURY,0,0,0,0,0,3,0,10,6,11,41.992901443,-87.711700385,POINT (-87.711700384865 41.992901443463)
JA506195,,11/10/2017 10:05:00 AM,30,NO CONTROLS,NO CONTROLS,SNOW,DAYLIGHT,PARKED MOTOR VEHICLE,NOT DIVIDED,,STRAIGHT AND LEVEL,SNOW OR SLUSH,NO DEFECTS,ON SCENE,INJURY AND / OR TOW DUE TO CRASH,,,,"OVER $1,500",11/10/2017 10:07:00 AM,FAILING TO REDUCE SPEED TO AVOID CRASH,EXCEEDING SAFE SPEED FOR CONDITIONS,850,W,29TH ST,913,,,,,,,2,NO INDICATION OF INJURY,0,0,0,0,0,4,0,10,6,11,41.841723187,-87.648190487,POINT (-87.648190486951 41.841723187152)
JA506410,,11/10/2017 10:05:00 AM,35,STOP SIGN/FLASHER,FUNCTIONING PROPERLY,SNOW,DAYLIGHT,REAR END,NOT DIVIDED,2,STRAIGHT AND LEVEL,SNOW OR SLUSH,NO DEFECTS,NOT ON SCENE (DESK REPORT),NO INJURY / DRIVE AWAY,,,,"$501 - $1,500",11/10/2017 11:32:00 AM,UNABLE TO DETERMINE,NOT APPLICABLE,401,N,STATE ST,1834,,,,,,,3,NO INDICATION OF INJURY,0,0,0,0,0,5,0,10,6,11,41.889265416,-87.627867658,POINT (-87.627867657864 41.889265415961)
JA506253,,11/10/2017 10:05:00 AM,30,TRAFFIC SIGNAL,FUNCTIONING PROPERLY,SNOW,DAYLIGHT,REAR END,DIVIDED - W/MEDIAN (NOT RAISED),,STRAIGHT AND LEVEL,SNOW OR SLUSH,NO DEFECTS,NOT ON SCENE (DESK REPORT),NO INJURY / DRIVE AWAY,,,,"OVER $1,500",11/10/2017 10:40:00 AM,FOLLOWING TOO CLOSELY,WEATHER,4699,N,ELSTON AVE,1722,,,,,,,3,NO INDICATION OF INJURY,0,0,0,0,0,3,0,10,6,11,41.966369999,-87.737389435,POINT (-87.737389434746 41.966369999316)
JA506259,,11/10/2017 10:10:00 AM,30,TRAFFIC SIGNAL,FUNCTIONING PROPERLY,SNOW,DAYLIGHT,REAR END,NOT DIVIDED,,STRAIGHT AND LEVEL,SNOW OR SLUSH,NO DEFECTS,NOT ON SCENE (DESK REPORT),NO INJURY / DRIVE AWAY,,,,"OVER $1,500",11/10/2017 10:40:00 AM,WEATHER,FOLLOWING TOO CLOSELY,4696,W,BELMONT AVE,1731,,,,,,,3,NO INDICATION OF INJURY,0,0,0,0,0,4,0,10,6,11,41.938978889,-87.743866693,POINT (-87.743866692611 41.93897888892)