RD_NO,CRASH_DATE_EST_I,CRASH_DATE,POSTED_SPEED_LIMIT,TRAFFIC_CONTROL_DEVICE,DEVICE_CONDITION,WEATHER_CONDITION,LIGHTING_CONDITION,FIRST_CRASH_TYPE,TRAFFICWAY_TYPE,LANE_CNT,ALIGNMENT,ROADWAY_SURFACE_COND,ROAD_DEFECT,REPORT_TYPE,CRASH_TYPE,INTERSECTION_RELATED_I,NOT_RIGHT_OF_WAY_I,HIT_AND_RUN_I,DAMAGE,DATE_POLICE_NOTIFIED,PRIM_CONTRIBUTORY_CAUSE,SEC_CONTRIBUTORY_CAUSE,STREET_NO,STREET_DIRECTION,STREET_NAME,BEAT_OF_OCCURRENCE,PHOTOS_TAKEN_I,STATEMENTS_TAKEN_I,DOORING_I,WORK_ZONE_I,WORK_ZONE_TYPE,WORKERS_PRESENT_I,NUM_UNITS,MOST_SEVERE_INJURY,INJURIES_TOTAL,INJURIES_FATAL,INJURIES_INCAPACITATING,INJURIES_NON_INCAPACITATING,INJURIES_REPORTED_NOT_EVIDENT,INJURIES_NO_INDICATION,INJURIES_UNKNOWN,CRASH_HOUR,CRASH_DAY_OF_WEEK,CRASH_MONTH,LATITUDE,LONGITUDE,LOCATION
JA506265,,11/10/2017 10:10:00 AM,30,NO CONTROLS,NO CONTROLS,SNOW,DAYLIGHT,SIDESWIPE SAME DIRECTION,DIVIDED - W/MEDIAN (NOT RAISED),2,STRAIGHT AND LEVEL,SNOW OR SLUSH,NO DEFECTS,NOT ON SCENE (DESK REPORT),NO INJURY / DRIVE AWAY,Y,,,"$501 - $1,500",11/10/2017 10:42:00 AM,WEATHER,UNABLE TO DETERMINE,664,S,ASHLAND AVE,1231,,,,,,,2,NO INDICATION OF INJURY,0,0,0,0,0,2,0,10,6,11,41.87296317,-87.666718507,POINT (-87.666718507308 41.872963170346)
JA506250,,11/10/2017 10:13:00 AM,30,NO CONTROLS,NO CONTROLS,SNOW,DAYLIGHT,REAR END,NOT DIVIDED,2,STRAIGHT AND LEVEL,SNOW OR SLUSH,NO DEFECTS,ON SCENE,INJURY AND / OR TOW DUE TO CRASH,,,,"OVER $1,500",11/10/2017 10:15:00 AM,FOLLOWING TOO CLOSELY,NOT APPLICABLE,4164,N,ELSTON AVE,1723,,,,,,,2,NO INDICATION OF INJURY,0,0,0,0,0,2,0,10,6,11,41.95656844,-87.723570104,POINT (-87.723570103944 41.956568440333)
JA506262,,11/10/2017 10:14:00 AM,30,STOP SIGN/FLASHER,FUNCTIONING PROPERLY,SNOW,DAYLIGHT,PARKED MOTOR VEHICLE,DIVIDED - W/MEDIAN (NOT RAISED),2,STRAIGHT AND LEVEL,SNOW OR SLUSH,NO DEFECTS,ON SCENE,NO INJURY / DRIVE AWAY,,,,"OVER $1,500",11/10/2017 10:19:00 AM,WEATHER,NOT APPLICABLE,703,W,WILLOW ST,1813,,,,,,,2,NO INDICATION OF INJURY,0,0,0,0,0,1,0,10,6,11,41.913753774,-87.646093469,POINT (-87.646093469217 41.913753774226)
JA506200,,11/10/2017 10:15:00 AM,30,STOP SIGN/FLASHER,FUNCTIONING PROPERLY,SNOW,DAYLIGHT,REAR END,NOT DIVIDED,2,STRAIGHT AND LEVEL,WET,NO DEFECTS,NOT ON SCENE (DESK REPORT),NO INJURY / DRIVE AWAY,Y,,,"$501 - $1,500",11/10/2017 10:21:00 AM,WEATHER,FOLLOWING TOO CLOSELY,6499,N,ASHLAND AVE,2432,,,,,,,2,NO INDICATION OF INJURY,0,0,0,0,0,2,0,10,6,11,41.999872424,-87.670293355,POINT (-87.670293354922 41.999872423756)
JA517760,,11/10/2017 10:15:00 AM,30,STOP SIGN/FLASHER,NO CONTROLS,OTHER,DAYLIGHT,REAR END,DIVIDED - W/MEDIAN (NOT RAISED),2,STRAIGHT AND LEVEL,ICE,NO DEFECTS,NOT ON SCENE (DESK REPORT),NO INJURY / DRIVE AWAY,,,,$500 OR LESS,11/19/2017 11:20:00 AM,FOLLOWING TOO CLOSELY,WEATHER,1325,E,MARQUETTE RD,321,,,,,,,2,NO INDICATION OF INJURY,0,0,0,0,0,2,0,10,6,11,41.774964945,-87.593445577,POINT (-87.593445577447 41.774964945038)
JA506353,Y,11/10/2017 10:15:00 AM,25,STOP SIGN/FLASHER,NO CONTROLS,SNOW,DAYLIGHT,REAR END,ONE-WAY,2,STRAIGHT AND LEVEL,SNOW OR SLUSH,NO DEFECTS,NOT ON SCENE (DESK REPORT),NO INJURY / DRIVE AWAY,,,,"OVER $1,500",11/10/2017 11:30:00 AM,UNABLE TO DETERMINE,UNABLE TO DETERMINE,820,W,RANDOLPH ST,1224,,,,,,,2,NO INDICATION OF INJURY,0,0,0,0,0,2,0,10,6,11,41.884501868,-87.648373677,POINT (-87.648373676559 41.884501867816)
JA506241,,11/10/2017 10:15:00 AM,35,NO CONTROLS,NO CONTROLS,SNOW,DAYLIGHT,REAR END,NOT DIVIDED,4,STRAIGHT AND LEVEL,WET,NO DEFECTS,ON SCENE,INJURY AND / OR TOW DUE TO CRASH,,,,"OVER $1,500",11/10/2017 10:20:00 AM,FAILING TO REDUCE SPEED TO AVOID CRASH,UNABLE TO DETERMINE,5900,N,WESTERN AVE,2011,,,,,,,2,NO INDICATION OF INJURY,0,0,0,0,0,4,0,10,6,11,41.98872319,-87.689757912,POINT (-87.689757912292 41.988723190415)
JA507289,,11/10/2017 10:15:00 AM,35,NO CONTROLS,NO CONTROLS,SNOW,DAYLIGHT,REAR END,NOT DIVIDED,2,STRAIGHT AND LEVEL,SNOW OR SLUSH,NO DEFECTS,NOT ON SCENE (DESK REPORT),INJURY AND / OR TOW DUE TO CRASH,,,,$500 OR LESS,11/11/2017 01:30:00 AM,UNABLE TO DETERMINE,UNABLE TO DETERMINE,100,W,GOETHE ST,1821,,,,,,,2,NONINCAPACITATING INJURY,1,0,0,1,0,1,0,10,6,11,41.905889951,-87.631543233,POINT (-87.63154323343 41.905889951058)
JA506379,,11/10/2017 10:15:00 AM,30,TRAFFIC SIGNAL,FUNCTIONING PROPERLY,SNOW,DAYLIGHT,PARKED MOTOR VEHICLE,DIVIDED - W/MEDIAN (NOT RAISED),2,STRAIGHT AND LEVEL,ICE,NO DEFECTS,NOT ON SCENE (DESK REPORT),NO INJURY / DRIVE AWAY,,,,"OVER $1,500",11/10/2017 11:55:00 AM,UNABLE TO DETERMINE,NOT APPLICABLE,603,N,FRANKLIN ST,1831,,,,,,,2,NO INDICATION OF INJURY,0,0,0,0,0,1,0,10,6,11,41.892482116,-87.635451456,POINT (-87.635451456425 41.892482115995)
JA506293,,11/10/2017 10:17:00 AM,30,NO CONTROLS,NO CONTROLS,SNOW,UNKNOWN,SIDESWIPE SAME DIRECTION,NOT DIVIDED,2,STRAIGHT AND LEVEL,SNOW OR SLUSH,UNKNOWN,ON SCENE,NO INJURY / DRIVE AWAY,,,,"OVER $1,500",11/10/2017 10:18:00 AM,UNABLE TO DETERMINE,IMPROPER OVERTAKING/PASSING,3011,W,TOUHY AVE,2411,,,,,,,2,NO INDICATION OF INJURY,0,0,0,0,0,3,0,10,6,11,42.011843134,-87.704934537,POINT (-87.704934536626 42.011843134017)
JA506431,,11/10/2017 10:20:00 AM,30,NO CONTROLS,NO CONTROLS,SNOW,DAYLIGHT,REAR END,NOT DIVIDED,4,STRAIGHT AND LEVEL,SNOW OR SLUSH,NO DEFECTS,,INJURY AND / OR TOW DUE TO CRASH,,,,"OVER $1,500",11/10/2017 12:13:00 PM,FAILING TO REDUCE SPEED TO AVOID CRASH,EXCEEDING SAFE SPEED FOR CONDITIONS,5931,W,TOUHY AVE,1621,,,,,,,3,NO INDICATION OF INJURY,0,0,0,0,0,4,0,10,6,11,42.011858941,-87.775434598,POINT (-87.775434598262 42.011858941066)
JA506271,,11/10/2017 10:20:00 AM,30,TRAFFIC SIGNAL,FUNCTIONING PROPERLY,SNOW,DAYLIGHT,TURNING,NOT DIVIDED,2,STRAIGHT AND LEVEL,SNOW OR SLUSH,NO DEFECTS,NOT ON SCENE (DESK REPORT),NO INJURY / DRIVE AWAY,Y,,,"OVER $1,500",11/10/2017 10:45:00 AM,FAILING TO YIELD RIGHT-OF-WAY,IMPROPER LANE USAGE,2609,N,MILWAUKEE AVE,1412,,,,,,,2,NO INDICATION OF INJURY,0,0,0,0,0,3,0,10,6,11,41.929154593,-87.707308017,POINT (-87.707308016679 41.929154592581)
JA506281,,11/10/2017 10:20:00 AM,30,TRAFFIC SIGNAL,FUNCTIONING PROPERLY,SNOW,DAYLIGHT,REAR END,NOT DIVIDED,4,STRAIGHT AND LEVEL,SNOW OR SLUSH,NO DEFECTS,NOT ON SCENE (DESK REPORT),NO INJURY / DRIVE AWAY,,,,"OVER $1,500",11/10/2017 10:45:00 AM,FOLLOWING TOO CLOSELY,WEATHER,5600,N,RIDGE AVE,2013,,,,,,,2,NO INDICATION OF INJURY,0,0,0,0,0,2,0,10,6,11,41.983578071,-87.660227805,POINT (-87.660227804932 41.983578070853)
JA506388,,11/10/2017 10:20:00 AM,30,STOP SIGN/FLASHER,FUNCTIONING PROPERLY,SNOW,DAYLIGHT,ANGLE,NOT DIVIDED,2,STRAIGHT AND LEVEL,ICE,NO DEFECTS,NOT ON SCENE (DESK REPORT),NO INJURY / DRIVE AWAY,Y,,,"OVER $1,500",11/10/2017 11:00:00 AM,WEATHER,WEATHER,1800,W,BERTEAU AVE,1912,,,,,,,2,NO INDICATION OF INJURY,0,0,0,0,0,2,0,10,6,11,41.957979491,-87.674357696,POINT (-87.674357696058 41.95797949142)
JA506225,,11/10/2017 10:20:00 AM,30,NO CONTROLS,NO CONTROLS,RAIN,DAYLIGHT,REAR END,NOT DIVIDED,,STRAIGHT AND LEVEL,SNOW OR SLUSH,NO DEFECTS,NOT ON SCENE (DESK REPORT),NO INJURY / DRIVE AWAY,,,,$500 OR LESS,11/10/2017 10:30:00 AM,WEATHER,NOT APPLICABLE,1401,W,15TH ST,1233,,,,,,,2,NO INDICATION OF INJURY,0,0,0,0,0,2,0,10,6,11,41.86142126,-87.66153845,POINT (-87.66153845042 41.861421260313)
JA506244,,11/10/2017 10:20:00 AM,40,TRAFFIC SIGNAL,FUNCTIONING PROPERLY,SNOW,DAYLIGHT,REAR END,RAMP,2,STRAIGHT ON GRADE,SNOW OR SLUSH,NO DEFECTS,ON SCENE,INJURY AND / OR TOW DUE TO CRASH,N,,,"OVER $1,500",11/10/2017 10:25:00 AM,WEATHER,NOT APPLICABLE,4001,N,LAKE SHORE DR NB,1925,,,,,,,2,NO INDICATION OF INJURY,0,0,0,0,0,2,0,10,6,11,41.954719593,-87.644434159,POINT (-87.644434158905 41.954719592904)
JA506236,,11/10/2017 10:20:00 AM,30,TRAFFIC SIGNAL,FUNCTIONING PROPERLY,SNOW,DAYLIGHT,REAR END,DIVIDED - W/MEDIAN BARRIER,4,STRAIGHT AND LEVEL,ICE,NO DEFECTS,ON SCENE,NO INJURY / DRIVE AWAY,Y,,,"OVER $1,500",11/10/2017 10:21:00 AM,WEATHER,NOT APPLICABLE,5001,N,ASHLAND AVE,2032,,,,,,,2,NO INDICATION OF INJURY,0,0,0,0,0,2,0,10,6,11,41.972561181,-87.669394065,POINT (-87.669394064743 41.972561181343)
JA506637,,11/10/2017 10:20:00 AM,30,TRAFFIC SIGNAL,FUNCTIONING PROPERLY,SNOW,DAYLIGHT,REAR END,DIVIDED - W/MEDIAN (NOT RAISED),2,STRAIGHT AND LEVEL,SNOW OR SLUSH,NO DEFECTS,NOT ON SCENE (DESK REPORT),NO INJURY / DRIVE AWAY,Y,,,$500 OR LESS,11/10/2017 03:10:00 PM,FOLLOWING TOO CLOSELY,WEATHER,1208,N,LARAMIE AVE,2532,,,,,,,2,NO INDICATION OF INJURY,0,0,0,0,0,2,0,10,6,11,41.902564477,-87.755928236,POINT (-87.755928236048 41.902564476913)
JA506936,,11/10/2017 10:25:00 AM,30,NO CONTROLS,NO CONTROLS,SNOW,DAYLIGHT,PARKED MOTOR VEHICLE,ONE-WAY,2,STRAIGHT AND LEVEL,SNOW OR SLUSH,NO DEFECTS,NOT ON SCENE (DESK REPORT),NO INJURY / DRIVE AWAY,,,,"OVER $1,500",11/10/2017 06:19:00 PM,UNABLE TO DETERMINE,NOT APPLICABLE,39,W,OHIO ST,1831,,,,,,,2,NO INDICATION OF INJURY,0,0,0,0,0,1,0,10,6,11,41.89233879,-87.629596498,POINT (-87.62959649776 41.892338790403)
JA506282,,11/10/2017 10:25:00 AM,25,NO CONTROLS,NOT FUNCTIONING,SNOW,DAYLIGHT,SIDESWIPE SAME DIRECTION,ONE-WAY,1,STRAIGHT AND LEVEL,SNOW OR SLUSH,NO DEFECTS,ON SCENE,INJURY AND / OR TOW DUE TO CRASH,,,,"OVER $1,500",11/10/2017 10:30:00 AM,EXCEEDING AUTHORIZED SPEED LIMIT,NOT APPLICABLE,11209,S,HERMOSA AVE,2212,,,,,,,2,NO INDICATION OF INJURY,0,0,0,0,0,2,0,10,6,11,41.689757239,-87.667727544,POINT (-87.667727543693 41.689757238743)
JA506289,Y,11/10/2017 10:28:00 AM,25,NO CONTROLS,NO CONTROLS,SNOW,DAYLIGHT,REAR END,NOT DIVIDED,2,STRAIGHT AND LEVEL,SNOW OR SLUSH,NO DEFECTS,NOT ON SCENE (DESK REPORT),NO INJURY / DRIVE AWAY,,,,"OVER $1,500",11/10/2017 11:02:00 AM,UNABLE TO DETERMINE,UNABLE TO DETERMINE,747,N,LA SALLE DR,1832,,,,,,,2,NO INDICATION OF INJURY,0,0,0,0,0,2,0,10,6,11,41.896002515,-87.632551226,POINT (-87.632551225923 41.896002515022)
JA506366,,11/10/2017 10:29:00 AM,30,STOP SIGN/FLASHER,FUNCTIONING PROPERLY,SNOW,DAYLIGHT,REAR END,NOT DIVIDED,,STRAIGHT AND LEVEL,SNOW OR SLUSH,NO DEFECTS,NOT ON SCENE (DESK REPORT),NO INJURY / DRIVE AWAY,,,,"$501 - $1,500",11/10/2017 11:40:00 AM,WEATHER,NOT APPLICABLE,3600,N,PINE GROVE AVE,1925,,,,,,,2,NO INDICATION OF INJURY,0,0,0,0,0,2,0,10,6,11,41.947932783,-87.645711907,POINT (-87.645711906555 41.94793278258)
JA511286,,11/10/2017 10:30:00 AM,25,NO CONTROLS,NO CONTROLS,CLOUDY/OVERCAST,DAYLIGHT,REAR END,ONE-WAY,1,STRAIGHT AND LEVEL,SNOW OR SLUSH,UNKNOWN,NOT ON SCENE (DESK REPORT),NO INJURY / DRIVE AWAY,,,,$500 OR LESS,11/14/2017 10:55:00 AM,FOLLOWING TOO CLOSELY,FOLLOWING TOO CLOSELY,2232,N,LEAVITT ST,1432,,,,,,,2,NO INDICATION OF INJURY,0,0,0,0,0,2,0,10,6,11,41.922296325,-87.682822652,POINT (-87.682822652384 41.922296325168)
JA506364,,11/10/2017 10:30:00 AM,30,TRAFFIC SIGNAL,FUNCTIONING PROPERLY,CLEAR,DAYLIGHT,REAR END,ONE-WAY,2,STRAIGHT AND LEVEL,WET,NO DEFECTS,NOT ON SCENE (DESK REPORT),NO INJURY / DRIVE AWAY,,,,"$501 - $1,500",11/10/2017 11:25:00 AM,FOLLOWING TOO CLOSELY,FOLLOWING TOO CLOSELY,1700,W,VAN BUREN ST,1231,,,,,,,2,NO INDICATION OF INJURY,0,0,0,0,0,2,0,10,6,11,41.876426852,-87.66917652,POINT (-87.669176520302 41.876426852211)
JA506302,,11/10/2017 10:30:00 AM,30,NO CONTROLS,NO CONTROLS,SNOW,DAYLIGHT,ANGLE,NOT DIVIDED,4,STRAIGHT AND LEVEL,SNOW OR SLUSH,NO DEFECTS,NOT ON SCENE (DESK REPORT),NO INJURY / DRIVE AWAY,Y,,,"OVER $1,500",11/10/2017 11:05:00 AM,UNABLE TO DETERMINE,UNABLE TO DETERMINE,5700,N,MAGNOLIA AVE,2013,,,,,,,2,NO INDICATION OF INJURY,0,0,0,0,0,2,0,10,6,11,41.985793354,-87.661563793,POINT (-87.661563793007 41.985793354064)
JA506386,,11/10/2017 10:30:00 AM,30,TRAFFIC SIGNAL,FUNCTIONING PROPERLY,RAIN,DAYLIGHT,REAR END,NOT DIVIDED,,STRAIGHT AND LEVEL,SNOW OR SLUSH,NO DEFECTS,NOT ON SCENE (DESK REPORT),NO INJURY / DRIVE AWAY,,,,$500 OR LESS,11/10/2017 11:45:00 AM,WEATHER,UNABLE TO DETERMINE,6501,N,SHERIDAN RD,2432,,,,,,,3,NO INDICATION OF INJURY,0,0,0,0,0,3,0,10,6,11,42.0002812,-87.660558138,POINT (-87.660558137679 42.000281200033)
JA508022,,11/10/2017 10:30:00 AM,30,STOP SIGN/FLASHER,FUNCTIONING PROPERLY,SNOW,DAYLIGHT,REAR END,NOT DIVIDED,1,STRAIGHT AND LEVEL,ICE,UNKNOWN,,NO INJURY / DRIVE AWAY,Y,,,"$501 - $1,500",11/11/2017 03:40:00 PM,FOLLOWING TOO CLOSELY,WEATHER,1333,W,WRIGHTWOOD AVE,1932,,,,,,,2,NO INDICATION OF INJURY,0,0,0,0,0,5,0,10,6,11,41.92875743,-87.662287471,POINT (-87.662287470976 41.928757429607)
JA506396,,11/10/2017 10:30:00 AM,30,NO CONTROLS,NO CONTROLS,SNOW,DAYLIGHT,REAR END,ONE-WAY,2,STRAIGHT AND LEVEL,SNOW OR SLUSH,NO DEFECTS,NOT ON SCENE (DESK REPORT),NO INJURY / DRIVE AWAY,,,,"$501 - $1,500",11/10/2017 11:50:00 AM,WEATHER,FOLLOWING TOO CLOSELY,2197,W,CONGRESS PKWY,1225,,,,,,,2,NO INDICATION OF INJURY,0,0,0,0,0,2,0,10,6,11,41.874831452,-87.681245025,POINT (-87.681245024862 41.87483145177)
JA506760,,11/10/2017 10:30:00 AM,35,NO CONTROLS,NO CONTROLS,CLEAR,DAYLIGHT,PARKED MOTOR VEHICLE,OTHER,,STRAIGHT AND LEVEL,DRY,UNKNOWN,NOT ON SCENE (DESK REPORT),NO INJURY / DRIVE AWAY,,,Y,"OVER $1,500",11/10/2017 04:25:00 PM,UNABLE TO DETERMINE,UNABLE TO DETERMINE,121,E,37TH ST,212,,,,,,,2,NO INDICATION OF INJURY,0,0,0,0,0,1,0,10,6,11,41.827295507,-87.622165733,POINT (-87.622165733383 41.82729550742)
JA509001,,11/10/2017 10:30:00 AM,30,TRAFFIC SIGNAL,FUNCTIONING PROPERLY,CLEAR,DAYLIGHT,SIDESWIPE SAME DIRECTION,NOT DIVIDED,2,STRAIGHT AND LEVEL,DRY,NO DEFECTS,NOT ON SCENE (DESK REPORT),NO INJURY / DRIVE AWAY,,,,"OVER $1,500",11/12/2017 01:56:00 PM,IMPROPER OVERTAKING/PASSING,DRIVING SKILLS/KNOWLEDGE/EXPERIENCE,5500,S,CICERO AVE,813,,,,,,,2,NO INDICATION OF INJURY,0,0,0,0,0,2,0,10,6,11,41.792910883,-87.742077343,POINT (-87.742077342959 41.792910883497)
JA506328,,11/10/2017 10:30:00 AM,30,NO CONTROLS,NO CONTROLS,SNOW,DAYLIGHT,ANGLE,NOT DIVIDED,2,STRAIGHT AND LEVEL,WET,NO DEFECTS,ON SCENE,NO INJURY / DRIVE AWAY,,,Y,"$501 - $1,500",11/10/2017 10:40:00 AM,FAILING TO YIELD RIGHT-OF-WAY,NOT APPLICABLE,935,W,CHESTNUT ST,1213,,,,,,,2,NO INDICATION OF INJURY,0,0,0,0,0,2,0,10,6,11,41.898335293,-87.651400121,POINT (-87.651400120998 41.898335292668)
JA506270,,11/10/2017 10:30:00 AM,30,NO CONTROLS,NO CONTROLS,SNOW,DAYLIGHT,PARKED MOTOR VEHICLE,NOT DIVIDED,2,STRAIGHT AND LEVEL,SNOW OR SLUSH,UNKNOWN,NOT ON SCENE (DESK REPORT),NO INJURY / DRIVE AWAY,,,,"OVER $1,500",11/10/2017 10:52:00 AM,UNABLE TO DETERMINE,NOT APPLICABLE,3113,W,CERMAK RD,1033,,,,,,,2,NO INDICATION OF INJURY,0,0,0,0,0,3,0,10,6,11,41.851680361,-87.703420702,POINT (-87.703420702318 41.851680360885)
JA506326,,11/10/2017 10:30:00 AM,30,NO CONTROLS,NO CONTROLS,SNOW,DAYLIGHT,SIDESWIPE SAME DIRECTION,NOT DIVIDED,6,STRAIGHT AND LEVEL,WET,NO DEFECTS,NOT ON SCENE (DESK REPORT),NO INJURY / DRIVE AWAY,,,,"OVER $1,500",11/10/2017 11:15:00 AM,WEATHER,UNABLE TO DETERMINE,3925,S,CICERO AVE,1031,,,,,,,2,NO INDICATION OF INJURY,0,0,0,0,0,5,0,10,6,11,41.821341108,-87.743372458,POINT (-87.743372458435 41.821341108461)
JA506320,,11/10/2017 10:30:00 AM,30,NO CONTROLS,NO CONTROLS,SNOW,DAYLIGHT,PARKED MOTOR VEHICLE,NOT DIVIDED,4,STRAIGHT AND LEVEL,SNOW OR SLUSH,NO DEFECTS,ON SCENE,INJURY AND / OR TOW DUE TO CRASH,,,,"OVER $1,500",11/10/2017 10:32:00 AM,WEATHER,WEATHER,6240,N,BROADWAY,2433,,,,,,,4,"REPORTED, NOT EVIDENT",1,0,0,0,1,1,0,10,6,11,41.995734255,-87.660588108,POINT (-87.660588107583 41.995734255489)
JA506482,,11/10/2017 10:30:00 AM,30,TRAFFIC SIGNAL,FUNCTIONING PROPERLY,SNOW,DAYLIGHT,REAR END,NOT DIVIDED,,STRAIGHT AND LEVEL,WET,UNKNOWN,NOT ON SCENE (DESK REPORT),NO INJURY / DRIVE AWAY,,,,"$501 - $1,500",11/10/2017 01:10:00 PM,UNABLE TO DETERMINE,UNABLE TO DETERMINE,4353,W,GRAND AVE,2534,,,,,,,2,NO INDICATION OF INJURY,0,0,0,0,0,5,0,10,6,11,41.909661811,-87.735570522,POINT (-87.735570521523 41.909661811436)
JA507825,,11/10/2017 10:30:00 AM,20,NO CONTROLS,NO CONTROLS,SNOW,DAYLIGHT,PARKED MOTOR VEHICLE,NOT DIVIDED,1,STRAIGHT AND LEVEL,ICE,UNKNOWN,NOT ON SCENE (DESK REPORT),NO INJURY / DRIVE AWAY,,,Y,"OVER $1,500",11/11/2017 01:15:00 PM,UNABLE TO DETERMINE,UNABLE TO DETERMINE,1769,W,SUNNYSIDE AVE,1912,,,,,,,2,NO INDICATION OF INJURY,0,0,0,0,0,1,0,10,6,11,41.963245267,-87.673614188,POINT (-87.673614187782 41.963245266688)
JA510513,,11/10/2017 10:30:00 AM,30,NO CONTROLS,NO CONTROLS,SNOW,DAYLIGHT,REAR END,ONE-WAY,1,STRAIGHT AND LEVEL,SNOW OR SLUSH,UNKNOWN,NOT ON SCENE (DESK REPORT),NO INJURY / DRIVE AWAY,,,,"OVER $1,500",11/13/2017 04:50:00 PM,WEATHER,FOLLOWING TOO CLOSELY,643,W,WELLINGTON AVE,1934,,,,,,,2,NO INDICATION OF INJURY,0,0,0,0,0,3,0,10,6,11,41.936362745,-87.64590024,POINT (-87.645900239628 41.93636274485)
JA506319,,11/10/2017 10:30:00 AM,30,NO CONTROLS,NO CONTROLS,SNOW,DAYLIGHT,SIDESWIPE OPPOSITE DIRECTION,NOT DIVIDED,,STRAIGHT ON GRADE,WET,NO DEFECTS,NOT ON SCENE (DESK REPORT),NO INJURY / DRIVE AWAY,,,,"$501 - $1,500",11/10/2017 11:00:00 AM,WEATHER,UNABLE TO DETERMINE,1650,W,PRATT BLVD,2431,,,,,,,2,NO INDICATION OF INJURY,0,0,0,0,0,2,0,10,6,11,42.005464265,-87.671924347,POINT (-87.671924346918 42.005464265118)
JA507747,,11/10/2017 10:30:00 AM,30,STOP SIGN/FLASHER,FUNCTIONING PROPERLY,SNOW,DAYLIGHT,TURNING,DIVIDED - W/MEDIAN (NOT RAISED),,STRAIGHT AND LEVEL,SNOW OR SLUSH,NO DEFECTS,NOT ON SCENE (DESK REPORT),NO INJURY / DRIVE AWAY,,,,"OVER $1,500",11/11/2017 12:25:00 PM,WEATHER,WEATHER,7101,N,CALDWELL AVE,1621,,,,,,,2,NO INDICATION OF INJURY,0,0,0,0,0,2,0,10,6,11,42.01023138,-87.787038737,POINT (-87.787038736708 42.010231380136)
JA506283,,11/10/2017 10:30:00 AM,30,TRAFFIC SIGNAL,FUNCTIONING PROPERLY,SNOW,DAYLIGHT,REAR END,NOT DIVIDED,4,STRAIGHT AND LEVEL,WET,NO DEFECTS,NOT ON SCENE (DESK REPORT),NO INJURY / DRIVE AWAY,,,,"OVER $1,500",11/10/2017 11:55:00 AM,FOLLOWING TOO CLOSELY,NOT APPLICABLE,5614,N,WESTERN AVE,2011,,,,,,,2,NO INDICATION OF INJURY,0,0,0,0,0,2,0,10,6,11,41.983654285,-87.689607017,POINT (-87.689607017443 41.983654284725)
JA506803,,11/10/2017 10:30:00 AM,20,NO CONTROLS,NO CONTROLS,SNOW,DAYLIGHT,TURNING,NOT DIVIDED,4,STRAIGHT AND LEVEL,SNOW OR SLUSH,NO DEFECTS,NOT ON SCENE (DESK REPORT),NO INJURY / DRIVE AWAY,,N,,"$501 - $1,500",11/10/2017 04:40:00 PM,WEATHER,NOT APPLICABLE,2112,W,PETERSON AVE,2413,,,,,,,2,NO INDICATION OF INJURY,0,0,0,0,0,2,0,10,6,11,41.990729218,-87.682979454,POINT (-87.682979453599 41.990729217961)
JA506385,,11/10/2017 10:30:00 AM,30,NO CONTROLS,NO CONTROLS,SNOW,DAYLIGHT,REAR END,NOT DIVIDED,4,STRAIGHT AND LEVEL,WET,NO DEFECTS,NOT ON SCENE (DESK REPORT),NO INJURY / DRIVE AWAY,,,,"OVER $1,500",11/10/2017 11:54:00 AM,WEATHER,UNABLE TO DETERMINE,1932,N,HUMBOLDT BLVD,1421,,Y,,,,,2,NO INDICATION OF INJURY,0,0,0,0,0,2,0,10,6,11,41.916616494,-87.7022115,POINT (-87.702211499845 41.916616494038)
JA506487,,11/10/2017 10:30:00 AM,30,NO CONTROLS,NO CONTROLS,SNOW,DAYLIGHT,PARKED MOTOR VEHICLE,ONE-WAY,,STRAIGHT AND LEVEL,SNOW OR SLUSH,UNKNOWN,NOT ON SCENE (DESK REPORT),INJURY AND / OR TOW DUE TO CRASH,,,Y,"$501 - $1,500",11/10/2017 01:11:00 PM,UNABLE TO DETERMINE,UNABLE TO DETERMINE,1250,S,SAWYER AVE,1022,,,,,,,2,NO INDICATION OF INJURY,0,0,0,0,0,1,0,10,6,11,41.864824536,-87.706987292,POINT (-87.706987291967 41.864824536093)
JA506392,,11/10/2017 10:30:00 AM,30,NO CONTROLS,NO CONTROLS,RAIN,DAYLIGHT,PARKED MOTOR VEHICLE,NOT DIVIDED,2,STRAIGHT AND LEVEL,SNOW OR SLUSH,NO DEFECTS,NOT ON SCENE (DESK REPORT),NO INJURY / DRIVE AWAY,,,,"$501 - $1,500",11/10/2017 12:00:00 PM,WEATHER,UNABLE TO DETERMINE,5350,N,BROADWAY,2013,,,,,,,2,NO INDICATION OF INJURY,0,0,0,0,0,1,0,10,6,11,41.979650804,-87.66010597,POINT (-87.660105970227 41.979650803957)
JA506317,,11/10/2017 10:30:00 AM,30,TRAFFIC SIGNAL,FUNCTIONING PROPERLY,SNOW,DAYLIGHT,REAR END,DIVIDED - W/MEDIAN (NOT RAISED),,STRAIGHT AND LEVEL,SNOW OR SLUSH,NO DEFECTS,ON SCENE,NO INJURY / DRIVE AWAY,Y,,,"OVER $1,500",11/10/2017 10:45:00 AM,WEATHER,UNABLE TO DETERMINE,6020,N,CICERO AVE,1621,,,,,,,2,NO INDICATION OF INJURY,0,0,0,0,0,3,0,10,6,11,41.990494772,-87.748477414,POINT (-87.748477414229 41.99049477183)