RD_NO,CRASH_DATE_EST_I,CRASH_DATE,POSTED_SPEED_LIMIT,TRAFFIC_CONTROL_DEVICE,DEVICE_CONDITION,WEATHER_CONDITION,LIGHTING_CONDITION,FIRST_CRASH_TYPE,TRAFFICWAY_TYPE,LANE_CNT,ALIGNMENT,ROADWAY_SURFACE_COND,ROAD_DEFECT,REPORT_TYPE,CRASH_TYPE,INTERSECTION_RELATED_I,NOT_RIGHT_OF_WAY_I,HIT_AND_RUN_I,DAMAGE,DATE_POLICE_NOTIFIED,PRIM_CONTRIBUTORY_CAUSE,SEC_CONTRIBUTORY_CAUSE,STREET_NO,STREET_DIRECTION,STREET_NAME,BEAT_OF_OCCURRENCE,PHOTOS_TAKEN_I,STATEMENTS_TAKEN_I,DOORING_I,WORK_ZONE_I,WORK_ZONE_TYPE,WORKERS_PRESENT_I,NUM_UNITS,MOST_SEVERE_INJURY,INJURIES_TOTAL,INJURIES_FATAL,INJURIES_INCAPACITATING,INJURIES_NON_INCAPACITATING,INJURIES_REPORTED_NOT_EVIDENT,INJURIES_NO_INDICATION,INJURIES_UNKNOWN,CRASH_HOUR,CRASH_DAY_OF_WEEK,CRASH_MONTH,LATITUDE,LONGITUDE,LOCATION
JA506429,,11/10/2017 10:30:00 AM,20,STOP SIGN/FLASHER,NO CONTROLS,SNOW,DAYLIGHT,PARKED MOTOR VEHICLE,ONE-WAY,1,STRAIGHT AND LEVEL,SNOW OR SLUSH,NO DEFECTS,NOT ON SCENE (DESK REPORT),NO INJURY / DRIVE AWAY,,,,"OVER $1,500",11/10/2017 12:38:00 PM,WEATHER,UNABLE TO DETERMINE,856,N,LAWNDALE AVE,1112,,,,,,,2,NO INDICATION OF INJURY,0,0,0,0,0,1,0,10,6,11,41.897108136,-87.718955178,POINT (-87.718955177996 41.897108135882)
JA506672,,11/10/2017 10:30:00 AM,30,NO CONTROLS,NO CONTROLS,SNOW,DAYLIGHT,SIDESWIPE SAME DIRECTION,NOT DIVIDED,2,STRAIGHT AND LEVEL,SNOW OR SLUSH,"RUT, HOLES",NOT ON SCENE (DESK REPORT),NO INJURY / DRIVE AWAY,,,,"OVER $1,500",11/10/2017 03:30:00 PM,UNABLE TO DETERMINE,UNABLE TO DETERMINE,2545,W,HARRISON ST,1135,,,,,,,2,NO INDICATION OF INJURY,0,0,0,0,0,3,0,10,6,11,41.873737448,-87.690440489,POINT (-87.690440488691 41.8737374479)
JA516413,,11/10/2017 10:30:00 AM,30,NO CONTROLS,NO CONTROLS,SNOW,DAYLIGHT,REAR END,NOT DIVIDED,,STRAIGHT AND LEVEL,ICE,NO DEFECTS,NOT ON SCENE (DESK REPORT),NO INJURY / DRIVE AWAY,,,,"$501 - $1,500",11/18/2017 08:20:00 AM,WEATHER,UNABLE TO DETERMINE,600,W,BARRY AVE,1934,,,,,,,2,NO INDICATION OF INJURY,0,0,0,0,0,2,0,10,6,11,41.938011107,-87.644461579,POINT (-87.64446157876 41.938011107041)
JA506268,,11/10/2017 10:30:00 AM,15,NO CONTROLS,NO CONTROLS,SNOW,DAYLIGHT,REAR END,RAMP,2,STRAIGHT ON HILLCREST,ICE,NO DEFECTS,ON SCENE,INJURY AND / OR TOW DUE TO CRASH,,,,"OVER $1,500",11/10/2017 10:35:00 AM,WEATHER,"OPERATING VEHICLE IN ERRATIC, RECKLESS, CARELESS, NEGLIGENT OR AGGRESSIVE MANNER",6220,N,CALIFORNIA AVE,2413,,,,,,,3,NO INDICATION OF INJURY,0,0,0,0,0,3,0,10,6,11,41.994620959,-87.699686862,POINT (-87.699686862371 41.994620958775)
JA506321,,11/10/2017 10:32:00 AM,30,STOP SIGN/FLASHER,FUNCTIONING PROPERLY,SNOW,UNKNOWN,TURNING,NOT DIVIDED,2,STRAIGHT AND LEVEL,SNOW OR SLUSH,UNKNOWN,ON SCENE,INJURY AND / OR TOW DUE TO CRASH,Y,,,"OVER $1,500",11/10/2017 10:32:00 AM,FAILING TO YIELD RIGHT-OF-WAY,NOT APPLICABLE,7429,N,SACRAMENTO AVE,2411,,,,,,,2,NO INDICATION OF INJURY,0,0,0,0,0,2,0,10,6,11,42.016454784,-87.704212463,POINT (-87.704212462848 42.016454783958)
JA506267,,11/10/2017 10:35:00 AM,30,STOP SIGN/FLASHER,FUNCTIONING PROPERLY,SNOW,DAYLIGHT,REAR END,NOT DIVIDED,2,STRAIGHT AND LEVEL,SNOW OR SLUSH,NO DEFECTS,ON SCENE,NO INJURY / DRIVE AWAY,,,,"$501 - $1,500",11/10/2017 11:40:00 AM,FOLLOWING TOO CLOSELY,WEATHER,3053,W,LUIS MUNOZ MARIN DR N,1423,,Y,,,,,2,NO INDICATION OF INJURY,0,0,0,0,0,2,0,10,6,11,41.909470488,-87.704134861,POINT (-87.704134861394 41.909470488295)
JA506286,,11/10/2017 10:35:00 AM,30,TRAFFIC SIGNAL,FUNCTIONING PROPERLY,SNOW,DAYLIGHT,TURNING,DIVIDED - W/MEDIAN (NOT RAISED),2,STRAIGHT AND LEVEL,SNOW OR SLUSH,NO DEFECTS,NOT ON SCENE (DESK REPORT),NO INJURY / DRIVE AWAY,Y,,,"OVER $1,500",11/10/2017 11:00:00 AM,WEATHER,WEATHER,2400,N,ELSTON AVE,1432,,,,,,,2,NO INDICATION OF INJURY,0,0,0,0,0,2,0,10,6,11,41.924967984,-87.677565378,POINT (-87.677565377509 41.924967983568)
JA506657,,11/10/2017 10:40:00 AM,30,TRAFFIC SIGNAL,FUNCTIONING PROPERLY,SNOW,DAYLIGHT,REAR END,DIVIDED - W/MEDIAN (NOT RAISED),2,STRAIGHT AND LEVEL,SNOW OR SLUSH,NO DEFECTS,NOT ON SCENE (DESK REPORT),NO INJURY / DRIVE AWAY,Y,,,"OVER $1,500",11/10/2017 03:00:00 PM,EXCEEDING SAFE SPEED FOR CONDITIONS,WEATHER,3400,W,ARMITAGE AVE,1413,,,,,,,3,NO INDICATION OF INJURY,0,0,0,0,0,3,0,10,6,11,41.917450989,-87.711988373,POINT (-87.711988372904 41.917450988693)
JA506365,,11/10/2017 10:40:00 AM,30,TRAFFIC SIGNAL,FUNCTIONING PROPERLY,SNOW,DAYLIGHT,REAR END,NOT DIVIDED,4,STRAIGHT AND LEVEL,ICE,NO DEFECTS,NOT ON SCENE (DESK REPORT),NO INJURY / DRIVE AWAY,,,,"OVER $1,500",11/10/2017 11:48:00 AM,WEATHER,WEATHER,198,W,CHICAGO AVE,1832,,,,,,,2,NO INDICATION OF INJURY,0,0,0,0,0,2,0,10,6,11,41.896706565,-87.634130856,POINT (-87.634130855908 41.896706564591)
JA506354,,11/10/2017 10:40:00 AM,30,NO CONTROLS,NO CONTROLS,SNOW,DAYLIGHT,HEAD ON,NOT DIVIDED,2,STRAIGHT AND LEVEL,SNOW OR SLUSH,UNKNOWN,NOT ON SCENE (DESK REPORT),NO INJURY / DRIVE AWAY,,,,$500 OR LESS,11/10/2017 11:38:00 AM,WEATHER,NOT APPLICABLE,4460,W,31ST ST,1031,,,,,,,3,NO INDICATION OF INJURY,0,0,0,0,0,5,0,10,6,11,41.837216621,-87.736455377,POINT (-87.736455377369 41.837216621179)
JA506368,,11/10/2017 10:45:00 AM,30,NO CONTROLS,NO CONTROLS,SNOW,DAYLIGHT,REAR END,ONE-WAY,1,STRAIGHT AND LEVEL,ICE,NO DEFECTS,NOT ON SCENE (DESK REPORT),INJURY AND / OR TOW DUE TO CRASH,,,,"OVER $1,500",11/10/2017 11:30:00 AM,WEATHER,WEATHER,2458,N,BURLING ST,1935,,,,,,,2,"REPORTED, NOT EVIDENT",1,0,0,0,1,1,0,10,6,11,41.927112645,-87.64774144,POINT (-87.647741440354 41.927112644722)
JA506277,,11/10/2017 10:45:00 AM,30,NO CONTROLS,NO CONTROLS,SNOW,DAYLIGHT,SIDESWIPE SAME DIRECTION,DIVIDED - W/MEDIAN (NOT RAISED),,STRAIGHT AND LEVEL,SNOW OR SLUSH,NO DEFECTS,NOT ON SCENE (DESK REPORT),NO INJURY / DRIVE AWAY,,,,$500 OR LESS,11/10/2017 10:46:00 AM,WEATHER,WEATHER,2000,W,PETERSON AVE,2413,,,,,,,2,NO INDICATION OF INJURY,0,0,0,0,0,2,0,10,6,11,41.990783032,-87.679962853,POINT (-87.679962853301 41.990783032256)
JA506346,,11/10/2017 10:45:00 AM,25,STOP SIGN/FLASHER,FUNCTIONING PROPERLY,SNOW,DAYLIGHT,REAR END,NOT DIVIDED,2,STRAIGHT AND LEVEL,SNOW OR SLUSH,NO DEFECTS,NOT ON SCENE (DESK REPORT),NO INJURY / DRIVE AWAY,,,,"$501 - $1,500",11/10/2017 11:15:00 AM,WEATHER,FOLLOWING TOO CLOSELY,1600,W,ESTES AVE,2423,,,,,,,2,NO INDICATION OF INJURY,0,0,0,0,0,3,0,10,6,11,42.011598193,-87.670269588,POINT (-87.670269588004 42.011598193455)
JA506629,,11/10/2017 10:45:00 AM,30,NO CONTROLS,NO CONTROLS,SNOW,DAYLIGHT,PARKED MOTOR VEHICLE,NOT DIVIDED,2,STRAIGHT AND LEVEL,SNOW OR SLUSH,UNKNOWN,NOT ON SCENE (DESK REPORT),NO INJURY / DRIVE AWAY,,,Y,"OVER $1,500",11/10/2017 02:55:00 PM,UNABLE TO DETERMINE,UNABLE TO DETERMINE,5209,N,DAMEN AVE,2012,,,,,,,2,NO INDICATION OF INJURY,0,0,0,0,0,1,0,10,6,11,41.97633132,-87.679266161,POINT (-87.679266161171 41.976331319944)
JA507628,,11/10/2017 10:50:00 AM,30,STOP SIGN/FLASHER,FUNCTIONING PROPERLY,SNOW,DAYLIGHT,REAR END,NOT DIVIDED,,STRAIGHT AND LEVEL,SNOW OR SLUSH,NO DEFECTS,,INJURY AND / OR TOW DUE TO CRASH,,,,"OVER $1,500",11/11/2017 10:30:00 AM,FOLLOWING TOO CLOSELY,WEATHER,1232,W,WILSON AVE,1913,,,,,,,2,"REPORTED, NOT EVIDENT",1,0,0,0,1,1,0,10,6,11,41.965457082,-87.660954346,POINT (-87.660954345856 41.965457081965)
JA506306,,11/10/2017 10:51:00 AM,30,TRAFFIC SIGNAL,FUNCTIONING PROPERLY,SNOW,DUSK,REAR END,NOT DIVIDED,,STRAIGHT AND LEVEL,SNOW OR SLUSH,NO DEFECTS,ON SCENE,INJURY AND / OR TOW DUE TO CRASH,,,,"OVER $1,500",11/10/2017 10:52:00 AM,DISTRACTION - FROM INSIDE VEHICLE,FOLLOWING TOO CLOSELY,450,E,103RD ST,511,,,,,,,3,"REPORTED, NOT EVIDENT",1,0,0,0,1,4,0,10,6,11,41.707455045,-87.611731321,POINT (-87.611731321164 41.70745504503)
JA506304,,11/10/2017 10:52:00 AM,30,STOP SIGN/FLASHER,FUNCTIONING PROPERLY,SNOW,DAYLIGHT,REAR END,NOT DIVIDED,2,STRAIGHT AND LEVEL,ICE,SHOULDER DEFECT,ON SCENE,NO INJURY / DRIVE AWAY,,,,"OVER $1,500",11/10/2017 10:53:00 AM,DRIVING SKILLS/KNOWLEDGE/EXPERIENCE,NOT APPLICABLE,1201,W,HUBBARD ST,1215,,Y,,,,,2,NO INDICATION OF INJURY,0,0,0,0,0,2,0,10,6,11,41.889877883,-87.657436404,POINT (-87.657436403713 41.889877882856)
JA506331,,11/10/2017 10:53:00 AM,20,NO CONTROLS,NO CONTROLS,SNOW,DAYLIGHT,PARKED MOTOR VEHICLE,ONE-WAY,1,STRAIGHT AND LEVEL,SNOW OR SLUSH,UNKNOWN,ON SCENE,NO INJURY / DRIVE AWAY,,,,"$501 - $1,500",11/10/2017 11:15:00 AM,WEATHER,NOT APPLICABLE,4753,N,HAMILTON AVE,1911,,,,,,,2,NO INDICATION OF INJURY,0,0,0,0,0,1,0,10,6,11,41.96852648,-87.682267352,POINT (-87.682267352373 41.968526480418)
JA506347,,11/10/2017 10:54:00 AM,25,STOP SIGN/FLASHER,FUNCTIONING PROPERLY,SNOW,DAYLIGHT,REAR END,ONE-WAY,1,STRAIGHT AND LEVEL,SNOW OR SLUSH,NO DEFECTS,NOT ON SCENE (DESK REPORT),INJURY AND / OR TOW DUE TO CRASH,,,,"OVER $1,500",11/10/2017 11:15:00 AM,WEATHER,NOT APPLICABLE,1558,W,ALTGELD ST,1932,,,,,,,2,"REPORTED, NOT EVIDENT",1,0,0,0,1,2,0,10,6,11,41.927074364,-87.668152002,POINT (-87.668152001528 41.927074363939)
JA513746,,11/10/2017 11:00:00 AM,30,STOP SIGN/FLASHER,FUNCTIONING PROPERLY,SNOW,DAYLIGHT,TURNING,NOT DIVIDED,2,STRAIGHT AND LEVEL,SNOW OR SLUSH,UNKNOWN,NOT ON SCENE (DESK REPORT),NO INJURY / DRIVE AWAY,Y,,,"OVER $1,500",11/16/2017 09:12:00 AM,WEATHER,DISREGARDING STOP SIGN,4150,N,SOUTHPORT AVE,1912,,,,,,,2,NO INDICATION OF INJURY,0,0,0,0,0,2,0,11,6,11,41.957603792,-87.66440755,POINT (-87.664407549966 41.957603791663)
JA506375,,11/10/2017 11:00:00 AM,30,NO CONTROLS,NO CONTROLS,SNOW,DAYLIGHT,TURNING,NOT DIVIDED,,STRAIGHT AND LEVEL,SNOW OR SLUSH,NO DEFECTS,ON SCENE,NO INJURY / DRIVE AWAY,Y,,,"$501 - $1,500",11/10/2017 11:33:00 AM,FAILING TO YIELD RIGHT-OF-WAY,NOT APPLICABLE,3799,N,OAK PARK AVE,1632,,,,,,,2,NO INDICATION OF INJURY,0,0,0,0,0,2,0,11,6,11,41.949022106,-87.795983384,POINT (-87.795983383994 41.949022106462)
JA506324,,11/10/2017 11:00:00 AM,35,STOP SIGN/FLASHER,FUNCTIONING PROPERLY,SNOW,DAYLIGHT,ANGLE,NOT DIVIDED,2,STRAIGHT AND LEVEL,SNOW OR SLUSH,NO DEFECTS,NOT ON SCENE (DESK REPORT),NO INJURY / DRIVE AWAY,Y,,,"OVER $1,500",11/10/2017 11:04:00 AM,WEATHER,DISREGARDING STOP SIGN,5530,N,RAVENSWOOD AVE,2012,,,,,,,3,NO INDICATION OF INJURY,0,0,0,0,0,3,0,11,6,11,41.982438754,-87.674734285,POINT (-87.674734285256 41.982438753696)
JA506351,,11/10/2017 11:00:00 AM,30,STOP SIGN/FLASHER,FUNCTIONING PROPERLY,SNOW,DAYLIGHT,REAR END,DIVIDED - W/MEDIAN (NOT RAISED),,STRAIGHT AND LEVEL,SNOW OR SLUSH,NO DEFECTS,NOT ON SCENE (DESK REPORT),NO INJURY / DRIVE AWAY,Y,,,"$501 - $1,500",11/10/2017 11:33:00 AM,WEATHER,WEATHER,2949,W,TOUHY AVE,2411,,,,,,,3,NO INDICATION OF INJURY,0,0,0,0,0,3,0,11,6,11,42.011864863,-87.703996142,POINT (-87.703996142124 42.011864863158)
JA506449,,11/10/2017 11:00:00 AM,20,NO CONTROLS,NO CONTROLS,SNOW,DAYLIGHT,PARKED MOTOR VEHICLE,NOT DIVIDED,2,STRAIGHT AND LEVEL,SNOW OR SLUSH,NO DEFECTS,ON SCENE,NO INJURY / DRIVE AWAY,,,Y,"OVER $1,500",11/10/2017 12:37:00 PM,WEATHER,UNABLE TO DETERMINE,3004,W,ROSCOE ST,1733,,,,,,,2,NO INDICATION OF INJURY,0,0,0,0,0,1,0,11,6,11,41.942871089,-87.703262283,POINT (-87.703262283008 41.942871088835)
JA506342,,11/10/2017 11:05:00 AM,30,TRAFFIC SIGNAL,FUNCTIONING PROPERLY,CLEAR,DAYLIGHT,REAR END,NOT DIVIDED,5,STRAIGHT AND LEVEL,WET,NO DEFECTS,ON SCENE,INJURY AND / OR TOW DUE TO CRASH,Y,,,"OVER $1,500",11/10/2017 11:06:00 AM,WEATHER,FOLLOWING TOO CLOSELY,9459,S,STONY ISLAND AVE,413,,,,,,,2,INCAPACITATING INJURY,1,0,1,0,0,1,0,11,6,11,41.722386686,-87.5849837,POINT (-87.584983700227 41.722386686132)
JA506370,,11/10/2017 11:05:00 AM,30,NO CONTROLS,NO CONTROLS,SNOW,DAYLIGHT,SIDESWIPE OPPOSITE DIRECTION,NOT DIVIDED,2,"CURVE, LEVEL",ICE,NO DEFECTS,ON SCENE,NO INJURY / DRIVE AWAY,,,,"OVER $1,500",11/10/2017 11:31:00 AM,WEATHER,NOT APPLICABLE,1100,N,NORTH BRANCH ST,1822,,,,,,,2,NO INDICATION OF INJURY,0,0,0,0,0,4,0,11,6,11,41.901569589,-87.654015874,POINT (-87.654015873816 41.901569589465)
JA506363,,11/10/2017 11:10:00 AM,30,NO CONTROLS,NO CONTROLS,SNOW,DAYLIGHT,REAR END,ONE-WAY,1,STRAIGHT AND LEVEL,SNOW OR SLUSH,NO DEFECTS,NOT ON SCENE (DESK REPORT),NO INJURY / DRIVE AWAY,,,,"OVER $1,500",11/10/2017 12:00:00 PM,WEATHER,WEATHER,830,W,ALDINE AVE,1924,,,,,,,2,NO INDICATION OF INJURY,0,0,0,0,0,2,0,11,6,11,41.941896164,-87.650580236,POINT (-87.650580235891 41.941896163823)
JA507714,,11/10/2017 11:15:00 AM,30,NO CONTROLS,NO CONTROLS,CLOUDY/OVERCAST,DAYLIGHT,REAR END,NOT DIVIDED,,STRAIGHT AND LEVEL,ICE,NO DEFECTS,NOT ON SCENE (DESK REPORT),NO INJURY / DRIVE AWAY,,,,"OVER $1,500",11/11/2017 11:55:00 AM,EXCEEDING SAFE SPEED FOR CONDITIONS,FAILING TO REDUCE SPEED TO AVOID CRASH,6122,N,BROADWAY,2433,,,,,,,2,NO INDICATION OF INJURY,0,0,0,0,0,2,0,11,6,11,41.99300182,-87.660506604,POINT (-87.66050660407 41.993001819948)
JA506893,,11/10/2017 11:15:00 AM,30,NO CONTROLS,NO CONTROLS,CLEAR,DAYLIGHT,PARKED MOTOR VEHICLE,DIVIDED - W/MEDIAN (NOT RAISED),2,STRAIGHT AND LEVEL,WET,NO DEFECTS,ON SCENE,NO INJURY / DRIVE AWAY,,,Y,"OVER $1,500",11/10/2017 03:00:00 PM,UNABLE TO DETERMINE,NOT APPLICABLE,3129,W,AUGUSTA BLVD,1211,,,,,,,3,NO INDICATION OF INJURY,0,0,0,0,0,1,0,11,6,11,41.899097121,-87.70547091,POINT (-87.705470910481 41.899097120992)
JA506369,,11/10/2017 11:15:00 AM,0,NO CONTROLS,NO CONTROLS,SNOW,DAYLIGHT,FIXED OBJECT,ALLEY,1,STRAIGHT AND LEVEL,ICE,UNKNOWN,ON SCENE,NO INJURY / DRIVE AWAY,,Y,,$500 OR LESS,11/10/2017 11:20:00 AM,WEATHER,NOT APPLICABLE,4011,N,GREENVIEW AVE,1912,,,,,,,1,NO INDICATION OF INJURY,0,0,0,0,0,1,0,11,6,11,41.954676181,-87.667399905,POINT (-87.667399905223 41.954676180674)
JA508931,,11/10/2017 11:20:00 AM,35,UNKNOWN,UNKNOWN,SNOW,DAYLIGHT,REAR END,DIVIDED - W/MEDIAN BARRIER,2,STRAIGHT AND LEVEL,WET,NO DEFECTS,NOT ON SCENE (DESK REPORT),NO INJURY / DRIVE AWAY,,,,"$501 - $1,500",11/12/2017 12:55:00 PM,FOLLOWING TOO CLOSELY,NOT APPLICABLE,437,E,PERSHING RD,214,,,,,,,2,NO INDICATION OF INJURY,0,0,0,0,0,2,0,11,6,11,41.823747833,-87.61529192,POINT (-87.615291920496 41.823747833037)
JA506514,,11/10/2017 11:20:00 AM,30,TRAFFIC SIGNAL,FUNCTIONING PROPERLY,SNOW,DAYLIGHT,REAR END,DIVIDED - W/MEDIAN BARRIER,,STRAIGHT AND LEVEL,SNOW OR SLUSH,NO DEFECTS,NOT ON SCENE (DESK REPORT),NO INJURY / DRIVE AWAY,Y,,,"$501 - $1,500",11/10/2017 01:15:00 PM,FOLLOWING TOO CLOSELY,NOT APPLICABLE,803,W,RANDOLPH ST,1224,,,,,,,2,NO INDICATION OF INJURY,0,0,0,0,0,2,0,11,6,11,41.884294811,-87.647579696,POINT (-87.647579695645 41.884294811229)
JA506416,,11/10/2017 11:20:00 AM,30,NO CONTROLS,NO CONTROLS,SNOW,DAYLIGHT,REAR END,NOT DIVIDED,,STRAIGHT AND LEVEL,SNOW OR SLUSH,NO DEFECTS,NOT ON SCENE (DESK REPORT),NO INJURY / DRIVE AWAY,,,,"OVER $1,500",11/10/2017 12:28:00 PM,UNABLE TO DETERMINE,UNABLE TO DETERMINE,6316,S,ASHLAND AVE,725,,,,,,,2,NO INDICATION OF INJURY,0,0,0,0,0,3,0,11,6,11,41.778922406,-87.664352681,POINT (-87.664352681092 41.778922405532)
JA506664,,11/10/2017 11:20:00 AM,30,NO CONTROLS,NO CONTROLS,SNOW,DAYLIGHT,PARKED MOTOR VEHICLE,NOT DIVIDED,4,STRAIGHT AND LEVEL,SNOW OR SLUSH,NO DEFECTS,NOT ON SCENE (DESK REPORT),NO INJURY / DRIVE AWAY,,,Y,"OVER $1,500",11/10/2017 03:20:00 PM,WEATHER,NOT APPLICABLE,668,W,WRIGHTWOOD AVE,1935,,,,,,,2,NO INDICATION OF INJURY,0,0,0,0,0,1,0,11,6,11,41.929263666,-87.645445223,POINT (-87.645445223464 41.92926366628)
JA506341,Y,11/10/2017 11:20:00 AM,30,OTHER,OTHER,SNOW,DAYLIGHT,SIDESWIPE SAME DIRECTION,OTHER,2,STRAIGHT AND LEVEL,SNOW OR SLUSH,NO DEFECTS,ON SCENE,NO INJURY / DRIVE AWAY,,,,"$501 - $1,500",11/10/2017 11:21:00 AM,WEATHER,NOT APPLICABLE,1305,W,WEBSTER AVE,1811,,Y,,,,,2,NO INDICATION OF INJURY,0,0,0,0,0,2,0,11,6,11,41.921529592,-87.660955374,POINT (-87.660955373531 41.92152959196)
JA506345,,11/10/2017 11:23:00 AM,30,NO CONTROLS,NO CONTROLS,SLEET/HAIL,DAYLIGHT,PARKED MOTOR VEHICLE,ONE-WAY,1,STRAIGHT AND LEVEL,ICE,NO DEFECTS,ON SCENE,INJURY AND / OR TOW DUE TO CRASH,,,,"OVER $1,500",11/10/2017 11:32:00 AM,WEATHER,WEATHER,2513,W,CONGRESS PKWY,1135,,,,,,,2,NO INDICATION OF INJURY,0,0,0,0,0,1,0,11,6,11,41.874856162,-87.68928128,POINT (-87.689281280021 41.87485616243)
JA506373,,11/10/2017 11:25:00 AM,30,NO CONTROLS,NO CONTROLS,SNOW,DAYLIGHT,PARKED MOTOR VEHICLE,NOT DIVIDED,2,STRAIGHT AND LEVEL,WET,NO DEFECTS,ON SCENE,INJURY AND / OR TOW DUE TO CRASH,,,,"OVER $1,500",11/10/2017 11:27:00 AM,FAILING TO REDUCE SPEED TO AVOID CRASH,EXCEEDING SAFE SPEED FOR CONDITIONS,3502,N,AUSTIN AVE,1633,,,,,,,2,NO INDICATION OF INJURY,0,0,0,0,0,1,0,11,6,11,41.944044519,-87.776579273,POINT (-87.776579272998 41.944044518866)
JA506528,,11/10/2017 11:30:00 AM,30,NO CONTROLS,NO CONTROLS,SNOW,DAYLIGHT,PARKED MOTOR VEHICLE,NOT DIVIDED,4,STRAIGHT AND LEVEL,SNOW OR SLUSH,NO DEFECTS,NOT ON SCENE (DESK REPORT),INJURY AND / OR TOW DUE TO CRASH,,,,"OVER $1,500",11/10/2017 01:45:00 PM,WEATHER,UNABLE TO DETERMINE,1501,W,CHICAGO AVE,1215,,,,,,,2,NO INDICATION OF INJURY,0,0,0,0,0,1,0,11,6,11,41.896000579,-87.664940193,POINT (-87.664940192703 41.896000579285)
JA506469,,11/10/2017 11:30:00 AM,30,TRAFFIC SIGNAL,FUNCTIONING PROPERLY,CLEAR,DAYLIGHT,SIDESWIPE SAME DIRECTION,NOT DIVIDED,4,STRAIGHT AND LEVEL,WET,NO DEFECTS,NOT ON SCENE (DESK REPORT),NO INJURY / DRIVE AWAY,N,,,"OVER $1,500",11/10/2017 12:50:00 PM,DISTRACTION - FROM OUTSIDE VEHICLE,IMPROPER OVERTAKING/PASSING,3000,W,CHICAGO AVE,1211,,,,,,,2,NO INDICATION OF INJURY,0,0,0,0,0,3,0,11,6,11,41.895704525,-87.702218524,POINT (-87.702218523538 41.895704524946)
JA506390,,11/10/2017 11:30:00 AM,30,NO CONTROLS,NO CONTROLS,SNOW,DAYLIGHT,SIDESWIPE SAME DIRECTION,NOT DIVIDED,,STRAIGHT AND LEVEL,ICE,NO DEFECTS,NOT ON SCENE (DESK REPORT),NO INJURY / DRIVE AWAY,,,,"OVER $1,500",11/10/2017 12:10:00 PM,WEATHER,NOT APPLICABLE,2510,N,SOUTHPORT AVE,1932,,,,,,,3,NO INDICATION OF INJURY,0,0,0,0,0,3,0,11,6,11,41.927388722,-87.663540952,POINT (-87.663540951863 41.927388722396)
JA506630,Y,11/10/2017 11:30:00 AM,30,NO CONTROLS,NO CONTROLS,CLEAR,DAYLIGHT,PARKED MOTOR VEHICLE,ONE-WAY,1,STRAIGHT AND LEVEL,DRY,NO DEFECTS,ON SCENE,INJURY AND / OR TOW DUE TO CRASH,,,Y,"$501 - $1,500",11/10/2017 11:35:00 AM,FAILING TO REDUCE SPEED TO AVOID CRASH,NOT APPLICABLE,8002,S,LAFLIN ST,612,,,,,,,2,NO INDICATION OF INJURY,0,0,0,0,0,1,0,11,6,11,41.748420446,-87.66110959,POINT (-87.661109590061 41.748420445583)
JA506436,,11/10/2017 11:30:00 AM,20,NO CONTROLS,NO CONTROLS,SNOW,DAYLIGHT,PARKED MOTOR VEHICLE,ONE-WAY,,STRAIGHT AND LEVEL,SNOW OR SLUSH,NO DEFECTS,ON SCENE,NO INJURY / DRIVE AWAY,,,,$500 OR LESS,11/10/2017 12:20:00 PM,UNABLE TO DETERMINE,NOT APPLICABLE,2031,W,WARNER AVE,1911,,,,,,,2,NO INDICATION OF INJURY,0,0,0,0,0,1,0,11,6,11,41.956764955,-87.68015495,POINT (-87.680154949983 41.9567649553)
JA506374,,11/10/2017 11:30:00 AM,30,TRAFFIC SIGNAL,FUNCTIONING PROPERLY,SNOW,DAYLIGHT,ANGLE,NOT DIVIDED,6,STRAIGHT AND LEVEL,WET,NO DEFECTS,ON SCENE,NO INJURY / DRIVE AWAY,Y,,,"$501 - $1,500",11/10/2017 11:37:00 AM,FAILING TO YIELD RIGHT-OF-WAY,FAILING TO YIELD RIGHT-OF-WAY,5558,N,PULASKI RD,1712,,,,,,,2,NO INDICATION OF INJURY,0,0,0,0,0,4,0,11,6,11,41.982736627,-87.72857756,POINT (-87.728577559745 41.982736627299)
JA506919,N,11/10/2017 11:30:00 AM,35,STOP SIGN/FLASHER,FUNCTIONING IMPROPERLY,CLEAR,DAYLIGHT,REAR END,NOT DIVIDED,4,STRAIGHT AND LEVEL,DRY,NO DEFECTS,NOT ON SCENE (DESK REPORT),INJURY AND / OR TOW DUE TO CRASH,Y,,,"$501 - $1,500",11/10/2017 05:53:00 PM,CELL PHONE USE OTHER THAN TEXTING,NOT APPLICABLE,300,W,GARFIELD BLVD,935,,,,,,,3,"REPORTED, NOT EVIDENT",1,0,0,0,1,3,0,11,6,11,41.794622829,-87.633063763,POINT (-87.633063763202 41.794622829011)
JA506383,,11/10/2017 11:32:00 AM,35,NO CONTROLS,NO CONTROLS,SNOW,DAYLIGHT,PARKED MOTOR VEHICLE,NOT DIVIDED,2,STRAIGHT AND LEVEL,WET,NO DEFECTS,ON SCENE,INJURY AND / OR TOW DUE TO CRASH,,,,"OVER $1,500",11/10/2017 11:32:00 AM,UNABLE TO DETERMINE,FAILING TO REDUCE SPEED TO AVOID CRASH,6130,S,PRAIRIE AVE,311,,,,,,,2,NO INDICATION OF INJURY,0,0,0,0,0,3,0,11,6,11,41.782933165,-87.619068266,POINT (-87.619068265511 41.782933164799)
JA506384,,11/10/2017 11:35:00 AM,30,NO CONTROLS,NO CONTROLS,SNOW,DAYLIGHT,REAR END,NOT DIVIDED,2,STRAIGHT AND LEVEL,SNOW OR SLUSH,NO DEFECTS,NOT ON SCENE (DESK REPORT),NO INJURY / DRIVE AWAY,,,,"OVER $1,500",11/10/2017 12:00:00 PM,WEATHER,WEATHER,1432,W,LAWRENCE AVE,2033,,,,,,,2,NO INDICATION OF INJURY,0,0,0,0,0,2,0,11,6,11,41.969040353,-87.665796074,POINT (-87.665796074279 41.969040352912)