RD_NO,CRASH_DATE_EST_I,CRASH_DATE,POSTED_SPEED_LIMIT,TRAFFIC_CONTROL_DEVICE,DEVICE_CONDITION,WEATHER_CONDITION,LIGHTING_CONDITION,FIRST_CRASH_TYPE,TRAFFICWAY_TYPE,LANE_CNT,ALIGNMENT,ROADWAY_SURFACE_COND,ROAD_DEFECT,REPORT_TYPE,CRASH_TYPE,INTERSECTION_RELATED_I,NOT_RIGHT_OF_WAY_I,HIT_AND_RUN_I,DAMAGE,DATE_POLICE_NOTIFIED,PRIM_CONTRIBUTORY_CAUSE,SEC_CONTRIBUTORY_CAUSE,STREET_NO,STREET_DIRECTION,STREET_NAME,BEAT_OF_OCCURRENCE,PHOTOS_TAKEN_I,STATEMENTS_TAKEN_I,DOORING_I,WORK_ZONE_I,WORK_ZONE_TYPE,WORKERS_PRESENT_I,NUM_UNITS,MOST_SEVERE_INJURY,INJURIES_TOTAL,INJURIES_FATAL,INJURIES_INCAPACITATING,INJURIES_NON_INCAPACITATING,INJURIES_REPORTED_NOT_EVIDENT,INJURIES_NO_INDICATION,INJURIES_UNKNOWN,CRASH_HOUR,CRASH_DAY_OF_WEEK,CRASH_MONTH,LATITUDE,LONGITUDE,LOCATION
JA506367,,11/10/2017 11:35:00 AM,30,TRAFFIC SIGNAL,FUNCTIONING PROPERLY,SNOW,DAYLIGHT,TURNING,NOT DIVIDED,,STRAIGHT AND LEVEL,SNOW OR SLUSH,NO DEFECTS,ON SCENE,NO INJURY / DRIVE AWAY,,,,"OVER $1,500",11/10/2017 11:40:00 AM,WEATHER,DRIVING SKILLS/KNOWLEDGE/EXPERIENCE,2100,N,AUSTIN AVE,2512,,,,,,,2,NO INDICATION OF INJURY,0,0,0,0,0,2,0,11,6,11,41.918015728,-87.775665644,POINT (-87.775665643777 41.918015728249)
JA506955,,11/10/2017 11:40:00 AM,30,TRAFFIC SIGNAL,FUNCTIONING PROPERLY,SNOW,DAYLIGHT,REAR END,DIVIDED - W/MEDIAN (NOT RAISED),,STRAIGHT AND LEVEL,SNOW OR SLUSH,NO DEFECTS,NOT ON SCENE (DESK REPORT),NO INJURY / DRIVE AWAY,Y,,,$500 OR LESS,11/10/2017 04:30:00 PM,FOLLOWING TOO CLOSELY,WEATHER,832,W,BLACKHAWK ST,1822,,,,,,,2,NO INDICATION OF INJURY,0,0,0,0,0,2,0,11,6,11,41.908661625,-87.649523925,POINT (-87.649523925154 41.908661625074)
JA506555,,11/10/2017 11:40:00 AM,30,NO CONTROLS,NO CONTROLS,SNOW,DAYLIGHT,REAR END,NOT DIVIDED,,STRAIGHT AND LEVEL,SNOW OR SLUSH,NO DEFECTS,ON SCENE,INJURY AND / OR TOW DUE TO CRASH,,,Y,"OVER $1,500",11/10/2017 01:50:00 PM,UNABLE TO DETERMINE,UNABLE TO DETERMINE,6359,W,SCHUBERT AVE,2512,,,,,,,2,"REPORTED, NOT EVIDENT",1,0,0,0,1,1,0,11,6,11,41.929059524,-87.785579651,POINT (-87.785579650999 41.929059524431)
JA506758,,11/10/2017 11:42:00 AM,30,STOP SIGN/FLASHER,FUNCTIONING PROPERLY,SNOW,DAYLIGHT,REAR END,DIVIDED - W/MEDIAN (NOT RAISED),2,STRAIGHT AND LEVEL,SNOW OR SLUSH,NO DEFECTS,NOT ON SCENE (DESK REPORT),NO INJURY / DRIVE AWAY,,,,"$501 - $1,500",11/10/2017 04:00:00 PM,FOLLOWING TOO CLOSELY,NOT APPLICABLE,1158,W,WRIGHTWOOD AVE,1932,,,,,,,2,NO INDICATION OF INJURY,0,0,0,0,0,2,0,11,6,11,41.929035112,-87.658460581,POINT (-87.658460581365 41.929035111936)
JA506649,,11/10/2017 11:45:00 AM,30,STOP SIGN/FLASHER,FUNCTIONING PROPERLY,CLEAR,DAYLIGHT,REAR END,DIVIDED - W/MEDIAN (NOT RAISED),2,STRAIGHT AND LEVEL,WET,NO DEFECTS,NOT ON SCENE (DESK REPORT),NO INJURY / DRIVE AWAY,,,,"OVER $1,500",11/10/2017 03:00:00 PM,FOLLOWING TOO CLOSELY,NOT APPLICABLE,107,S,ABERDEEN ST,1232,,,,,,,2,NO INDICATION OF INJURY,0,0,0,0,0,2,0,11,6,11,41.880126492,-87.654501721,POINT (-87.654501721435 41.880126492479)
JA507959,,11/10/2017 11:45:00 AM,20,NO CONTROLS,NO CONTROLS,SNOW,DAYLIGHT,PARKED MOTOR VEHICLE,NOT DIVIDED,2,STRAIGHT AND LEVEL,ICE,UNKNOWN,NOT ON SCENE (DESK REPORT),NO INJURY / DRIVE AWAY,,,Y,"$501 - $1,500",11/11/2017 03:07:00 PM,UNABLE TO DETERMINE,WEATHER,3237,S,THROOP ST,913,,,,,,,2,NO INDICATION OF INJURY,0,0,0,0,0,1,0,11,6,11,41.8349947,-87.658210691,POINT (-87.658210691137 41.834994700366)
JA506481,,11/10/2017 11:45:00 AM,15,NO CONTROLS,NO CONTROLS,CLOUDY/OVERCAST,DAYLIGHT,PARKED MOTOR VEHICLE,ONE-WAY,,STRAIGHT AND LEVEL,SNOW OR SLUSH,NO DEFECTS,NOT ON SCENE (DESK REPORT),NO INJURY / DRIVE AWAY,,,Y,"$501 - $1,500",11/10/2017 01:00:00 PM,UNABLE TO DETERMINE,NOT APPLICABLE,1151,N,LATROBE AVE,1524,,,,,,,2,NO INDICATION OF INJURY,0,0,0,0,0,2,0,11,6,11,41.90191907,-87.756855785,POINT (-87.756855784797 41.90191907022)
JA506352,,11/10/2017 11:45:00 AM,35,STOP SIGN/FLASHER,FUNCTIONING PROPERLY,SNOW,DAYLIGHT,REAR END,NOT DIVIDED,1,STRAIGHT AND LEVEL,WET,NO DEFECTS,ON SCENE,NO INJURY / DRIVE AWAY,Y,,Y,"OVER $1,500",11/10/2017 11:50:00 AM,FOLLOWING TOO CLOSELY,"OPERATING VEHICLE IN ERRATIC, RECKLESS, CARELESS, NEGLIGENT OR AGGRESSIVE MANNER",3501,N,PULASKI RD,1732,,,,,,,2,NO INDICATION OF INJURY,0,0,0,0,0,2,0,11,6,11,41.944574673,-87.727198008,POINT (-87.727198007686 41.944574672671)
JA506424,,11/10/2017 11:45:00 AM,30,STOP SIGN/FLASHER,FUNCTIONING PROPERLY,SNOW,DAYLIGHT,REAR END,ONE-WAY,,STRAIGHT AND LEVEL,SNOW OR SLUSH,NO DEFECTS,ON SCENE,NO INJURY / DRIVE AWAY,,,,"OVER $1,500",11/10/2017 12:20:00 PM,FOLLOWING TOO CLOSELY,WEATHER,2058,W,RICE ST,1212,,,,,,,2,NO INDICATION OF INJURY,0,0,0,0,0,3,0,11,6,11,41.896904913,-87.679408006,POINT (-87.679408006079 41.896904912816)
JA506415,,11/10/2017 11:50:00 AM,35,TRAFFIC SIGNAL,FUNCTIONING PROPERLY,CLEAR,DAYLIGHT,TURNING,DIVIDED - W/MEDIAN BARRIER,,STRAIGHT AND LEVEL,WET,NO DEFECTS,ON SCENE,INJURY AND / OR TOW DUE TO CRASH,Y,,,"OVER $1,500",11/10/2017 12:00:00 PM,EQUIPMENT - VEHICLE CONDITION,NOT APPLICABLE,7901,S,LAWNDALE AVE,834,,Y,,,,,2,NO INDICATION OF INJURY,0,0,0,0,0,3,0,11,6,11,41.749512277,-87.714442828,POINT (-87.714442828411 41.749512276744)
JA506690,,11/10/2017 11:55:00 AM,30,NO CONTROLS,NO CONTROLS,SNOW,DAYLIGHT,PARKED MOTOR VEHICLE,NOT DIVIDED,,STRAIGHT AND LEVEL,SNOW OR SLUSH,NO DEFECTS,NOT ON SCENE (DESK REPORT),NO INJURY / DRIVE AWAY,,,,"$501 - $1,500",11/10/2017 03:40:00 PM,UNABLE TO DETERMINE,NOT APPLICABLE,30,N,RACINE AVE,1224,,,,,,,2,NO INDICATION OF INJURY,0,0,0,0,0,1,0,11,6,11,41.882545179,-87.656865038,POINT (-87.656865037607 41.882545178728)
JA506556,,11/10/2017 11:55:00 AM,30,TRAFFIC SIGNAL,FUNCTIONING PROPERLY,CLEAR,DAYLIGHT,TURNING,DIVIDED - W/MEDIAN (NOT RAISED),,STRAIGHT AND LEVEL,WET,NO DEFECTS,NOT ON SCENE (DESK REPORT),NO INJURY / DRIVE AWAY,,,Y,"$501 - $1,500",11/10/2017 12:20:00 PM,DISREGARDING TRAFFIC SIGNALS,IMPROPER OVERTAKING/PASSING,401,S,ASHLAND AVE,1231,,,,,,,2,NO INDICATION OF INJURY,0,0,0,0,0,2,0,11,6,11,41.876338239,-87.666517465,POINT (-87.666517464637 41.876338238592)
JA506525,,11/10/2017 11:55:00 AM,30,STOP SIGN/FLASHER,FUNCTIONING PROPERLY,SNOW,DAYLIGHT,REAR END,NOT DIVIDED,2,STRAIGHT AND LEVEL,SNOW OR SLUSH,NO DEFECTS,NOT ON SCENE (DESK REPORT),NO INJURY / DRIVE AWAY,,,,"OVER $1,500",11/10/2017 01:30:00 PM,WEATHER,UNABLE TO DETERMINE,1610,W,WRIGHTWOOD AVE,1931,,,,,,,2,NO INDICATION OF INJURY,0,0,0,0,0,2,0,11,6,11,41.928878665,-87.668756862,POINT (-87.668756862259 41.928878665321)
JA509621,Y,11/10/2017 12:00:00 PM,35,NO CONTROLS,NO CONTROLS,UNKNOWN,UNKNOWN,PARKED MOTOR VEHICLE,NOT DIVIDED,2,STRAIGHT AND LEVEL,UNKNOWN,NO DEFECTS,ON SCENE,INJURY AND / OR TOW DUE TO CRASH,,,Y,"OVER $1,500",11/13/2017 02:17:00 AM,UNABLE TO DETERMINE,UNABLE TO DETERMINE,2309,W,ADDISON ST,1921,,,,,,,2,NO INDICATION OF INJURY,0,0,0,0,0,1,0,12,6,11,41.946652419,-87.686225288,POINT (-87.686225288443 41.946652419497)
JA506874,,11/10/2017 12:00:00 PM,30,NO CONTROLS,NO CONTROLS,CLEAR,DAYLIGHT,TURNING,NOT DIVIDED,2,STRAIGHT AND LEVEL,ICE,UNKNOWN,NOT ON SCENE (DESK REPORT),NO INJURY / DRIVE AWAY,,,,"OVER $1,500",11/10/2017 05:30:00 PM,FAILING TO YIELD RIGHT-OF-WAY,UNABLE TO DETERMINE,1960,N,LINCOLN AVE,1814,,,,,,,3,NO INDICATION OF INJURY,0,0,0,0,0,3,0,12,6,11,41.917857334,-87.638364753,POINT (-87.638364753393 41.917857334392)
JA506402,Y,11/10/2017 12:00:00 PM,25,TRAFFIC SIGNAL,FUNCTIONING PROPERLY,SNOW,DAYLIGHT,SIDESWIPE SAME DIRECTION,ONE-WAY,3,STRAIGHT AND LEVEL,SNOW OR SLUSH,NO DEFECTS,NOT ON SCENE (DESK REPORT),NO INJURY / DRIVE AWAY,,,,"OVER $1,500",11/10/2017 12:10:00 PM,UNABLE TO DETERMINE,UNABLE TO DETERMINE,400,N,DEARBORN ST,1831,,,,,,,2,NO INDICATION OF INJURY,0,0,0,0,0,2,0,12,6,11,41.889269528,-87.629735331,POINT (-87.629735331044 41.889269528172)
JA506432,,11/10/2017 12:10:00 PM,35,NO CONTROLS,NO CONTROLS,CLEAR,DAYLIGHT,SIDESWIPE SAME DIRECTION,DIVIDED - W/MEDIAN BARRIER,,STRAIGHT AND LEVEL,WET,NO DEFECTS,ON SCENE,NO INJURY / DRIVE AWAY,,,,"$501 - $1,500",11/10/2017 12:20:00 PM,IMPROPER OVERTAKING/PASSING,NOT APPLICABLE,3100,W,79TH ST,835,,Y,,Y,CONSTRUCTION,,2,NO INDICATION OF INJURY,0,0,0,0,0,2,0,12,6,11,41.749970559,-87.700015894,POINT (-87.700015894037 41.749970559166)
JA522688,,11/10/2017 12:10:00 PM,30,STOP SIGN/FLASHER,FUNCTIONING PROPERLY,SNOW,DAYLIGHT,REAR END,NOT DIVIDED,2,STRAIGHT AND LEVEL,SNOW OR SLUSH,NO DEFECTS,NOT ON SCENE (DESK REPORT),NO INJURY / DRIVE AWAY,,,,"$501 - $1,500",11/23/2017 12:08:00 PM,UNABLE TO DETERMINE,UNABLE TO DETERMINE,2000,W,GRANVILLE AVE,2413,,,,,,,2,NO INDICATION OF INJURY,0,0,0,0,0,2,0,12,6,11,41.99437084,-87.680019611,POINT (-87.680019611342 41.994370839743)
JA506437,,11/10/2017 12:10:00 PM,30,NO CONTROLS,NO CONTROLS,SNOW,DAYLIGHT,HEAD ON,DIVIDED - W/MEDIAN (NOT RAISED),,"CURVE, LEVEL",SNOW OR SLUSH,NO DEFECTS,ON SCENE,INJURY AND / OR TOW DUE TO CRASH,,,,"OVER $1,500",11/10/2017 12:30:00 PM,WEATHER,EXCEEDING SAFE SPEED FOR CONDITIONS,2061,N,KINGSBURY ST,1811,,,,,,,2,NONINCAPACITATING INJURY,4,0,0,4,0,2,0,12,6,11,41.918963649,-87.66237251,POINT (-87.662372509543 41.91896364867)
JA506422,N,11/10/2017 12:19:00 PM,30,OTHER,OTHER,SNOW,DAYLIGHT,REAR END,OTHER,2,STRAIGHT AND LEVEL,ICE,NO DEFECTS,ON SCENE,NO INJURY / DRIVE AWAY,,,,$500 OR LESS,11/10/2017 12:19:00 PM,WEATHER,NOT APPLICABLE,2100,N,RACINE AVE,1811,,Y,,,,,2,NO INDICATION OF INJURY,0,0,0,0,0,2,0,12,6,11,41.919935498,-87.658428479,POINT (-87.658428479068 41.91993549832)
JA506480,,11/10/2017 12:20:00 PM,30,TRAFFIC SIGNAL,UNKNOWN,CLEAR,DAYLIGHT,ANGLE,DIVIDED - W/MEDIAN (NOT RAISED),,STRAIGHT AND LEVEL,UNKNOWN,UNKNOWN,NOT ON SCENE (DESK REPORT),NO INJURY / DRIVE AWAY,Y,,,"$501 - $1,500",11/10/2017 12:55:00 PM,UNABLE TO DETERMINE,UNABLE TO DETERMINE,601,S,CENTRAL AVE,1522,,,,,,,2,NO INDICATION OF INJURY,0,0,0,0,0,2,0,12,6,11,41.87277985,-87.7644383,POINT (-87.76443829998 41.872779849904)
JA506498,,11/10/2017 12:29:00 PM,30,STOP SIGN/FLASHER,FUNCTIONING PROPERLY,CLEAR,DAYLIGHT,HEAD ON,CENTER TURN LANE,,STRAIGHT AND LEVEL,WET,NO DEFECTS,ON SCENE,INJURY AND / OR TOW DUE TO CRASH,Y,,Y,"OVER $1,500",11/10/2017 12:30:00 PM,UNABLE TO DETERMINE,UNABLE TO DETERMINE,8206,S,ANTHONY AVE,414,,,,,,,2,INCAPACITATING INJURY,1,0,1,0,0,5,0,12,6,11,41.745798161,-87.581041592,POINT (-87.58104159157 41.74579816135)
JA506474,,11/10/2017 12:30:00 PM,35,TRAFFIC SIGNAL,FUNCTIONING PROPERLY,SNOW,DAYLIGHT,FIXED OBJECT,DIVIDED - W/MEDIAN (NOT RAISED),2,STRAIGHT AND LEVEL,DRY,NO DEFECTS,ON SCENE,NO INJURY / DRIVE AWAY,Y,,Y,"OVER $1,500",11/10/2017 12:30:00 PM,EXCEEDING SAFE SPEED FOR CONDITIONS,NOT APPLICABLE,6001,N,CANFIELD AVE,1612,,,,,,,1,NO INDICATION OF INJURY,0,0,0,0,0,1,0,12,6,11,41.988833876,-87.822597291,POINT (-87.822597290761 41.988833875839)
JA506511,,11/10/2017 12:30:00 PM,30,TRAFFIC SIGNAL,FUNCTIONING PROPERLY,SNOW,DAYLIGHT,SIDESWIPE SAME DIRECTION,DIVIDED - W/MEDIAN (NOT RAISED),2,STRAIGHT AND LEVEL,SNOW OR SLUSH,NO DEFECTS,NOT ON SCENE (DESK REPORT),NO INJURY / DRIVE AWAY,,,Y,"OVER $1,500",11/10/2017 12:30:00 PM,IMPROPER OVERTAKING/PASSING,UNABLE TO DETERMINE,3550,W,BELMONT AVE,1732,,,,,,,2,NO INDICATION OF INJURY,0,0,0,0,0,2,0,12,6,11,41.93933067,-87.717025744,POINT (-87.717025744256 41.939330670244)
JA506547,,11/10/2017 12:30:00 PM,30,NO CONTROLS,NO CONTROLS,CLEAR,DAYLIGHT,FIXED OBJECT,NOT DIVIDED,2,"CURVE, LEVEL",WET,NO DEFECTS,ON SCENE,INJURY AND / OR TOW DUE TO CRASH,,,,"OVER $1,500",11/10/2017 01:13:00 PM,UNABLE TO DETERMINE,UNABLE TO DETERMINE,8316,S,BIRKHOFF AVE,622,,,,,,,1,NO INDICATION OF INJURY,0,0,0,0,0,1,0,12,6,11,41.742976643,-87.640505877,POINT (-87.64050587714 41.742976642958)
JA507510,,11/10/2017 12:30:00 PM,30,NO CONTROLS,NO CONTROLS,CLEAR,DAYLIGHT,PARKED MOTOR VEHICLE,NOT DIVIDED,4,STRAIGHT AND LEVEL,DRY,NO DEFECTS,ON SCENE,NO INJURY / DRIVE AWAY,,,Y,"OVER $1,500",11/11/2017 07:57:00 AM,UNABLE TO DETERMINE,UNABLE TO DETERMINE,742,N,CENTRAL AVE,1511,,,,,,,2,NO INDICATION OF INJURY,0,0,0,0,0,1,0,12,6,11,41.894234064,-87.765517158,POINT (-87.765517158285 41.89423406368)
JA506448,,11/10/2017 12:30:00 PM,30,NO CONTROLS,NO CONTROLS,CLOUDY/OVERCAST,DAYLIGHT,REAR END,DIVIDED - W/MEDIAN BARRIER,,STRAIGHT AND LEVEL,WET,UNKNOWN,ON SCENE,INJURY AND / OR TOW DUE TO CRASH,,,,"OVER $1,500",11/10/2017 12:40:00 PM,UNABLE TO DETERMINE,UNABLE TO DETERMINE,4335,S,CICERO AVE,815,,,,,,,2,NO INDICATION OF INJURY,0,0,0,0,0,2,0,12,6,11,41.813873579,-87.74317995,POINT (-87.743179949603 41.813873579001)
JA506522,,11/10/2017 12:40:00 PM,30,TRAFFIC SIGNAL,FUNCTIONING PROPERLY,CLEAR,DAYLIGHT,ANGLE,DIVIDED - W/MEDIAN (NOT RAISED),,STRAIGHT AND LEVEL,DRY,NO DEFECTS,NOT ON SCENE (DESK REPORT),NO INJURY / DRIVE AWAY,,,,"OVER $1,500",11/10/2017 01:30:00 PM,FAILING TO YIELD RIGHT-OF-WAY,NOT APPLICABLE,600,S,CENTRAL AVE,1513,,,,,,,2,NO INDICATION OF INJURY,0,0,0,0,0,2,0,12,6,11,41.872772222,-87.76473185,POINT (-87.764731850479 41.872772222189)
JA506591,,11/10/2017 12:40:00 PM,20,STOP SIGN/FLASHER,FUNCTIONING PROPERLY,SNOW,DAYLIGHT,REAR END,ONE-WAY,1,STRAIGHT AND LEVEL,SNOW OR SLUSH,NO DEFECTS,NOT ON SCENE (DESK REPORT),NO INJURY / DRIVE AWAY,,,,"$501 - $1,500",11/10/2017 02:15:00 PM,WEATHER,NOT APPLICABLE,3532,W,AINSLIE ST,1712,,,,,,,2,NO INDICATION OF INJURY,0,0,0,0,0,2,0,12,6,11,41.970291063,-87.717223101,POINT (-87.717223101415 41.970291062636)
JA506473,,11/10/2017 12:40:00 PM,30,TRAFFIC SIGNAL,FUNCTIONING PROPERLY,SNOW,DAYLIGHT,REAR END,DIVIDED - W/MEDIAN (NOT RAISED),2,STRAIGHT AND LEVEL,WET,NO DEFECTS,NOT ON SCENE (DESK REPORT),NO INJURY / DRIVE AWAY,Y,,,"OVER $1,500",11/10/2017 12:50:00 PM,FOLLOWING TOO CLOSELY,NOT APPLICABLE,1159,W,TAYLOR ST,1232,,,,,,,2,NO INDICATION OF INJURY,0,0,0,0,0,3,0,12,6,11,41.869308408,-87.656592165,POINT (-87.656592164505 41.869308408079)
JA506644,,11/10/2017 12:45:00 PM,25,NO CONTROLS,NO CONTROLS,SNOW,DAYLIGHT,PARKED MOTOR VEHICLE,NOT DIVIDED,,STRAIGHT AND LEVEL,SNOW OR SLUSH,UNKNOWN,NOT ON SCENE (DESK REPORT),NO INJURY / DRIVE AWAY,,,,"OVER $1,500",11/10/2017 03:15:00 PM,WEATHER,DRIVING SKILLS/KNOWLEDGE/EXPERIENCE,2747,N,SHEFFIELD AVE,1935,,,,,,,2,NO INDICATION OF INJURY,0,0,0,0,0,1,0,12,6,11,41.932213133,-87.653693816,POINT (-87.65369381597 41.932213133041)
JA506517,,11/10/2017 12:50:00 PM,30,NO CONTROLS,NO CONTROLS,CLEAR,DAYLIGHT,FIXED OBJECT,DIVIDED - W/MEDIAN BARRIER,,STRAIGHT AND LEVEL,WET,NO DEFECTS,ON SCENE,NO INJURY / DRIVE AWAY,,,,$500 OR LESS,11/10/2017 01:06:00 PM,UNABLE TO DETERMINE,ROAD ENGINEERING/SURFACE/MARKING DEFECTS,400,W,ROOT ST,925,,,,,,,1,NO INDICATION OF INJURY,0,0,0,0,0,1,0,12,6,11,41.819162466,-87.636155251,POINT (-87.636155251302 41.819162466403)
JA506526,,11/10/2017 12:54:00 PM,25,NO CONTROLS,NO CONTROLS,SNOW,DAYLIGHT,PARKED MOTOR VEHICLE,NOT DIVIDED,2,STRAIGHT AND LEVEL,ICE,NO DEFECTS,ON SCENE,INJURY AND / OR TOW DUE TO CRASH,,,,"$501 - $1,500",11/10/2017 12:54:00 PM,DRIVING SKILLS/KNOWLEDGE/EXPERIENCE,WEATHER,1953,W,SUNNYSIDE AVE,1912,,,,,,,2,NO INDICATION OF INJURY,0,0,0,0,0,1,0,12,6,11,41.96317708,-87.678114527,POINT (-87.678114527197 41.963177079712)
JA506521,,11/10/2017 12:56:00 PM,30,TRAFFIC SIGNAL,FUNCTIONING IMPROPERLY,CLEAR,DAYLIGHT,REAR END,NOT DIVIDED,,STRAIGHT AND LEVEL,WET,NO DEFECTS,ON SCENE,NO INJURY / DRIVE AWAY,,,Y,"OVER $1,500",11/10/2017 01:19:00 PM,UNABLE TO DETERMINE,UNABLE TO DETERMINE,6000,S,COTTAGE GROVE AVE,313,,,,,,,2,NO INDICATION OF INJURY,0,0,0,0,0,2,0,12,6,11,41.785783731,-87.606184702,POINT (-87.606184701516 41.785783730894)
JA506499,,11/10/2017 12:56:00 PM,30,NO CONTROLS,NO CONTROLS,CLEAR,DAYLIGHT,REAR END,DIVIDED - W/MEDIAN (NOT RAISED),4,STRAIGHT AND LEVEL,WET,NO DEFECTS,ON SCENE,NO INJURY / DRIVE AWAY,,,,"OVER $1,500",11/10/2017 12:56:00 PM,FAILING TO REDUCE SPEED TO AVOID CRASH,UNABLE TO DETERMINE,1854,W,47TH ST,924,,,,,,,3,NO INDICATION OF INJURY,0,0,0,0,0,3,0,12,6,11,41.808643792,-87.672029313,POINT (-87.672029313465 41.808643791697)
JA506550,,11/10/2017 12:59:00 PM,30,STOP SIGN/FLASHER,NO CONTROLS,SNOW,DAYLIGHT,PARKED MOTOR VEHICLE,NOT DIVIDED,,STRAIGHT AND LEVEL,ICE,NO DEFECTS,NOT ON SCENE (DESK REPORT),NO INJURY / DRIVE AWAY,,,,"$501 - $1,500",11/10/2017 01:51:00 PM,UNABLE TO DETERMINE,NOT APPLICABLE,932,N,MOZART ST,1211,,,,,,,2,NO INDICATION OF INJURY,0,0,0,0,0,1,0,12,6,11,41.89909072,-87.698179359,POINT (-87.698179359241 41.899090719739)
JA506753,,11/10/2017 01:00:00 PM,35,NO CONTROLS,NO CONTROLS,CLEAR,DAYLIGHT,PARKED MOTOR VEHICLE,ONE-WAY,1,STRAIGHT AND LEVEL,DRY,NO DEFECTS,NOT ON SCENE (DESK REPORT),NO INJURY / DRIVE AWAY,,,Y,"$501 - $1,500",11/10/2017 04:17:00 PM,IMPROPER BACKING,"OPERATING VEHICLE IN ERRATIC, RECKLESS, CARELESS, NEGLIGENT OR AGGRESSIVE MANNER",11547,S,ARTESIAN AVE,2212,,,,,,,2,NO INDICATION OF INJURY,0,0,0,0,0,2,0,13,6,11,41.683142381,-87.681966273,POINT (-87.681966273399 41.683142381317)
JA506502,Y,11/10/2017 01:00:00 PM,30,TRAFFIC SIGNAL,FUNCTIONING PROPERLY,SNOW,DAYLIGHT,SIDESWIPE SAME DIRECTION,NOT DIVIDED,3,STRAIGHT AND LEVEL,SNOW OR SLUSH,NO DEFECTS,NOT ON SCENE (DESK REPORT),NO INJURY / DRIVE AWAY,,,,"OVER $1,500",11/10/2017 01:22:00 PM,IMPROPER OVERTAKING/PASSING,IMPROPER LANE USAGE,1198,S,MICHIGAN AVE,123,,,,,,,2,NO INDICATION OF INJURY,0,0,0,0,0,2,0,13,6,11,41.867502382,-87.62427526,POINT (-87.624275260194 41.867502381675)
JA507028,,11/10/2017 01:00:00 PM,30,STOP SIGN/FLASHER,FUNCTIONING PROPERLY,SNOW,DAYLIGHT,REAR END,ONE-WAY,,STRAIGHT AND LEVEL,SNOW OR SLUSH,NO DEFECTS,NOT ON SCENE (DESK REPORT),INJURY AND / OR TOW DUE TO CRASH,,,,"OVER $1,500",11/10/2017 07:30:00 PM,WEATHER,CELL PHONE USE OTHER THAN TEXTING,2958,W,FLETCHER ST,1411,,,,,,,2,"REPORTED, NOT EVIDENT",2,0,0,0,2,1,0,13,6,11,41.93856124,-87.702641575,POINT (-87.702641575417 41.938561239949)
JA506496,,11/10/2017 01:00:00 PM,30,TRAFFIC SIGNAL,FUNCTIONING IMPROPERLY,CLEAR,DAYLIGHT,REAR END,DIVIDED - W/MEDIAN (NOT RAISED),,STRAIGHT AND LEVEL,WET,NO DEFECTS,NOT ON SCENE (DESK REPORT),NO INJURY / DRIVE AWAY,,,,"$501 - $1,500",11/10/2017 01:20:00 PM,FOLLOWING TOO CLOSELY,FAILING TO REDUCE SPEED TO AVOID CRASH,43,W,CONGRESS PKWY,123,,,,,,,2,NO INDICATION OF INJURY,0,0,0,0,0,2,0,13,6,11,41.875516375,-87.629259746,POINT (-87.629259745888 41.875516374847)
JA506506,,11/10/2017 01:00:00 PM,30,NO CONTROLS,NO CONTROLS,SNOW,DAYLIGHT,REAR END,DIVIDED - W/MEDIAN (NOT RAISED),4,STRAIGHT AND LEVEL,WET,NO DEFECTS,NOT ON SCENE (DESK REPORT),NO INJURY / DRIVE AWAY,,,,"$501 - $1,500",11/10/2017 01:15:00 PM,FAILING TO REDUCE SPEED TO AVOID CRASH,FOLLOWING TOO CLOSELY,2696,W,BELMONT AVE,1733,,,,,,,2,NO INDICATION OF INJURY,0,0,0,0,0,4,0,13,6,11,41.939517351,-87.69516032,POINT (-87.695160320048 41.939517350682)
JA506515,,11/10/2017 01:02:00 PM,20,NO CONTROLS,NO CONTROLS,CLEAR,DAYLIGHT,PARKED MOTOR VEHICLE,ONE-WAY,1,STRAIGHT AND LEVEL,DRY,NO DEFECTS,ON SCENE,NO INJURY / DRIVE AWAY,,,,"OVER $1,500",11/10/2017 01:02:00 PM,EXCEEDING AUTHORIZED SPEED LIMIT,EXCEEDING AUTHORIZED SPEED LIMIT,2658,W,65TH ST,825,,,,,,,2,NO INDICATION OF INJURY,0,0,0,0,0,1,0,13,6,11,41.775570597,-87.690804429,POINT (-87.690804429203 41.775570597343)
JA506512,,11/10/2017 01:05:00 PM,30,NO CONTROLS,NO CONTROLS,SNOW,DAYLIGHT,ANGLE,ONE-WAY,,STRAIGHT AND LEVEL,ICE,NO DEFECTS,,NO INJURY / DRIVE AWAY,,,,"$501 - $1,500",11/10/2017 01:20:00 PM,FAILING TO REDUCE SPEED TO AVOID CRASH,WEATHER,2150,N,BISSELL ST,1812,,,,,,,2,NO INDICATION OF INJURY,0,0,0,0,0,3,0,13,6,11,41.92144012,-87.652411819,POINT (-87.652411819265 41.921440120202)
JA506593,,11/10/2017 01:05:00 PM,30,STOP SIGN/FLASHER,FUNCTIONING PROPERLY,SNOW,DAYLIGHT,PARKED MOTOR VEHICLE,NOT DIVIDED,2,STRAIGHT AND LEVEL,ICE,NO DEFECTS,ON SCENE,NO INJURY / DRIVE AWAY,,,,"$501 - $1,500",11/10/2017 01:15:00 PM,WEATHER,NOT APPLICABLE,1400,N,DAYTON ST,1822,,,,,,,2,NO INDICATION OF INJURY,0,0,0,0,0,3,0,13,6,11,41.906388686,-87.64951393,POINT (-87.649513930087 41.906388685649)