RD_NO,CRASH_DATE_EST_I,CRASH_DATE,POSTED_SPEED_LIMIT,TRAFFIC_CONTROL_DEVICE,DEVICE_CONDITION,WEATHER_CONDITION,LIGHTING_CONDITION,FIRST_CRASH_TYPE,TRAFFICWAY_TYPE,LANE_CNT,ALIGNMENT,ROADWAY_SURFACE_COND,ROAD_DEFECT,REPORT_TYPE,CRASH_TYPE,INTERSECTION_RELATED_I,NOT_RIGHT_OF_WAY_I,HIT_AND_RUN_I,DAMAGE,DATE_POLICE_NOTIFIED,PRIM_CONTRIBUTORY_CAUSE,SEC_CONTRIBUTORY_CAUSE,STREET_NO,STREET_DIRECTION,STREET_NAME,BEAT_OF_OCCURRENCE,PHOTOS_TAKEN_I,STATEMENTS_TAKEN_I,DOORING_I,WORK_ZONE_I,WORK_ZONE_TYPE,WORKERS_PRESENT_I,NUM_UNITS,MOST_SEVERE_INJURY,INJURIES_TOTAL,INJURIES_FATAL,INJURIES_INCAPACITATING,INJURIES_NON_INCAPACITATING,INJURIES_REPORTED_NOT_EVIDENT,INJURIES_NO_INDICATION,INJURIES_UNKNOWN,CRASH_HOUR,CRASH_DAY_OF_WEEK,CRASH_MONTH,LATITUDE,LONGITUDE,LOCATION
JA506531,,11/10/2017 01:10:00 PM,30,NO CONTROLS,NO CONTROLS,CLEAR,DAYLIGHT,SIDESWIPE SAME DIRECTION,DIVIDED - W/MEDIAN BARRIER,,STRAIGHT AND LEVEL,OTHER,NO DEFECTS,ON SCENE,NO INJURY / DRIVE AWAY,,,,"$501 - $1,500",11/10/2017 01:11:00 PM,IMPROPER LANE USAGE,NOT APPLICABLE,4339,S,CICERO AVE,815,,,,,,,2,NO INDICATION OF INJURY,0,0,0,0,0,2,0,13,6,11,41.8137597,-87.743176909,POINT (-87.74317690904 41.813759699895)
JA506559,,11/10/2017 01:15:00 PM,30,TRAFFIC SIGNAL,FUNCTIONING PROPERLY,CLEAR,DAYLIGHT,REAR END,ONE-WAY,,STRAIGHT AND LEVEL,WET,NO DEFECTS,ON SCENE,INJURY AND / OR TOW DUE TO CRASH,,,,"OVER $1,500",11/10/2017 01:20:00 PM,FOLLOWING TOO CLOSELY,DRIVING SKILLS/KNOWLEDGE/EXPERIENCE,24,E,JACKSON BLVD,113,,,,,,,2,INCAPACITATING INJURY,1,0,1,0,0,1,0,13,6,11,41.878337918,-87.626819847,POINT (-87.626819847025 41.878337918432)
JA508925,,11/10/2017 01:15:00 PM,30,NO CONTROLS,NO CONTROLS,CLEAR,DAYLIGHT,REAR END,NOT DIVIDED,,STRAIGHT AND LEVEL,WET,NO DEFECTS,NOT ON SCENE (DESK REPORT),INJURY AND / OR TOW DUE TO CRASH,,,,"OVER $1,500",11/12/2017 12:44:00 PM,UNABLE TO DETERMINE,UNABLE TO DETERMINE,2841,W,FOSTER AVE,2031,,,,,,,2,"REPORTED, NOT EVIDENT",1,0,0,0,1,1,0,13,6,11,41.975696467,-87.700553735,POINT (-87.700553734657 41.975696466584)
JA506536,,11/10/2017 01:15:00 PM,30,NO CONTROLS,NO CONTROLS,CLEAR,DAYLIGHT,PARKED MOTOR VEHICLE,NOT DIVIDED,,STRAIGHT AND LEVEL,WET,NO DEFECTS,ON SCENE,INJURY AND / OR TOW DUE TO CRASH,,,Y,"OVER $1,500",11/10/2017 01:20:00 PM,UNABLE TO DETERMINE,NOT APPLICABLE,5206,S,LAWNDALE AVE,822,,Y,,,,,3,NO INDICATION OF INJURY,0,0,0,0,0,1,0,13,6,11,41.798553731,-87.716102741,POINT (-87.716102741349 41.798553731298)
JA506636,,11/10/2017 01:20:00 PM,30,NO CONTROLS,NO CONTROLS,CLEAR,DAYLIGHT,PARKED MOTOR VEHICLE,ONE-WAY,,STRAIGHT AND LEVEL,DRY,NO DEFECTS,NOT ON SCENE (DESK REPORT),NO INJURY / DRIVE AWAY,,,,"OVER $1,500",11/10/2017 03:03:00 PM,NOT APPLICABLE,NOT APPLICABLE,4509,S,LEAMINGTON AVE,814,,,,,,,2,NO INDICATION OF INJURY,0,0,0,0,0,4,0,13,6,11,41.810846792,-87.75165854,POINT (-87.751658539815 41.810846792277)
JA506532,,11/10/2017 01:20:00 PM,30,NO CONTROLS,NO CONTROLS,CLEAR,DAYLIGHT,ANGLE,NOT DIVIDED,2,STRAIGHT AND LEVEL,DRY,NO DEFECTS,ON SCENE,NO INJURY / DRIVE AWAY,,,,"$501 - $1,500",11/10/2017 01:27:00 PM,UNABLE TO DETERMINE,IMPROPER BACKING,2410,W,79TH ST,835,,,,,,,2,NO INDICATION OF INJURY,0,0,0,0,0,2,0,13,6,11,41.750275108,-87.683319744,POINT (-87.683319744171 41.750275108435)
JA506573,,11/10/2017 01:20:00 PM,30,NO CONTROLS,NO CONTROLS,SNOW,DAYLIGHT,PARKED MOTOR VEHICLE,NOT DIVIDED,,STRAIGHT AND LEVEL,SNOW OR SLUSH,NO DEFECTS,NOT ON SCENE (DESK REPORT),NO INJURY / DRIVE AWAY,,,,"OVER $1,500",11/10/2017 02:10:00 PM,WEATHER,UNABLE TO DETERMINE,1917,W,FULLERTON AVE,1432,,,,,,,2,NO INDICATION OF INJURY,0,0,0,0,0,1,0,13,6,11,41.924933946,-87.676522557,POINT (-87.676522556822 41.924933945868)
JA506590,,11/10/2017 01:30:00 PM,30,NO CONTROLS,NO CONTROLS,CLEAR,DAYLIGHT,ANGLE,NOT DIVIDED,4,STRAIGHT AND LEVEL,SNOW OR SLUSH,NO DEFECTS,NOT ON SCENE (DESK REPORT),NO INJURY / DRIVE AWAY,Y,,,"$501 - $1,500",11/10/2017 02:25:00 PM,UNABLE TO DETERMINE,UNABLE TO DETERMINE,1027,N,STATE ST,1824,,,,,,,2,NO INDICATION OF INJURY,0,0,0,0,0,2,0,13,6,11,41.901420866,-87.628186704,POINT (-87.628186703758 41.901420865532)
JA506557,,11/10/2017 01:30:00 PM,30,NO CONTROLS,NO CONTROLS,CLEAR,DAYLIGHT,PARKED MOTOR VEHICLE,DIVIDED - W/MEDIAN BARRIER,2,STRAIGHT AND LEVEL,DRY,NO DEFECTS,ON SCENE,NO INJURY / DRIVE AWAY,,,,"OVER $1,500",11/10/2017 02:00:00 PM,UNABLE TO DETERMINE,UNABLE TO DETERMINE,737,W,RANDOLPH ST,1224,,,,,,,2,NO INDICATION OF INJURY,0,0,0,0,0,1,0,13,6,11,41.884299517,-87.647213323,POINT (-87.647213322762 41.88429951671)
JA506642,,11/10/2017 01:30:00 PM,30,NO CONTROLS,NO CONTROLS,SNOW,DAYLIGHT,PARKED MOTOR VEHICLE,NOT DIVIDED,,STRAIGHT AND LEVEL,SNOW OR SLUSH,NO DEFECTS,NOT ON SCENE (DESK REPORT),NO INJURY / DRIVE AWAY,,,,"OVER $1,500",11/10/2017 03:12:00 PM,UNABLE TO DETERMINE,NOT APPLICABLE,2643,W,CHICAGO AVE,1221,,,,,,,2,NO INDICATION OF INJURY,0,0,0,0,0,1,0,13,6,11,41.89556585,-87.693499838,POINT (-87.69349983762 41.895565849748)
JA509995,,11/10/2017 01:30:00 PM,30,TRAFFIC SIGNAL,FUNCTIONING PROPERLY,SNOW,DAYLIGHT,REAR END,NOT DIVIDED,2,STRAIGHT AND LEVEL,WET,NO DEFECTS,NOT ON SCENE (DESK REPORT),NO INJURY / DRIVE AWAY,,,,"$501 - $1,500",11/13/2017 10:22:00 AM,WEATHER,NOT APPLICABLE,3400,W,SCHUBERT AVE,1412,,,,,,,2,NO INDICATION OF INJURY,0,0,0,0,0,2,0,13,6,11,41.930267456,-87.712372866,POINT (-87.712372865949 41.930267456168)
JA507819,,11/10/2017 01:30:00 PM,30,NO CONTROLS,NO CONTROLS,SNOW,DAYLIGHT,REAR END,DIVIDED - W/MEDIAN (NOT RAISED),2,STRAIGHT AND LEVEL,WET,NO DEFECTS,NOT ON SCENE (DESK REPORT),NO INJURY / DRIVE AWAY,,,,"OVER $1,500",11/11/2017 01:30:00 PM,FAILING TO REDUCE SPEED TO AVOID CRASH,FOLLOWING TOO CLOSELY,5547,N,CENTRAL AVE,1623,,,,,,,2,NO INDICATION OF INJURY,0,0,0,0,0,2,0,13,6,11,41.982508222,-87.768205204,POINT (-87.768205203782 41.982508222157)
JA507698,,11/10/2017 01:30:00 PM,20,NO CONTROLS,NO CONTROLS,SNOW,DAYLIGHT,PARKED MOTOR VEHICLE,NOT DIVIDED,2,STRAIGHT AND LEVEL,SNOW OR SLUSH,NO DEFECTS,NOT ON SCENE (DESK REPORT),NO INJURY / DRIVE AWAY,,,,"OVER $1,500",11/11/2017 11:35:00 AM,WEATHER,NOT APPLICABLE,1769,W,ALTGELD ST,1931,,,,,,,2,NO INDICATION OF INJURY,0,0,0,0,0,1,0,13,6,11,41.928254113,-87.671882422,POINT (-87.671882422231 41.92825411299)
JA506565,,11/10/2017 01:30:00 PM,25,NO CONTROLS,NO CONTROLS,CLEAR,DAYLIGHT,REAR END,DIVIDED - W/MEDIAN (NOT RAISED),4,STRAIGHT AND LEVEL,DRY,NO DEFECTS,NOT ON SCENE (DESK REPORT),NO INJURY / DRIVE AWAY,,,,"$501 - $1,500",11/10/2017 02:05:00 PM,UNABLE TO DETERMINE,UNABLE TO DETERMINE,5323,S,CENTRAL AVE,814,,,,,,,2,NO INDICATION OF INJURY,0,0,0,0,0,2,0,13,6,11,41.795744584,-87.762262253,POINT (-87.762262253154 41.795744584003)
JA506633,,11/10/2017 01:30:00 PM,30,TRAFFIC SIGNAL,FUNCTIONING PROPERLY,SNOW,DAYLIGHT,FIXED OBJECT,DIVIDED - W/MEDIAN (NOT RAISED),4,STRAIGHT ON GRADE,WET,NO DEFECTS,ON SCENE,INJURY AND / OR TOW DUE TO CRASH,Y,Y,,"OVER $1,500",11/10/2017 02:41:00 PM,EXCEEDING AUTHORIZED SPEED LIMIT,FAILING TO REDUCE SPEED TO AVOID CRASH,2458,S,DAMEN AVE,1034,,,,,,,2,NONINCAPACITATING INJURY,1,0,0,1,0,1,0,13,6,11,41.846864177,-87.675848237,POINT (-87.675848237442 41.846864177462)
JA506681,Y,11/10/2017 01:30:00 PM,30,STOP SIGN/FLASHER,FUNCTIONING PROPERLY,CLEAR,DAYLIGHT,REAR END,NOT DIVIDED,,STRAIGHT AND LEVEL,DRY,NO DEFECTS,NOT ON SCENE (DESK REPORT),NO INJURY / DRIVE AWAY,,,Y,"OVER $1,500",11/10/2017 03:33:00 PM,FOLLOWING TOO CLOSELY,NOT APPLICABLE,100,E,OHIO ST,1834,,,,,,,2,NO INDICATION OF INJURY,0,0,0,0,0,2,0,13,6,11,41.892637896,-87.625341406,POINT (-87.625341405856 41.89263789576)
JA507912,,11/10/2017 01:30:00 PM,30,TRAFFIC SIGNAL,FUNCTIONING PROPERLY,UNKNOWN,DAYLIGHT,REAR END,NOT DIVIDED,2,STRAIGHT AND LEVEL,UNKNOWN,UNKNOWN,NOT ON SCENE (DESK REPORT),NO INJURY / DRIVE AWAY,,,,"$501 - $1,500",11/11/2017 02:30:00 PM,FOLLOWING TOO CLOSELY,NOT APPLICABLE,6259,S,PULASKI RD,823,,,,,,,2,NO INDICATION OF INJURY,0,0,0,0,0,2,0,13,6,11,41.778705045,-87.722614781,POINT (-87.722614780872 41.778705044721)
JA506533,,11/10/2017 01:40:00 PM,30,NO CONTROLS,NO CONTROLS,SNOW,DAYLIGHT,PARKED MOTOR VEHICLE,ALLEY,,STRAIGHT AND LEVEL,ICE,NO DEFECTS,,NO INJURY / DRIVE AWAY,,,,"$501 - $1,500",11/10/2017 01:40:00 PM,FAILING TO REDUCE SPEED TO AVOID CRASH,FAILING TO YIELD RIGHT-OF-WAY,2150,N,BISSELL ST,1812,,,,,,,2,NO INDICATION OF INJURY,0,0,0,0,0,3,0,13,6,11,41.92144012,-87.652411819,POINT (-87.652411819265 41.921440120202)
JA506576,,11/10/2017 01:45:00 PM,30,TRAFFIC SIGNAL,FUNCTIONING PROPERLY,SNOW,DAYLIGHT,ANGLE,NOT DIVIDED,,STRAIGHT AND LEVEL,WET,NO DEFECTS,ON SCENE,INJURY AND / OR TOW DUE TO CRASH,Y,,,$500 OR LESS,11/10/2017 01:51:00 PM,UNABLE TO DETERMINE,NOT APPLICABLE,859,W,ALDINE AVE,1924,,,,,,,2,NONINCAPACITATING INJURY,1,0,0,1,0,1,0,13,6,11,41.941664193,-87.651726969,POINT (-87.651726969466 41.941664193437)
JA506564,,11/10/2017 01:45:00 PM,30,OTHER,FUNCTIONING PROPERLY,SNOW,DAYLIGHT,PARKED MOTOR VEHICLE,DIVIDED - W/MEDIAN (NOT RAISED),2,STRAIGHT AND LEVEL,WET,OTHER,ON SCENE,INJURY AND / OR TOW DUE TO CRASH,,,,"OVER $1,500",11/10/2017 01:59:00 PM,IMPROPER OVERTAKING/PASSING,IMPROPER LANE USAGE,6244,W,MONTROSE AVE,1622,,,,,,,2,NO INDICATION OF INJURY,0,0,0,0,0,1,0,13,6,11,41.960369194,-87.783708074,POINT (-87.783708074352 41.960369194146)
JA506546,,11/10/2017 01:45:00 PM,25,NO CONTROLS,NO CONTROLS,CLEAR,DAYLIGHT,SIDESWIPE SAME DIRECTION,DIVIDED - W/MEDIAN (NOT RAISED),4,STRAIGHT AND LEVEL,DRY,NO DEFECTS,NOT ON SCENE (DESK REPORT),NO INJURY / DRIVE AWAY,,,Y,"$501 - $1,500",11/10/2017 01:55:00 PM,UNABLE TO DETERMINE,UNABLE TO DETERMINE,5636,S,KEDZIE AVE,822,,,,,,,2,NO INDICATION OF INJURY,0,0,0,0,0,2,0,13,6,11,41.790591505,-87.703619806,POINT (-87.703619805559 41.790591504621)
JA506646,,11/10/2017 01:48:00 PM,30,UNKNOWN,NO CONTROLS,CLEAR,DAYLIGHT,REAR END,DIVIDED - W/MEDIAN (NOT RAISED),2,STRAIGHT AND LEVEL,WET,NO DEFECTS,NOT ON SCENE (DESK REPORT),NO INJURY / DRIVE AWAY,,,Y,"OVER $1,500",11/10/2017 03:15:00 PM,FOLLOWING TOO CLOSELY,DRIVING SKILLS/KNOWLEDGE/EXPERIENCE,4838,N,ELSTON AVE,1712,,,,,,,2,NO INDICATION OF INJURY,0,0,0,0,0,2,0,13,6,11,41.968702006,-87.74135241,POINT (-87.741352410226 41.968702005537)
JA509513,,11/10/2017 01:48:00 PM,30,TRAFFIC SIGNAL,NO CONTROLS,CLEAR,DAYLIGHT,TURNING,NOT DIVIDED,2,STRAIGHT AND LEVEL,WET,NO DEFECTS,NOT ON SCENE (DESK REPORT),NO INJURY / DRIVE AWAY,,,,$500 OR LESS,11/12/2017 11:02:00 PM,UNABLE TO DETERMINE,UNABLE TO DETERMINE,3300,N,CLARK ST,1924,,,,,,,2,NO INDICATION OF INJURY,0,0,0,0,0,2,0,13,6,11,41.941747288,-87.652298689,POINT (-87.652298689485 41.941747287815)
JA506566,,11/10/2017 01:50:00 PM,30,TRAFFIC SIGNAL,FUNCTIONING PROPERLY,CLOUDY/OVERCAST,DAYLIGHT,TURNING,NOT DIVIDED,,STRAIGHT AND LEVEL,SNOW OR SLUSH,UNKNOWN,NOT ON SCENE (DESK REPORT),NO INJURY / DRIVE AWAY,,,Y,"$501 - $1,500",11/10/2017 02:13:00 PM,FAILING TO YIELD RIGHT-OF-WAY,FAILING TO YIELD RIGHT-OF-WAY,4370,W,ROOSEVELT RD,1131,,,,,,,2,NO INDICATION OF INJURY,0,0,0,0,0,3,0,13,6,11,41.866143539,-87.734905998,POINT (-87.734905998265 41.866143539318)
JA506634,,11/10/2017 01:50:00 PM,30,NO CONTROLS,NO CONTROLS,SNOW,DAYLIGHT,ANGLE,NOT DIVIDED,2,STRAIGHT AND LEVEL,WET,UNKNOWN,NOT ON SCENE (DESK REPORT),NO INJURY / DRIVE AWAY,,,,"OVER $1,500",11/10/2017 03:05:00 PM,PHYSICAL CONDITION OF DRIVER,UNABLE TO DETERMINE,55,N,PINE AVE,1522,,,,,,,3,NO INDICATION OF INJURY,0,0,0,0,0,2,0,13,6,11,41.881936942,-87.763098318,POINT (-87.763098317817 41.881936942154)
JA506569,,11/10/2017 01:57:00 PM,30,NO CONTROLS,NO CONTROLS,CLEAR,DAYLIGHT,FIXED OBJECT,DIVIDED - W/MEDIAN (NOT RAISED),2,STRAIGHT AND LEVEL,WET,NO DEFECTS,ON SCENE,NO INJURY / DRIVE AWAY,N,Y,,"OVER $1,500",11/10/2017 01:57:00 PM,FAILING TO YIELD RIGHT-OF-WAY,NOT APPLICABLE,1300,N,ELSTON AVE,1433,,,,,,,1,NO INDICATION OF INJURY,0,0,0,0,0,1,0,13,6,11,41.905399955,-87.659754352,POINT (-87.659754352179 41.905399955031)
JA506615,,11/10/2017 02:00:00 PM,25,TRAFFIC SIGNAL,FUNCTIONING PROPERLY,SNOW,DAYLIGHT,REAR END,ONE-WAY,,STRAIGHT AND LEVEL,WET,UNKNOWN,NOT ON SCENE (DESK REPORT),NO INJURY / DRIVE AWAY,,,,"OVER $1,500",11/10/2017 02:45:00 PM,EQUIPMENT - VEHICLE CONDITION,UNABLE TO DETERMINE,1559,S,HAMLIN AVE,1014,,,,,,,2,NO INDICATION OF INJURY,0,0,0,0,0,2,0,14,6,11,41.859028118,-87.71993989,POINT (-87.719939890459 41.859028118401)
JA506807,,11/10/2017 02:00:00 PM,30,NO CONTROLS,NO CONTROLS,UNKNOWN,DAYLIGHT,PARKED MOTOR VEHICLE,NOT DIVIDED,2,STRAIGHT AND LEVEL,UNKNOWN,NO DEFECTS,ON SCENE,NO INJURY / DRIVE AWAY,,,Y,"OVER $1,500",11/10/2017 03:09:00 PM,UNABLE TO DETERMINE,NOT APPLICABLE,2159,W,19TH ST,1234,,,,,,,2,NO INDICATION OF INJURY,0,0,0,0,0,1,0,14,6,11,41.855672516,-87.680722406,POINT (-87.680722405523 41.85567251619)
JA507270,,11/10/2017 02:00:00 PM,25,STOP SIGN/FLASHER,FUNCTIONING PROPERLY,SNOW,DAYLIGHT,PARKED MOTOR VEHICLE,NOT DIVIDED,2,STRAIGHT AND LEVEL,ICE,NO DEFECTS,NOT ON SCENE (DESK REPORT),NO INJURY / DRIVE AWAY,Y,,,"OVER $1,500",11/10/2017 11:58:00 PM,WEATHER,UNABLE TO DETERMINE,320,N,MORGAN ST,1214,,,,,,,2,NO INDICATION OF INJURY,0,0,0,0,0,1,0,14,6,11,41.887446219,-87.652338949,POINT (-87.652338948536 41.887446218749)
JA506584,,11/10/2017 02:00:00 PM,30,NO CONTROLS,NO CONTROLS,SNOW,DAYLIGHT,PARKED MOTOR VEHICLE,NOT DIVIDED,2,STRAIGHT AND LEVEL,SNOW OR SLUSH,NO DEFECTS,NOT ON SCENE (DESK REPORT),NO INJURY / DRIVE AWAY,,,,"OVER $1,500",11/10/2017 02:25:00 PM,WEATHER,NOT APPLICABLE,1390,W,ROSCOE ST,1924,,,,,,,2,NO INDICATION OF INJURY,0,0,0,0,0,2,0,14,6,11,41.943529764,-87.663799329,POINT (-87.663799329347 41.943529764192)
JA537939,Y,11/10/2017 02:00:00 PM,30,TRAFFIC SIGNAL,FUNCTIONING PROPERLY,CLEAR,DAYLIGHT,TURNING,DIVIDED - W/MEDIAN (NOT RAISED),,STRAIGHT AND LEVEL,DRY,NO DEFECTS,NOT ON SCENE (DESK REPORT),NO INJURY / DRIVE AWAY,,,,"OVER $1,500",12/05/2017 04:40:00 PM,UNABLE TO DETERMINE,UNABLE TO DETERMINE,1224,S,JEFFERSON ST,124,,,,,,,2,NO INDICATION OF INJURY,0,0,0,0,0,2,0,14,6,11,41.866482982,-87.642310643,POINT (-87.642310642523 41.866482982425)
JA506999,,11/10/2017 02:20:00 PM,35,NO CONTROLS,NO CONTROLS,CLEAR,DARKNESS,SIDESWIPE SAME DIRECTION,NOT DIVIDED,2,STRAIGHT AND LEVEL,DRY,NO DEFECTS,NOT ON SCENE (DESK REPORT),NO INJURY / DRIVE AWAY,,,,$500 OR LESS,11/10/2017 07:30:00 PM,NOT APPLICABLE,NOT APPLICABLE,1234,N,HALSTED ST,1822,,,,,,,2,NO INDICATION OF INJURY,0,0,0,0,0,2,0,14,6,11,41.904502107,-87.648266868,POINT (-87.648266867804 41.90450210718)
JA506597,Y,11/10/2017 02:20:00 PM,30,TRAFFIC SIGNAL,FUNCTIONING PROPERLY,RAIN,DAYLIGHT,TURNING,NOT DIVIDED,2,STRAIGHT AND LEVEL,WET,NO DEFECTS,NOT ON SCENE (DESK REPORT),NO INJURY / DRIVE AWAY,,,,"OVER $1,500",11/10/2017 02:40:00 PM,FAILING TO REDUCE SPEED TO AVOID CRASH,DISREGARDING TRAFFIC SIGNALS,1800,S,CANAL ST,1235,,,,,,,2,NO INDICATION OF INJURY,0,0,0,0,0,2,0,14,6,11,41.857564071,-87.639078911,POINT (-87.639078910579 41.857564070819)
JA506589,,11/10/2017 02:20:00 PM,30,TRAFFIC SIGNAL,FUNCTIONING PROPERLY,SNOW,DAYLIGHT,SIDESWIPE SAME DIRECTION,ONE-WAY,,STRAIGHT AND LEVEL,WET,NO DEFECTS,NOT ON SCENE (DESK REPORT),NO INJURY / DRIVE AWAY,,,,"$501 - $1,500",11/10/2017 02:38:00 PM,IMPROPER LANE USAGE,UNABLE TO DETERMINE,175,W,JACKSON BLVD,122,,,,,,,2,NO INDICATION OF INJURY,0,0,0,0,0,2,0,14,6,11,41.878014487,-87.63318903,POINT (-87.633189030014 41.87801448725)
JA506662,,11/10/2017 02:20:00 PM,30,STOP SIGN/FLASHER,UNKNOWN,SNOW,DAYLIGHT,TURNING,CENTER TURN LANE,,STRAIGHT AND LEVEL,SNOW OR SLUSH,UNKNOWN,NOT ON SCENE (DESK REPORT),INJURY AND / OR TOW DUE TO CRASH,Y,,,"OVER $1,500",11/10/2017 03:45:00 PM,WEATHER,EXCEEDING SAFE SPEED FOR CONDITIONS,1131,W,BLACKHAWK ST,1822,,,,,,,2,NO INDICATION OF INJURY,0,0,0,0,0,2,0,14,6,11,41.907040041,-87.656666675,POINT (-87.656666674525 41.907040041371)
JA506674,,11/10/2017 02:22:00 PM,30,STOP SIGN/FLASHER,FUNCTIONING PROPERLY,CLEAR,DAYLIGHT,ANGLE,NOT DIVIDED,,STRAIGHT AND LEVEL,DRY,NO DEFECTS,ON SCENE,INJURY AND / OR TOW DUE TO CRASH,Y,,,"OVER $1,500",11/10/2017 02:47:00 PM,FAILING TO YIELD RIGHT-OF-WAY,IMPROPER LANE USAGE,13200,S,BRAINARD AVE,433,,,,,,,2,NO INDICATION OF INJURY,0,0,0,0,0,3,0,14,6,11,41.655233811,-87.554874884,POINT (-87.554874883687 41.655233811423)
JA506604,,11/10/2017 02:30:00 PM,30,TRAFFIC SIGNAL,FUNCTIONING PROPERLY,SNOW,DAYLIGHT,REAR END,NOT DIVIDED,2,STRAIGHT AND LEVEL,SNOW OR SLUSH,NO DEFECTS,NOT ON SCENE (DESK REPORT),NO INJURY / DRIVE AWAY,,,,"$501 - $1,500",11/10/2017 02:51:00 PM,FOLLOWING TOO CLOSELY,UNABLE TO DETERMINE,3545,W,CONGRESS PKWY,1133,,,,,,,2,NO INDICATION OF INJURY,0,0,0,0,0,2,0,14,6,11,41.874376943,-87.714946301,POINT (-87.714946301004 41.874376942573)
JA511304,,11/10/2017 02:30:00 PM,10,NO CONTROLS,NO CONTROLS,SNOW,DAYLIGHT,ANGLE,ALLEY,,STRAIGHT AND LEVEL,SNOW OR SLUSH,UNKNOWN,NOT ON SCENE (DESK REPORT),NO INJURY / DRIVE AWAY,,,,"OVER $1,500",11/14/2017 11:19:00 AM,UNABLE TO DETERMINE,UNABLE TO DETERMINE,2633,W,TOUHY AVE,2411,,,,,,,2,NO INDICATION OF INJURY,0,0,0,0,0,2,0,14,6,11,42.012036689,-87.696316274,POINT (-87.696316274306 42.012036688819)
JA506635,,11/10/2017 02:30:00 PM,25,NO CONTROLS,NO CONTROLS,CLEAR,DAYLIGHT,SIDESWIPE SAME DIRECTION,DIVIDED - W/MEDIAN (NOT RAISED),2,STRAIGHT AND LEVEL,DRY,NO DEFECTS,NOT ON SCENE (DESK REPORT),NO INJURY / DRIVE AWAY,,,Y,"$501 - $1,500",11/10/2017 03:04:00 PM,UNABLE TO DETERMINE,UNABLE TO DETERMINE,6835,W,64TH ST,812,,,,,,,2,NO INDICATION OF INJURY,0,0,0,0,0,2,0,14,6,11,41.775574931,-87.792381906,POINT (-87.792381906382 41.775574930726)
JA506645,,11/10/2017 02:30:00 PM,25,NO CONTROLS,NO CONTROLS,CLEAR,DAYLIGHT,REAR END,DIVIDED - W/MEDIAN (NOT RAISED),,STRAIGHT AND LEVEL,DRY,NO DEFECTS,ON SCENE,INJURY AND / OR TOW DUE TO CRASH,,,,"OVER $1,500",11/10/2017 02:50:00 PM,FOLLOWING TOO CLOSELY,NOT APPLICABLE,8721,S,WESTERN AVE,2221,,,,,,,2,"REPORTED, NOT EVIDENT",1,0,0,0,1,4,0,14,6,11,41.734914807,-87.682348057,POINT (-87.68234805687 41.734914806635)
JA506749,,11/10/2017 02:36:00 PM,30,TRAFFIC SIGNAL,FUNCTIONING PROPERLY,CLEAR,DAYLIGHT,SIDESWIPE SAME DIRECTION,NOT DIVIDED,,STRAIGHT AND LEVEL,SNOW OR SLUSH,NO DEFECTS,NOT ON SCENE (DESK REPORT),NO INJURY / DRIVE AWAY,Y,,Y,"$501 - $1,500",11/10/2017 04:26:00 PM,IMPROPER OVERTAKING/PASSING,NOT APPLICABLE,800,W,NORTH AVE,1813,,,,,,,2,NO INDICATION OF INJURY,0,0,0,0,0,2,0,14,6,11,41.91102851,-87.648335806,POINT (-87.64833580602 41.911028509812)
JA509871,,11/10/2017 02:40:00 PM,25,NO CONTROLS,NO CONTROLS,CLEAR,DAYLIGHT,SIDESWIPE SAME DIRECTION,NOT DIVIDED,,STRAIGHT AND LEVEL,DRY,NO DEFECTS,NOT ON SCENE (DESK REPORT),NO INJURY / DRIVE AWAY,,,,"$501 - $1,500",11/13/2017 09:45:00 AM,IMPROPER OVERTAKING/PASSING,UNABLE TO DETERMINE,928,W,DIVISION ST,1822,,,,,,,2,NO INDICATION OF INJURY,0,0,0,0,0,2,0,14,6,11,41.903694607,-87.652228588,POINT (-87.652228587731 41.903694606841)
JA506625,,11/10/2017 02:45:00 PM,35,TRAFFIC SIGNAL,FUNCTIONING PROPERLY,SNOW,DAYLIGHT,HEAD ON,NOT DIVIDED,,STRAIGHT AND LEVEL,WET,NO DEFECTS,ON SCENE,INJURY AND / OR TOW DUE TO CRASH,Y,,,"$501 - $1,500",11/10/2017 02:51:00 PM,UNABLE TO DETERMINE,NOT APPLICABLE,3600,W,JACKSON BLVD,1122,,,,,,,2,NO INDICATION OF INJURY,0,0,0,0,0,2,0,14,6,11,41.877320853,-87.715811665,POINT (-87.715811664874 41.877320853015)
JA506621,,11/10/2017 02:47:00 PM,30,TRAFFIC SIGNAL,FUNCTIONING PROPERLY,SNOW,DAYLIGHT,PEDESTRIAN,NOT DIVIDED,2,STRAIGHT AND LEVEL,WET,NO DEFECTS,ON SCENE,INJURY AND / OR TOW DUE TO CRASH,Y,,Y,"OVER $1,500",11/10/2017 02:48:00 PM,FAILING TO YIELD RIGHT-OF-WAY,UNABLE TO DETERMINE,3962,W,GRAND AVE,2535,,,,,,,2,NONINCAPACITATING INJURY,1,0,0,1,0,1,0,14,6,11,41.906164588,-87.72611852,POINT (-87.7261185197 41.906164588316)