RD_NO,CRASH_DATE_EST_I,CRASH_DATE,POSTED_SPEED_LIMIT,TRAFFIC_CONTROL_DEVICE,DEVICE_CONDITION,WEATHER_CONDITION,LIGHTING_CONDITION,FIRST_CRASH_TYPE,TRAFFICWAY_TYPE,LANE_CNT,ALIGNMENT,ROADWAY_SURFACE_COND,ROAD_DEFECT,REPORT_TYPE,CRASH_TYPE,INTERSECTION_RELATED_I,NOT_RIGHT_OF_WAY_I,HIT_AND_RUN_I,DAMAGE,DATE_POLICE_NOTIFIED,PRIM_CONTRIBUTORY_CAUSE,SEC_CONTRIBUTORY_CAUSE,STREET_NO,STREET_DIRECTION,STREET_NAME,BEAT_OF_OCCURRENCE,PHOTOS_TAKEN_I,STATEMENTS_TAKEN_I,DOORING_I,WORK_ZONE_I,WORK_ZONE_TYPE,WORKERS_PRESENT_I,NUM_UNITS,MOST_SEVERE_INJURY,INJURIES_TOTAL,INJURIES_FATAL,INJURIES_INCAPACITATING,INJURIES_NON_INCAPACITATING,INJURIES_REPORTED_NOT_EVIDENT,INJURIES_NO_INDICATION,INJURIES_UNKNOWN,CRASH_HOUR,CRASH_DAY_OF_WEEK,CRASH_MONTH,LATITUDE,LONGITUDE,LOCATION
JA506696,,11/10/2017 02:48:00 PM,30,STOP SIGN/FLASHER,OTHER,SNOW,DAYLIGHT,REAR END,DIVIDED - W/MEDIAN (NOT RAISED),,STRAIGHT AND LEVEL,WET,NO DEFECTS,NOT ON SCENE (DESK REPORT),NO INJURY / DRIVE AWAY,,,Y,"$501 - $1,500",11/10/2017 03:51:00 PM,FOLLOWING TOO CLOSELY,UNABLE TO DETERMINE,1307,W,HURON ST,1215,,,,,,,2,NO INDICATION OF INJURY,0,0,0,0,0,2,0,14,6,11,41.894257356,-87.659901304,POINT (-87.659901303811 41.894257356416)
JA506678,,11/10/2017 02:50:00 PM,30,STOP SIGN/FLASHER,FUNCTIONING PROPERLY,SNOW,DAYLIGHT,PARKED MOTOR VEHICLE,NOT DIVIDED,2,STRAIGHT AND LEVEL,SNOW OR SLUSH,NO DEFECTS,ON SCENE,NO INJURY / DRIVE AWAY,,,,"OVER $1,500",11/10/2017 03:18:00 PM,WEATHER,UNABLE TO DETERMINE,1859,W,WALNUT ST,1223,,,,,,,2,NO INDICATION OF INJURY,0,0,0,0,0,1,0,14,6,11,41.885910627,-87.674198072,POINT (-87.674198071985 41.885910626882)
JA506689,,11/10/2017 02:50:00 PM,30,YIELD,NO CONTROLS,CLEAR,DAYLIGHT,ANGLE,ONE-WAY,1,STRAIGHT AND LEVEL,WET,NO DEFECTS,NOT ON SCENE (DESK REPORT),NO INJURY / DRIVE AWAY,,,,"$501 - $1,500",11/10/2017 03:00:00 PM,UNABLE TO DETERMINE,NOT APPLICABLE,4011,N,BERNARD ST,1723,,,,,,,2,NO INDICATION OF INJURY,0,0,0,0,0,2,0,14,6,11,41.954214221,-87.714005134,POINT (-87.714005133764 41.954214221234)
JA506703,,11/10/2017 02:50:00 PM,30,STOP SIGN/FLASHER,UNKNOWN,SNOW,DAYLIGHT,TURNING,CENTER TURN LANE,4,STRAIGHT AND LEVEL,SNOW OR SLUSH,OTHER,NOT ON SCENE (DESK REPORT),INJURY AND / OR TOW DUE TO CRASH,Y,,,"$501 - $1,500",11/10/2017 03:55:00 PM,WEATHER,EXCEEDING SAFE SPEED FOR CONDITIONS,1131,W,BLACKHAWK ST,1822,,N,,,,,2,NO INDICATION OF INJURY,0,0,0,0,0,2,0,14,6,11,41.907040041,-87.656666675,POINT (-87.656666674525 41.907040041371)
JA506656,,11/10/2017 02:50:00 PM,30,STOP SIGN/FLASHER,FUNCTIONING PROPERLY,CLEAR,DAYLIGHT,REAR END,NOT DIVIDED,2,STRAIGHT AND LEVEL,SNOW OR SLUSH,NO DEFECTS,NOT ON SCENE (DESK REPORT),NO INJURY / DRIVE AWAY,,,,"OVER $1,500",11/10/2017 03:23:00 PM,UNABLE TO DETERMINE,NOT APPLICABLE,1900,W,ERIE ST,1221,,,,,,,2,NO INDICATION OF INJURY,0,0,0,0,0,4,0,14,6,11,41.893320597,-87.67465755,POINT (-87.674657550163 41.893320596656)
JA506654,,11/10/2017 02:55:00 PM,30,TRAFFIC SIGNAL,FUNCTIONING PROPERLY,CLEAR,DAYLIGHT,TURNING,NOT DIVIDED,2,STRAIGHT AND LEVEL,DRY,NO DEFECTS,NOT ON SCENE (DESK REPORT),NO INJURY / DRIVE AWAY,Y,,,"OVER $1,500",11/10/2017 02:57:00 PM,FAILING TO YIELD RIGHT-OF-WAY,NOT APPLICABLE,2600,S,WENTWORTH AVE,914,,,,,,,2,NO INDICATION OF INJURY,0,0,0,0,0,4,0,14,6,11,41.845494944,-87.631970431,POINT (-87.631970431289 41.845494943967)
JA506640,,11/10/2017 02:55:00 PM,30,NO CONTROLS,NO CONTROLS,CLEAR,DAYLIGHT,SIDESWIPE OPPOSITE DIRECTION,DIVIDED - W/MEDIAN (NOT RAISED),,STRAIGHT AND LEVEL,DRY,NO DEFECTS,ON SCENE,INJURY AND / OR TOW DUE TO CRASH,,,,"OVER $1,500",11/10/2017 03:05:00 PM,IMPROPER LANE USAGE,NOT APPLICABLE,2698,W,115TH ST,2212,,,,,,,2,NO INDICATION OF INJURY,0,0,0,0,0,2,0,14,6,11,41.684549954,-87.688234516,POINT (-87.688234515587 41.684549953993)
JA506697,,11/10/2017 03:00:00 PM,30,TRAFFIC SIGNAL,FUNCTIONING PROPERLY,CLEAR,DAYLIGHT,REAR END,NOT DIVIDED,2,STRAIGHT AND LEVEL,SNOW OR SLUSH,NO DEFECTS,NOT ON SCENE (DESK REPORT),NO INJURY / DRIVE AWAY,,,,"$501 - $1,500",11/10/2017 03:52:00 PM,FOLLOWING TOO CLOSELY,FAILING TO REDUCE SPEED TO AVOID CRASH,7435,W,TALCOTT AVE,1612,Y,,,,,,2,NO INDICATION OF INJURY,0,0,0,0,0,2,0,15,6,11,41.988575183,-87.812977912,POINT (-87.812977912195 41.988575182799)
JA507902,,11/10/2017 03:00:00 PM,30,TRAFFIC SIGNAL,FUNCTIONING PROPERLY,RAIN,DAYLIGHT,REAR END,NOT DIVIDED,4,STRAIGHT AND LEVEL,WET,"RUT, HOLES",NOT ON SCENE (DESK REPORT),NO INJURY / DRIVE AWAY,Y,,,"$501 - $1,500",11/11/2017 02:10:00 PM,UNABLE TO DETERMINE,UNABLE TO DETERMINE,4300,S,COTTAGE GROVE AVE,221,,,,,,,2,NO INDICATION OF INJURY,0,0,0,0,0,3,0,15,6,11,41.816721626,-87.606853565,POINT (-87.606853565078 41.816721626101)
JA506667,,11/10/2017 03:00:00 PM,30,STOP SIGN/FLASHER,FUNCTIONING IMPROPERLY,CLOUDY/OVERCAST,DAYLIGHT,ANGLE,NOT DIVIDED,4,STRAIGHT AND LEVEL,DRY,NO DEFECTS,ON SCENE,INJURY AND / OR TOW DUE TO CRASH,Y,,,"OVER $1,500",11/10/2017 03:05:00 PM,FAILING TO REDUCE SPEED TO AVOID CRASH,NOT APPLICABLE,7200,S,WENTWORTH AVE,731,,,,,,,2,NO INDICATION OF INJURY,0,0,0,0,0,2,0,15,6,11,41.76351932,-87.629873071,POINT (-87.629873071249 41.763519320311)
JA507908,,11/10/2017 03:00:00 PM,30,NO CONTROLS,NO CONTROLS,CLEAR,DAYLIGHT,PARKED MOTOR VEHICLE,NOT DIVIDED,2,STRAIGHT AND LEVEL,DRY,NO DEFECTS,NOT ON SCENE (DESK REPORT),NO INJURY / DRIVE AWAY,,,,$500 OR LESS,11/11/2017 02:30:00 PM,FAILING TO YIELD RIGHT-OF-WAY,IMPROPER OVERTAKING/PASSING,4024,W,DIVISION ST,2534,,,,,,,2,NO INDICATION OF INJURY,0,0,0,0,0,3,0,15,6,11,41.902763098,-87.727471045,POINT (-87.7274710447 41.902763097856)
JA507776,,11/10/2017 03:00:00 PM,30,NO CONTROLS,NO CONTROLS,CLEAR,DAYLIGHT,PARKED MOTOR VEHICLE,NOT DIVIDED,2,STRAIGHT AND LEVEL,WET,NO DEFECTS,NOT ON SCENE (DESK REPORT),NO INJURY / DRIVE AWAY,,,,"OVER $1,500",11/11/2017 12:43:00 PM,WEATHER,UNABLE TO DETERMINE,113,N,ELIZABETH ST,1224,,,,,,,2,NO INDICATION OF INJURY,0,0,0,0,0,1,0,15,6,11,41.883320755,-87.658659305,POINT (-87.658659304738 41.883320755329)
JA506663,,11/10/2017 03:00:00 PM,25,NO CONTROLS,NO CONTROLS,CLEAR,DAYLIGHT,SIDESWIPE SAME DIRECTION,NOT DIVIDED,1,STRAIGHT AND LEVEL,DRY,NO DEFECTS,ON SCENE,NO INJURY / DRIVE AWAY,,,,"OVER $1,500",11/10/2017 03:05:00 PM,UNABLE TO DETERMINE,NOT APPLICABLE,7734,S,SPAULDING AVE,835,,,,,,,2,NO INDICATION OF INJURY,0,0,0,0,0,2,0,15,6,11,41.752339129,-87.70504516,POINT (-87.705045159773 41.752339128559)
JA506713,,11/10/2017 03:06:00 PM,30,TRAFFIC SIGNAL,FUNCTIONING PROPERLY,CLEAR,DAYLIGHT,SIDESWIPE SAME DIRECTION,NOT DIVIDED,,STRAIGHT AND LEVEL,DRY,NO DEFECTS,NOT ON SCENE (DESK REPORT),NO INJURY / DRIVE AWAY,,,Y,"OVER $1,500",11/10/2017 04:00:00 PM,UNABLE TO DETERMINE,UNABLE TO DETERMINE,9900,S,HALSTED ST,2232,,,,,,,2,NO INDICATION OF INJURY,0,0,0,0,0,2,0,15,6,11,41.714118868,-87.643145408,POINT (-87.643145408182 41.71411886809)
JA511248,,11/10/2017 03:10:00 PM,30,NO CONTROLS,NO CONTROLS,CLEAR,DAYLIGHT,PARKED MOTOR VEHICLE,DIVIDED - W/MEDIAN (NOT RAISED),,STRAIGHT AND LEVEL,DRY,NO DEFECTS,NOT ON SCENE (DESK REPORT),NO INJURY / DRIVE AWAY,,,,"$501 - $1,500",11/14/2017 10:30:00 AM,UNABLE TO DETERMINE,UNABLE TO DETERMINE,1359,S,BLUE ISLAND AVE,1232,,,,,,,2,NO INDICATION OF INJURY,0,0,0,0,0,1,0,15,6,11,41.863906366,-87.655827451,POINT (-87.65582745106 41.863906365995)
JA506773,Y,11/10/2017 03:10:00 PM,30,NO CONTROLS,NO CONTROLS,CLEAR,DAYLIGHT,PEDESTRIAN,NOT DIVIDED,,STRAIGHT AND LEVEL,SNOW OR SLUSH,UNKNOWN,ON SCENE,INJURY AND / OR TOW DUE TO CRASH,,,,$500 OR LESS,11/10/2017 04:14:00 PM,UNABLE TO DETERMINE,NOT APPLICABLE,2057,W,CERMAK RD,1034,,,,,,,2,NONINCAPACITATING INJURY,1,0,0,1,0,2,0,15,6,11,41.85203031,-87.678090973,POINT (-87.678090973042 41.852030309894)
JA506675,,11/10/2017 03:13:00 PM,30,TRAFFIC SIGNAL,FUNCTIONING PROPERLY,CLOUDY/OVERCAST,DAYLIGHT,REAR END,ONE-WAY,,STRAIGHT AND LEVEL,UNKNOWN,UNKNOWN,NOT ON SCENE (DESK REPORT),NO INJURY / DRIVE AWAY,,,,"$501 - $1,500",11/10/2017 03:33:00 PM,FOLLOWING TOO CLOSELY,FOLLOWING TOO CLOSELY,815,N,KILBOURN AVE,1111,,,,,,,2,NO INDICATION OF INJURY,0,0,0,0,0,3,0,15,6,11,41.895618299,-87.738277183,POINT (-87.738277182916 41.895618299165)
JA506784,,11/10/2017 03:15:00 PM,30,NO CONTROLS,NO CONTROLS,CLEAR,"DARKNESS, LIGHTED ROAD",TURNING,DIVIDED - W/MEDIAN (NOT RAISED),4,STRAIGHT AND LEVEL,DRY,UNKNOWN,NOT ON SCENE (DESK REPORT),NO INJURY / DRIVE AWAY,,,,"OVER $1,500",11/10/2017 04:40:00 PM,UNABLE TO DETERMINE,UNABLE TO DETERMINE,2299,N,PULASKI RD,2525,,,,,,,2,NO INDICATION OF INJURY,0,0,0,0,0,6,0,15,6,11,41.922597137,-87.726892927,POINT (-87.726892926967 41.92259713746)
JA507056,,11/10/2017 03:15:00 PM,30,NO CONTROLS,NO CONTROLS,CLEAR,DAYLIGHT,REAR END,NOT DIVIDED,2,STRAIGHT AND LEVEL,SNOW OR SLUSH,NO DEFECTS,NOT ON SCENE (DESK REPORT),NO INJURY / DRIVE AWAY,,,,"$501 - $1,500",11/10/2017 08:00:00 PM,UNABLE TO DETERMINE,NOT APPLICABLE,3955,N,BROADWAY,1923,,,,,,,2,NO INDICATION OF INJURY,0,0,0,0,0,2,0,15,6,11,41.954385193,-87.650262028,POINT (-87.650262028034 41.954385192945)
JA506699,,11/10/2017 03:18:00 PM,30,NO CONTROLS,NO CONTROLS,CLEAR,DAYLIGHT,REAR END,NOT DIVIDED,2,STRAIGHT AND LEVEL,DRY,NO DEFECTS,ON SCENE,NO INJURY / DRIVE AWAY,,,,"OVER $1,500",11/10/2017 03:18:00 PM,FAILING TO REDUCE SPEED TO AVOID CRASH,UNABLE TO DETERMINE,7200,S,WENTWORTH AVE,731,,,,,,,2,NO INDICATION OF INJURY,0,0,0,0,0,4,0,15,6,11,41.76351932,-87.629873071,POINT (-87.629873071249 41.763519320311)
JA506684,,11/10/2017 03:18:00 PM,30,NO CONTROLS,NO CONTROLS,SNOW,DAYLIGHT,SIDESWIPE SAME DIRECTION,NOT DIVIDED,4,STRAIGHT AND LEVEL,WET,NO DEFECTS,ON SCENE,NO INJURY / DRIVE AWAY,,,Y,"$501 - $1,500",11/10/2017 03:21:00 PM,UNABLE TO DETERMINE,NOT APPLICABLE,810,N,WESTERN AVE,1212,,,,,,,2,NO INDICATION OF INJURY,0,0,0,0,0,2,0,15,6,11,41.896129174,-87.686999383,POINT (-87.68699938289 41.896129174059)
JA506730,,11/10/2017 03:20:00 PM,20,STOP SIGN/FLASHER,FUNCTIONING PROPERLY,CLEAR,DAYLIGHT,REAR END,ONE-WAY,1,STRAIGHT AND LEVEL,ICE,UNKNOWN,NOT ON SCENE (DESK REPORT),NO INJURY / DRIVE AWAY,,,Y,$500 OR LESS,11/10/2017 04:15:00 PM,UNABLE TO DETERMINE,UNABLE TO DETERMINE,2499,W,WINONA ST,2031,,,,,,,2,NO INDICATION OF INJURY,0,0,0,0,0,5,0,15,6,11,41.974754126,-87.692092909,POINT (-87.692092908543 41.974754125522)
JA506722,Y,11/10/2017 03:20:00 PM,25,NO CONTROLS,NO CONTROLS,CLEAR,DAYLIGHT,SIDESWIPE SAME DIRECTION,NOT DIVIDED,,STRAIGHT AND LEVEL,WET,NO DEFECTS,ON SCENE,NO INJURY / DRIVE AWAY,,,,"OVER $1,500",11/10/2017 03:31:00 PM,DRIVING SKILLS/KNOWLEDGE/EXPERIENCE,FAILING TO YIELD RIGHT-OF-WAY,5459,N,NATOMA AVE,1613,,,,,,,3,NO INDICATION OF INJURY,0,0,0,0,0,3,0,15,6,11,41.9809897,-87.792471459,POINT (-87.792471458529 41.980989700332)
JA506655,,11/10/2017 03:20:00 PM,30,NO CONTROLS,NO CONTROLS,CLEAR,DAYLIGHT,REAR END,NOT DIVIDED,2,STRAIGHT AND LEVEL,DRY,NO DEFECTS,ON SCENE,NO INJURY / DRIVE AWAY,,,Y,"OVER $1,500",11/10/2017 03:24:00 PM,FOLLOWING TOO CLOSELY,UNABLE TO DETERMINE,8500,S,JEFFERY BLVD,412,,,,,,,3,NO INDICATION OF INJURY,0,0,0,0,0,3,0,15,6,11,41.740602115,-87.57592146,POINT (-87.575921460076 41.7406021145)
JA511510,,11/10/2017 03:20:00 PM,30,NO CONTROLS,NO CONTROLS,SNOW,DAYLIGHT,REAR END,DIVIDED - W/MEDIAN BARRIER,2,STRAIGHT AND LEVEL,SNOW OR SLUSH,NO DEFECTS,,NO INJURY / DRIVE AWAY,N,,,"OVER $1,500",11/14/2017 02:00:00 PM,FOLLOWING TOO CLOSELY,WEATHER,4131,W,DEVON AVE,1711,,,,,,,2,NO INDICATION OF INJURY,0,0,0,0,0,2,0,15,6,11,41.99713297,-87.7324975,POINT (-87.732497500444 41.99713296951)
JA522286,,11/10/2017 03:23:00 PM,35,NO CONTROLS,NO CONTROLS,CLEAR,DAYLIGHT,REAR END,DIVIDED - W/MEDIAN (NOT RAISED),,STRAIGHT AND LEVEL,DRY,NO DEFECTS,ON SCENE,NO INJURY / DRIVE AWAY,,,,"$501 - $1,500",11/22/2017 08:00:00 AM,FOLLOWING TOO CLOSELY,NOT APPLICABLE,6200,S,PULASKI RD,813,,Y,,,,,2,NO INDICATION OF INJURY,0,0,0,0,0,2,0,15,6,11,41.780423795,-87.722956624,POINT (-87.722956624315 41.780423794511)
JA506983,,11/10/2017 03:30:00 PM,30,TRAFFIC SIGNAL,FUNCTIONING PROPERLY,CLEAR,"DARKNESS, LIGHTED ROAD",TURNING,DIVIDED - W/MEDIAN (NOT RAISED),2,STRAIGHT AND LEVEL,WET,NO DEFECTS,NOT ON SCENE (DESK REPORT),NO INJURY / DRIVE AWAY,Y,,,"OVER $1,500",11/10/2017 06:30:00 PM,FAILING TO YIELD RIGHT-OF-WAY,NOT APPLICABLE,36,E,ONTARIO ST,1834,,,,,,,2,NO INDICATION OF INJURY,0,0,0,0,0,2,0,15,6,11,41.89340183,-87.626831694,POINT (-87.626831694138 41.893401829586)
JA506719,,11/10/2017 03:30:00 PM,30,NO CONTROLS,NO CONTROLS,CLEAR,DAYLIGHT,TURNING,NOT DIVIDED,,STRAIGHT AND LEVEL,DRY,NO DEFECTS,NOT ON SCENE (DESK REPORT),NO INJURY / DRIVE AWAY,,,,"OVER $1,500",11/10/2017 03:52:00 PM,NOT APPLICABLE,NOT APPLICABLE,6900,S,PULASKI RD,833,,,,,,,2,NO INDICATION OF INJURY,0,0,0,0,0,4,0,15,6,11,41.767687732,-87.722630845,POINT (-87.72263084508 41.767687732304)
JA514182,,11/10/2017 03:30:00 PM,30,NO CONTROLS,NO CONTROLS,CLEAR,DAYLIGHT,SIDESWIPE SAME DIRECTION,NOT DIVIDED,1,STRAIGHT AND LEVEL,DRY,NO DEFECTS,NOT ON SCENE (DESK REPORT),NO INJURY / DRIVE AWAY,,,,"OVER $1,500",11/16/2017 03:10:00 PM,EXCEEDING AUTHORIZED SPEED LIMIT,NOT APPLICABLE,3200,N,OCONTO AVE,1631,,,,,,,2,NO INDICATION OF INJURY,0,0,0,0,0,2,0,15,6,11,41.938080174,-87.808107259,POINT (-87.808107258831 41.938080173539)
JA506754,,11/10/2017 03:30:00 PM,30,NO CONTROLS,NO CONTROLS,SNOW,DAYLIGHT,REAR END,ONE-WAY,1,STRAIGHT AND LEVEL,ICE,NO DEFECTS,NOT ON SCENE (DESK REPORT),NO INJURY / DRIVE AWAY,,,,"OVER $1,500",11/10/2017 04:20:00 PM,WEATHER,NOT APPLICABLE,608,W,BARRY AVE,1934,,,,,,,2,NO INDICATION OF INJURY,0,0,0,0,0,2,0,15,6,11,41.93800688,-87.644754571,POINT (-87.644754570701 41.938006880424)
JA506761,,11/10/2017 03:30:00 PM,30,STOP SIGN/FLASHER,FUNCTIONING PROPERLY,CLEAR,DAYLIGHT,REAR END,ONE-WAY,1,STRAIGHT AND LEVEL,ICE,NO DEFECTS,NOT ON SCENE (DESK REPORT),NO INJURY / DRIVE AWAY,Y,,,"OVER $1,500",11/10/2017 04:25:00 PM,FOLLOWING TOO CLOSELY,WEATHER,2159,W,CUYLER AVE,1911,,,,,,,2,NO INDICATION OF INJURY,0,0,0,0,0,4,0,15,6,11,41.954922168,-87.68351562,POINT (-87.683515619615 41.954922167998)
JA508025,,11/10/2017 03:30:00 PM,30,TRAFFIC SIGNAL,FUNCTIONING PROPERLY,CLEAR,DAYLIGHT,SIDESWIPE SAME DIRECTION,NOT DIVIDED,,STRAIGHT AND LEVEL,DRY,NO DEFECTS,NOT ON SCENE (DESK REPORT),INJURY AND / OR TOW DUE TO CRASH,,,Y,"OVER $1,500",11/11/2017 04:00:00 PM,IMPROPER OVERTAKING/PASSING,IMPROPER OVERTAKING/PASSING,6700,S,ASHLAND AVE,725,,,,,,,2,NONINCAPACITATING INJURY,1,0,0,1,0,1,0,15,6,11,41.772098233,-87.664164618,POINT (-87.664164617596 41.77209823278)
JA506727,,11/10/2017 03:30:00 PM,30,NO CONTROLS,NO CONTROLS,SNOW,DAYLIGHT,REAR END,DIVIDED - W/MEDIAN (NOT RAISED),2,STRAIGHT AND LEVEL,SNOW OR SLUSH,NO DEFECTS,NOT ON SCENE (DESK REPORT),NO INJURY / DRIVE AWAY,,,,"OVER $1,500",11/10/2017 04:10:00 PM,UNABLE TO DETERMINE,UNABLE TO DETERMINE,2102,N,AUSTIN AVE,2512,,,,,,,2,NO INDICATION OF INJURY,0,0,0,0,0,2,0,15,6,11,41.918069619,-87.775667381,POINT (-87.775667381434 41.918069619148)
JA506709,,11/10/2017 03:30:00 PM,25,NO CONTROLS,NO CONTROLS,SNOW,DAYLIGHT,PEDALCYCLIST,NOT DIVIDED,2,STRAIGHT ON GRADE,SNOW OR SLUSH,NO DEFECTS,ON SCENE,INJURY AND / OR TOW DUE TO CRASH,,,,$500 OR LESS,11/10/2017 03:35:00 PM,UNABLE TO DETERMINE,NOT APPLICABLE,4719,N,MANOR AVE,1713,,,,,,,2,NONINCAPACITATING INJURY,1,0,0,1,0,1,0,15,6,11,41.967224611,-87.701909049,POINT (-87.701909049033 41.967224610865)
JA507009,,11/10/2017 03:30:00 PM,30,UNKNOWN,UNKNOWN,UNKNOWN,DAYLIGHT,PARKED MOTOR VEHICLE,NOT DIVIDED,,STRAIGHT AND LEVEL,DRY,NO DEFECTS,ON SCENE,INJURY AND / OR TOW DUE TO CRASH,,,Y,"OVER $1,500",11/10/2017 07:00:00 PM,NOT APPLICABLE,NOT APPLICABLE,41,N,BISHOP ST,1224,,,,,,,2,NO INDICATION OF INJURY,0,0,0,0,0,1,0,15,6,11,41.882811462,-87.663579533,POINT (-87.663579533466 41.88281146226)
JA506718,,11/10/2017 03:30:00 PM,30,TRAFFIC SIGNAL,FUNCTIONING PROPERLY,CLEAR,DAYLIGHT,SIDESWIPE SAME DIRECTION,ONE-WAY,3,STRAIGHT AND LEVEL,WET,NO DEFECTS,NOT ON SCENE (DESK REPORT),NO INJURY / DRIVE AWAY,Y,,,"$501 - $1,500",11/10/2017 03:55:00 PM,UNABLE TO DETERMINE,UNABLE TO DETERMINE,110,E,ERIE ST,1834,,,,,,,2,NO INDICATION OF INJURY,0,0,0,0,0,3,0,15,6,11,41.894236137,-87.624839331,POINT (-87.624839330885 41.894236137077)
JA506789,,11/10/2017 03:30:00 PM,30,NO CONTROLS,NO CONTROLS,CLEAR,DAYLIGHT,PARKED MOTOR VEHICLE,NOT DIVIDED,2,STRAIGHT AND LEVEL,SNOW OR SLUSH,NO DEFECTS,NOT ON SCENE (DESK REPORT),NO INJURY / DRIVE AWAY,,,Y,"$501 - $1,500",11/10/2017 04:44:00 PM,NOT APPLICABLE,NOT APPLICABLE,7050,W,DIVERSEY AVE,2511,Y,,,,,,2,NO INDICATION OF INJURY,0,0,0,0,0,1,0,15,6,11,41.930905541,-87.802889651,POINT (-87.802889651077 41.930905540915)
JA510167,,11/10/2017 03:35:00 PM,30,NO CONTROLS,NO CONTROLS,UNKNOWN,DAYLIGHT,PARKED MOTOR VEHICLE,NOT DIVIDED,2,STRAIGHT AND LEVEL,SNOW OR SLUSH,UNKNOWN,NOT ON SCENE (DESK REPORT),NO INJURY / DRIVE AWAY,,,Y,"OVER $1,500",11/13/2017 01:05:00 PM,UNABLE TO DETERMINE,UNABLE TO DETERMINE,9450,S,WENTWORTH AVE,634,,,,,,,2,NO INDICATION OF INJURY,0,0,0,0,0,1,0,15,6,11,41.721982482,-87.628816256,POINT (-87.628816255555 41.72198248182)
JA520871,,11/10/2017 03:40:00 PM,30,STOP SIGN/FLASHER,FUNCTIONING PROPERLY,RAIN,"DARKNESS, LIGHTED ROAD",TURNING,NOT DIVIDED,,STRAIGHT AND LEVEL,DRY,NO DEFECTS,NOT ON SCENE (DESK REPORT),NO INJURY / DRIVE AWAY,,,,"$501 - $1,500",11/21/2017 07:11:00 PM,UNABLE TO DETERMINE,UNABLE TO DETERMINE,3049,W,GRAND AVE,1211,,,,,,,2,NO INDICATION OF INJURY,0,0,0,0,0,2,0,15,6,11,41.896799032,-87.703153612,POINT (-87.703153612416 41.896799031604)
JA506756,,11/10/2017 03:40:00 PM,25,NO CONTROLS,NO CONTROLS,CLEAR,DAYLIGHT,ANGLE,DIVIDED - W/MEDIAN (NOT RAISED),2,STRAIGHT AND LEVEL,DRY,NO DEFECTS,NOT ON SCENE (DESK REPORT),NO INJURY / DRIVE AWAY,,,,"$501 - $1,500",11/10/2017 04:17:00 PM,UNABLE TO DETERMINE,UNABLE TO DETERMINE,4700,S,KEELER AVE,815,,,,,,,2,NO INDICATION OF INJURY,0,0,0,0,0,2,0,15,6,11,41.807716814,-87.728619895,POINT (-87.728619895431 41.807716813824)
JA506724,,11/10/2017 03:40:00 PM,30,NO CONTROLS,UNKNOWN,CLEAR,DAWN,HEAD ON,NOT DIVIDED,2,STRAIGHT AND LEVEL,DRY,NO DEFECTS,ON SCENE,INJURY AND / OR TOW DUE TO CRASH,,,,"OVER $1,500",11/10/2017 03:43:00 PM,FAILING TO REDUCE SPEED TO AVOID CRASH,IMPROPER OVERTAKING/PASSING,2005,W,69TH ST,735,Y,,,,,,2,NONINCAPACITATING INJURY,1,0,0,1,0,6,0,15,6,11,41.76832753,-87.673895809,POINT (-87.673895808656 41.768327530241)
JA506785,,11/10/2017 03:45:00 PM,25,STOP SIGN/FLASHER,FUNCTIONING PROPERLY,SNOW,DAYLIGHT,PARKED MOTOR VEHICLE,NOT DIVIDED,1,STRAIGHT AND LEVEL,WET,UNKNOWN,ON SCENE,NO INJURY / DRIVE AWAY,Y,,,"OVER $1,500",11/10/2017 03:49:00 PM,UNABLE TO DETERMINE,NOT APPLICABLE,4656,N,DOVER ST,1913,,,,,,,2,NO INDICATION OF INJURY,0,0,0,0,0,1,0,15,6,11,41.966936704,-87.6659279,POINT (-87.665927899937 41.966936703652)
JA510431,,11/10/2017 03:45:00 PM,30,STOP SIGN/FLASHER,FUNCTIONING PROPERLY,SNOW,DAYLIGHT,REAR END,ONE-WAY,1,STRAIGHT AND LEVEL,WET,NO DEFECTS,NOT ON SCENE (DESK REPORT),NO INJURY / DRIVE AWAY,Y,,,"OVER $1,500",11/13/2017 04:10:00 PM,FOLLOWING TOO CLOSELY,WEATHER,4359,N,HERMITAGE AVE,1912,,,,,,,2,NO INDICATION OF INJURY,0,0,0,0,0,2,0,15,6,11,41.961460862,-87.672268119,POINT (-87.672268118891 41.961460862032)
JA506850,,11/10/2017 03:45:00 PM,25,NO CONTROLS,NO CONTROLS,CLEAR,DAYLIGHT,SIDESWIPE SAME DIRECTION,DIVIDED - W/MEDIAN BARRIER,2,STRAIGHT AND LEVEL,DRY,NO DEFECTS,NOT ON SCENE (DESK REPORT),NO INJURY / DRIVE AWAY,,,Y,$500 OR LESS,11/10/2017 05:07:00 PM,UNABLE TO DETERMINE,UNABLE TO DETERMINE,6702,S,PULASKI RD,833,,,,,,,2,NO INDICATION OF INJURY,0,0,0,0,0,2,0,15,6,11,41.771266998,-87.722719726,POINT (-87.722719726454 41.771266997713)
JA506787,,11/10/2017 03:45:00 PM,30,UNKNOWN,UNKNOWN,SNOW,DAYLIGHT,PARKED MOTOR VEHICLE,UNKNOWN,,STRAIGHT AND LEVEL,UNKNOWN,UNKNOWN,NOT ON SCENE (DESK REPORT),NO INJURY / DRIVE AWAY,,,,"$501 - $1,500",11/10/2017 04:30:00 PM,UNABLE TO DETERMINE,NOT APPLICABLE,6258,W,PETERSON AVE,1611,,,,,,,2,NO INDICATION OF INJURY,0,0,0,0,0,1,0,15,6,11,41.99025737,-87.784912748,POINT (-87.784912748394 41.990257369948)