RD_NO,CRASH_DATE_EST_I,CRASH_DATE,POSTED_SPEED_LIMIT,TRAFFIC_CONTROL_DEVICE,DEVICE_CONDITION,WEATHER_CONDITION,LIGHTING_CONDITION,FIRST_CRASH_TYPE,TRAFFICWAY_TYPE,LANE_CNT,ALIGNMENT,ROADWAY_SURFACE_COND,ROAD_DEFECT,REPORT_TYPE,CRASH_TYPE,INTERSECTION_RELATED_I,NOT_RIGHT_OF_WAY_I,HIT_AND_RUN_I,DAMAGE,DATE_POLICE_NOTIFIED,PRIM_CONTRIBUTORY_CAUSE,SEC_CONTRIBUTORY_CAUSE,STREET_NO,STREET_DIRECTION,STREET_NAME,BEAT_OF_OCCURRENCE,PHOTOS_TAKEN_I,STATEMENTS_TAKEN_I,DOORING_I,WORK_ZONE_I,WORK_ZONE_TYPE,WORKERS_PRESENT_I,NUM_UNITS,MOST_SEVERE_INJURY,INJURIES_TOTAL,INJURIES_FATAL,INJURIES_INCAPACITATING,INJURIES_NON_INCAPACITATING,INJURIES_REPORTED_NOT_EVIDENT,INJURIES_NO_INDICATION,INJURIES_UNKNOWN,CRASH_HOUR,CRASH_DAY_OF_WEEK,CRASH_MONTH,LATITUDE,LONGITUDE,LOCATION
JA506747,,11/10/2017 03:50:00 PM,30,STOP SIGN/FLASHER,FUNCTIONING PROPERLY,CLEAR,DAYLIGHT,ANGLE,DIVIDED - W/MEDIAN (NOT RAISED),,STRAIGHT AND LEVEL,SNOW OR SLUSH,NO DEFECTS,NOT ON SCENE (DESK REPORT),NO INJURY / DRIVE AWAY,,,,"$501 - $1,500",11/10/2017 04:20:00 PM,UNABLE TO DETERMINE,UNABLE TO DETERMINE,5300,W,CHICAGO AVE,1524,,,,,,,2,NO INDICATION OF INJURY,0,0,0,0,0,2,0,15,6,11,41.895019202,-87.758117876,POINT (-87.758117875797 41.895019202356)
JA506793,Y,11/10/2017 03:53:00 PM,30,STOP SIGN/FLASHER,FUNCTIONING PROPERLY,SNOW,DAYLIGHT,REAR END,ONE-WAY,,STRAIGHT AND LEVEL,SNOW OR SLUSH,NO DEFECTS,NOT ON SCENE (DESK REPORT),NO INJURY / DRIVE AWAY,,,,"$501 - $1,500",11/10/2017 04:47:00 PM,WEATHER,NOT APPLICABLE,5058,N,KENMORE AVE,2024,,,,,,,2,NO INDICATION OF INJURY,0,0,0,0,0,2,0,15,6,11,41.974994275,-87.656524446,POINT (-87.65652444593 41.974994274581)
JA506764,,11/10/2017 03:55:00 PM,30,NO CONTROLS,NO CONTROLS,SNOW,DAYLIGHT,PARKED MOTOR VEHICLE,NOT DIVIDED,2,STRAIGHT AND LEVEL,ICE,NO DEFECTS,ON SCENE,NO INJURY / DRIVE AWAY,Y,,,"OVER $1,500",11/10/2017 03:57:00 PM,WEATHER,DRIVING SKILLS/KNOWLEDGE/EXPERIENCE,399,W,LOCUST ST,1823,,,,,,,2,NO INDICATION OF INJURY,0,0,0,0,0,1,0,15,6,11,41.898814318,-87.63869048,POINT (-87.638690480473 41.898814317803)
JA506744,,11/10/2017 03:56:00 PM,30,STOP SIGN/FLASHER,FUNCTIONING PROPERLY,SNOW,DUSK,ANGLE,NOT DIVIDED,,STRAIGHT AND LEVEL,ICE,NO DEFECTS,NOT ON SCENE (DESK REPORT),NO INJURY / DRIVE AWAY,Y,,,"OVER $1,500",11/10/2017 03:57:00 PM,WEATHER,WEATHER,399,W,LOCUST ST,1823,,,,,,,3,NO INDICATION OF INJURY,0,0,0,0,0,2,0,15,6,11,41.898814318,-87.63869048,POINT (-87.638690480473 41.898814317803)
JA506766,,11/10/2017 03:56:00 PM,30,TRAFFIC SIGNAL,FUNCTIONING PROPERLY,CLOUDY/OVERCAST,DAYLIGHT,REAR END,NOT DIVIDED,,STRAIGHT AND LEVEL,UNKNOWN,UNKNOWN,NOT ON SCENE (DESK REPORT),NO INJURY / DRIVE AWAY,,,,"$501 - $1,500",11/10/2017 04:30:00 PM,IMPROPER OVERTAKING/PASSING,FOLLOWING TOO CLOSELY,4622,W,ROOSEVELT RD,1131,,,,,,,2,NO INDICATION OF INJURY,0,0,0,0,0,2,0,15,6,11,41.866057383,-87.740811549,POINT (-87.740811548976 41.866057382804)
JA506811,,11/10/2017 03:58:00 PM,30,NO CONTROLS,NO CONTROLS,SNOW,"DARKNESS, LIGHTED ROAD",PEDALCYCLIST,ALLEY,1,STRAIGHT AND LEVEL,SNOW OR SLUSH,NO DEFECTS,ON SCENE,NO INJURY / DRIVE AWAY,,,Y,"$501 - $1,500",11/10/2017 04:11:00 PM,UNABLE TO DETERMINE,NOT APPLICABLE,120,S,STATE ST,112,,,,,,,3,NO INDICATION OF INJURY,0,0,0,0,0,3,0,15,6,11,41.88012466,-87.627871945,POINT (-87.627871944837 41.880124660361)
JA506708,,11/10/2017 03:58:00 PM,30,NO CONTROLS,NO CONTROLS,SNOW,DAYLIGHT,PARKED MOTOR VEHICLE,DIVIDED - W/MEDIAN (NOT RAISED),2,STRAIGHT AND LEVEL,SNOW OR SLUSH,NO DEFECTS,NOT ON SCENE (DESK REPORT),NO INJURY / DRIVE AWAY,,,,$500 OR LESS,11/10/2017 04:00:00 PM,UNABLE TO DETERMINE,NOT APPLICABLE,8432,S,MORGAN ST,613,,,,,,,2,NO INDICATION OF INJURY,0,0,0,0,0,3,0,15,6,11,41.740464715,-87.648753425,POINT (-87.64875342472 41.740464714729)
JA506802,,11/10/2017 04:00:00 PM,30,NO CONTROLS,NO CONTROLS,SNOW,DUSK,PARKED MOTOR VEHICLE,DIVIDED - W/MEDIAN (NOT RAISED),2,STRAIGHT AND LEVEL,WET,NO DEFECTS,NOT ON SCENE (DESK REPORT),NO INJURY / DRIVE AWAY,,,Y,$500 OR LESS,11/10/2017 04:30:00 PM,IMPROPER BACKING,UNABLE TO DETERMINE,635,E,43RD ST,221,,,,,,,2,NO INDICATION OF INJURY,0,0,0,0,0,1,0,16,6,11,41.816642694,-87.610348703,POINT (-87.610348703454 41.816642694191)
JA510478,,11/10/2017 04:00:00 PM,30,NO CONTROLS,NO CONTROLS,SNOW,DAYLIGHT,REAR END,NOT DIVIDED,2,STRAIGHT AND LEVEL,SNOW OR SLUSH,NO DEFECTS,NOT ON SCENE (DESK REPORT),NO INJURY / DRIVE AWAY,,,Y,"OVER $1,500",11/13/2017 04:30:00 PM,FOLLOWING TOO CLOSELY,HAD BEEN DRINKING (USE WHEN ARREST IS NOT MADE),1050,N,STATE ST,1824,,,,,,,2,NO INDICATION OF INJURY,0,0,0,0,0,2,0,16,6,11,41.901867357,-87.628492145,POINT (-87.628492145268 41.901867356819)
JA506728,Y,11/10/2017 04:00:00 PM,30,NO CONTROLS,NO CONTROLS,CLOUDY/OVERCAST,DAYLIGHT,TURNING,NOT DIVIDED,2,STRAIGHT AND LEVEL,DRY,UNKNOWN,ON SCENE,INJURY AND / OR TOW DUE TO CRASH,Y,,,"OVER $1,500",11/10/2017 04:00:00 PM,IMPROPER TURNING/NO SIGNAL,FAILING TO YIELD RIGHT-OF-WAY,2638,E,76TH ST,421,,,,,,,2,NO INDICATION OF INJURY,0,0,0,0,0,2,0,16,6,11,41.757363785,-87.560097346,POINT (-87.560097345606 41.757363785479)
JA507809,,11/10/2017 04:00:00 PM,30,UNKNOWN,UNKNOWN,CLEAR,DAYLIGHT,PARKED MOTOR VEHICLE,UNKNOWN,,STRAIGHT AND LEVEL,DRY,UNKNOWN,NOT ON SCENE (DESK REPORT),NO INJURY / DRIVE AWAY,,,,$500 OR LESS,11/11/2017 01:10:00 PM,FAILING TO YIELD RIGHT-OF-WAY,FAILING TO YIELD RIGHT-OF-WAY,327,N,LAFLIN ST,1215,,,,,,,2,NO INDICATION OF INJURY,0,0,0,0,0,1,0,16,6,11,41.887383089,-87.664197854,POINT (-87.664197854146 41.887383088721)
JA506778,,11/10/2017 04:00:00 PM,35,NO CONTROLS,NO CONTROLS,CLEAR,DAYLIGHT,REAR END,DIVIDED - W/MEDIAN BARRIER,4,STRAIGHT AND LEVEL,DRY,NO DEFECTS,ON SCENE,INJURY AND / OR TOW DUE TO CRASH,,,,"OVER $1,500",11/10/2017 04:19:00 PM,FOLLOWING TOO CLOSELY,NOT APPLICABLE,938,W,95TH ST,2223,,,,,,,2,NO INDICATION OF INJURY,0,0,0,0,0,2,0,16,6,11,41.721521676,-87.647112994,POINT (-87.647112994016 41.721521675692)
JA506767,,11/10/2017 04:02:00 PM,30,NO CONTROLS,NO CONTROLS,CLEAR,DAYLIGHT,REAR END,NOT DIVIDED,,STRAIGHT AND LEVEL,DRY,NO DEFECTS,NOT ON SCENE (DESK REPORT),NO INJURY / DRIVE AWAY,,,,"OVER $1,500",11/10/2017 04:23:00 PM,NOT APPLICABLE,NOT APPLICABLE,3422,W,MARQUETTE RD,831,,,,,,,2,NO INDICATION OF INJURY,0,0,0,0,0,5,0,16,6,11,41.771691366,-87.708763144,POINT (-87.708763144198 41.771691365896)
JA506794,,11/10/2017 04:05:00 PM,30,NO CONTROLS,NO CONTROLS,SNOW,DAYLIGHT,ANGLE,ONE-WAY,,STRAIGHT AND LEVEL,ICE,NO DEFECTS,ON SCENE,INJURY AND / OR TOW DUE TO CRASH,Y,,,"$501 - $1,500",11/10/2017 04:07:00 PM,WEATHER,UNABLE TO DETERMINE,1819,W,LELAND AVE,1912,,,,,,,2,NO INDICATION OF INJURY,0,0,0,0,0,2,0,16,6,11,41.966861304,-87.675490484,POINT (-87.675490483919 41.966861304023)
JA506825,,11/10/2017 04:10:00 PM,30,NO CONTROLS,NO CONTROLS,SNOW,DARKNESS,TURNING,DIVIDED - W/MEDIAN (NOT RAISED),4,STRAIGHT AND LEVEL,ICE,UNKNOWN,ON SCENE,NO INJURY / DRIVE AWAY,Y,,,"OVER $1,500",11/10/2017 04:20:00 PM,UNABLE TO DETERMINE,UNABLE TO DETERMINE,926,N,WESTERN AVE,1212,,,,,,,2,NO INDICATION OF INJURY,0,0,0,0,0,2,0,16,6,11,41.898422309,-87.687058202,POINT (-87.687058202016 41.898422308668)
JA506817,,11/10/2017 04:14:00 PM,30,STOP SIGN/FLASHER,OTHER,CLEAR,DUSK,ANGLE,DIVIDED - W/MEDIAN (NOT RAISED),,STRAIGHT AND LEVEL,DRY,NO DEFECTS,ON SCENE,INJURY AND / OR TOW DUE TO CRASH,Y,,Y,"OVER $1,500",11/10/2017 04:45:00 PM,UNABLE TO DETERMINE,UNABLE TO DETERMINE,6200,S,KEDZIE AVE,823,,,,,,,3,"REPORTED, NOT EVIDENT",1,0,0,0,1,1,0,16,6,11,41.780747854,-87.703332937,POINT (-87.703332937155 41.78074785433)
JA506851,,11/10/2017 04:15:00 PM,30,TRAFFIC SIGNAL,FUNCTIONING PROPERLY,OTHER,"DARKNESS, LIGHTED ROAD",SIDESWIPE SAME DIRECTION,NOT DIVIDED,7,STRAIGHT AND LEVEL,WET,NO DEFECTS,ON SCENE,NO INJURY / DRIVE AWAY,Y,,,"$501 - $1,500",11/10/2017 04:35:00 PM,IMPROPER LANE USAGE,FAILING TO YIELD RIGHT-OF-WAY,958,N,LA SALLE DR,1832,,,,,,,2,NO INDICATION OF INJURY,0,0,0,0,0,2,0,16,6,11,41.900470091,-87.632983252,POINT (-87.632983251651 41.900470091288)
JA506808,,11/10/2017 04:15:00 PM,30,TRAFFIC SIGNAL,FUNCTIONING PROPERLY,CLEAR,DUSK,REAR END,NOT DIVIDED,2,STRAIGHT AND LEVEL,ICE,UNKNOWN,NOT ON SCENE (DESK REPORT),NO INJURY / DRIVE AWAY,,,,"$501 - $1,500",11/10/2017 04:50:00 PM,UNABLE TO DETERMINE,UNABLE TO DETERMINE,1901,W,LAWRENCE AVE,1912,,,,,,,2,NO INDICATION OF INJURY,0,0,0,0,0,2,0,16,6,11,41.96868409,-87.676276701,POINT (-87.676276700603 41.968684090266)
JA506781,,11/10/2017 04:16:00 PM,30,NO CONTROLS,NO CONTROLS,CLEAR,DUSK,PARKED MOTOR VEHICLE,NOT DIVIDED,2,STRAIGHT AND LEVEL,DRY,NO DEFECTS,ON SCENE,NO INJURY / DRIVE AWAY,,,,"OVER $1,500",11/10/2017 04:17:00 PM,IMPROPER BACKING,UNABLE TO DETERMINE,4015,W,26TH ST,1031,,,,,,,2,NO INDICATION OF INJURY,0,0,0,0,0,4,0,16,6,11,41.844137,-87.725196172,POINT (-87.725196171551 41.844137000419)
JA507003,,11/10/2017 04:19:00 PM,20,NO CONTROLS,NO CONTROLS,CLEAR,DAYLIGHT,PARKED MOTOR VEHICLE,PARKING LOT,,STRAIGHT AND LEVEL,DRY,NO DEFECTS,NOT ON SCENE (DESK REPORT),NO INJURY / DRIVE AWAY,,,Y,"OVER $1,500",11/10/2017 06:30:00 PM,UNABLE TO DETERMINE,UNABLE TO DETERMINE,821,W,115TH ST,524,,,,,,,2,NO INDICATION OF INJURY,0,0,0,0,0,1,0,16,6,11,41.68496064,-87.64302231,POINT (-87.643022309558 41.684960640352)
JA506839,,11/10/2017 04:22:00 PM,25,NO CONTROLS,UNKNOWN,SNOW,DAWN,SIDESWIPE SAME DIRECTION,DIVIDED - W/MEDIAN (NOT RAISED),2,STRAIGHT AND LEVEL,UNKNOWN,UNKNOWN,ON SCENE,INJURY AND / OR TOW DUE TO CRASH,,,Y,"OVER $1,500",11/10/2017 04:44:00 PM,UNABLE TO DETERMINE,UNABLE TO DETERMINE,5441,S,DAMEN AVE,932,,,,,,,2,NO INDICATION OF INJURY,0,0,0,0,0,1,0,16,6,11,41.79452806,-87.674173352,POINT (-87.674173352166 41.794528060204)
JA506838,,11/10/2017 04:28:00 PM,30,STOP SIGN/FLASHER,FUNCTIONING PROPERLY,CLEAR,DAYLIGHT,TURNING,NOT DIVIDED,2,STRAIGHT AND LEVEL,DRY,NO DEFECTS,NOT ON SCENE (DESK REPORT),NO INJURY / DRIVE AWAY,,,,"$501 - $1,500",11/10/2017 05:11:00 PM,IMPROPER TURNING/NO SIGNAL,NOT APPLICABLE,1099,N,PULASKI RD,1112,,,,,,,2,NO INDICATION OF INJURY,0,0,0,0,0,2,0,16,6,11,41.900757919,-87.726099438,POINT (-87.726099437523 41.900757919215)
JA506932,,11/10/2017 04:30:00 PM,30,STOP SIGN/FLASHER,NO CONTROLS,SNOW,DAYLIGHT,ANGLE,NOT DIVIDED,4,STRAIGHT AND LEVEL,ICE,NO DEFECTS,NOT ON SCENE (DESK REPORT),NO INJURY / DRIVE AWAY,Y,,,"OVER $1,500",11/10/2017 06:20:00 PM,WEATHER,NOT APPLICABLE,900,N,HUDSON AVE,1823,,,,,,,2,NO INDICATION OF INJURY,0,0,0,0,0,2,0,16,6,11,41.89891584,-87.640131558,POINT (-87.640131558208 41.898915839845)
JA506941,,11/10/2017 04:30:00 PM,30,NO CONTROLS,NO CONTROLS,CLEAR,DAWN,REAR END,NOT DIVIDED,,STRAIGHT AND LEVEL,DRY,NO DEFECTS,NOT ON SCENE (DESK REPORT),NO INJURY / DRIVE AWAY,,,,"OVER $1,500",11/10/2017 06:18:00 PM,NOT APPLICABLE,NOT APPLICABLE,8658,S,KEDZIE AVE,834,,,,,,,2,NO INDICATION OF INJURY,0,0,0,0,0,2,0,16,6,11,41.735289979,-87.702226732,POINT (-87.702226732143 41.735289979)
JA506888,,11/10/2017 04:33:00 PM,30,TRAFFIC SIGNAL,FUNCTIONING PROPERLY,SNOW,"DARKNESS, LIGHTED ROAD",TURNING,OTHER,,STRAIGHT AND LEVEL,SNOW OR SLUSH,UNKNOWN,ON SCENE,INJURY AND / OR TOW DUE TO CRASH,,,,"OVER $1,500",11/10/2017 04:33:00 PM,TURNING RIGHT ON RED,UNABLE TO DETERMINE,3815,N,CICERO AVE,1731,,,,,,,2,"REPORTED, NOT EVIDENT",1,0,0,0,1,1,0,16,6,11,41.950221865,-87.747080113,POINT (-87.747080113012 41.950221864672)
JA507154,,11/10/2017 04:35:00 PM,30,NO CONTROLS,NO CONTROLS,CLEAR,DUSK,REAR END,NOT DIVIDED,2,STRAIGHT AND LEVEL,DRY,NO DEFECTS,NOT ON SCENE (DESK REPORT),NO INJURY / DRIVE AWAY,,,,"OVER $1,500",11/10/2017 09:00:00 PM,IMPROPER BACKING,NOT APPLICABLE,3200,N,RUTHERFORD AVE,1632,,,,,,,2,NO INDICATION OF INJURY,0,0,0,0,0,2,0,16,6,11,41.938267359,-87.794622369,POINT (-87.794622369174 41.938267359182)
JA518764,,11/10/2017 04:45:00 PM,25,TRAFFIC SIGNAL,FUNCTIONING PROPERLY,RAIN,DAYLIGHT,ANGLE,NOT DIVIDED,,STRAIGHT AND LEVEL,WET,NO DEFECTS,NOT ON SCENE (DESK REPORT),NO INJURY / DRIVE AWAY,,,,$500 OR LESS,11/20/2017 09:45:00 AM,DISREGARDING TRAFFIC SIGNALS,DISREGARDING TRAFFIC SIGNALS,499,E,GRAND AVE,1834,,,,,,,2,NO INDICATION OF INJURY,0,0,0,0,0,2,0,16,6,11,41.891799106,-87.614019052,POINT (-87.61401905223 41.891799105753)
JA506885,,11/10/2017 04:45:00 PM,5,NO CONTROLS,NO CONTROLS,CLEAR,DAYLIGHT,PARKED MOTOR VEHICLE,PARKING LOT,,STRAIGHT AND LEVEL,DRY,NO DEFECTS,NOT ON SCENE (DESK REPORT),NO INJURY / DRIVE AWAY,,,Y,"OVER $1,500",11/10/2017 05:30:00 PM,UNABLE TO DETERMINE,UNABLE TO DETERMINE,806,W,63RD ST,712,,,,,,,2,NO INDICATION OF INJURY,0,0,0,0,0,1,0,16,6,11,41.779855591,-87.645142434,POINT (-87.645142433598 41.779855590848)
JA506927,,11/10/2017 04:45:00 PM,25,STOP SIGN/FLASHER,FUNCTIONING PROPERLY,CLEAR,DAYLIGHT,REAR END,DIVIDED - W/MEDIAN (NOT RAISED),2,STRAIGHT AND LEVEL,DRY,NO DEFECTS,NOT ON SCENE (DESK REPORT),NO INJURY / DRIVE AWAY,,,Y,"$501 - $1,500",11/10/2017 06:03:00 PM,UNABLE TO DETERMINE,UNABLE TO DETERMINE,5900,S,FRANCISCO AVE,824,,,,,,,2,NO INDICATION OF INJURY,0,0,0,0,0,2,0,16,6,11,41.786272544,-87.69617708,POINT (-87.696177079956 41.786272543656)
JA506842,,11/10/2017 04:50:00 PM,30,TRAFFIC SIGNAL,FUNCTIONING PROPERLY,CLEAR,DARKNESS,REAR END,DIVIDED - W/MEDIAN BARRIER,,STRAIGHT AND LEVEL,SNOW OR SLUSH,NO DEFECTS,NOT ON SCENE (DESK REPORT),NO INJURY / DRIVE AWAY,,,,$500 OR LESS,11/10/2017 05:12:00 PM,WEATHER,NOT APPLICABLE,1000,W,ROOSEVELT RD,1232,,,,,,,2,NO INDICATION OF INJURY,0,0,0,0,0,2,0,16,6,11,41.867196447,-87.651088221,POINT (-87.651088220891 41.867196446975)
JA506836,,11/10/2017 04:52:00 PM,30,STOP SIGN/FLASHER,UNKNOWN,SNOW,DARKNESS,PARKED MOTOR VEHICLE,NOT DIVIDED,2,STRAIGHT AND LEVEL,ICE,UNKNOWN,ON SCENE,INJURY AND / OR TOW DUE TO CRASH,,,,"$501 - $1,500",11/10/2017 05:18:00 PM,UNABLE TO DETERMINE,UNABLE TO DETERMINE,1419,W,CARROLL AVE,1215,,Y,,,,,2,NO INDICATION OF INJURY,0,0,0,0,0,1,0,16,6,11,41.887329275,-87.66330569,POINT (-87.663305690052 41.887329275371)
JA506823,,11/10/2017 04:53:00 PM,30,NO CONTROLS,NO CONTROLS,OTHER,"DARKNESS, LIGHTED ROAD",REAR END,DIVIDED - W/MEDIAN (NOT RAISED),2,STRAIGHT AND LEVEL,WET,NO DEFECTS,ON SCENE,NO INJURY / DRIVE AWAY,,,,"$501 - $1,500",11/10/2017 04:53:00 PM,UNABLE TO DETERMINE,UNABLE TO DETERMINE,2719,N,NARRAGANSETT AVE,2512,,,,,,,2,NO INDICATION OF INJURY,0,0,0,0,0,3,0,16,6,11,41.929774638,-87.785518361,POINT (-87.785518360893 41.929774638287)
JA507062,,11/10/2017 04:53:00 PM,30,NO CONTROLS,NO CONTROLS,SNOW,"DARKNESS, LIGHTED ROAD",PARKED MOTOR VEHICLE,OTHER,4,STRAIGHT AND LEVEL,ICE,NO DEFECTS,ON SCENE,NO INJURY / DRIVE AWAY,,,,"OVER $1,500",11/10/2017 07:29:00 PM,WEATHER,NOT APPLICABLE,1034,W,RANDOLPH ST,1224,,,,,,,2,NO INDICATION OF INJURY,0,0,0,0,0,3,0,16,6,11,41.884412533,-87.653418926,POINT (-87.653418925694 41.884412532634)
JA507796,,11/10/2017 05:00:00 PM,30,NO CONTROLS,NO CONTROLS,OTHER,DAYLIGHT,REAR END,NOT DIVIDED,2,STRAIGHT AND LEVEL,ICE,UNKNOWN,NOT ON SCENE (DESK REPORT),NO INJURY / DRIVE AWAY,Y,,,"OVER $1,500",11/11/2017 12:37:00 PM,WEATHER,WEATHER,8500,S,JEFFERY BLVD,412,Y,,,,,,2,NO INDICATION OF INJURY,0,0,0,0,0,2,0,17,6,11,41.740602115,-87.57592146,POINT (-87.575921460076 41.7406021145)
JA506937,,11/10/2017 05:00:00 PM,10,NO CONTROLS,NO CONTROLS,CLEAR,"DARKNESS, LIGHTED ROAD",PARKED MOTOR VEHICLE,OTHER,0,STRAIGHT AND LEVEL,DRY,NO DEFECTS,ON SCENE,NO INJURY / DRIVE AWAY,,,,$500 OR LESS,11/10/2017 05:34:00 PM,IMPROPER BACKING,DRIVING SKILLS/KNOWLEDGE/EXPERIENCE,7100,S,ASHLAND AVE,735,,,,,,,2,NO INDICATION OF INJURY,0,0,0,0,0,1,0,17,6,11,41.764859382,-87.663940176,POINT (-87.663940176305 41.764859382425)
JA506938,,11/10/2017 05:00:00 PM,30,TRAFFIC SIGNAL,FUNCTIONING PROPERLY,CLEAR,DARKNESS,ANGLE,NOT DIVIDED,2,STRAIGHT AND LEVEL,WET,NO DEFECTS,ON SCENE,INJURY AND / OR TOW DUE TO CRASH,Y,,,"$501 - $1,500",11/10/2017 05:55:00 PM,FAILING TO YIELD RIGHT-OF-WAY,UNABLE TO DETERMINE,1001,S,DESPLAINES ST,124,,,,,,,2,NO INDICATION OF INJURY,0,0,0,0,0,3,0,17,6,11,41.869660963,-87.643592294,POINT (-87.643592294055 41.869660962978)
JA506869,,11/10/2017 05:00:00 PM,25,NO CONTROLS,NO CONTROLS,CLEAR,DAYLIGHT,ANGLE,PARKING LOT,1,STRAIGHT AND LEVEL,DRY,NO DEFECTS,NOT ON SCENE (DESK REPORT),NO INJURY / DRIVE AWAY,,,,"OVER $1,500",11/10/2017 05:20:00 PM,UNABLE TO DETERMINE,UNABLE TO DETERMINE,4700,S,PULASKI RD,815,,,,,,,2,NO INDICATION OF INJURY,0,0,0,0,0,2,0,17,6,11,41.807788769,-87.723730332,POINT (-87.72373033158 41.807788769095)
JA507679,,11/10/2017 05:09:00 PM,25,NO CONTROLS,NO CONTROLS,SNOW,DAYLIGHT,PARKED MOTOR VEHICLE,ONE-WAY,1,STRAIGHT AND LEVEL,SNOW OR SLUSH,UNKNOWN,ON SCENE,NO INJURY / DRIVE AWAY,,,,"$501 - $1,500",11/11/2017 10:53:00 AM,WEATHER,NOT APPLICABLE,4659,N,RAVENSWOOD AVE,1912,,,,,,,2,NO INDICATION OF INJURY,0,0,0,0,0,1,0,17,6,11,41.966907055,-87.673972875,POINT (-87.673972875418 41.966907054737)
JA506889,,11/10/2017 05:10:00 PM,25,TRAFFIC SIGNAL,FUNCTIONING PROPERLY,SNOW,"DARKNESS, LIGHTED ROAD",REAR END,DIVIDED - W/MEDIAN (NOT RAISED),2,STRAIGHT AND LEVEL,SNOW OR SLUSH,NO DEFECTS,NOT ON SCENE (DESK REPORT),NO INJURY / DRIVE AWAY,,,,$500 OR LESS,11/10/2017 05:45:00 PM,FOLLOWING TOO CLOSELY,FAILING TO REDUCE SPEED TO AVOID CRASH,506,W,OAK ST,1823,,,,,,,2,NO INDICATION OF INJURY,0,0,0,0,0,2,0,17,6,11,41.900550564,-87.64149557,POINT (-87.64149557006 41.900550564209)
JA506901,Y,11/10/2017 05:10:00 PM,30,NO CONTROLS,NO CONTROLS,CLEAR,DAYLIGHT,TURNING,NOT DIVIDED,,STRAIGHT AND LEVEL,SNOW OR SLUSH,NO DEFECTS,NOT ON SCENE (DESK REPORT),NO INJURY / DRIVE AWAY,,,,"$501 - $1,500",11/10/2017 05:54:00 PM,FOLLOWING TOO CLOSELY,NOT APPLICABLE,7051,N,WESTERN AVE,2411,,,,,,,2,NO INDICATION OF INJURY,0,0,0,0,0,2,0,17,6,11,42.010084092,-87.690049527,POINT (-87.690049526588 42.010084092058)
JA506930,,11/10/2017 05:11:00 PM,30,NO CONTROLS,NO CONTROLS,CLEAR,"DARKNESS, LIGHTED ROAD",SIDESWIPE SAME DIRECTION,DIVIDED - W/MEDIAN (NOT RAISED),2,STRAIGHT AND LEVEL,DRY,NO DEFECTS,ON SCENE,INJURY AND / OR TOW DUE TO CRASH,,,,"OVER $1,500",11/10/2017 05:30:00 PM,IMPROPER OVERTAKING/PASSING,"OPERATING VEHICLE IN ERRATIC, RECKLESS, CARELESS, NEGLIGENT OR AGGRESSIVE MANNER",3740,S,KEDZIE AVE,911,,,,,,,2,NO INDICATION OF INJURY,0,0,0,0,0,3,0,17,6,11,41.82485684,-87.704610717,POINT (-87.704610717179 41.824856839823)
JA506917,,11/10/2017 05:15:00 PM,30,TRAFFIC SIGNAL,FUNCTIONING PROPERLY,CLEAR,DAYLIGHT,TURNING,NOT DIVIDED,,STRAIGHT AND LEVEL,DRY,NO DEFECTS,ON SCENE,NO INJURY / DRIVE AWAY,,,Y,"OVER $1,500",11/10/2017 05:55:00 PM,UNABLE TO DETERMINE,UNABLE TO DETERMINE,6300,S,KEDZIE AVE,823,,,,,,,2,NO INDICATION OF INJURY,0,0,0,0,0,2,0,17,6,11,41.77894575,-87.703283119,POINT (-87.703283119003 41.77894575018)
JA507726,,11/10/2017 05:20:00 PM,30,TRAFFIC SIGNAL,FUNCTIONING PROPERLY,CLOUDY/OVERCAST,DAYLIGHT,TURNING,NOT DIVIDED,4,STRAIGHT AND LEVEL,WET,WORN SURFACE,NOT ON SCENE (DESK REPORT),NO INJURY / DRIVE AWAY,,,,"OVER $1,500",11/11/2017 12:05:00 PM,FAILING TO YIELD RIGHT-OF-WAY,FAILING TO YIELD RIGHT-OF-WAY,1600,W,TAYLOR ST,1231,,,,,,,2,NO INDICATION OF INJURY,0,0,0,0,0,2,0,17,6,11,41.869371085,-87.66652853,POINT (-87.666528530029 41.869371084501)
JA509405,,11/10/2017 05:20:00 PM,30,NO CONTROLS,NO CONTROLS,CLOUDY/OVERCAST,DUSK,ANGLE,PARKING LOT,,STRAIGHT AND LEVEL,SNOW OR SLUSH,NO DEFECTS,NOT ON SCENE (DESK REPORT),NO INJURY / DRIVE AWAY,,Y,,"$501 - $1,500",11/12/2017 08:25:00 PM,IMPROPER BACKING,UNABLE TO DETERMINE,4821,W,NORTH AVE,2533,,,,,,,2,NO INDICATION OF INJURY,0,0,0,0,0,2,0,17,6,11,41.909505148,-87.746959936,POINT (-87.746959936272 41.909505147743)
JA507523,,11/10/2017 05:20:00 PM,30,STOP SIGN/FLASHER,FUNCTIONING PROPERLY,CLEAR,"DARKNESS, LIGHTED ROAD",SIDESWIPE SAME DIRECTION,NOT DIVIDED,,STRAIGHT AND LEVEL,DRY,UNKNOWN,NOT ON SCENE (DESK REPORT),NO INJURY / DRIVE AWAY,,,N,"OVER $1,500",11/10/2017 11:30:00 PM,UNABLE TO DETERMINE,UNABLE TO DETERMINE,2607,N,MILWAUKEE AVE,1411,,,,,,,2,NO INDICATION OF INJURY,0,0,0,0,0,2,0,17,6,11,41.929110009,-87.707238997,POINT (-87.70723899729 41.929110009263)