RD_NO,CRASH_DATE_EST_I,CRASH_DATE,POSTED_SPEED_LIMIT,TRAFFIC_CONTROL_DEVICE,DEVICE_CONDITION,WEATHER_CONDITION,LIGHTING_CONDITION,FIRST_CRASH_TYPE,TRAFFICWAY_TYPE,LANE_CNT,ALIGNMENT,ROADWAY_SURFACE_COND,ROAD_DEFECT,REPORT_TYPE,CRASH_TYPE,INTERSECTION_RELATED_I,NOT_RIGHT_OF_WAY_I,HIT_AND_RUN_I,DAMAGE,DATE_POLICE_NOTIFIED,PRIM_CONTRIBUTORY_CAUSE,SEC_CONTRIBUTORY_CAUSE,STREET_NO,STREET_DIRECTION,STREET_NAME,BEAT_OF_OCCURRENCE,PHOTOS_TAKEN_I,STATEMENTS_TAKEN_I,DOORING_I,WORK_ZONE_I,WORK_ZONE_TYPE,WORKERS_PRESENT_I,NUM_UNITS,MOST_SEVERE_INJURY,INJURIES_TOTAL,INJURIES_FATAL,INJURIES_INCAPACITATING,INJURIES_NON_INCAPACITATING,INJURIES_REPORTED_NOT_EVIDENT,INJURIES_NO_INDICATION,INJURIES_UNKNOWN,CRASH_HOUR,CRASH_DAY_OF_WEEK,CRASH_MONTH,LATITUDE,LONGITUDE,LOCATION
JA506892,,11/10/2017 05:23:00 PM,30,NO CONTROLS,NO CONTROLS,SNOW,"DARKNESS, LIGHTED ROAD",ANGLE,DIVIDED - W/MEDIAN (NOT RAISED),4,STRAIGHT AND LEVEL,WET,NO DEFECTS,ON SCENE,NO INJURY / DRIVE AWAY,Y,,,"$501 - $1,500",11/10/2017 05:31:00 PM,UNABLE TO DETERMINE,NOT APPLICABLE,2000,W,WASHBURNE AVE,1233,,,,,,,2,NO INDICATION OF INJURY,0,0,0,0,0,2,0,17,6,11,41.865951621,-87.676345198,POINT (-87.676345198378 41.865951621324)
JA506940,,11/10/2017 05:25:00 PM,25,NO CONTROLS,NO CONTROLS,CLEAR,"DARKNESS, LIGHTED ROAD",REAR END,DIVIDED - W/MEDIAN (NOT RAISED),4,STRAIGHT AND LEVEL,DRY,NO DEFECTS,NOT ON SCENE (DESK REPORT),NO INJURY / DRIVE AWAY,,,,"$501 - $1,500",11/10/2017 06:12:00 PM,UNABLE TO DETERMINE,UNABLE TO DETERMINE,6301,S,HARLEM AVE,812,,,,,,,2,NO INDICATION OF INJURY,0,0,0,0,0,2,0,17,6,11,41.777261773,-87.800749629,POINT (-87.800749629191 41.77726177253)
JA506898,,11/10/2017 05:27:00 PM,20,NO CONTROLS,NO CONTROLS,CLEAR,DARKNESS,FIXED OBJECT,PARKING LOT,,STRAIGHT AND LEVEL,DRY,NO DEFECTS,ON SCENE,NO INJURY / DRIVE AWAY,,Y,,"$501 - $1,500",11/10/2017 05:28:00 PM,IMPROPER BACKING,UNABLE TO DETERMINE,8140,S,ASHLAND AVE,614,,,,,,,1,NO INDICATION OF INJURY,0,0,0,0,0,1,0,17,6,11,41.745491649,-87.663461635,POINT (-87.663461635267 41.745491649373)
JA507831,,11/10/2017 05:30:00 PM,30,NO CONTROLS,NO CONTROLS,RAIN,"DARKNESS, LIGHTED ROAD",REAR END,DIVIDED - W/MEDIAN BARRIER,,STRAIGHT AND LEVEL,WET,NO DEFECTS,NOT ON SCENE (DESK REPORT),NO INJURY / DRIVE AWAY,,,,"OVER $1,500",11/11/2017 01:30:00 PM,FAILING TO REDUCE SPEED TO AVOID CRASH,FOLLOWING TOO CLOSELY,5630,N,HARLEM AVE,1612,,,,,,,2,NO INDICATION OF INJURY,0,0,0,0,0,2,0,17,6,11,41.983612572,-87.807081206,POINT (-87.807081205725 41.983612572353)
JA507583,,11/10/2017 05:30:00 PM,30,UNKNOWN,UNKNOWN,UNKNOWN,UNKNOWN,REAR END,UNKNOWN,2,STRAIGHT AND LEVEL,UNKNOWN,UNKNOWN,NOT ON SCENE (DESK REPORT),NO INJURY / DRIVE AWAY,,,,"$501 - $1,500",11/11/2017 09:50:00 AM,UNABLE TO DETERMINE,UNABLE TO DETERMINE,499,E,RANDOLPH ST,114,,,,,,,3,NO INDICATION OF INJURY,0,0,0,0,0,3,0,17,6,11,41.884279651,-87.6137679,POINT (-87.613767899944 41.884279650906)
JA507242,,11/10/2017 05:30:00 PM,30,NO CONTROLS,NO CONTROLS,CLEAR,"DARKNESS, LIGHTED ROAD",PARKED MOTOR VEHICLE,ONE-WAY,,STRAIGHT AND LEVEL,DRY,NO DEFECTS,NOT ON SCENE (DESK REPORT),NO INJURY / DRIVE AWAY,,,Y,"OVER $1,500",11/10/2017 11:00:00 PM,UNABLE TO DETERMINE,NOT APPLICABLE,7159,S,UNION AVE,732,,,,,,,2,NO INDICATION OF INJURY,0,0,0,0,0,1,0,17,6,11,41.763523022,-87.641356599,POINT (-87.641356599399 41.763523021578)
JA510536,Y,11/10/2017 05:30:00 PM,30,NO CONTROLS,NO CONTROLS,UNKNOWN,UNKNOWN,PARKED MOTOR VEHICLE,ONE-WAY,1,STRAIGHT AND LEVEL,UNKNOWN,UNKNOWN,NOT ON SCENE (DESK REPORT),NO INJURY / DRIVE AWAY,,,Y,"OVER $1,500",11/13/2017 05:05:00 PM,UNABLE TO DETERMINE,UNABLE TO DETERMINE,275,W,DICKENS DR,1814,,,,,,,2,NO INDICATION OF INJURY,0,0,0,0,0,1,0,17,6,11,41.920081112,-87.635597863,POINT (-87.635597862833 41.920081111605)
JA506954,,11/10/2017 05:30:00 PM,30,NO CONTROLS,NO CONTROLS,SNOW,DUSK,SIDESWIPE SAME DIRECTION,NOT DIVIDED,2,STRAIGHT AND LEVEL,SNOW OR SLUSH,UNKNOWN,NOT ON SCENE (DESK REPORT),NO INJURY / DRIVE AWAY,,,,"OVER $1,500",11/10/2017 06:20:00 PM,UNABLE TO DETERMINE,UNABLE TO DETERMINE,3250,W,FOSTER AVE,1712,,,,,,,2,NO INDICATION OF INJURY,0,0,0,0,0,3,0,17,6,11,41.975834457,-87.710745523,POINT (-87.710745523278 41.97583445691)
JA506911,,11/10/2017 05:30:00 PM,30,STOP SIGN/FLASHER,FUNCTIONING PROPERLY,CLEAR,DARKNESS,REAR END,NOT DIVIDED,2,STRAIGHT AND LEVEL,ICE,NO DEFECTS,NOT ON SCENE (DESK REPORT),NO INJURY / DRIVE AWAY,Y,,,"$501 - $1,500",11/10/2017 05:45:00 PM,UNABLE TO DETERMINE,UNABLE TO DETERMINE,1050,N,CAMBRIDGE AVE,1823,,,,,,,2,NO INDICATION OF INJURY,0,0,0,0,0,2,0,17,6,11,41.901460231,-87.642274174,POINT (-87.642274174462 41.901460231098)
JA508204,Y,11/10/2017 05:30:00 PM,30,NO CONTROLS,NO CONTROLS,CLEAR,DUSK,SIDESWIPE SAME DIRECTION,ONE-WAY,3,STRAIGHT AND LEVEL,DRY,NO DEFECTS,NOT ON SCENE (DESK REPORT),NO INJURY / DRIVE AWAY,,,Y,$500 OR LESS,11/11/2017 06:13:00 PM,FAILING TO YIELD RIGHT-OF-WAY,EXCEEDING AUTHORIZED SPEED LIMIT,910,N,CLARK ST,1832,,,,,,,2,NO INDICATION OF INJURY,0,0,0,0,0,2,0,17,6,11,41.899290287,-87.631462461,POINT (-87.631462461158 41.899290286562)
JA506902,,11/10/2017 05:31:00 PM,15,NO CONTROLS,NO CONTROLS,SNOW,DUSK,PARKED MOTOR VEHICLE,PARKING LOT,0,STRAIGHT AND LEVEL,WET,NO DEFECTS,ON SCENE,INJURY AND / OR TOW DUE TO CRASH,,Y,,"OVER $1,500",11/10/2017 05:35:00 PM,EXCEEDING AUTHORIZED SPEED LIMIT,IMPROPER LANE USAGE,4755,W,GRAND AVE,2533,,,,,,,3,NO INDICATION OF INJURY,0,0,0,0,0,1,0,17,6,11,41.913624321,-87.745528208,POINT (-87.745528207902 41.913624320732)
JA507185,,11/10/2017 05:32:00 PM,30,UNKNOWN,UNKNOWN,UNKNOWN,"DARKNESS, LIGHTED ROAD",SIDESWIPE SAME DIRECTION,DIVIDED - W/MEDIAN (NOT RAISED),8,STRAIGHT AND LEVEL,UNKNOWN,UNKNOWN,NOT ON SCENE (DESK REPORT),NO INJURY / DRIVE AWAY,,,,"OVER $1,500",11/10/2017 09:20:00 PM,UNABLE TO DETERMINE,NOT APPLICABLE,530,W,MADISON ST,121,,,,,,,2,NO INDICATION OF INJURY,0,0,0,0,0,4,0,17,6,11,41.881973568,-87.641127256,POINT (-87.64112725634 41.881973567755)
JA506900,,11/10/2017 05:35:00 PM,30,TRAFFIC SIGNAL,FUNCTIONING PROPERLY,CLEAR,"DARKNESS, LIGHTED ROAD",TURNING,NOT DIVIDED,,STRAIGHT AND LEVEL,DRY,NO DEFECTS,NOT ON SCENE (DESK REPORT),NO INJURY / DRIVE AWAY,,,,"OVER $1,500",11/10/2017 05:45:00 PM,FOLLOWING TOO CLOSELY,NOT APPLICABLE,10301,S,KEDZIE AVE,2211,,,,,,,2,NO INDICATION OF INJURY,0,0,0,0,0,2,0,17,6,11,41.706091126,-87.701173955,POINT (-87.701173955222 41.70609112621)
JA506957,,11/10/2017 05:35:00 PM,0,NO CONTROLS,NO CONTROLS,SNOW,"DARKNESS, LIGHTED ROAD",FIXED OBJECT,PARKING LOT,0,STRAIGHT AND LEVEL,UNKNOWN,NO DEFECTS,NOT ON SCENE (DESK REPORT),NO INJURY / DRIVE AWAY,,Y,,$500 OR LESS,11/10/2017 06:18:00 PM,UNABLE TO DETERMINE,NOT APPLICABLE,2401,W,DIVERSEY AVE,1411,,,,,,,1,NO INDICATION OF INJURY,0,0,0,0,0,1,0,17,6,11,41.932067788,-87.687939714,POINT (-87.687939714461 41.932067788301)
JA507749,,11/10/2017 05:35:00 PM,30,NO CONTROLS,NO CONTROLS,CLEAR,"DARKNESS, LIGHTED ROAD",TURNING,NOT DIVIDED,2,STRAIGHT AND LEVEL,DRY,NO DEFECTS,NOT ON SCENE (DESK REPORT),NO INJURY / DRIVE AWAY,,,,"OVER $1,500",11/11/2017 12:12:00 PM,FAILING TO YIELD RIGHT-OF-WAY,UNABLE TO DETERMINE,2357,W,FULLERTON AVE,1432,,Y,,,,,2,NO INDICATION OF INJURY,0,0,0,0,0,3,0,17,6,11,41.924791907,-87.687521795,POINT (-87.687521795166 41.924791906639)
JA506925,Y,11/10/2017 05:35:00 PM,30,NO CONTROLS,NO CONTROLS,CLEAR,DAYLIGHT,PARKED MOTOR VEHICLE,NOT DIVIDED,,STRAIGHT AND LEVEL,SNOW OR SLUSH,NO DEFECTS,NOT ON SCENE (DESK REPORT),NO INJURY / DRIVE AWAY,,,,"$501 - $1,500",11/10/2017 06:00:00 PM,WEATHER,NOT APPLICABLE,6514,N,SEELEY AVE,2412,,,,,,,2,NO INDICATION OF INJURY,0,0,0,0,0,1,0,17,6,11,42.000141415,-87.681578534,POINT (-87.68157853413 42.000141414566)
JA507826,,11/10/2017 05:40:00 PM,30,TRAFFIC SIGNAL,FUNCTIONING PROPERLY,CLEAR,DARKNESS,REAR END,NOT DIVIDED,8,STRAIGHT AND LEVEL,SNOW OR SLUSH,NO DEFECTS,NOT ON SCENE (DESK REPORT),NO INJURY / DRIVE AWAY,Y,,,"$501 - $1,500",11/11/2017 01:00:00 PM,UNABLE TO DETERMINE,UNABLE TO DETERMINE,421,N,COLUMBUS DR,1834,,,,,,,2,NO INDICATION OF INJURY,0,0,0,0,0,2,0,17,6,11,41.889176737,-87.620311454,POINT (-87.620311453534 41.889176736561)
JA506915,,11/10/2017 05:40:00 PM,15,NO CONTROLS,NO CONTROLS,CLEAR,"DARKNESS, LIGHTED ROAD",PARKED MOTOR VEHICLE,ONE-WAY,,STRAIGHT AND LEVEL,DRY,NO DEFECTS,NOT ON SCENE (DESK REPORT),INJURY AND / OR TOW DUE TO CRASH,,,Y,"OVER $1,500",11/10/2017 05:47:00 PM,UNABLE TO DETERMINE,UNABLE TO DETERMINE,5910,S,SACRAMENTO AVE,824,,,,,,,2,NO INDICATION OF INJURY,0,0,0,0,0,1,0,17,6,11,41.785951172,-87.69860626,POINT (-87.698606259818 41.785951171995)
JA506963,,11/10/2017 05:40:00 PM,30,STOP SIGN/FLASHER,FUNCTIONING PROPERLY,CLEAR,DARKNESS,ANGLE,NOT DIVIDED,2,STRAIGHT AND LEVEL,SNOW OR SLUSH,NO DEFECTS,ON SCENE,INJURY AND / OR TOW DUE TO CRASH,Y,,,"OVER $1,500",11/10/2017 06:22:00 PM,FAILING TO YIELD RIGHT-OF-WAY,"VISION OBSCURED (SIGNS, TREE LIMBS, BUILDINGS, ETC.)",3931,W,DIVISION ST,1112,,,,,,,2,NONINCAPACITATING INJURY,1,0,0,1,0,2,0,17,6,11,41.902573614,-87.725019808,POINT (-87.725019807812 41.902573613617)
JA509239,,11/10/2017 05:45:00 PM,30,STOP SIGN/FLASHER,FUNCTIONING PROPERLY,CLEAR,"DARKNESS, LIGHTED ROAD",TURNING,OTHER,4,STRAIGHT AND LEVEL,DRY,NO DEFECTS,NOT ON SCENE (DESK REPORT),INJURY AND / OR TOW DUE TO CRASH,Y,,,"$501 - $1,500",11/12/2017 05:15:00 PM,FAILING TO YIELD RIGHT-OF-WAY,UNABLE TO DETERMINE,151,E,LOWER SOUTH WATER ST,114,,,,,,,2,"REPORTED, NOT EVIDENT",1,0,0,0,1,2,0,17,6,11,41.886718979,-87.622550832,POINT (-87.622550832379 41.88671897944)
JA507022,,11/10/2017 05:45:00 PM,30,TRAFFIC SIGNAL,FUNCTIONING PROPERLY,CLEAR,"DARKNESS, LIGHTED ROAD",SIDESWIPE SAME DIRECTION,CENTER TURN LANE,,STRAIGHT AND LEVEL,SNOW OR SLUSH,NO DEFECTS,NOT ON SCENE (DESK REPORT),NO INJURY / DRIVE AWAY,,,,"$501 - $1,500",11/10/2017 07:00:00 PM,UNABLE TO DETERMINE,UNABLE TO DETERMINE,300,S,WESTERN AVE,1125,,,,,,,2,NO INDICATION OF INJURY,0,0,0,0,0,2,0,17,6,11,41.877476566,-87.686489776,POINT (-87.686489776112 41.877476565665)
JA507636,,11/10/2017 05:50:00 PM,40,NO CONTROLS,NO CONTROLS,CLEAR,DUSK,SIDESWIPE SAME DIRECTION,DIVIDED - W/MEDIAN BARRIER,,STRAIGHT AND LEVEL,DRY,UNKNOWN,NOT ON SCENE (DESK REPORT),NO INJURY / DRIVE AWAY,,,,"OVER $1,500",11/11/2017 10:30:00 AM,UNABLE TO DETERMINE,UNABLE TO DETERMINE,1,E,ELM ST,1824,,,,,,,2,NO INDICATION OF INJURY,0,0,0,0,0,2,0,17,6,11,41.903074932,-87.628430496,POINT (-87.628430495511 41.903074931624)
JA508219,,11/10/2017 06:00:00 PM,30,NO CONTROLS,NO CONTROLS,CLEAR,DARKNESS,TURNING,NOT DIVIDED,,STRAIGHT AND LEVEL,DRY,NO DEFECTS,NOT ON SCENE (DESK REPORT),NO INJURY / DRIVE AWAY,,,,"OVER $1,500",11/11/2017 06:50:00 PM,UNABLE TO DETERMINE,UNABLE TO DETERMINE,944,N,ORLEANS ST,1823,,,,,,,2,NO INDICATION OF INJURY,0,0,0,0,0,2,0,18,6,11,41.900334724,-87.637463095,POINT (-87.637463095361 41.900334724324)
JA507665,,11/10/2017 06:00:00 PM,35,NO CONTROLS,NO CONTROLS,CLEAR,"DARKNESS, LIGHTED ROAD",SIDESWIPE SAME DIRECTION,DIVIDED - W/MEDIAN (NOT RAISED),2,STRAIGHT AND LEVEL,UNKNOWN,NO DEFECTS,NOT ON SCENE (DESK REPORT),NO INJURY / DRIVE AWAY,,,Y,$500 OR LESS,11/11/2017 11:00:00 AM,"EVASIVE ACTION DUE TO ANIMAL, OBJECT, NONMOTORIST",NOT APPLICABLE,4770,W,GRAND AVE,2533,,,,,,,2,NO INDICATION OF INJURY,0,0,0,0,0,2,0,18,6,11,41.913999209,-87.745863692,POINT (-87.745863692183 41.913999209306)
JA507896,,11/10/2017 06:00:00 PM,15,NO CONTROLS,NO CONTROLS,CLEAR,"DARKNESS, LIGHTED ROAD",PARKED MOTOR VEHICLE,PARKING LOT,,STRAIGHT AND LEVEL,DRY,NO DEFECTS,NOT ON SCENE (DESK REPORT),NO INJURY / DRIVE AWAY,,,,"OVER $1,500",11/11/2017 02:00:00 PM,UNABLE TO DETERMINE,NOT APPLICABLE,1720,N,MARCEY ST,1811,,,,,,,2,NO INDICATION OF INJURY,0,0,0,0,0,1,0,18,6,11,41.91346823,-87.655032205,POINT (-87.655032204816 41.913468230168)
JA507635,Y,11/10/2017 06:00:00 PM,20,NO CONTROLS,NO CONTROLS,UNKNOWN,DAYLIGHT,PARKED MOTOR VEHICLE,ONE-WAY,1,STRAIGHT AND LEVEL,OTHER,NO DEFECTS,NOT ON SCENE (DESK REPORT),NO INJURY / DRIVE AWAY,,,Y,"OVER $1,500",11/11/2017 10:40:00 AM,UNABLE TO DETERMINE,NOT APPLICABLE,5056,N,KENMORE AVE,2024,,,,,,,2,NO INDICATION OF INJURY,0,0,0,0,0,1,0,18,6,11,41.974938918,-87.656522954,POINT (-87.656522954386 41.974938918352)
JA514150,,11/10/2017 06:00:00 PM,30,NO CONTROLS,NO CONTROLS,RAIN,"DARKNESS, LIGHTED ROAD",SIDESWIPE SAME DIRECTION,NOT DIVIDED,,STRAIGHT AND LEVEL,WET,NO DEFECTS,NOT ON SCENE (DESK REPORT),NO INJURY / DRIVE AWAY,,,,$500 OR LESS,11/16/2017 02:45:00 PM,UNABLE TO DETERMINE,UNABLE TO DETERMINE,320,N,DEARBORN ST,1831,,,,,,,2,NO INDICATION OF INJURY,0,0,0,0,0,2,0,18,6,11,41.888070378,-87.629692257,POINT (-87.629692256722 41.888070377638)
JA506948,,11/10/2017 06:00:00 PM,30,STOP SIGN/FLASHER,NO CONTROLS,CLEAR,DUSK,ANGLE,NOT DIVIDED,4,STRAIGHT AND LEVEL,DRY,NO DEFECTS,ON SCENE,INJURY AND / OR TOW DUE TO CRASH,,,,"OVER $1,500",11/10/2017 06:06:00 PM,FAILING TO YIELD RIGHT-OF-WAY,UNABLE TO DETERMINE,2898,E,95TH ST,423,,,,,,,2,NO INDICATION OF INJURY,0,0,0,0,0,2,0,18,6,11,41.722841636,-87.553917656,POINT (-87.55391765617 41.72284163595)
JA520800,,11/10/2017 06:00:00 PM,30,NO CONTROLS,NO CONTROLS,CLEAR,"DARKNESS, LIGHTED ROAD",TURNING,NOT DIVIDED,,STRAIGHT AND LEVEL,DRY,NO DEFECTS,ON SCENE,NO INJURY / DRIVE AWAY,,,Y,"OVER $1,500",11/21/2017 06:39:00 PM,IMPROPER TURNING/NO SIGNAL,IMPROPER OVERTAKING/PASSING,2100,N,HALSTED ST,1812,,,,,,,2,NO INDICATION OF INJURY,0,0,0,0,0,5,0,18,6,11,41.920082191,-87.648724715,POINT (-87.648724714739 41.920082190792)
JA508023,Y,11/10/2017 06:05:00 PM,30,STOP SIGN/FLASHER,FUNCTIONING PROPERLY,SNOW,"DARKNESS, LIGHTED ROAD",REAR END,ONE-WAY,,STRAIGHT AND LEVEL,SNOW OR SLUSH,NO DEFECTS,NOT ON SCENE (DESK REPORT),NO INJURY / DRIVE AWAY,,,,"$501 - $1,500",11/11/2017 04:00:00 PM,WEATHER,NOT APPLICABLE,556,W,GRANT PL,1812,,,,,,,2,NO INDICATION OF INJURY,0,0,0,0,0,4,0,18,6,11,41.92290747,-87.643624518,POINT (-87.643624517663 41.922907470014)
JA508249,,11/10/2017 06:10:00 PM,30,STOP SIGN/FLASHER,FUNCTIONING PROPERLY,CLEAR,"DARKNESS, LIGHTED ROAD",ANGLE,NOT DIVIDED,2,STRAIGHT AND LEVEL,ICE,NO DEFECTS,NOT ON SCENE (DESK REPORT),NO INJURY / DRIVE AWAY,Y,,,"OVER $1,500",11/11/2017 07:15:00 PM,UNABLE TO DETERMINE,WEATHER,900,N,HUDSON AVE,1823,,,,,,,2,NO INDICATION OF INJURY,0,0,0,0,0,3,0,18,6,11,41.89891584,-87.640131558,POINT (-87.640131558208 41.898915839845)
JA506984,,11/10/2017 06:10:00 PM,30,NO CONTROLS,NO CONTROLS,CLEAR,DUSK,REAR END,NOT DIVIDED,,STRAIGHT AND LEVEL,DRY,NO DEFECTS,NOT ON SCENE (DESK REPORT),NO INJURY / DRIVE AWAY,,,Y,$500 OR LESS,11/10/2017 06:30:00 PM,UNABLE TO DETERMINE,NOT APPLICABLE,3091,N,CICERO AVE,2521,,,,,,,2,NO INDICATION OF INJURY,0,0,0,0,0,2,0,18,6,11,41.936960437,-87.746666524,POINT (-87.746666523762 41.936960436553)
JA506969,,11/10/2017 06:13:00 PM,30,NO CONTROLS,NO CONTROLS,CLEAR,DUSK,ANGLE,NOT DIVIDED,,STRAIGHT AND LEVEL,DRY,NO DEFECTS,ON SCENE,NO INJURY / DRIVE AWAY,,,,"OVER $1,500",11/10/2017 06:15:00 PM,UNABLE TO DETERMINE,UNABLE TO DETERMINE,5300,N,CALIFORNIA AVE,2011,,,,,,,2,NO INDICATION OF INJURY,0,0,0,0,0,2,0,18,6,11,41.977687499,-87.699128715,POINT (-87.699128714577 41.977687498547)
JA509359,,11/10/2017 06:16:00 PM,30,TRAFFIC SIGNAL,FUNCTIONING PROPERLY,CLEAR,DARKNESS,REAR END,NOT DIVIDED,2,STRAIGHT AND LEVEL,DRY,NO DEFECTS,NOT ON SCENE (DESK REPORT),NO INJURY / DRIVE AWAY,Y,,,"OVER $1,500",11/12/2017 07:00:00 PM,FOLLOWING TOO CLOSELY,NOT APPLICABLE,6806,S,KEEFE AVE,321,,,,,,,2,NO INDICATION OF INJURY,0,0,0,0,0,2,0,18,6,11,41.770972257,-87.611913312,POINT (-87.611913312128 41.770972256525)
JA510353,,11/10/2017 06:20:00 PM,30,NO CONTROLS,NO CONTROLS,CLEAR,"DARKNESS, LIGHTED ROAD",TURNING,NOT DIVIDED,4,STRAIGHT AND LEVEL,UNKNOWN,NO DEFECTS,NOT ON SCENE (DESK REPORT),NO INJURY / DRIVE AWAY,,,Y,"$501 - $1,500",11/13/2017 03:05:00 PM,FAILING TO YIELD RIGHT-OF-WAY,UNABLE TO DETERMINE,1157,S,CANAL ST,124,,,,,,,2,NO INDICATION OF INJURY,0,0,0,0,0,2,0,18,6,11,41.867395634,-87.639044668,POINT (-87.63904466825 41.867395633788)
JA506974,,11/10/2017 06:20:00 PM,30,STOP SIGN/FLASHER,FUNCTIONING PROPERLY,SNOW,"DARKNESS, LIGHTED ROAD",SIDESWIPE SAME DIRECTION,NOT DIVIDED,,STRAIGHT AND LEVEL,ICE,NO DEFECTS,ON SCENE,NO INJURY / DRIVE AWAY,,,,"OVER $1,500",11/10/2017 06:25:00 PM,WEATHER,WEATHER,412,W,LOCUST ST,1823,,,,,,,2,NO INDICATION OF INJURY,0,0,0,0,0,1,0,18,6,11,41.899024974,-87.63937892,POINT (-87.639378920417 41.89902497393)
JA507082,,11/10/2017 06:20:00 PM,30,TRAFFIC SIGNAL,FUNCTIONING PROPERLY,CLEAR,"DARKNESS, LIGHTED ROAD",SIDESWIPE SAME DIRECTION,DIVIDED - W/MEDIAN BARRIER,2,STRAIGHT AND LEVEL,DRY,NO DEFECTS,NOT ON SCENE (DESK REPORT),NO INJURY / DRIVE AWAY,Y,,,"OVER $1,500",11/10/2017 07:20:00 PM,UNABLE TO DETERMINE,UNABLE TO DETERMINE,100,E,LOWER WACKER DR,114,,,,,,,2,NO INDICATION OF INJURY,0,0,0,0,0,2,0,18,6,11,41.888432092,-87.624424687,POINT (-87.624424686932 41.88843209205)
JA509217,,11/10/2017 06:30:00 PM,30,NO CONTROLS,NO CONTROLS,CLEAR,DAYLIGHT,SIDESWIPE SAME DIRECTION,OTHER,0,STRAIGHT AND LEVEL,DRY,NO DEFECTS,NOT ON SCENE (DESK REPORT),NO INJURY / DRIVE AWAY,Y,,,"OVER $1,500",11/12/2017 04:59:00 PM,FAILING TO REDUCE SPEED TO AVOID CRASH,DRIVING SKILLS/KNOWLEDGE/EXPERIENCE,7223,S,STONY ISLAND AVE,324,,,,,,,2,NO INDICATION OF INJURY,0,0,0,0,0,2,0,18,6,11,41.763548439,-87.585709956,POINT (-87.585709955546 41.763548438539)
JA507224,,11/10/2017 06:30:00 PM,30,TRAFFIC SIGNAL,FUNCTIONING IMPROPERLY,CLEAR,DARKNESS,REAR END,NOT DIVIDED,2,STRAIGHT AND LEVEL,UNKNOWN,UNKNOWN,ON SCENE,INJURY AND / OR TOW DUE TO CRASH,,,Y,"OVER $1,500",11/10/2017 10:17:00 PM,FAILING TO REDUCE SPEED TO AVOID CRASH,FOLLOWING TOO CLOSELY,1200,N,CICERO AVE,2533,,,,,,,2,NONINCAPACITATING INJURY,1,0,0,1,0,2,0,18,6,11,41.902396261,-87.74612612,POINT (-87.746126119551 41.902396260608)
JA507551,,11/10/2017 06:30:00 PM,25,NO CONTROLS,NO CONTROLS,SNOW,"DARKNESS, LIGHTED ROAD",PARKED MOTOR VEHICLE,NOT DIVIDED,,STRAIGHT AND LEVEL,SNOW OR SLUSH,NO DEFECTS,NOT ON SCENE (DESK REPORT),NO INJURY / DRIVE AWAY,,,,"$501 - $1,500",11/11/2017 09:25:00 AM,WEATHER,WEATHER,1417,W,ERIE ST,1215,,,,,,,2,NO INDICATION OF INJURY,0,0,0,0,0,1,0,18,6,11,41.893296221,-87.663058715,POINT (-87.663058715245 41.893296221311)
JA514329,,11/10/2017 06:30:00 PM,30,TRAFFIC SIGNAL,FUNCTIONING PROPERLY,CLEAR,"DARKNESS, LIGHTED ROAD",REAR END,DIVIDED - W/MEDIAN (NOT RAISED),,STRAIGHT AND LEVEL,DRY,NO DEFECTS,NOT ON SCENE (DESK REPORT),NO INJURY / DRIVE AWAY,,,,"$501 - $1,500",11/16/2017 04:30:00 PM,IMPROPER LANE USAGE,UNABLE TO DETERMINE,3220,W,ADDISON ST,1733,,,,,,,2,NO INDICATION OF INJURY,0,0,0,0,0,3,0,18,6,11,41.94673324,-87.708793568,POINT (-87.708793567892 41.946733240155)
JA506994,,11/10/2017 06:32:00 PM,30,NO CONTROLS,NO CONTROLS,SNOW,DARKNESS,PARKED MOTOR VEHICLE,ONE-WAY,1,STRAIGHT AND LEVEL,ICE,NO DEFECTS,ON SCENE,INJURY AND / OR TOW DUE TO CRASH,,,Y,"OVER $1,500",11/10/2017 06:39:00 PM,EXCEEDING SAFE SPEED FOR CONDITIONS,EXCEEDING AUTHORIZED SPEED LIMIT,3534,W,LEXINGTON ST,1133,,,,,,,2,NO INDICATION OF INJURY,0,0,0,0,0,1,0,18,6,11,41.871881401,-87.714562937,POINT (-87.714562937238 41.871881401465)
JA507141,,11/10/2017 06:40:00 PM,30,NO CONTROLS,NO CONTROLS,CLEAR,DARKNESS,REAR END,DIVIDED - W/MEDIAN BARRIER,,STRAIGHT AND LEVEL,DRY,NO DEFECTS,NOT ON SCENE (DESK REPORT),NO INJURY / DRIVE AWAY,,,,"$501 - $1,500",11/11/2017 07:38:00 PM,UNABLE TO DETERMINE,UNABLE TO DETERMINE,855,N,LAKE SHORE DR,1833,,,,,,,3,NO INDICATION OF INJURY,0,0,0,0,0,3,0,18,6,11,41.89831696,-87.617912936,POINT (-87.617912935771 41.898316960349)
JA507095,,11/10/2017 06:50:00 PM,30,TRAFFIC SIGNAL,FUNCTIONING PROPERLY,CLEAR,DUSK,REAR END,DIVIDED - W/MEDIAN (NOT RAISED),,STRAIGHT AND LEVEL,DRY,NO DEFECTS,NOT ON SCENE (DESK REPORT),NO INJURY / DRIVE AWAY,,,,"OVER $1,500",11/10/2017 08:00:00 PM,UNABLE TO DETERMINE,UNABLE TO DETERMINE,530,E,GRAND AVE,1834,,,,,,,2,NO INDICATION OF INJURY,0,0,0,0,0,2,0,18,6,11,41.892048749,-87.6129694,POINT (-87.612969399591 41.8920487489)