RD_NO,CRASH_DATE_EST_I,CRASH_DATE,POSTED_SPEED_LIMIT,TRAFFIC_CONTROL_DEVICE,DEVICE_CONDITION,WEATHER_CONDITION,LIGHTING_CONDITION,FIRST_CRASH_TYPE,TRAFFICWAY_TYPE,LANE_CNT,ALIGNMENT,ROADWAY_SURFACE_COND,ROAD_DEFECT,REPORT_TYPE,CRASH_TYPE,INTERSECTION_RELATED_I,NOT_RIGHT_OF_WAY_I,HIT_AND_RUN_I,DAMAGE,DATE_POLICE_NOTIFIED,PRIM_CONTRIBUTORY_CAUSE,SEC_CONTRIBUTORY_CAUSE,STREET_NO,STREET_DIRECTION,STREET_NAME,BEAT_OF_OCCURRENCE,PHOTOS_TAKEN_I,STATEMENTS_TAKEN_I,DOORING_I,WORK_ZONE_I,WORK_ZONE_TYPE,WORKERS_PRESENT_I,NUM_UNITS,MOST_SEVERE_INJURY,INJURIES_TOTAL,INJURIES_FATAL,INJURIES_INCAPACITATING,INJURIES_NON_INCAPACITATING,INJURIES_REPORTED_NOT_EVIDENT,INJURIES_NO_INDICATION,INJURIES_UNKNOWN,CRASH_HOUR,CRASH_DAY_OF_WEEK,CRASH_MONTH,LATITUDE,LONGITUDE,LOCATION
JA506996,,11/10/2017 06:50:00 PM,25,STOP SIGN/FLASHER,FUNCTIONING PROPERLY,CLEAR,"DARKNESS, LIGHTED ROAD",TURNING,NOT DIVIDED,1,STRAIGHT AND LEVEL,DRY,NO DEFECTS,ON SCENE,NO INJURY / DRIVE AWAY,Y,,,"OVER $1,500",11/10/2017 07:00:00 PM,FAILING TO YIELD RIGHT-OF-WAY,NOT APPLICABLE,6300,W,HENDERSON ST,1633,,,,,,,2,NO INDICATION OF INJURY,0,0,0,0,0,2,0,18,6,11,41.941212225,-87.783748187,POINT (-87.783748186737 41.941212225028)
JA507094,,11/10/2017 07:00:00 PM,30,TRAFFIC SIGNAL,FUNCTIONING PROPERLY,CLEAR,"DARKNESS, LIGHTED ROAD",TURNING,NOT DIVIDED,2,STRAIGHT AND LEVEL,DRY,NO DEFECTS,NOT ON SCENE (DESK REPORT),NO INJURY / DRIVE AWAY,Y,,Y,"$501 - $1,500",11/10/2017 08:15:00 PM,UNABLE TO DETERMINE,UNABLE TO DETERMINE,3955,N,CLARK ST,1923,,,,,,,2,NO INDICATION OF INJURY,0,0,0,0,0,3,0,19,6,11,41.95404857,-87.661821357,POINT (-87.661821357054 41.954048570456)
JA510138,,11/10/2017 07:00:00 PM,30,NO CONTROLS,NO CONTROLS,CLEAR,"DARKNESS, LIGHTED ROAD",SIDESWIPE SAME DIRECTION,NOT DIVIDED,,STRAIGHT AND LEVEL,WET,NO DEFECTS,NOT ON SCENE (DESK REPORT),NO INJURY / DRIVE AWAY,,,,"OVER $1,500",11/13/2017 12:50:00 PM,IMPROPER OVERTAKING/PASSING,FAILING TO YIELD RIGHT-OF-WAY,3904,N,MILWAUKEE AVE,1731,,,,,,,2,NO INDICATION OF INJURY,0,0,0,0,0,2,0,19,6,11,41.951807057,-87.744932181,POINT (-87.744932180995 41.951807057498)
JA507061,,11/10/2017 07:00:00 PM,35,TRAFFIC SIGNAL,UNKNOWN,CLEAR,"DARKNESS, LIGHTED ROAD",PEDESTRIAN,DIVIDED - W/MEDIAN BARRIER,4,STRAIGHT AND LEVEL,DRY,NO DEFECTS,NOT ON SCENE (DESK REPORT),INJURY AND / OR TOW DUE TO CRASH,Y,,Y,"OVER $1,500",11/10/2017 07:37:00 PM,UNABLE TO DETERMINE,UNABLE TO DETERMINE,12655,S,HALSTED ST,523,,,,,,,2,NONINCAPACITATING INJURY,1,0,0,1,0,1,0,19,6,11,41.66345189,-87.64128143,POINT (-87.641281430321 41.663451890168)
JA507507,,11/10/2017 07:00:00 PM,30,TRAFFIC SIGNAL,FUNCTIONING PROPERLY,CLEAR,DARKNESS,REAR END,ONE-WAY,3,STRAIGHT AND LEVEL,WET,NO DEFECTS,NOT ON SCENE (DESK REPORT),NO INJURY / DRIVE AWAY,,,,"OVER $1,500",11/11/2017 08:40:00 AM,UNABLE TO DETERMINE,UNABLE TO DETERMINE,498,E,GRAND AVE,1834,,,,,,,2,NO INDICATION OF INJURY,0,0,0,0,0,2,0,19,6,11,41.892018629,-87.614016589,POINT (-87.614016589191 41.89201862923)
JA508210,,11/10/2017 07:00:00 PM,30,NO CONTROLS,NO CONTROLS,SNOW,"DARKNESS, LIGHTED ROAD",SIDESWIPE SAME DIRECTION,NOT DIVIDED,6,STRAIGHT AND LEVEL,WET,NO DEFECTS,NOT ON SCENE (DESK REPORT),NO INJURY / DRIVE AWAY,,,,$500 OR LESS,11/11/2017 06:50:00 PM,IMPROPER OVERTAKING/PASSING,NOT APPLICABLE,830,N,DEARBORN ST,1832,,,,,,,2,NO INDICATION OF INJURY,0,0,0,0,0,2,0,19,6,11,41.897619725,-87.629951286,POINT (-87.629951285794 41.897619724969)
JA507097,,11/10/2017 07:00:00 PM,30,NO CONTROLS,NO CONTROLS,CLEAR,DARKNESS,REAR END,ONE-WAY,1,STRAIGHT AND LEVEL,DRY,NO DEFECTS,NOT ON SCENE (DESK REPORT),NO INJURY / DRIVE AWAY,,,Y,"OVER $1,500",11/10/2017 08:20:00 PM,UNABLE TO DETERMINE,UNABLE TO DETERMINE,1159,N,KARLOV AVE,1111,,,,,,,2,NO INDICATION OF INJURY,0,0,0,0,0,4,0,19,6,11,41.902545207,-87.728613004,POINT (-87.728613004419 41.90254520748)
JA506976,,11/10/2017 07:01:00 PM,35,NO CONTROLS,NO CONTROLS,CLEAR,"DARKNESS, LIGHTED ROAD",FIXED OBJECT,DIVIDED - W/MEDIAN (NOT RAISED),,STRAIGHT AND LEVEL,DRY,UNKNOWN,ON SCENE,INJURY AND / OR TOW DUE TO CRASH,,,,"OVER $1,500",11/10/2017 07:05:00 PM,UNABLE TO DETERMINE,NOT APPLICABLE,11200,S,KEDZIE AVE,2211,,,,,,,2,"REPORTED, NOT EVIDENT",1,0,0,0,1,1,0,19,6,11,41.689693388,-87.700900727,POINT (-87.700900727007 41.689693387719)
JA507234,,11/10/2017 07:07:00 PM,30,NO CONTROLS,NO CONTROLS,CLEAR,DAYLIGHT,FIXED OBJECT,NOT DIVIDED,2,STRAIGHT AND LEVEL,ICE,NO DEFECTS,NOT ON SCENE (DESK REPORT),INJURY AND / OR TOW DUE TO CRASH,,,,"OVER $1,500",11/10/2017 07:07:00 PM,EXCEEDING AUTHORIZED SPEED LIMIT,"OPERATING VEHICLE IN ERRATIC, RECKLESS, CARELESS, NEGLIGENT OR AGGRESSIVE MANNER",929,E,MARQUETTE RD,321,,,,,,,1,NO INDICATION OF INJURY,0,0,0,0,0,2,0,19,6,11,41.774889015,-87.602214549,POINT (-87.602214549318 41.774889014715)
JA507937,,11/10/2017 07:10:00 PM,30,STOP SIGN/FLASHER,FUNCTIONING PROPERLY,SNOW,DARKNESS,ANGLE,DIVIDED - W/MEDIAN (NOT RAISED),4,STRAIGHT AND LEVEL,ICE,NO DEFECTS,NOT ON SCENE (DESK REPORT),NO INJURY / DRIVE AWAY,Y,,,"OVER $1,500",11/11/2017 02:50:00 PM,DISREGARDING STOP SIGN,DISREGARDING STOP SIGN,901,N,HUDSON AVE,1823,,,,,,,2,NO INDICATION OF INJURY,0,0,0,0,0,2,0,19,6,11,41.898923852,-87.63983791,POINT (-87.639837910242 41.898923851603)
JA507069,,11/10/2017 07:15:00 PM,10,NO CONTROLS,NO CONTROLS,CLEAR,DARKNESS,ANGLE,PARKING LOT,2,STRAIGHT AND LEVEL,DRY,UNKNOWN,NOT ON SCENE (DESK REPORT),NO INJURY / DRIVE AWAY,,Y,,"$501 - $1,500",11/10/2017 07:50:00 PM,UNABLE TO DETERMINE,UNABLE TO DETERMINE,58,W,79TH ST,623,,,,,,,2,NO INDICATION OF INJURY,0,0,0,0,0,2,0,19,6,11,41.751022503,-87.626980294,POINT (-87.626980293637 41.751022502989)
JA507060,,11/10/2017 07:25:00 PM,30,OTHER,FUNCTIONING PROPERLY,CLEAR,DARKNESS,SIDESWIPE SAME DIRECTION,NOT DIVIDED,2,STRAIGHT ON HILLCREST,DRY,NO DEFECTS,ON SCENE,NO INJURY / DRIVE AWAY,,,,"OVER $1,500",11/10/2017 07:28:00 PM,IMPROPER OVERTAKING/PASSING,NOT APPLICABLE,3324,E,100TH ST,432,,,,,,,2,NO INDICATION OF INJURY,0,0,0,0,0,2,0,19,6,11,41.713931343,-87.542389401,POINT (-87.542389400691 41.713931342693)
JA507064,,11/10/2017 07:30:00 PM,30,STOP SIGN/FLASHER,FUNCTIONING PROPERLY,CLEAR,"DARKNESS, LIGHTED ROAD",ANGLE,NOT DIVIDED,2,STRAIGHT AND LEVEL,WET,NO DEFECTS,ON SCENE,INJURY AND / OR TOW DUE TO CRASH,,,Y,"OVER $1,500",11/10/2017 07:40:00 PM,FAILING TO YIELD RIGHT-OF-WAY,FAILING TO YIELD RIGHT-OF-WAY,5901,W,DIVISION ST,1511,,,,,,,2,NO INDICATION OF INJURY,0,0,0,0,0,2,0,19,6,11,41.901923585,-87.772995744,POINT (-87.772995743955 41.901923585231)
JA507208,,11/10/2017 07:30:00 PM,10,NO CONTROLS,NO CONTROLS,CLEAR,DARKNESS,PARKED MOTOR VEHICLE,PARKING LOT,,STRAIGHT AND LEVEL,ICE,NO DEFECTS,NOT ON SCENE (DESK REPORT),NO INJURY / DRIVE AWAY,,,Y,"$501 - $1,500",11/10/2017 10:27:00 PM,IMPROPER BACKING,UNABLE TO DETERMINE,2446,N,RIDGEWAY AVE,2524,,,,,,,2,NO INDICATION OF INJURY,0,0,0,0,0,1,0,19,6,11,41.925939328,-87.720841368,POINT (-87.720841367674 41.925939328242)
JA507152,,11/10/2017 07:30:00 PM,30,NO CONTROLS,NO CONTROLS,CLEAR,"DARKNESS, LIGHTED ROAD",SIDESWIPE SAME DIRECTION,PARKING LOT,,STRAIGHT AND LEVEL,DRY,NO DEFECTS,NOT ON SCENE (DESK REPORT),NO INJURY / DRIVE AWAY,,,,"OVER $1,500",11/10/2017 09:00:00 PM,IMPROPER OVERTAKING/PASSING,FAILING TO YIELD RIGHT-OF-WAY,58,W,79TH ST,623,,,,,,,2,NO INDICATION OF INJURY,0,0,0,0,0,2,0,19,6,11,41.751022503,-87.626980294,POINT (-87.626980293637 41.751022502989)
JA507055,,11/10/2017 07:30:00 PM,30,NO CONTROLS,NO CONTROLS,CLEAR,DUSK,REAR END,NOT DIVIDED,,STRAIGHT AND LEVEL,DRY,NO DEFECTS,NOT ON SCENE (DESK REPORT),NO INJURY / DRIVE AWAY,,,,"OVER $1,500",11/10/2017 08:15:00 PM,NOT APPLICABLE,NOT APPLICABLE,6205,S,CICERO AVE,813,,,,,,,2,NO INDICATION OF INJURY,0,0,0,0,0,2,0,19,6,11,41.780054672,-87.742197578,POINT (-87.742197577924 41.780054671722)
JA507026,Y,11/10/2017 07:30:00 PM,30,TRAFFIC SIGNAL,FUNCTIONING PROPERLY,SNOW,"DARKNESS, LIGHTED ROAD",TURNING,DIVIDED - W/MEDIAN (NOT RAISED),,STRAIGHT AND LEVEL,WET,NO DEFECTS,ON SCENE,INJURY AND / OR TOW DUE TO CRASH,Y,,,"OVER $1,500",11/10/2017 07:40:00 PM,UNABLE TO DETERMINE,UNABLE TO DETERMINE,640,N,LA SALLE DR,1832,,,,,,,2,NO INDICATION OF INJURY,0,0,0,0,0,2,0,19,6,11,41.893607874,-87.632800561,POINT (-87.632800560883 41.893607873522)
JA507074,,11/10/2017 07:40:00 PM,30,TRAFFIC SIGNAL,FUNCTIONING PROPERLY,CLEAR,"DARKNESS, LIGHTED ROAD",SIDESWIPE SAME DIRECTION,NOT DIVIDED,2,STRAIGHT AND LEVEL,WET,NO DEFECTS,NOT ON SCENE (DESK REPORT),NO INJURY / DRIVE AWAY,,,,"OVER $1,500",11/10/2017 08:23:00 PM,IMPROPER LANE USAGE,NOT APPLICABLE,4400,N,CENTRAL AVE,1622,,,,,,,2,NO INDICATION OF INJURY,0,0,0,0,0,2,0,19,6,11,41.960527641,-87.767391092,POINT (-87.767391092331 41.960527640542)
JA507155,,11/10/2017 07:50:00 PM,30,NO CONTROLS,NO CONTROLS,CLEAR,DUSK,PARKED MOTOR VEHICLE,PARKING LOT,,STRAIGHT AND LEVEL,DRY,NO DEFECTS,NOT ON SCENE (DESK REPORT),NO INJURY / DRIVE AWAY,,,,"OVER $1,500",11/10/2017 09:01:00 PM,NOT APPLICABLE,NOT APPLICABLE,6559,W,ARCHER AVE,811,,,,,,,2,NO INDICATION OF INJURY,0,0,0,0,0,3,0,19,6,11,41.792141119,-87.786626362,POINT (-87.786626362305 41.792141118758)
JA507099,,11/10/2017 08:00:00 PM,30,TRAFFIC SIGNAL,FUNCTIONING PROPERLY,CLOUDY/OVERCAST,"DARKNESS, LIGHTED ROAD",PEDESTRIAN,NOT DIVIDED,2,STRAIGHT AND LEVEL,ICE,NO DEFECTS,ON SCENE,INJURY AND / OR TOW DUE TO CRASH,,,Y,$500 OR LESS,11/10/2017 08:00:00 PM,UNABLE TO DETERMINE,NOT APPLICABLE,6400,W,DIVERSEY AVE,2511,,,,,,,2,"REPORTED, NOT EVIDENT",1,0,0,0,1,1,0,20,6,11,41.931110523,-87.785753169,POINT (-87.785753168537 41.931110522613)
JA507659,,11/10/2017 08:00:00 PM,30,NO CONTROLS,NO CONTROLS,CLEAR,DARKNESS,PARKED MOTOR VEHICLE,ONE-WAY,1,STRAIGHT AND LEVEL,SNOW OR SLUSH,NO DEFECTS,NOT ON SCENE (DESK REPORT),NO INJURY / DRIVE AWAY,,,Y,"OVER $1,500",11/11/2017 10:54:00 AM,UNABLE TO DETERMINE,NOT APPLICABLE,10,S,MASON AVE,1513,,,,,,,2,NO INDICATION OF INJURY,0,0,0,0,0,1,0,20,6,11,41.879797804,-87.77315857,POINT (-87.773158570069 41.879797803751)
JA507096,,11/10/2017 08:00:00 PM,35,NO CONTROLS,NO CONTROLS,SNOW,"DARKNESS, LIGHTED ROAD",PARKED MOTOR VEHICLE,NOT DIVIDED,2,STRAIGHT AND LEVEL,SNOW OR SLUSH,NO DEFECTS,ON SCENE,NO INJURY / DRIVE AWAY,,,,"OVER $1,500",11/10/2017 08:05:00 PM,IMPROPER LANE USAGE,NOT APPLICABLE,3139,W,HOWARD ST,2411,,,,,,,2,NO INDICATION OF INJURY,0,0,0,0,0,2,0,20,6,11,42.019045979,-87.708182052,POINT (-87.708182051639 42.019045978981)
JA517820,,11/10/2017 08:00:00 PM,30,NO CONTROLS,NO CONTROLS,CLEAR,DARKNESS,PARKED MOTOR VEHICLE,NOT DIVIDED,2,STRAIGHT AND LEVEL,DRY,NO DEFECTS,NOT ON SCENE (DESK REPORT),NO INJURY / DRIVE AWAY,,,,"$501 - $1,500",11/19/2017 12:24:00 PM,UNABLE TO DETERMINE,UNABLE TO DETERMINE,2326,W,24TH ST,1034,,,,,,,2,NO INDICATION OF INJURY,0,0,0,0,0,1,0,20,6,11,41.848528241,-87.684204304,POINT (-87.684204304096 41.84852824079)
JA508134,,11/10/2017 08:00:00 PM,30,UNKNOWN,UNKNOWN,CLEAR,"DARKNESS, LIGHTED ROAD",ANGLE,PARKING LOT,,STRAIGHT AND LEVEL,UNKNOWN,UNKNOWN,NOT ON SCENE (DESK REPORT),NO INJURY / DRIVE AWAY,,,,$500 OR LESS,11/11/2017 05:35:00 PM,IMPROPER BACKING,IMPROPER BACKING,10000,W,OHARE ST,1651,,,,,,,2,NO INDICATION OF INJURY,0,0,0,0,0,2,0,20,6,11,41.976201139,-87.905309125,POINT (-87.905309125103 41.976201139024)
JA507121,,11/10/2017 08:00:00 PM,30,TRAFFIC SIGNAL,FUNCTIONING PROPERLY,CLEAR,DARKNESS,SIDESWIPE SAME DIRECTION,ONE-WAY,3,STRAIGHT AND LEVEL,DRY,NO DEFECTS,NOT ON SCENE (DESK REPORT),NO INJURY / DRIVE AWAY,Y,,,"$501 - $1,500",11/10/2017 08:35:00 PM,UNABLE TO DETERMINE,UNABLE TO DETERMINE,16,W,ONTARIO ST,1832,,,,,,,2,NO INDICATION OF INJURY,0,0,0,0,0,2,0,20,6,11,41.893370904,-87.628783153,POINT (-87.62878315259 41.893370903548)
JA507115,,11/10/2017 08:05:00 PM,35,NO CONTROLS,FUNCTIONING PROPERLY,CLEAR,"DARKNESS, LIGHTED ROAD",TURNING,NOT DIVIDED,2,STRAIGHT AND LEVEL,DRY,NO DEFECTS,ON SCENE,INJURY AND / OR TOW DUE TO CRASH,,,,"OVER $1,500",11/10/2017 08:16:00 PM,FAILING TO YIELD RIGHT-OF-WAY,NOT APPLICABLE,2657,W,83RD ST,835,,,,,,,2,NO INDICATION OF INJURY,0,0,0,0,0,3,0,20,6,11,41.742590861,-87.689842382,POINT (-87.689842381805 41.742590861001)
JA507117,,11/10/2017 08:10:00 PM,15,NO CONTROLS,NO CONTROLS,CLEAR,"DARKNESS, LIGHTED ROAD",PARKED MOTOR VEHICLE,NOT DIVIDED,,STRAIGHT AND LEVEL,DRY,NO DEFECTS,ON SCENE,NO INJURY / DRIVE AWAY,,,,"$501 - $1,500",11/10/2017 08:13:00 PM,UNABLE TO DETERMINE,UNABLE TO DETERMINE,3813,W,56TH ST,822,,,,,,,2,NO INDICATION OF INJURY,0,0,0,0,0,1,0,20,6,11,41.79135384,-87.718785349,POINT (-87.718785349372 41.791353839564)
JA507132,,11/10/2017 08:16:00 PM,30,UNKNOWN,UNKNOWN,UNKNOWN,"DARKNESS, LIGHTED ROAD",SIDESWIPE SAME DIRECTION,NOT DIVIDED,,STRAIGHT AND LEVEL,UNKNOWN,UNKNOWN,NOT ON SCENE (DESK REPORT),NO INJURY / DRIVE AWAY,,,Y,"OVER $1,500",11/10/2017 08:55:00 PM,UNABLE TO DETERMINE,NOT APPLICABLE,2629,W,LOGAN BLVD,1431,,,,,,,3,NO INDICATION OF INJURY,0,0,0,0,0,4,0,20,6,11,41.928388806,-87.693816277,POINT (-87.693816276666 41.928388805926)
JA507122,,11/10/2017 08:22:00 PM,35,NO CONTROLS,NO CONTROLS,CLEAR,DARKNESS,PARKED MOTOR VEHICLE,ONE-WAY,,STRAIGHT AND LEVEL,DRY,WORN SURFACE,NOT ON SCENE (DESK REPORT),NO INJURY / DRIVE AWAY,,,Y,"OVER $1,500",11/10/2017 08:40:00 PM,UNABLE TO DETERMINE,UNABLE TO DETERMINE,210,E,48TH ST,224,,,,,,,2,NO INDICATION OF INJURY,0,0,0,0,0,1,0,20,6,11,41.807610303,-87.620629938,POINT (-87.620629937756 41.807610302756)
JA507219,,11/10/2017 08:25:00 PM,30,TRAFFIC SIGNAL,UNKNOWN,CLEAR,"DARKNESS, LIGHTED ROAD",TURNING,DIVIDED - W/MEDIAN (NOT RAISED),5,STRAIGHT AND LEVEL,DRY,NO DEFECTS,ON SCENE,INJURY AND / OR TOW DUE TO CRASH,Y,,,"OVER $1,500",11/10/2017 09:47:00 PM,IMPROPER TURNING/NO SIGNAL,FAILING TO YIELD RIGHT-OF-WAY,6350,W,FULLERTON AVE,2512,,,,,,,2,"REPORTED, NOT EVIDENT",1,0,0,0,1,2,0,20,6,11,41.923793617,-87.785072221,POINT (-87.785072220998 41.923793616985)
JA507127,N,11/10/2017 08:25:00 PM,45,NO CONTROLS,NO CONTROLS,CLEAR,"DARKNESS, LIGHTED ROAD",FIXED OBJECT,RAMP,2,CURVE ON GRADE,DRY,NO DEFECTS,ON SCENE,INJURY AND / OR TOW DUE TO CRASH,,,,"OVER $1,500",11/10/2017 08:30:00 PM,EXCEEDING AUTHORIZED SPEED LIMIT,NOT APPLICABLE,6500,S,CHICAGO SKYWAY OB,722,,,,,,,1,NO INDICATION OF INJURY,0,0,0,0,0,1,0,20,6,11,,,
JA507134,,11/10/2017 08:28:00 PM,30,TRAFFIC SIGNAL,FUNCTIONING PROPERLY,CLEAR,"DARKNESS, LIGHTED ROAD",ANGLE,DIVIDED - W/MEDIAN (NOT RAISED),4,STRAIGHT AND LEVEL,WET,NO DEFECTS,ON SCENE,INJURY AND / OR TOW DUE TO CRASH,Y,,,"OVER $1,500",11/10/2017 08:35:00 PM,DISREGARDING TRAFFIC SIGNALS,NOT APPLICABLE,240,N,WABASH AVE,111,,,,,,,2,NONINCAPACITATING INJURY,2,0,0,1,1,2,0,20,6,11,41.88663472,-87.626472965,POINT (-87.626472965242 41.886634719516)
JA507123,,11/10/2017 08:29:00 PM,30,UNKNOWN,UNKNOWN,CLEAR,DARKNESS,PARKED MOTOR VEHICLE,NOT DIVIDED,2,STRAIGHT AND LEVEL,DRY,NO DEFECTS,ON SCENE,NO INJURY / DRIVE AWAY,,,,$500 OR LESS,11/10/2017 08:40:00 PM,UNABLE TO DETERMINE,UNABLE TO DETERMINE,1757,N,LARAMIE AVE,2533,,,,,,,2,NO INDICATION OF INJURY,0,0,0,0,0,1,0,20,6,11,41.913055962,-87.755645214,POINT (-87.755645213678 41.91305596161)
JA507128,,11/10/2017 08:30:00 PM,35,NO CONTROLS,NO CONTROLS,CLEAR,"DARKNESS, LIGHTED ROAD",TURNING,DIVIDED - W/MEDIAN BARRIER,4,STRAIGHT AND LEVEL,DRY,NO DEFECTS,ON SCENE,NO INJURY / DRIVE AWAY,,,,"OVER $1,500",11/10/2017 08:45:00 PM,UNABLE TO DETERMINE,UNABLE TO DETERMINE,3647,W,DEVON AVE,1711,,,,,,,2,NO INDICATION OF INJURY,0,0,0,0,0,2,0,20,6,11,41.997159586,-87.720868767,POINT (-87.720868766615 41.997159585752)
JA507139,,11/10/2017 08:35:00 PM,30,NO CONTROLS,NO CONTROLS,CLEAR,"DARKNESS, LIGHTED ROAD",TURNING,DIVIDED - W/MEDIAN (NOT RAISED),2,STRAIGHT AND LEVEL,DRY,NO DEFECTS,ON SCENE,NO INJURY / DRIVE AWAY,Y,,,"$501 - $1,500",11/10/2017 08:40:00 PM,UNABLE TO DETERMINE,UNABLE TO DETERMINE,1850,N,LARAMIE AVE,2532,,,,,,,2,NO INDICATION OF INJURY,0,0,0,0,0,5,0,20,6,11,41.914340963,-87.755988551,POINT (-87.755988551371 41.914340963295)
JA593782,,11/10/2017 09:00:00 PM,30,NO CONTROLS,NO CONTROLS,CLEAR,DAYLIGHT,HEAD ON,PARKING LOT,,STRAIGHT AND LEVEL,SNOW OR SLUSH,NO DEFECTS,NOT ON SCENE (DESK REPORT),NO INJURY / DRIVE AWAY,,,,"$501 - $1,500",11/11/2017 01:30:00 AM,EXCEEDING SAFE SPEED FOR CONDITIONS,NOT APPLICABLE,7535,S,ASHLAND AVE,612,,,,,,,2,NO INDICATION OF INJURY,0,0,0,0,0,2,0,21,6,11,41.756545414,-87.663443853,POINT (-87.663443852852 41.756545414126)
JA509921,,11/10/2017 09:00:00 PM,0,NO CONTROLS,NO CONTROLS,CLEAR,DARKNESS,PARKED MOTOR VEHICLE,PARKING LOT,0,STRAIGHT AND LEVEL,DRY,NO DEFECTS,NOT ON SCENE (DESK REPORT),NO INJURY / DRIVE AWAY,,,,"OVER $1,500",11/13/2017 10:00:00 AM,UNABLE TO DETERMINE,UNABLE TO DETERMINE,7535,S,ASHLAND AVE,612,,,,,,,2,NO INDICATION OF INJURY,0,0,0,0,0,1,0,21,6,11,41.756545414,-87.663443853,POINT (-87.663443852852 41.756545414126)
JA509179,,11/10/2017 09:00:00 PM,30,TRAFFIC SIGNAL,FUNCTIONING PROPERLY,CLEAR,"DARKNESS, LIGHTED ROAD",PEDESTRIAN,NOT DIVIDED,1,STRAIGHT AND LEVEL,DRY,UNKNOWN,NOT ON SCENE (DESK REPORT),INJURY AND / OR TOW DUE TO CRASH,,,,$500 OR LESS,11/12/2017 04:15:00 PM,FAILING TO YIELD RIGHT-OF-WAY,UNABLE TO DETERMINE,1000,W,WRIGHTWOOD AVE,1935,,,,,,,2,"REPORTED, NOT EVIDENT",1,0,0,0,1,1,0,21,6,11,41.92911544,-87.653858934,POINT (-87.653858933892 41.929115440051)
JA507557,,11/10/2017 09:00:00 PM,0,NO CONTROLS,NO CONTROLS,CLEAR,"DARKNESS, LIGHTED ROAD",PARKED MOTOR VEHICLE,ONE-WAY,2,STRAIGHT AND LEVEL,DRY,NO DEFECTS,NOT ON SCENE (DESK REPORT),NO INJURY / DRIVE AWAY,,,,"OVER $1,500",11/11/2017 09:30:00 AM,UNABLE TO DETERMINE,NOT APPLICABLE,11330,S,MARSHFIELD AVE,2234,,,,,,,2,NO INDICATION OF INJURY,0,0,0,0,0,1,0,21,6,11,41.687500369,-87.66268102,POINT (-87.662681019662 41.687500369335)
JA511644,,11/10/2017 09:00:00 PM,30,NO CONTROLS,UNKNOWN,CLEAR,"DARKNESS, LIGHTED ROAD",ANGLE,DIVIDED - W/MEDIAN BARRIER,,STRAIGHT AND LEVEL,DRY,UNKNOWN,NOT ON SCENE (DESK REPORT),NO INJURY / DRIVE AWAY,,,,"OVER $1,500",11/14/2017 03:50:00 PM,IMPROPER BACKING,UNABLE TO DETERMINE,1029,W,LAKE ST,1224,,,,,,,2,NO INDICATION OF INJURY,0,0,0,0,0,2,0,21,6,11,41.885454275,-87.653244353,POINT (-87.653244352972 41.885454274889)
JA507179,,11/10/2017 09:08:00 PM,30,STOP SIGN/FLASHER,FUNCTIONING PROPERLY,SNOW,"DARKNESS, LIGHTED ROAD",ANGLE,NOT DIVIDED,2,STRAIGHT AND LEVEL,WET,NO DEFECTS,,INJURY AND / OR TOW DUE TO CRASH,Y,,Y,"OVER $1,500",11/10/2017 09:14:00 PM,DISREGARDING STOP SIGN,UNABLE TO DETERMINE,2319,N,SACRAMENTO AVE,1414,,,,,,,4,NO INDICATION OF INJURY,0,0,0,0,0,6,0,21,6,11,41.923910889,-87.702146,POINT (-87.702145999712 41.923910889014)
JA507158,,11/10/2017 09:10:00 PM,30,TRAFFIC SIGNAL,FUNCTIONING PROPERLY,CLEAR,"DARKNESS, LIGHTED ROAD",PEDALCYCLIST,DIVIDED - W/MEDIAN BARRIER,3,STRAIGHT AND LEVEL,DRY,NO DEFECTS,ON SCENE,NO INJURY / DRIVE AWAY,Y,,,$500 OR LESS,11/10/2017 09:12:00 PM,FAILING TO YIELD RIGHT-OF-WAY,"VISION OBSCURED (SIGNS, TREE LIMBS, BUILDINGS, ETC.)",1001,S,HALSTED ST,1232,,,,,,,2,NO INDICATION OF INJURY,0,0,0,0,0,4,0,21,6,11,41.869567099,-87.646812992,POINT (-87.646812992454 41.869567098658)
JA507201,,11/10/2017 09:15:00 PM,30,TRAFFIC SIGNAL,FUNCTIONING PROPERLY,CLEAR,DARKNESS,REAR END,ONE-WAY,1,STRAIGHT AND LEVEL,DRY,UNKNOWN,ON SCENE,INJURY AND / OR TOW DUE TO CRASH,,,,"$501 - $1,500",11/10/2017 09:19:00 PM,UNDER THE INFLUENCE OF ALCOHOL/DRUGS (USE WHEN ARREST IS EFFECTED),FOLLOWING TOO CLOSELY,759,N,MENARD AVE,1511,,,,,,,2,NO INDICATION OF INJURY,0,0,0,0,0,4,0,21,6,11,41.894671325,-87.76999049,POINT (-87.76999048969 41.894671325382)