RD_NO,CRASH_DATE_EST_I,CRASH_DATE,POSTED_SPEED_LIMIT,TRAFFIC_CONTROL_DEVICE,DEVICE_CONDITION,WEATHER_CONDITION,LIGHTING_CONDITION,FIRST_CRASH_TYPE,TRAFFICWAY_TYPE,LANE_CNT,ALIGNMENT,ROADWAY_SURFACE_COND,ROAD_DEFECT,REPORT_TYPE,CRASH_TYPE,INTERSECTION_RELATED_I,NOT_RIGHT_OF_WAY_I,HIT_AND_RUN_I,DAMAGE,DATE_POLICE_NOTIFIED,PRIM_CONTRIBUTORY_CAUSE,SEC_CONTRIBUTORY_CAUSE,STREET_NO,STREET_DIRECTION,STREET_NAME,BEAT_OF_OCCURRENCE,PHOTOS_TAKEN_I,STATEMENTS_TAKEN_I,DOORING_I,WORK_ZONE_I,WORK_ZONE_TYPE,WORKERS_PRESENT_I,NUM_UNITS,MOST_SEVERE_INJURY,INJURIES_TOTAL,INJURIES_FATAL,INJURIES_INCAPACITATING,INJURIES_NON_INCAPACITATING,INJURIES_REPORTED_NOT_EVIDENT,INJURIES_NO_INDICATION,INJURIES_UNKNOWN,CRASH_HOUR,CRASH_DAY_OF_WEEK,CRASH_MONTH,LATITUDE,LONGITUDE,LOCATION
JA507183,,11/10/2017 09:20:00 PM,30,NO CONTROLS,NO CONTROLS,CLEAR,"DARKNESS, LIGHTED ROAD",HEAD ON,DIVIDED - W/MEDIAN (NOT RAISED),2,STRAIGHT AND LEVEL,WET,NO DEFECTS,NOT ON SCENE (DESK REPORT),NO INJURY / DRIVE AWAY,Y,,,"OVER $1,500",11/10/2017 09:55:00 PM,UNABLE TO DETERMINE,UNABLE TO DETERMINE,3130,W,DEVON AVE,2412,,,,,,,2,NO INDICATION OF INJURY,0,0,0,0,0,2,0,21,6,11,41.997520286,-87.708104032,POINT (-87.708104032082 41.997520285701)
JA507188,,11/10/2017 09:25:00 PM,30,TRAFFIC SIGNAL,FUNCTIONING PROPERLY,CLEAR,"DARKNESS, LIGHTED ROAD",TURNING,ONE-WAY,2,STRAIGHT AND LEVEL,DRY,NO DEFECTS,ON SCENE,NO INJURY / DRIVE AWAY,,,,"OVER $1,500",11/10/2017 09:30:00 PM,IMPROPER TURNING/NO SIGNAL,IMPROPER LANE USAGE,400,S,SACRAMENTO BLVD,1134,,,,,,,2,NO INDICATION OF INJURY,0,0,0,0,0,2,0,21,6,11,41.875893941,-87.701224965,POINT (-87.701224964612 41.875893940871)
JA510556,,11/10/2017 09:29:00 PM,30,NO CONTROLS,NO CONTROLS,CLEAR,"DARKNESS, LIGHTED ROAD",FIXED OBJECT,DRIVEWAY,,STRAIGHT AND LEVEL,DRY,NO DEFECTS,NOT ON SCENE (DESK REPORT),NO INJURY / DRIVE AWAY,,Y,Y,"OVER $1,500",11/13/2017 05:29:00 PM,UNABLE TO DETERMINE,UNABLE TO DETERMINE,440,N,WABASH AVE,1834,,,,,,,1,NO INDICATION OF INJURY,0,0,0,0,0,1,0,21,6,11,41.890486444,-87.62682446,POINT (-87.626824460289 41.890486444372)
JA508058,,11/10/2017 09:30:00 PM,30,TRAFFIC SIGNAL,FUNCTIONING PROPERLY,CLEAR,"DARKNESS, LIGHTED ROAD",SIDESWIPE SAME DIRECTION,DIVIDED - W/MEDIAN (NOT RAISED),4,STRAIGHT AND LEVEL,DRY,NO DEFECTS,NOT ON SCENE (DESK REPORT),NO INJURY / DRIVE AWAY,,,,$500 OR LESS,11/11/2017 04:30:00 PM,UNABLE TO DETERMINE,NOT APPLICABLE,100,N,CENTRAL AVE,1512,,,,,,,2,NO INDICATION OF INJURY,0,0,0,0,0,2,0,21,6,11,41.882339282,-87.76507801,POINT (-87.765078010279 41.882339281817)
JA513411,,11/10/2017 09:30:00 PM,30,NO CONTROLS,NO CONTROLS,CLEAR,"DARKNESS, LIGHTED ROAD",SIDESWIPE SAME DIRECTION,NOT DIVIDED,2,STRAIGHT AND LEVEL,DRY,UNKNOWN,NOT ON SCENE (DESK REPORT),NO INJURY / DRIVE AWAY,,,Y,"$501 - $1,500",11/15/2017 09:23:00 PM,IMPROPER OVERTAKING/PASSING,NOT APPLICABLE,4938,W,CHICAGO AVE,1531,,,,,,,2,NO INDICATION OF INJURY,0,0,0,0,0,2,0,21,6,11,41.895082235,-87.749825389,POINT (-87.749825388761 41.895082234584)
JA514237,,11/10/2017 10:00:00 PM,15,NO CONTROLS,NO CONTROLS,UNKNOWN,"DARKNESS, LIGHTED ROAD",OTHER OBJECT,ALLEY,1,STRAIGHT AND LEVEL,UNKNOWN,NO DEFECTS,NOT ON SCENE (DESK REPORT),NO INJURY / DRIVE AWAY,,Y,Y,"OVER $1,500",11/16/2017 03:30:00 PM,UNABLE TO DETERMINE,NOT APPLICABLE,2349,N,KEDZIE BLVD,1414,,,,,,,1,NO INDICATION OF INJURY,0,0,0,0,0,1,0,22,6,11,41.924365288,-87.70706238,POINT (-87.70706237963 41.924365287722)
JA511463,,11/10/2017 10:00:00 PM,25,NO CONTROLS,UNKNOWN,UNKNOWN,UNKNOWN,PARKED MOTOR VEHICLE,NOT DIVIDED,,STRAIGHT ON HILLCREST,UNKNOWN,UNKNOWN,NOT ON SCENE (DESK REPORT),NO INJURY / DRIVE AWAY,,,,"OVER $1,500",11/14/2017 02:00:00 PM,UNABLE TO DETERMINE,NOT APPLICABLE,4740,N,MALDEN ST,1913,,,,,,,2,NO INDICATION OF INJURY,0,0,0,0,0,1,0,22,6,11,41.968365155,-87.662983178,POINT (-87.662983178379 41.96836515524)
JA538112,Y,11/10/2017 10:00:00 PM,30,NO CONTROLS,NO CONTROLS,UNKNOWN,UNKNOWN,PARKED MOTOR VEHICLE,PARKING LOT,,STRAIGHT AND LEVEL,UNKNOWN,NO DEFECTS,NOT ON SCENE (DESK REPORT),NO INJURY / DRIVE AWAY,,,Y,"$501 - $1,500",12/05/2017 06:30:00 PM,UNABLE TO DETERMINE,UNABLE TO DETERMINE,7510,N,WESTERN AVE,2411,,,,,,,2,NO INDICATION OF INJURY,0,0,0,0,0,1,0,22,6,11,42.018017439,-87.690337368,POINT (-87.690337368212 42.018017439434)
JA507259,,11/10/2017 10:00:00 PM,30,NO CONTROLS,NO CONTROLS,SNOW,"DARKNESS, LIGHTED ROAD",PARKED MOTOR VEHICLE,NOT DIVIDED,2,STRAIGHT AND LEVEL,ICE,UNKNOWN,NOT ON SCENE (DESK REPORT),INJURY AND / OR TOW DUE TO CRASH,,,,"OVER $1,500",11/10/2017 11:30:00 PM,WEATHER,NOT APPLICABLE,1523,W,HADDON AVE,1213,,,,,,,2,NO INDICATION OF INJURY,0,0,0,0,0,1,0,22,6,11,41.902342298,-87.66631634,POINT (-87.666316340486 41.902342298466)
JA507240,,11/10/2017 10:12:00 PM,30,TRAFFIC SIGNAL,FUNCTIONING PROPERLY,OTHER,"DARKNESS, LIGHTED ROAD",REAR END,NOT DIVIDED,,STRAIGHT AND LEVEL,WET,NO DEFECTS,ON SCENE,INJURY AND / OR TOW DUE TO CRASH,Y,,,"OVER $1,500",11/10/2017 10:12:00 PM,FOLLOWING TOO CLOSELY,DISTRACTION - FROM INSIDE VEHICLE,804,E,55TH ST,233,,,,,,,2,NO INDICATION OF INJURY,0,0,0,0,0,2,0,22,6,11,41.795075307,-87.605943588,POINT (-87.605943587956 41.795075306706)
JA507503,Y,11/10/2017 10:12:00 PM,30,NO CONTROLS,NO CONTROLS,UNKNOWN,"DARKNESS, LIGHTED ROAD",PARKED MOTOR VEHICLE,NOT DIVIDED,2,STRAIGHT AND LEVEL,UNKNOWN,NO DEFECTS,,NO INJURY / DRIVE AWAY,,,Y,"OVER $1,500",11/11/2017 08:15:00 AM,UNABLE TO DETERMINE,NOT APPLICABLE,1022,N,CENTRAL AVE,1511,,,,,,,2,NO INDICATION OF INJURY,0,0,0,0,0,1,0,22,6,11,41.899188039,-87.765696523,POINT (-87.765696523164 41.89918803863)
JA507215,,11/10/2017 10:13:00 PM,30,TRAFFIC SIGNAL,FUNCTIONING PROPERLY,CLEAR,"DARKNESS, LIGHTED ROAD",REAR END,NOT DIVIDED,4,STRAIGHT AND LEVEL,WET,NO DEFECTS,ON SCENE,INJURY AND / OR TOW DUE TO CRASH,,,,$500 OR LESS,11/10/2017 10:45:00 PM,FOLLOWING TOO CLOSELY,NOT APPLICABLE,601,N,CICERO AVE,1111,,,,,,,2,INCAPACITATING INJURY,1,0,1,0,0,1,0,22,6,11,41.891428747,-87.745533957,POINT (-87.745533957234 41.891428747289)
JA507209,,11/10/2017 10:20:00 PM,25,STOP SIGN/FLASHER,FUNCTIONING PROPERLY,CLEAR,"DARKNESS, LIGHTED ROAD",SIDESWIPE OPPOSITE DIRECTION,NOT DIVIDED,2,STRAIGHT AND LEVEL,ICE,NO DEFECTS,NOT ON SCENE (DESK REPORT),NO INJURY / DRIVE AWAY,Y,,,"OVER $1,500",11/10/2017 10:30:00 PM,WEATHER,UNABLE TO DETERMINE,900,N,HUDSON AVE,1823,,,,,,,2,NO INDICATION OF INJURY,0,0,0,0,0,2,0,22,6,11,41.89891584,-87.640131558,POINT (-87.640131558208 41.898915839845)
JA516095,,11/10/2017 10:26:00 PM,30,TRAFFIC SIGNAL,FUNCTIONING PROPERLY,RAIN,"DARKNESS, LIGHTED ROAD",TURNING,NOT DIVIDED,4,STRAIGHT AND LEVEL,WET,NO DEFECTS,ON SCENE,INJURY AND / OR TOW DUE TO CRASH,Y,,,"OVER $1,500",11/17/2017 10:26:00 PM,FAILING TO YIELD RIGHT-OF-WAY,NOT APPLICABLE,6701,S,CICERO AVE,833,,,,,,,2,NO INDICATION OF INJURY,0,0,0,0,0,2,0,22,6,11,41.771044801,-87.741905632,POINT (-87.741905631651 41.771044801146)
JA508151,,11/10/2017 10:40:00 PM,30,NO CONTROLS,NO CONTROLS,CLEAR,"DARKNESS, LIGHTED ROAD",SIDESWIPE SAME DIRECTION,NOT DIVIDED,,STRAIGHT AND LEVEL,DRY,NO DEFECTS,NOT ON SCENE (DESK REPORT),NO INJURY / DRIVE AWAY,,,Y,"OVER $1,500",11/11/2017 05:50:00 PM,UNABLE TO DETERMINE,NOT APPLICABLE,3532,E,100TH ST,432,,,,,,,2,NO INDICATION OF INJURY,0,0,0,0,0,3,0,22,6,11,41.713980163,-87.537632815,POINT (-87.537632815422 41.713980162751)
JA507248,,11/10/2017 10:40:00 PM,25,NO CONTROLS,NO CONTROLS,CLEAR,DARKNESS,REAR END,NOT DIVIDED,2,STRAIGHT AND LEVEL,ICE,NO DEFECTS,NOT ON SCENE (DESK REPORT),NO INJURY / DRIVE AWAY,,,,"OVER $1,500",11/10/2017 11:20:00 PM,FOLLOWING TOO CLOSELY,NOT APPLICABLE,6135,N,NAGLE AVE,1611,,,,,,,2,NO INDICATION OF INJURY,0,0,0,0,0,4,0,22,6,11,41.992389958,-87.787412504,POINT (-87.787412503807 41.992389957978)
JA518898,,11/10/2017 10:45:00 PM,35,TRAFFIC SIGNAL,NO CONTROLS,CLEAR,DARKNESS,ANGLE,NOT DIVIDED,,STRAIGHT AND LEVEL,DRY,NO DEFECTS,NOT ON SCENE (DESK REPORT),NO INJURY / DRIVE AWAY,,,,"$501 - $1,500",11/20/2017 11:26:00 AM,UNABLE TO DETERMINE,UNABLE TO DETERMINE,5122,W,MADISON ST,1533,,,,,,,2,NO INDICATION OF INJURY,0,0,0,0,0,2,0,22,6,11,41.880501637,-87.753509131,POINT (-87.753509131054 41.880501636755)
JA507255,,11/10/2017 10:57:00 PM,30,UNKNOWN,UNKNOWN,CLEAR,DUSK,PARKED MOTOR VEHICLE,DIVIDED - W/MEDIAN BARRIER,2,STRAIGHT ON GRADE,ICE,UNKNOWN,ON SCENE,INJURY AND / OR TOW DUE TO CRASH,N,,,"OVER $1,500",11/10/2017 11:30:00 PM,WEATHER,WEATHER,329,W,87TH ST,634,,N,,,,,2,NO INDICATION OF INJURY,0,0,0,0,0,1,0,22,6,11,41.735861581,-87.632769504,POINT (-87.632769503563 41.735861580983)
JA507725,,11/10/2017 11:00:00 PM,0,NO CONTROLS,NO CONTROLS,CLEAR,DARKNESS,SIDESWIPE SAME DIRECTION,NOT DIVIDED,2,STRAIGHT AND LEVEL,DRY,NO DEFECTS,NOT ON SCENE (DESK REPORT),NO INJURY / DRIVE AWAY,,,Y,"$501 - $1,500",11/11/2017 12:10:00 PM,IMPROPER OVERTAKING/PASSING,IMPROPER OVERTAKING/PASSING,5700,S,LAKE SHORE DR,331,,,,,,,2,NO INDICATION OF INJURY,0,0,0,0,0,2,0,23,6,11,41.791420282,-87.580147769,POINT (-87.580147768689 41.791420282098)
JA507232,,11/10/2017 11:00:00 PM,30,NO CONTROLS,NO CONTROLS,CLEAR,DUSK,SIDESWIPE SAME DIRECTION,DIVIDED - W/MEDIAN BARRIER,,STRAIGHT AND LEVEL,ICE,UNKNOWN,ON SCENE,INJURY AND / OR TOW DUE TO CRASH,Y,,,"OVER $1,500",11/10/2017 11:00:00 PM,WEATHER,NOT APPLICABLE,329,W,87TH ST,634,,,,,,,4,"REPORTED, NOT EVIDENT",4,0,0,0,4,1,0,23,6,11,41.735861581,-87.632769504,POINT (-87.632769503563 41.735861580983)
JA507267,,11/10/2017 11:10:00 PM,30,TRAFFIC SIGNAL,FUNCTIONING PROPERLY,CLEAR,"DARKNESS, LIGHTED ROAD",REAR END,NOT DIVIDED,6,STRAIGHT AND LEVEL,DRY,NO DEFECTS,NOT ON SCENE (DESK REPORT),NO INJURY / DRIVE AWAY,,,,"$501 - $1,500",11/10/2017 11:40:00 PM,UNABLE TO DETERMINE,NOT APPLICABLE,7150,W,ARCHER AVE,811,,,,,,,2,NO INDICATION OF INJURY,0,0,0,0,0,4,0,23,6,11,41.792056479,-87.801058993,POINT (-87.801058993326 41.792056479464)
JA507261,,11/10/2017 11:20:00 PM,30,OTHER,OTHER,CLEAR,"DARKNESS, LIGHTED ROAD",PARKED MOTOR VEHICLE,NOT DIVIDED,2,STRAIGHT AND LEVEL,DRY,NO DEFECTS,ON SCENE,INJURY AND / OR TOW DUE TO CRASH,,,,"OVER $1,500",11/10/2017 11:23:00 PM,UNDER THE INFLUENCE OF ALCOHOL/DRUGS (USE WHEN ARREST IS EFFECTED),UNDER THE INFLUENCE OF ALCOHOL/DRUGS (USE WHEN ARREST IS EFFECTED),4302,W,31ST ST,1031,,,,,,,2,NO INDICATION OF INJURY,0,0,0,0,0,1,0,23,6,11,41.836910192,-87.731791609,POINT (-87.731791608917 41.836910191746)
JA507793,,11/10/2017 11:30:00 PM,30,STOP SIGN/FLASHER,FUNCTIONING PROPERLY,CLEAR,"DARKNESS, LIGHTED ROAD",FIXED OBJECT,ONE-WAY,1,STRAIGHT AND LEVEL,ICE,NO DEFECTS,NOT ON SCENE (DESK REPORT),NO INJURY / DRIVE AWAY,,,,"$501 - $1,500",11/11/2017 01:00:00 PM,WEATHER,UNABLE TO DETERMINE,910,N,HUDSON AVE,1823,,,,,,,1,NO INDICATION OF INJURY,0,0,0,0,0,1,0,23,6,11,41.899312788,-87.640146986,POINT (-87.640146986425 41.899312787755)
JA507624,Y,11/10/2017 11:30:00 PM,45,NO CONTROLS,NO CONTROLS,CLEAR,"DARKNESS, LIGHTED ROAD",SIDESWIPE SAME DIRECTION,DIVIDED - W/MEDIAN BARRIER,,STRAIGHT AND LEVEL,DRY,NO DEFECTS,,NO INJURY / DRIVE AWAY,,,Y,"OVER $1,500",11/11/2017 10:25:00 AM,IMPROPER LANE USAGE,"OPERATING VEHICLE IN ERRATIC, RECKLESS, CARELESS, NEGLIGENT OR AGGRESSIVE MANNER",4201,N,LAKE SHORE DR NB,1915,,,,,,,2,NO INDICATION OF INJURY,0,0,0,0,0,2,0,23,6,11,41.958582215,-87.645692623,POINT (-87.64569262267 41.95858221461)
JA507808,,11/10/2017 11:30:00 PM,30,NO CONTROLS,NO CONTROLS,CLOUDY/OVERCAST,DARKNESS,PARKED MOTOR VEHICLE,NOT DIVIDED,2,STRAIGHT AND LEVEL,DRY,NO DEFECTS,ON SCENE,NO INJURY / DRIVE AWAY,,,,"OVER $1,500",11/11/2017 01:00:00 PM,UNABLE TO DETERMINE,UNABLE TO DETERMINE,1435,E,83RD ST,412,,,,,,,2,NO INDICATION OF INJURY,0,0,0,0,0,1,0,23,6,11,41.744047185,-87.58909829,POINT (-87.589098290474 41.744047184518)
JA507275,,11/10/2017 11:41:00 PM,30,NO CONTROLS,NO CONTROLS,CLEAR,"DARKNESS, LIGHTED ROAD",PARKED MOTOR VEHICLE,NOT DIVIDED,2,STRAIGHT AND LEVEL,DRY,NO DEFECTS,,INJURY AND / OR TOW DUE TO CRASH,,,,"OVER $1,500",11/10/2017 11:41:00 PM,UNABLE TO DETERMINE,UNABLE TO DETERMINE,4310,W,55TH ST,815,,,,,,,2,NO INDICATION OF INJURY,0,0,0,0,0,1,0,23,6,11,41.79324244,-87.731035883,POINT (-87.731035883337 41.793242440335)
JA508178,,11/10/2017 11:45:00 PM,40,NO CONTROLS,NO CONTROLS,CLEAR,DAYLIGHT,SIDESWIPE SAME DIRECTION,ONE-WAY,,STRAIGHT AND LEVEL,DRY,NO DEFECTS,NOT ON SCENE (DESK REPORT),NO INJURY / DRIVE AWAY,,,Y,"$501 - $1,500",11/11/2017 06:00:00 PM,UNABLE TO DETERMINE,UNABLE TO DETERMINE,1100,N,LAKE SHORE DR NB,1824,,,,,,,2,NO INDICATION OF INJURY,0,0,0,0,0,2,0,23,6,11,41.902500315,-87.623987397,POINT (-87.62398739657 41.902500314766)
JA507278,,11/10/2017 11:48:00 PM,30,NO CONTROLS,NO CONTROLS,CLEAR,"DARKNESS, LIGHTED ROAD",FIXED OBJECT,DIVIDED - W/MEDIAN BARRIER,8,CURVE ON HILLCREST,ICE,NO DEFECTS,ON SCENE,INJURY AND / OR TOW DUE TO CRASH,,,,"$501 - $1,500",11/10/2017 11:49:00 PM,"EVASIVE ACTION DUE TO ANIMAL, OBJECT, NONMOTORIST",DRIVING SKILLS/KNOWLEDGE/EXPERIENCE,5699,N,LAKE SHORE DR NB,2022,,,,,,,1,NONINCAPACITATING INJURY,1,0,0,1,0,0,0,23,6,11,41.985556767,-87.65336148,POINT (-87.653361480328 41.985556766551)
JA507681,,11/10/2017 11:50:00 PM,30,NO CONTROLS,NO CONTROLS,CLEAR,DARKNESS,SIDESWIPE SAME DIRECTION,NOT DIVIDED,2,STRAIGHT AND LEVEL,DRY,NO DEFECTS,NOT ON SCENE (DESK REPORT),NO INJURY / DRIVE AWAY,,,Y,"OVER $1,500",11/11/2017 11:15:00 AM,IMPROPER OVERTAKING/PASSING,NOT APPLICABLE,4200,W,GRAND AVE,2534,,,,,,,2,NO INDICATION OF INJURY,0,0,0,0,0,2,0,23,6,11,41.908255549,-87.731361158,POINT (-87.73136115844 41.90825554869)
JA507983,,11/10/2017 11:50:00 PM,35,TRAFFIC SIGNAL,FUNCTIONING PROPERLY,CLEAR,"DARKNESS, LIGHTED ROAD",REAR END,NOT DIVIDED,,STRAIGHT AND LEVEL,DRY,NO DEFECTS,NOT ON SCENE (DESK REPORT),NO INJURY / DRIVE AWAY,,,,"$501 - $1,500",11/11/2017 03:30:00 PM,FOLLOWING TOO CLOSELY,UNABLE TO DETERMINE,11831,W,IRVING PARK RD,1654,,,,,,,2,NO INDICATION OF INJURY,0,0,0,0,0,2,0,23,6,11,41.955309081,-87.925035624,POINT (-87.925035623958 41.955309080886)
JA507290,,11/11/2017 12:01:00 AM,30,NO CONTROLS,NO CONTROLS,CLEAR,"DARKNESS, LIGHTED ROAD",FIXED OBJECT,ONE-WAY,1,STRAIGHT AND LEVEL,DRY,NO DEFECTS,ON SCENE,INJURY AND / OR TOW DUE TO CRASH,,,,"OVER $1,500",11/11/2017 12:05:00 AM,"OPERATING VEHICLE IN ERRATIC, RECKLESS, CARELESS, NEGLIGENT OR AGGRESSIVE MANNER",NOT APPLICABLE,1100,S,UNION AVE,1232,,,,,,,1,NONINCAPACITATING INJURY,1,0,0,1,0,3,0,0,7,11,41.86883316,-87.645526805,POINT (-87.645526805413 41.868833159551)
JA507294,,11/11/2017 12:05:00 AM,30,NO CONTROLS,NO CONTROLS,CLEAR,"DARKNESS, LIGHTED ROAD",SIDESWIPE SAME DIRECTION,NOT DIVIDED,2,STRAIGHT AND LEVEL,ICE,NO DEFECTS,ON SCENE,INJURY AND / OR TOW DUE TO CRASH,,,,"OVER $1,500",11/11/2017 12:19:00 AM,FAILING TO YIELD RIGHT-OF-WAY,UNABLE TO DETERMINE,1626,N,DAMEN AVE,1434,,,,,,,2,NO INDICATION OF INJURY,0,0,0,0,0,2,0,0,7,11,41.911272964,-87.677628702,POINT (-87.677628701587 41.911272963596)
JA507645,,11/11/2017 12:30:00 AM,25,NO CONTROLS,NO CONTROLS,CLEAR,DARKNESS,PARKED MOTOR VEHICLE,ONE-WAY,,STRAIGHT AND LEVEL,DRY,NO DEFECTS,NOT ON SCENE (DESK REPORT),NO INJURY / DRIVE AWAY,,,Y,"OVER $1,500",11/11/2017 10:57:00 AM,UNABLE TO DETERMINE,UNABLE TO DETERMINE,5232,S,LONG AVE,814,,,,,,,2,NO INDICATION OF INJURY,0,0,0,0,0,1,0,0,7,11,41.797292975,-87.757691981,POINT (-87.75769198062 41.797292974805)
JA507321,,11/11/2017 12:35:00 AM,30,NO CONTROLS,NO CONTROLS,CLEAR,"DARKNESS, LIGHTED ROAD",PARKED MOTOR VEHICLE,DIVIDED - W/MEDIAN (NOT RAISED),2,STRAIGHT AND LEVEL,DRY,NO DEFECTS,ON SCENE,INJURY AND / OR TOW DUE TO CRASH,,,,"OVER $1,500",11/11/2017 12:47:00 AM,UNABLE TO DETERMINE,NOT APPLICABLE,3144,N,AUSTIN AVE,2511,,,,,,,5,NO INDICATION OF INJURY,0,0,0,0,0,1,0,0,7,11,41.937990039,-87.776348288,POINT (-87.776348288249 41.937990038682)
JA507303,,11/11/2017 12:44:00 AM,30,NO CONTROLS,NO CONTROLS,CLEAR,"DARKNESS, LIGHTED ROAD",PARKED MOTOR VEHICLE,NOT DIVIDED,2,STRAIGHT AND LEVEL,DRY,NO DEFECTS,ON SCENE,INJURY AND / OR TOW DUE TO CRASH,,,,"OVER $1,500",11/11/2017 12:44:00 AM,UNABLE TO DETERMINE,UNABLE TO DETERMINE,5914,S,CALIFORNIA AVE,824,,,,,,,2,NO INDICATION OF INJURY,0,0,0,0,0,1,0,0,7,11,41.785917674,-87.693727189,POINT (-87.693727189099 41.785917674175)
JA507496,Y,11/11/2017 01:00:00 AM,15,NO CONTROLS,NO CONTROLS,UNKNOWN,UNKNOWN,PARKED MOTOR VEHICLE,ALLEY,1,STRAIGHT AND LEVEL,UNKNOWN,NO DEFECTS,ON SCENE,NO INJURY / DRIVE AWAY,,Y,Y,"OVER $1,500",11/11/2017 07:54:00 AM,UNABLE TO DETERMINE,NOT APPLICABLE,7378,N,WOLCOTT AVE,2424,,,,,,,2,NO INDICATION OF INJURY,0,0,0,0,0,1,0,1,7,11,,,
JA507873,,11/11/2017 01:00:00 AM,30,STOP SIGN/FLASHER,FUNCTIONING PROPERLY,CLEAR,"DARKNESS, LIGHTED ROAD",REAR END,UNKNOWN,,STRAIGHT AND LEVEL,ICE,NO DEFECTS,NOT ON SCENE (DESK REPORT),NO INJURY / DRIVE AWAY,,,,"OVER $1,500",11/11/2017 01:50:00 PM,UNABLE TO DETERMINE,UNABLE TO DETERMINE,2232,N,SEDGWICK ST,1812,,,,,,,2,NO INDICATION OF INJURY,0,0,0,0,0,2,0,1,7,11,41.92276512,-87.639113379,POINT (-87.639113379236 41.922765120411)
JA507327,,11/11/2017 01:09:00 AM,25,NO CONTROLS,NO CONTROLS,CLEAR,"DARKNESS, LIGHTED ROAD",ANGLE,ONE-WAY,1,STRAIGHT AND LEVEL,DRY,NO DEFECTS,ON SCENE,INJURY AND / OR TOW DUE TO CRASH,,,Y,"OVER $1,500",11/11/2017 01:11:00 AM,FAILING TO REDUCE SPEED TO AVOID CRASH,FAILING TO YIELD RIGHT-OF-WAY,3099,W,66TH ST,831,,,,,,,2,NO INDICATION OF INJURY,0,0,0,0,0,2,0,1,7,11,41.773427209,-87.700513147,POINT (-87.700513146562 41.773427208835)
JA507326,,11/11/2017 01:12:00 AM,30,NO CONTROLS,NO CONTROLS,CLEAR,"DARKNESS, LIGHTED ROAD",SIDESWIPE SAME DIRECTION,PARKING LOT,0,STRAIGHT AND LEVEL,DRY,NO DEFECTS,ON SCENE,NO INJURY / DRIVE AWAY,,Y,Y,$500 OR LESS,11/11/2017 01:17:00 AM,DRIVING SKILLS/KNOWLEDGE/EXPERIENCE,UNABLE TO DETERMINE,6301,S,ASHLAND AVE,725,,,,,,,2,NO INDICATION OF INJURY,0,0,0,0,0,2,0,1,7,11,41.779375936,-87.664072091,POINT (-87.664072091298 41.779375935711)
JA507333,,11/11/2017 01:15:00 AM,30,NO CONTROLS,NO CONTROLS,OTHER,"DARKNESS, LIGHTED ROAD",PARKED MOTOR VEHICLE,DIVIDED - W/MEDIAN (NOT RAISED),2,STRAIGHT AND LEVEL,SNOW OR SLUSH,NO DEFECTS,ON SCENE,INJURY AND / OR TOW DUE TO CRASH,,,N,"OVER $1,500",11/11/2017 01:17:00 AM,UNDER THE INFLUENCE OF ALCOHOL/DRUGS (USE WHEN ARREST IS EFFECTED),PHYSICAL CONDITION OF DRIVER,740,W,BELMONT AVE,1925,,Y,,,,,7,NO INDICATION OF INJURY,0,0,0,0,0,3,0,1,7,11,41.940101641,-87.648468865,POINT (-87.648468864775 41.940101641257)
JA507343,,11/11/2017 01:25:00 AM,30,TRAFFIC SIGNAL,FUNCTIONING PROPERLY,CLEAR,"DARKNESS, LIGHTED ROAD",SIDESWIPE SAME DIRECTION,NOT DIVIDED,2,STRAIGHT AND LEVEL,DRY,NO DEFECTS,,NO INJURY / DRIVE AWAY,,,,"OVER $1,500",11/11/2017 01:30:00 AM,IMPROPER OVERTAKING/PASSING,FAILING TO REDUCE SPEED TO AVOID CRASH,1605,N,WELLS ST,1814,,,,,,,2,NO INDICATION OF INJURY,0,0,0,0,0,2,0,1,7,11,41.91132005,-87.634568746,POINT (-87.634568745699 41.911320049967)
JA507377,,11/11/2017 01:50:00 AM,35,TRAFFIC SIGNAL,FUNCTIONING PROPERLY,SNOW,"DARKNESS, LIGHTED ROAD",TURNING,ONE-WAY,4,STRAIGHT AND LEVEL,SNOW OR SLUSH,NO DEFECTS,ON SCENE,NO INJURY / DRIVE AWAY,Y,,Y,"OVER $1,500",11/11/2017 02:16:00 AM,IMPROPER OVERTAKING/PASSING,NOT APPLICABLE,150,W,OHIO ST,1832,,,,,,,2,NO INDICATION OF INJURY,0,0,0,0,0,2,0,1,7,11,41.892510345,-87.633128445,POINT (-87.633128444993 41.892510345132)
JA507345,,11/11/2017 01:50:00 AM,35,NO CONTROLS,NO CONTROLS,CLEAR,"DARKNESS, LIGHTED ROAD",FIXED OBJECT,NOT DIVIDED,2,STRAIGHT AND LEVEL,DRY,NO DEFECTS,ON SCENE,INJURY AND / OR TOW DUE TO CRASH,,Y,Y,"OVER $1,500",11/11/2017 01:54:00 AM,FAILING TO REDUCE SPEED TO AVOID CRASH,UNABLE TO DETERMINE,4738,N,MILWAUKEE AVE,1623,,,,,,,1,NO INDICATION OF INJURY,0,0,0,0,0,1,0,1,7,11,41.966474496,-87.759719343,POINT (-87.759719342999 41.96647449604)
JA507355,,11/11/2017 01:53:00 AM,30,NO CONTROLS,NO CONTROLS,CLEAR,"DARKNESS, LIGHTED ROAD",REAR END,PARKING LOT,1,STRAIGHT AND LEVEL,DRY,NO DEFECTS,ON SCENE,NO INJURY / DRIVE AWAY,,,,"$501 - $1,500",11/11/2017 01:55:00 AM,IMPROPER BACKING,NOT APPLICABLE,408,E,33RD ST,211,,,,,,,2,NO INDICATION OF INJURY,0,0,0,0,0,3,0,1,7,11,41.834761125,-87.616598663,POINT (-87.616598663139 41.834761125218)