RD_NO,CRASH_DATE_EST_I,CRASH_DATE,POSTED_SPEED_LIMIT,TRAFFIC_CONTROL_DEVICE,DEVICE_CONDITION,WEATHER_CONDITION,LIGHTING_CONDITION,FIRST_CRASH_TYPE,TRAFFICWAY_TYPE,LANE_CNT,ALIGNMENT,ROADWAY_SURFACE_COND,ROAD_DEFECT,REPORT_TYPE,CRASH_TYPE,INTERSECTION_RELATED_I,NOT_RIGHT_OF_WAY_I,HIT_AND_RUN_I,DAMAGE,DATE_POLICE_NOTIFIED,PRIM_CONTRIBUTORY_CAUSE,SEC_CONTRIBUTORY_CAUSE,STREET_NO,STREET_DIRECTION,STREET_NAME,BEAT_OF_OCCURRENCE,PHOTOS_TAKEN_I,STATEMENTS_TAKEN_I,DOORING_I,WORK_ZONE_I,WORK_ZONE_TYPE,WORKERS_PRESENT_I,NUM_UNITS,MOST_SEVERE_INJURY,INJURIES_TOTAL,INJURIES_FATAL,INJURIES_INCAPACITATING,INJURIES_NON_INCAPACITATING,INJURIES_REPORTED_NOT_EVIDENT,INJURIES_NO_INDICATION,INJURIES_UNKNOWN,CRASH_HOUR,CRASH_DAY_OF_WEEK,CRASH_MONTH,LATITUDE,LONGITUDE,LOCATION
JA507352,,11/11/2017 01:55:00 AM,30,TRAFFIC SIGNAL,FUNCTIONING PROPERLY,CLEAR,"DARKNESS, LIGHTED ROAD",REAR END,DIVIDED - W/MEDIAN BARRIER,,STRAIGHT AND LEVEL,DRY,NO DEFECTS,ON SCENE,INJURY AND / OR TOW DUE TO CRASH,Y,,Y,"OVER $1,500",11/11/2017 02:03:00 AM,UNDER THE INFLUENCE OF ALCOHOL/DRUGS (USE WHEN ARREST IS EFFECTED),PHYSICAL CONDITION OF DRIVER,11101,S,HALSTED ST,2233,,,,,,,2,NO INDICATION OF INJURY,0,0,0,0,0,2,0,1,7,11,41.692267089,-87.642229834,POINT (-87.642229834104 41.692267088937)
JA507359,,11/11/2017 02:00:00 AM,30,NO CONTROLS,NO CONTROLS,CLEAR,"DARKNESS, LIGHTED ROAD",PARKED MOTOR VEHICLE,NOT DIVIDED,,STRAIGHT AND LEVEL,DRY,NO DEFECTS,ON SCENE,INJURY AND / OR TOW DUE TO CRASH,,,,"OVER $1,500",11/11/2017 02:06:00 AM,DRIVING SKILLS/KNOWLEDGE/EXPERIENCE,NOT APPLICABLE,7956,S,YATES BLVD,414,,,,,,,3,NO INDICATION OF INJURY,0,0,0,0,0,1,0,2,7,11,41.750059341,-87.566351452,POINT (-87.566351451695 41.750059341318)
JA507599,Y,11/11/2017 02:00:00 AM,30,NO CONTROLS,NO CONTROLS,CLEAR,DARKNESS,PARKED MOTOR VEHICLE,NOT DIVIDED,2,STRAIGHT AND LEVEL,ICE,NO DEFECTS,ON SCENE,INJURY AND / OR TOW DUE TO CRASH,,,,"OVER $1,500",11/11/2017 10:00:00 AM,IMPROPER LANE USAGE,UNABLE TO DETERMINE,1703,W,OHIO ST,1215,,,,,,,2,NO INDICATION OF INJURY,0,0,0,0,0,1,0,2,7,11,41.89227693,-87.669745535,POINT (-87.66974553544 41.892276930191)
JA507622,,11/11/2017 02:02:00 AM,30,NO CONTROLS,NO CONTROLS,CLEAR,UNKNOWN,PARKED MOTOR VEHICLE,DIVIDED - W/MEDIAN BARRIER,,STRAIGHT AND LEVEL,DRY,NO DEFECTS,NOT ON SCENE (DESK REPORT),NO INJURY / DRIVE AWAY,,,Y,"OVER $1,500",11/11/2017 10:15:00 AM,UNABLE TO DETERMINE,NOT APPLICABLE,4452,S,DR MARTIN LUTHER KING JR SD,215,,,,,,,2,NO INDICATION OF INJURY,0,0,0,0,0,1,0,2,7,11,,,
JA507382,,11/11/2017 02:05:00 AM,20,NO CONTROLS,NO CONTROLS,CLEAR,DARKNESS,PARKED MOTOR VEHICLE,PARKING LOT,,STRAIGHT AND LEVEL,DRY,NO DEFECTS,ON SCENE,NO INJURY / DRIVE AWAY,,,Y,$500 OR LESS,11/11/2017 02:11:00 AM,FAILING TO REDUCE SPEED TO AVOID CRASH,"OPERATING VEHICLE IN ERRATIC, RECKLESS, CARELESS, NEGLIGENT OR AGGRESSIVE MANNER",2017,E,103RD ST,434,,,,,,,2,NO INDICATION OF INJURY,0,0,0,0,0,1,0,2,7,11,41.707830842,-87.575358699,POINT (-87.575358698527 41.707830842437)
JA507368,,11/11/2017 02:07:00 AM,30,NO CONTROLS,NO CONTROLS,CLEAR,"DARKNESS, LIGHTED ROAD",TURNING,DIVIDED - W/MEDIAN (NOT RAISED),4,STRAIGHT AND LEVEL,DRY,NO DEFECTS,ON SCENE,NO INJURY / DRIVE AWAY,,,,"OVER $1,500",11/11/2017 02:13:00 AM,FAILING TO YIELD RIGHT-OF-WAY,NOT APPLICABLE,11,E,75TH ST,623,,,,,,,2,NO INDICATION OF INJURY,0,0,0,0,0,2,0,2,7,11,41.758096103,-87.624208133,POINT (-87.62420813307 41.758096102509)
JA507360,,11/11/2017 02:10:00 AM,30,NO CONTROLS,NO CONTROLS,CLEAR,"DARKNESS, LIGHTED ROAD",PARKED MOTOR VEHICLE,NOT DIVIDED,2,STRAIGHT AND LEVEL,DRY,NO DEFECTS,ON SCENE,INJURY AND / OR TOW DUE TO CRASH,,,Y,"OVER $1,500",11/11/2017 02:12:00 AM,UNDER THE INFLUENCE OF ALCOHOL/DRUGS (USE WHEN ARREST IS EFFECTED),UNDER THE INFLUENCE OF ALCOHOL/DRUGS (USE WHEN ARREST IS EFFECTED),5653,W,55TH ST,811,,,,,,,3,NO INDICATION OF INJURY,0,0,0,0,0,1,0,2,7,11,41.792594077,-87.764105427,POINT (-87.764105427077 41.792594076814)
JA508045,,11/11/2017 02:20:00 AM,30,NO CONTROLS,NO CONTROLS,CLEAR,DAYLIGHT,REAR END,NOT DIVIDED,,STRAIGHT AND LEVEL,DRY,NO DEFECTS,NOT ON SCENE (DESK REPORT),NO INJURY / DRIVE AWAY,,,Y,"OVER $1,500",11/11/2017 04:11:00 PM,NOT APPLICABLE,NOT APPLICABLE,340,N,ORLEANS ST,1831,,,,,,,2,NO INDICATION OF INJURY,0,0,0,0,0,2,0,2,7,11,41.888349392,-87.636864085,POINT (-87.636864084933 41.888349392269)
JA507361,,11/11/2017 02:23:00 AM,30,NO CONTROLS,UNKNOWN,CLEAR,"DARKNESS, LIGHTED ROAD",FIXED OBJECT,ONE-WAY,1,STRAIGHT AND LEVEL,WET,NO DEFECTS,ON SCENE,INJURY AND / OR TOW DUE TO CRASH,,,,"OVER $1,500",11/11/2017 02:23:00 AM,UNABLE TO DETERMINE,NOT APPLICABLE,120,N,KILDARE AVE,1114,,,,,,,1,NO INDICATION OF INJURY,0,0,0,0,0,1,0,2,7,11,41.88271818,-87.733236298,POINT (-87.733236297768 41.88271818033)
JA507364,,11/11/2017 02:25:00 AM,30,NO CONTROLS,NO CONTROLS,CLEAR,"DARKNESS, LIGHTED ROAD",PARKED MOTOR VEHICLE,ONE-WAY,1,STRAIGHT AND LEVEL,WET,NO DEFECTS,ON SCENE,INJURY AND / OR TOW DUE TO CRASH,,,,"OVER $1,500",11/11/2017 02:30:00 AM,UNDER THE INFLUENCE OF ALCOHOL/DRUGS (USE WHEN ARREST IS EFFECTED),UNDER THE INFLUENCE OF ALCOHOL/DRUGS (USE WHEN ARREST IS EFFECTED),8630,S,DANTE AVE,412,,,,,,,3,NO INDICATION OF INJURY,0,0,0,0,0,1,0,2,7,11,41.737747443,-87.589225865,POINT (-87.58922586524 41.737747443467)
JA507373,,11/11/2017 02:30:00 AM,30,NO CONTROLS,NO CONTROLS,CLEAR,DARKNESS,REAR END,NOT DIVIDED,,STRAIGHT AND LEVEL,DRY,NO DEFECTS,NOT ON SCENE (DESK REPORT),NO INJURY / DRIVE AWAY,,,Y,$500 OR LESS,11/11/2017 02:45:00 AM,FOLLOWING TOO CLOSELY,NOT APPLICABLE,5035,W,LAWRENCE AVE,1623,,,,,,,2,NO INDICATION OF INJURY,0,0,0,0,0,3,0,2,7,11,41.967839027,-87.754050238,POINT (-87.754050238085 41.967839026806)
JA507362,,11/11/2017 02:30:00 AM,30,TRAFFIC SIGNAL,FUNCTIONING PROPERLY,CLEAR,"DARKNESS, LIGHTED ROAD",REAR END,DIVIDED - W/MEDIAN (NOT RAISED),4,STRAIGHT AND LEVEL,DRY,NO DEFECTS,ON SCENE,INJURY AND / OR TOW DUE TO CRASH,,,,"OVER $1,500",11/11/2017 02:31:00 AM,FAILING TO REDUCE SPEED TO AVOID CRASH,FOLLOWING TOO CLOSELY,7,S,CENTRAL AVE,1522,,,,,,,3,NO INDICATION OF INJURY,0,0,0,0,0,4,0,2,7,11,41.879975622,-87.764712487,POINT (-87.764712486675 41.879975622162)
JA507371,,11/11/2017 02:40:00 AM,35,NO CONTROLS,NO CONTROLS,CLEAR,"DARKNESS, LIGHTED ROAD",REAR END,ONE-WAY,,STRAIGHT AND LEVEL,DRY,NO DEFECTS,ON SCENE,NO INJURY / DRIVE AWAY,,,,"OVER $1,500",11/11/2017 02:45:00 AM,UNABLE TO DETERMINE,UNABLE TO DETERMINE,9410,S,LAFAYETTE AVE,634,,,,,,,2,NO INDICATION OF INJURY,0,0,0,0,0,2,0,2,7,11,41.723169159,-87.625227571,POINT (-87.625227570889 41.723169158762)
JA507365,,11/11/2017 02:40:00 AM,30,NO CONTROLS,NO CONTROLS,SNOW,"DARKNESS, LIGHTED ROAD",PARKED MOTOR VEHICLE,ONE-WAY,3,STRAIGHT AND LEVEL,SNOW OR SLUSH,NO DEFECTS,ON SCENE,NO INJURY / DRIVE AWAY,,,,$500 OR LESS,11/11/2017 02:40:00 AM,IMPROPER BACKING,NOT APPLICABLE,320,W,OHIO ST,1831,,,,,,,2,NO INDICATION OF INJURY,0,0,0,0,0,1,0,2,7,11,41.892465831,-87.636548181,POINT (-87.636548181326 41.892465831107)
JA507385,,11/11/2017 02:45:00 AM,35,TRAFFIC SIGNAL,FUNCTIONING PROPERLY,CLEAR,"DARKNESS, LIGHTED ROAD",FIXED OBJECT,DIVIDED - W/MEDIAN BARRIER,6,"CURVE, LEVEL",ICE,NO DEFECTS,ON SCENE,NO INJURY / DRIVE AWAY,Y,,,"OVER $1,500",11/11/2017 02:45:00 AM,ANIMAL,ANIMAL,6299,S,LAKE SHORE DR,331,,,,,,,1,NO INDICATION OF INJURY,0,0,0,0,0,1,0,2,7,11,,,
JA507389,,11/11/2017 03:00:00 AM,30,STOP SIGN/FLASHER,FUNCTIONING PROPERLY,CLEAR,"DARKNESS, LIGHTED ROAD",ANGLE,NOT DIVIDED,2,STRAIGHT AND LEVEL,DRY,NO DEFECTS,ON SCENE,INJURY AND / OR TOW DUE TO CRASH,Y,,,"OVER $1,500",11/11/2017 03:03:00 AM,UNDER THE INFLUENCE OF ALCOHOL/DRUGS (USE WHEN ARREST IS EFFECTED),DISREGARDING STOP SIGN,800,W,HUBBARD ST,1214,,,,,,,4,NONINCAPACITATING INJURY,2,0,0,2,0,0,0,3,7,11,41.890194883,-87.647668699,POINT (-87.647668699131 41.890194882661)
JA507422,,11/11/2017 04:05:00 AM,30,TRAFFIC SIGNAL,FUNCTIONING PROPERLY,CLEAR,DARKNESS,REAR END,NOT DIVIDED,4,STRAIGHT AND LEVEL,DRY,NO DEFECTS,NOT ON SCENE (DESK REPORT),INJURY AND / OR TOW DUE TO CRASH,,,Y,"OVER $1,500",11/11/2017 05:10:00 AM,UNABLE TO DETERMINE,UNABLE TO DETERMINE,725,S,STATE ST,123,,,,,,,2,NONINCAPACITATING INJURY,1,0,0,1,0,1,0,4,7,11,41.872486592,-87.62739892,POINT (-87.627398919621 41.872486591756)
JA507412,,11/11/2017 04:15:00 AM,30,TRAFFIC SIGNAL,FUNCTIONING PROPERLY,CLEAR,DARKNESS,FIXED OBJECT,DIVIDED - W/MEDIAN BARRIER,4,STRAIGHT AND LEVEL,DRY,NO DEFECTS,NOT ON SCENE (DESK REPORT),NO INJURY / DRIVE AWAY,N,,N,"OVER $1,500",11/11/2017 04:38:00 AM,UNABLE TO DETERMINE,UNABLE TO DETERMINE,6299,S,LAKE SHORE DR,331,,,,,,,1,NO INDICATION OF INJURY,0,0,0,0,0,1,0,4,7,11,,,
JA507432,,11/11/2017 05:02:00 AM,30,STOP SIGN/FLASHER,FUNCTIONING PROPERLY,CLEAR,"DARKNESS, LIGHTED ROAD",REAR END,NOT DIVIDED,,STRAIGHT AND LEVEL,DRY,NO DEFECTS,NOT ON SCENE (DESK REPORT),NO INJURY / DRIVE AWAY,,,Y,"$501 - $1,500",11/11/2017 05:45:00 AM,UNABLE TO DETERMINE,UNABLE TO DETERMINE,3232,N,BROADWAY,1925,,,,,,,2,NO INDICATION OF INJURY,0,0,0,0,0,2,0,5,7,11,41.941077557,-87.644578608,POINT (-87.644578607645 41.941077557143)
JA507430,,11/11/2017 05:15:00 AM,30,TRAFFIC SIGNAL,FUNCTIONING PROPERLY,CLEAR,"DARKNESS, LIGHTED ROAD",ANGLE,CENTER TURN LANE,4,STRAIGHT ON GRADE,DRY,NO DEFECTS,ON SCENE,NO INJURY / DRIVE AWAY,Y,,Y,"OVER $1,500",11/11/2017 05:24:00 AM,UNABLE TO DETERMINE,UNABLE TO DETERMINE,7600,S,STATE ST,623,,,,,,,2,NO INDICATION OF INJURY,0,0,0,0,0,2,0,5,7,11,41.756400407,-87.624869686,POINT (-87.624869685896 41.756400406673)
JA507436,,11/11/2017 05:45:00 AM,30,UNKNOWN,UNKNOWN,CLEAR,"DARKNESS, LIGHTED ROAD",FIXED OBJECT,NOT DIVIDED,4,STRAIGHT AND LEVEL,UNKNOWN,UNKNOWN,ON SCENE,INJURY AND / OR TOW DUE TO CRASH,,,,"OVER $1,500",11/11/2017 05:45:00 AM,FAILING TO REDUCE SPEED TO AVOID CRASH,UNABLE TO DETERMINE,21,N,CICERO AVE,1113,,,,,,,1,"REPORTED, NOT EVIDENT",1,0,0,0,1,0,0,5,7,11,41.881230708,-87.745159541,POINT (-87.745159540797 41.88123070825)
JA507449,,11/11/2017 05:50:00 AM,30,NO CONTROLS,NO CONTROLS,CLEAR,DAWN,PARKED MOTOR VEHICLE,NOT DIVIDED,,STRAIGHT AND LEVEL,DRY,NO DEFECTS,ON SCENE,NO INJURY / DRIVE AWAY,,,Y,$500 OR LESS,11/11/2017 06:00:00 AM,"OPERATING VEHICLE IN ERRATIC, RECKLESS, CARELESS, NEGLIGENT OR AGGRESSIVE MANNER",NOT APPLICABLE,2323,W,HUBBARD ST,1221,,,,,,,2,NO INDICATION OF INJURY,0,0,0,0,0,4,0,5,7,11,41.889473637,-87.685206819,POINT (-87.685206818745 41.889473637479)
JA507563,,11/11/2017 06:00:00 AM,30,NO CONTROLS,NO CONTROLS,UNKNOWN,UNKNOWN,PARKED MOTOR VEHICLE,NOT DIVIDED,,STRAIGHT AND LEVEL,UNKNOWN,NO DEFECTS,ON SCENE,NO INJURY / DRIVE AWAY,,Y,Y,"$501 - $1,500",11/11/2017 09:27:00 AM,IMPROPER LANE USAGE,NOT APPLICABLE,1017,W,48TH ST,933,,,,,,,2,NO INDICATION OF INJURY,0,0,0,0,0,1,0,6,7,11,41.80685157,-87.651065563,POINT (-87.651065562848 41.806851569943)
JA507440,,11/11/2017 06:00:00 AM,30,TRAFFIC SIGNAL,FUNCTIONING PROPERLY,CLEAR,DAYLIGHT,TURNING,NOT DIVIDED,4,STRAIGHT AND LEVEL,DRY,NO DEFECTS,NOT ON SCENE (DESK REPORT),NO INJURY / DRIVE AWAY,,,,"OVER $1,500",11/11/2017 07:19:00 AM,IMPROPER TURNING/NO SIGNAL,NOT APPLICABLE,1200,S,STATE ST,131,,,,,,,2,NO INDICATION OF INJURY,0,0,0,0,0,2,0,6,7,11,41.867330511,-87.62756602,POINT (-87.62756601972 41.867330510881)
JA507455,Y,11/11/2017 06:20:00 AM,30,NO CONTROLS,NO CONTROLS,SNOW,DAWN,PARKED MOTOR VEHICLE,DIVIDED - W/MEDIAN (NOT RAISED),,STRAIGHT AND LEVEL,SNOW OR SLUSH,OTHER,ON SCENE,INJURY AND / OR TOW DUE TO CRASH,,,Y,"OVER $1,500",11/11/2017 06:30:00 AM,WEATHER,WEATHER,2739,W,FULTON ST,1222,,,,,,,2,NO INDICATION OF INJURY,0,0,0,0,0,1,0,6,7,11,41.886438658,-87.695434902,POINT (-87.69543490211 41.886438657717)
JA507451,,11/11/2017 06:30:00 AM,30,NO CONTROLS,NO CONTROLS,CLEAR,DUSK,FIXED OBJECT,ONE-WAY,,STRAIGHT AND LEVEL,ICE,NO DEFECTS,ON SCENE,INJURY AND / OR TOW DUE TO CRASH,,,,"OVER $1,500",11/11/2017 06:30:00 AM,WEATHER,UNABLE TO DETERMINE,5314,N,ST LOUIS AVE,1712,,,,,,,1,NO INDICATION OF INJURY,0,0,0,0,0,1,0,6,7,11,41.977983907,-87.716179205,POINT (-87.716179204572 41.977983907081)
JA507447,,11/11/2017 06:30:00 AM,30,TRAFFIC SIGNAL,FUNCTIONING PROPERLY,CLEAR,DAWN,REAR END,NOT DIVIDED,2,STRAIGHT AND LEVEL,DRY,NO DEFECTS,ON SCENE,NO INJURY / DRIVE AWAY,Y,,,$500 OR LESS,11/11/2017 06:35:00 AM,FOLLOWING TOO CLOSELY,FAILING TO REDUCE SPEED TO AVOID CRASH,2959,N,SOUTHPORT AVE,1932,,,,,,,2,NO INDICATION OF INJURY,0,0,0,0,0,2,0,6,7,11,41.936071089,-87.663539264,POINT (-87.663539263869 41.936071089375)
JA513396,,11/11/2017 06:30:00 AM,35,UNKNOWN,UNKNOWN,UNKNOWN,UNKNOWN,SIDESWIPE SAME DIRECTION,UNKNOWN,,STRAIGHT AND LEVEL,UNKNOWN,UNKNOWN,NOT ON SCENE (DESK REPORT),NO INJURY / DRIVE AWAY,,,Y,"$501 - $1,500",11/15/2017 09:00:00 PM,IMPROPER OVERTAKING/PASSING,NOT APPLICABLE,500,S,LAKE SHORE DR NB,114,,,,,,,2,NO INDICATION OF INJURY,0,0,0,0,0,2,0,6,7,11,41.875757582,-87.617285776,POINT (-87.617285775987 41.875757581506)
JA507460,,11/11/2017 06:35:00 AM,10,NO CONTROLS,NO CONTROLS,CLEAR,"DARKNESS, LIGHTED ROAD",FIXED OBJECT,OTHER,,STRAIGHT AND LEVEL,DRY,NO DEFECTS,NOT ON SCENE (DESK REPORT),NO INJURY / DRIVE AWAY,,Y,,$500 OR LESS,11/11/2017 06:45:00 AM,UNABLE TO DETERMINE,NOT APPLICABLE,25,W,65TH ST,312,,,,,,,1,NO INDICATION OF INJURY,0,0,0,0,0,1,0,6,7,11,41.776303796,-87.626320925,POINT (-87.626320925442 41.776303796457)
JA509993,,11/11/2017 06:45:00 AM,30,NO CONTROLS,NO CONTROLS,CLEAR,DAYLIGHT,PARKED MOTOR VEHICLE,NOT DIVIDED,,STRAIGHT AND LEVEL,DRY,NO DEFECTS,NOT ON SCENE (DESK REPORT),NO INJURY / DRIVE AWAY,,,N,"OVER $1,500",11/13/2017 11:00:00 AM,UNABLE TO DETERMINE,UNABLE TO DETERMINE,3250,N,RACINE AVE,1924,,,,,,,2,NO INDICATION OF INJURY,0,0,0,0,0,1,0,6,7,11,41.941354687,-87.659158984,POINT (-87.659158984205 41.94135468692)
JA507456,,11/11/2017 06:50:00 AM,30,TRAFFIC SIGNAL,FUNCTIONING PROPERLY,CLEAR,DAYLIGHT,REAR END,NOT DIVIDED,4,STRAIGHT AND LEVEL,DRY,NO DEFECTS,,NO INJURY / DRIVE AWAY,,,,$500 OR LESS,11/11/2017 07:00:00 AM,FOLLOWING TOO CLOSELY,NOT APPLICABLE,100,N,HOMAN BLVD,1123,,,,,,,3,NO INDICATION OF INJURY,0,0,0,0,0,3,0,6,7,11,41.882781401,-87.711208701,POINT (-87.711208701269 41.882781400723)
JA570558,,11/11/2017 07:00:00 AM,30,NO CONTROLS,NO CONTROLS,CLEAR,"DARKNESS, LIGHTED ROAD",PARKED MOTOR VEHICLE,NOT DIVIDED,1,STRAIGHT AND LEVEL,DRY,NO DEFECTS,NOT ON SCENE (DESK REPORT),INJURY AND / OR TOW DUE TO CRASH,,,Y,"OVER $1,500",11/11/2017 09:30:00 AM,UNABLE TO DETERMINE,UNABLE TO DETERMINE,5160,S,KEELER AVE,815,,,,,,,2,NO INDICATION OF INJURY,0,0,0,0,0,1,0,7,7,11,41.798786549,-87.728370172,POINT (-87.728370172076 41.798786549059)
JA513770,,11/11/2017 07:00:00 AM,30,NO CONTROLS,NO CONTROLS,CLEAR,"DARKNESS, LIGHTED ROAD",PARKED MOTOR VEHICLE,NOT DIVIDED,,STRAIGHT AND LEVEL,DRY,NO DEFECTS,NOT ON SCENE (DESK REPORT),NO INJURY / DRIVE AWAY,,,Y,"$501 - $1,500",11/16/2017 09:35:00 AM,UNABLE TO DETERMINE,UNABLE TO DETERMINE,836,W,WELLINGTON AVE,1933,,,,,,,2,NO INDICATION OF INJURY,0,0,0,0,0,1,0,7,7,11,41.936450168,-87.650552452,POINT (-87.650552452041 41.936450167582)
JA507471,,11/11/2017 07:20:00 AM,30,NO CONTROLS,NO CONTROLS,CLEAR,DAYLIGHT,REAR END,NOT DIVIDED,4,STRAIGHT AND LEVEL,DRY,NO DEFECTS,ON SCENE,NO INJURY / DRIVE AWAY,,,Y,$500 OR LESS,11/11/2017 07:33:00 AM,UNABLE TO DETERMINE,UNABLE TO DETERMINE,7501,S,CICERO AVE,833,,,,,,,2,NO INDICATION OF INJURY,0,0,0,0,0,2,0,7,7,11,41.756420751,-87.741450187,POINT (-87.741450187461 41.756420751245)
JA507495,,11/11/2017 07:30:00 AM,30,TRAFFIC SIGNAL,NO CONTROLS,CLEAR,DAYLIGHT,TURNING,NOT DIVIDED,,STRAIGHT AND LEVEL,DRY,NO DEFECTS,ON SCENE,NO INJURY / DRIVE AWAY,,,,"OVER $1,500",11/11/2017 07:50:00 AM,IMPROPER TURNING/NO SIGNAL,NOT APPLICABLE,1120,S,WABASH AVE,123,,,,,,,2,NO INDICATION OF INJURY,0,0,0,0,0,2,0,7,7,11,41.868605804,-87.626001941,POINT (-87.626001941435 41.868605803624)
JA507487,,11/11/2017 07:45:00 AM,20,NO CONTROLS,NO CONTROLS,CLEAR,DAYLIGHT,ANGLE,OTHER,1,STRAIGHT AND LEVEL,DRY,NO DEFECTS,ON SCENE,NO INJURY / DRIVE AWAY,,,,$500 OR LESS,11/11/2017 07:50:00 AM,UNDER THE INFLUENCE OF ALCOHOL/DRUGS (USE WHEN ARREST IS EFFECTED),HAD BEEN DRINKING (USE WHEN ARREST IS NOT MADE),4243,N,AUSTIN AVE,1624,,,,,,,2,NO INDICATION OF INJURY,0,0,0,0,0,2,0,7,7,11,41.957985943,-87.776795374,POINT (-87.77679537423 41.957985943236)
JA507506,,11/11/2017 07:50:00 AM,30,NO CONTROLS,NO CONTROLS,CLOUDY/OVERCAST,DAYLIGHT,REAR END,DIVIDED - W/MEDIAN (NOT RAISED),,STRAIGHT AND LEVEL,DRY,NO DEFECTS,NOT ON SCENE (DESK REPORT),NO INJURY / DRIVE AWAY,,,Y,"$501 - $1,500",11/11/2017 08:25:00 AM,UNABLE TO DETERMINE,UNABLE TO DETERMINE,3801,W,BELMONT AVE,2523,,,,,,,2,NO INDICATION OF INJURY,0,0,0,0,0,2,0,7,7,11,41.93904479,-87.722351578,POINT (-87.722351577503 41.939044790485)
JA507532,,11/11/2017 07:56:00 AM,30,TRAFFIC SIGNAL,FUNCTIONING PROPERLY,CLEAR,DAYLIGHT,ANGLE,DIVIDED - W/MEDIAN (NOT RAISED),4,STRAIGHT AND LEVEL,DRY,NO DEFECTS,NOT ON SCENE (DESK REPORT),NO INJURY / DRIVE AWAY,,,,"$501 - $1,500",11/11/2017 09:05:00 AM,FAILING TO YIELD RIGHT-OF-WAY,UNABLE TO DETERMINE,5200,N,WESTERN AVE,2011,,,,,,,2,NO INDICATION OF INJURY,0,0,0,0,0,2,0,7,7,11,41.975933372,-87.689299589,POINT (-87.689299589182 41.975933371994)
JA507502,,11/11/2017 07:56:00 AM,30,STOP SIGN/FLASHER,FUNCTIONING PROPERLY,CLOUDY/OVERCAST,DAYLIGHT,ANGLE,NOT DIVIDED,2,STRAIGHT AND LEVEL,DRY,NO DEFECTS,,NO INJURY / DRIVE AWAY,,,,"OVER $1,500",11/11/2017 07:56:00 AM,FAILING TO YIELD RIGHT-OF-WAY,FAILING TO YIELD RIGHT-OF-WAY,2300,N,LARAMIE AVE,2515,,,,,,,2,NO INDICATION OF INJURY,0,0,0,0,0,3,0,7,7,11,41.922323564,-87.756240629,POINT (-87.756240629162 41.922323563743)
JA510254,,11/11/2017 08:00:00 AM,30,NO CONTROLS,NO CONTROLS,CLEAR,DAYLIGHT,FIXED OBJECT,NOT DIVIDED,2,STRAIGHT AND LEVEL,UNKNOWN,NO DEFECTS,NOT ON SCENE (DESK REPORT),NO INJURY / DRIVE AWAY,,,Y,"OVER $1,500",11/11/2017 02:05:00 PM,UNABLE TO DETERMINE,NOT APPLICABLE,1440,W,CHICAGO AVE,1213,,,,,,,1,NO INDICATION OF INJURY,0,0,0,0,0,1,0,8,7,11,41.896233315,-87.66407716,POINT (-87.66407715986 41.896233315142)
JA510359,N,11/11/2017 08:00:00 AM,30,NO CONTROLS,NO CONTROLS,CLEAR,DAYLIGHT,PARKED MOTOR VEHICLE,NOT DIVIDED,,STRAIGHT AND LEVEL,SNOW OR SLUSH,NO DEFECTS,NOT ON SCENE (DESK REPORT),NO INJURY / DRIVE AWAY,,,,"OVER $1,500",11/13/2017 03:38:00 PM,UNABLE TO DETERMINE,NOT APPLICABLE,940,W,29TH ST,913,,,,,,,2,NO INDICATION OF INJURY,0,0,0,0,0,1,0,8,7,11,41.841090493,-87.650494064,POINT (-87.650494063821 41.84109049337)
JA507499,,11/11/2017 08:30:00 AM,30,STOP SIGN/FLASHER,FUNCTIONING PROPERLY,CLEAR,DAYLIGHT,REAR END,ONE-WAY,1,STRAIGHT AND LEVEL,DRY,NO DEFECTS,ON SCENE,NO INJURY / DRIVE AWAY,Y,,,$500 OR LESS,11/11/2017 08:30:00 AM,FAILING TO REDUCE SPEED TO AVOID CRASH,NOT APPLICABLE,759,N,SPAULDING AVE,1121,,,,,,,2,NO INDICATION OF INJURY,0,0,0,0,0,3,0,8,7,11,41.895440983,-87.708849659,POINT (-87.708849659206 41.895440982922)
JA508378,,11/11/2017 08:45:00 AM,15,NO CONTROLS,NO CONTROLS,CLEAR,DARKNESS,REAR END,ALLEY,1,STRAIGHT AND LEVEL,DRY,NO DEFECTS,ON SCENE,NO INJURY / DRIVE AWAY,,,,"OVER $1,500",11/11/2017 10:15:00 PM,UNABLE TO DETERMINE,UNABLE TO DETERMINE,7734,S,CHAPPEL AVE,414,,,,,,,2,NO INDICATION OF INJURY,0,0,0,0,0,2,0,8,7,11,41.754206155,-87.574965603,POINT (-87.574965603422 41.754206154764)
JA507530,,11/11/2017 08:45:00 AM,20,NO CONTROLS,NO CONTROLS,CLEAR,DAYLIGHT,ANGLE,ONE-WAY,1,STRAIGHT AND LEVEL,DRY,NO DEFECTS,NOT ON SCENE (DESK REPORT),NO INJURY / DRIVE AWAY,,,,"OVER $1,500",11/11/2017 09:10:00 AM,FAILING TO YIELD RIGHT-OF-WAY,UNABLE TO DETERMINE,6375,N,RICHMOND ST,2413,,,,,,,2,NO INDICATION OF INJURY,0,0,0,0,0,2,0,8,7,11,41.997424575,-87.703131602,POINT (-87.703131601895 41.997424575257)
JA507528,,11/11/2017 08:45:00 AM,30,TRAFFIC SIGNAL,FUNCTIONING PROPERLY,CLOUDY/OVERCAST,DAYLIGHT,SIDESWIPE SAME DIRECTION,ONE-WAY,,STRAIGHT AND LEVEL,DRY,NO DEFECTS,ON SCENE,NO INJURY / DRIVE AWAY,Y,,,"OVER $1,500",11/11/2017 08:46:00 AM,IMPROPER TURNING/NO SIGNAL,IMPROPER LANE USAGE,400,N,WELLS ST,1831,,,,,,,2,NO INDICATION OF INJURY,0,0,0,0,0,3,0,8,7,11,41.889198022,-87.634157297,POINT (-87.634157296675 41.889198021771)