RD_NO,CRASH_DATE_EST_I,CRASH_DATE,POSTED_SPEED_LIMIT,TRAFFIC_CONTROL_DEVICE,DEVICE_CONDITION,WEATHER_CONDITION,LIGHTING_CONDITION,FIRST_CRASH_TYPE,TRAFFICWAY_TYPE,LANE_CNT,ALIGNMENT,ROADWAY_SURFACE_COND,ROAD_DEFECT,REPORT_TYPE,CRASH_TYPE,INTERSECTION_RELATED_I,NOT_RIGHT_OF_WAY_I,HIT_AND_RUN_I,DAMAGE,DATE_POLICE_NOTIFIED,PRIM_CONTRIBUTORY_CAUSE,SEC_CONTRIBUTORY_CAUSE,STREET_NO,STREET_DIRECTION,STREET_NAME,BEAT_OF_OCCURRENCE,PHOTOS_TAKEN_I,STATEMENTS_TAKEN_I,DOORING_I,WORK_ZONE_I,WORK_ZONE_TYPE,WORKERS_PRESENT_I,NUM_UNITS,MOST_SEVERE_INJURY,INJURIES_TOTAL,INJURIES_FATAL,INJURIES_INCAPACITATING,INJURIES_NON_INCAPACITATING,INJURIES_REPORTED_NOT_EVIDENT,INJURIES_NO_INDICATION,INJURIES_UNKNOWN,CRASH_HOUR,CRASH_DAY_OF_WEEK,CRASH_MONTH,LATITUDE,LONGITUDE,LOCATION
JA516438,,11/11/2017 08:47:00 AM,30,TRAFFIC SIGNAL,FUNCTIONING PROPERLY,RAIN,DAYLIGHT,PEDESTRIAN,NOT DIVIDED,,STRAIGHT AND LEVEL,WET,NO DEFECTS,ON SCENE,INJURY AND / OR TOW DUE TO CRASH,Y,,,"OVER $1,500",11/18/2017 08:53:00 AM,FAILING TO YIELD RIGHT-OF-WAY,WEATHER,2,W,DIVISION ST,1824,,,,,,,2,NONINCAPACITATING INJURY,1,0,0,1,0,1,0,8,7,11,41.904050519,-87.628746754,POINT (-87.628746754477 41.904050519487)
JA507613,,11/11/2017 08:50:00 AM,30,STOP SIGN/FLASHER,UNKNOWN,CLEAR,DAYLIGHT,ANGLE,NOT DIVIDED,2,STRAIGHT AND LEVEL,DRY,NO DEFECTS,NOT ON SCENE (DESK REPORT),NO INJURY / DRIVE AWAY,Y,,,"OVER $1,500",11/11/2017 10:20:00 AM,FAILING TO YIELD RIGHT-OF-WAY,UNABLE TO DETERMINE,1930,W,OGDEN AVE,1225,,,,,,,2,NO INDICATION OF INJURY,0,0,0,0,0,3,0,8,7,11,41.874173825,-87.674927792,POINT (-87.674927792369 41.874173824531)
JA507587,Y,11/11/2017 09:00:00 AM,25,NO CONTROLS,NO CONTROLS,CLOUDY/OVERCAST,DAYLIGHT,PARKED MOTOR VEHICLE,NOT DIVIDED,1,STRAIGHT AND LEVEL,WET,NO DEFECTS,NOT ON SCENE (DESK REPORT),NO INJURY / DRIVE AWAY,,,Y,"OVER $1,500",11/11/2017 10:00:00 AM,UNABLE TO DETERMINE,UNABLE TO DETERMINE,1535,N,DAYTON ST,1822,,,,,,,2,NO INDICATION OF INJURY,0,0,0,0,0,1,0,9,7,11,41.909670581,-87.649319487,POINT (-87.649319486714 41.90967058127)
JA507549,,11/11/2017 09:00:00 AM,30,NO CONTROLS,NO CONTROLS,CLEAR,DAYLIGHT,REAR END,NOT DIVIDED,,STRAIGHT AND LEVEL,DRY,NO DEFECTS,NOT ON SCENE (DESK REPORT),NO INJURY / DRIVE AWAY,,,Y,$500 OR LESS,11/11/2017 09:25:00 AM,IMPROPER BACKING,IMPROPER BACKING,5800,W,CHICAGO AVE,1511,,,,,,,2,NO INDICATION OF INJURY,0,0,0,0,0,2,0,9,7,11,41.894892414,-87.7703655,POINT (-87.770365499801 41.894892413673)
JA507548,,11/11/2017 09:00:00 AM,5,NO CONTROLS,NO CONTROLS,OTHER,DAYLIGHT,FIXED OBJECT,OTHER,1,STRAIGHT AND LEVEL,DRY,NO DEFECTS,ON SCENE,NO INJURY / DRIVE AWAY,,Y,,"OVER $1,500",11/11/2017 09:00:00 AM,DRIVING SKILLS/KNOWLEDGE/EXPERIENCE,NOT APPLICABLE,9262,S,SOUTH CHICAGO AVE,423,,,,,,,1,NO INDICATION OF INJURY,0,0,0,0,0,1,0,9,7,11,41.726936546,-87.551668316,POINT (-87.551668315896 41.726936546492)
JA507561,,11/11/2017 09:12:00 AM,0,TRAFFIC SIGNAL,FUNCTIONING PROPERLY,CLOUDY/OVERCAST,DAYLIGHT,REAR END,DIVIDED - W/MEDIAN (NOT RAISED),,STRAIGHT AND LEVEL,SNOW OR SLUSH,"RUT, HOLES",ON SCENE,INJURY AND / OR TOW DUE TO CRASH,N,,,"OVER $1,500",11/11/2017 09:20:00 AM,UNABLE TO DETERMINE,NOT APPLICABLE,4500,W,DIVERSEY AVE,2521,,,,,,,2,"REPORTED, NOT EVIDENT",2,0,0,0,2,1,0,9,7,11,41.931738719,-87.739312334,POINT (-87.739312334189 41.931738718818)
JA507589,,11/11/2017 09:20:00 AM,30,NO CONTROLS,NO CONTROLS,CLEAR,DAYLIGHT,PARKED MOTOR VEHICLE,ONE-WAY,1,STRAIGHT AND LEVEL,ICE,NO DEFECTS,ON SCENE,NO INJURY / DRIVE AWAY,,,Y,$500 OR LESS,11/11/2017 09:25:00 AM,EXCEEDING SAFE SPEED FOR CONDITIONS,EXCEEDING SAFE SPEED FOR CONDITIONS,821,N,BISHOP ST,1213,N,,,,,,3,NO INDICATION OF INJURY,0,0,0,0,0,1,0,9,7,11,41.896722639,-87.663442568,POINT (-87.66344256828 41.89672263925)
JA509865,,11/11/2017 09:30:00 AM,15,NO CONTROLS,NO CONTROLS,CLEAR,DAYLIGHT,PARKED MOTOR VEHICLE,ONE-WAY,1,STRAIGHT AND LEVEL,DRY,UNKNOWN,NOT ON SCENE (DESK REPORT),NO INJURY / DRIVE AWAY,,,Y,"$501 - $1,500",11/13/2017 09:30:00 AM,UNABLE TO DETERMINE,IMPROPER OVERTAKING/PASSING,3983,S,LAKE PARK AVE,214,,,,,,,2,NO INDICATION OF INJURY,0,0,0,0,0,1,0,9,7,11,41.82290909,-87.602423643,POINT (-87.602423643395 41.822909089603)
JA507592,,11/11/2017 09:30:00 AM,20,NO CONTROLS,NO CONTROLS,CLEAR,DAYLIGHT,TURNING,ALLEY,1,STRAIGHT AND LEVEL,DRY,NO DEFECTS,NOT ON SCENE (DESK REPORT),NO INJURY / DRIVE AWAY,,,,"$501 - $1,500",11/11/2017 10:00:00 AM,FAILING TO YIELD RIGHT-OF-WAY,NOT APPLICABLE,3141,N,NEWLAND AVE,2511,,,,,,,2,NO INDICATION OF INJURY,0,0,0,0,0,3,0,9,7,11,41.937539826,-87.799213679,POINT (-87.799213679364 41.937539825793)
JA507578,,11/11/2017 09:35:00 AM,25,NO CONTROLS,NO CONTROLS,CLEAR,DAYLIGHT,SIDESWIPE SAME DIRECTION,NOT DIVIDED,,STRAIGHT AND LEVEL,DRY,NO DEFECTS,NOT ON SCENE (DESK REPORT),NO INJURY / DRIVE AWAY,,,,"$501 - $1,500",11/11/2017 09:55:00 AM,UNABLE TO DETERMINE,UNABLE TO DETERMINE,345,W,FULLERTON PKWY,1814,,,,,,,2,NO INDICATION OF INJURY,0,0,0,0,0,2,0,9,7,11,41.925516848,-87.63822189,POINT (-87.638221889715 41.925516848013)
JA507644,,11/11/2017 09:36:00 AM,30,STOP SIGN/FLASHER,FUNCTIONING PROPERLY,CLEAR,DAYLIGHT,TURNING,NOT DIVIDED,2,STRAIGHT AND LEVEL,DRY,NO DEFECTS,ON SCENE,INJURY AND / OR TOW DUE TO CRASH,Y,,,"OVER $1,500",11/11/2017 09:37:00 AM,UNABLE TO DETERMINE,UNABLE TO DETERMINE,3252,W,31ST ST,1032,,,,,,,2,NO INDICATION OF INJURY,0,0,0,0,0,3,0,9,7,11,41.837299141,-87.706928839,POINT (-87.706928839342 41.837299140755)
JA507569,,11/11/2017 09:38:00 AM,30,STOP SIGN/FLASHER,FUNCTIONING IMPROPERLY,CLEAR,DAYLIGHT,ANGLE,DIVIDED - W/MEDIAN (NOT RAISED),0,STRAIGHT AND LEVEL,DRY,NO DEFECTS,NOT ON SCENE (DESK REPORT),INJURY AND / OR TOW DUE TO CRASH,Y,,,"OVER $1,500",11/11/2017 09:38:00 AM,FAILING TO YIELD RIGHT-OF-WAY,UNABLE TO DETERMINE,7799,W,ADDISON ST,1631,,,,,,,2,"REPORTED, NOT EVIDENT",1,0,0,0,1,1,0,9,7,11,41.945059802,-87.821621765,POINT (-87.8216217647 41.945059802359)
JA507609,,11/11/2017 09:50:00 AM,30,TRAFFIC SIGNAL,FUNCTIONING PROPERLY,CLEAR,DAYLIGHT,TURNING,NOT DIVIDED,,STRAIGHT AND LEVEL,DRY,NO DEFECTS,NOT ON SCENE (DESK REPORT),NO INJURY / DRIVE AWAY,,,,$500 OR LESS,11/11/2017 10:15:00 AM,FOLLOWING TOO CLOSELY,NOT APPLICABLE,721,S,CICERO AVE,1131,,,,,,,2,NO INDICATION OF INJURY,0,0,0,0,0,2,0,9,7,11,41.871428652,-87.744780594,POINT (-87.744780593808 41.871428651893)
JA507621,,11/11/2017 09:51:00 AM,30,NO CONTROLS,NO CONTROLS,CLEAR,DAYLIGHT,TURNING,NOT DIVIDED,,STRAIGHT AND LEVEL,DRY,NO DEFECTS,ON SCENE,INJURY AND / OR TOW DUE TO CRASH,Y,,,"OVER $1,500",11/11/2017 09:53:00 AM,FAILING TO YIELD RIGHT-OF-WAY,NOT APPLICABLE,9000,S,ASHLAND AVE,2221,,,,,,,2,NONINCAPACITATING INJURY,2,0,0,1,1,3,0,9,7,11,41.73020471,-87.663046692,POINT (-87.663046692127 41.730204709887)
JA513027,,11/11/2017 10:00:00 AM,30,NO CONTROLS,NO CONTROLS,CLEAR,DAYLIGHT,PARKED MOTOR VEHICLE,ONE-WAY,2,STRAIGHT AND LEVEL,DRY,NO DEFECTS,NOT ON SCENE (DESK REPORT),NO INJURY / DRIVE AWAY,,,Y,"$501 - $1,500",11/15/2017 04:30:00 PM,UNABLE TO DETERMINE,UNABLE TO DETERMINE,5045,S,MICHIGAN AVE,224,,,,,,,2,NO INDICATION OF INJURY,0,0,0,0,0,1,0,10,7,11,41.802488872,-87.622514587,POINT (-87.622514587144 41.802488871878)
JA507690,,11/11/2017 10:05:00 AM,30,NO CONTROLS,NO CONTROLS,CLOUDY/OVERCAST,DAYLIGHT,SIDESWIPE SAME DIRECTION,CENTER TURN LANE,,STRAIGHT AND LEVEL,DRY,OTHER,ON SCENE,NO INJURY / DRIVE AWAY,,,,"$501 - $1,500",11/11/2017 10:45:00 AM,UNABLE TO DETERMINE,UNABLE TO DETERMINE,1024,W,NORTH AVE,1811,,,,Y,CONSTRUCTION,N,2,NO INDICATION OF INJURY,0,0,0,0,0,3,0,10,7,11,41.910934553,-87.654033883,POINT (-87.654033883196 41.910934553046)
JA510479,,11/11/2017 10:09:00 AM,30,NO CONTROLS,NO CONTROLS,RAIN,DAYLIGHT,PARKED MOTOR VEHICLE,ONE-WAY,,STRAIGHT AND LEVEL,WET,NO DEFECTS,NOT ON SCENE (DESK REPORT),NO INJURY / DRIVE AWAY,,,Y,"$501 - $1,500",11/13/2017 04:40:00 PM,UNABLE TO DETERMINE,NOT APPLICABLE,3714,W,SHAKESPEARE AVE,2525,,,,,,,2,NO INDICATION OF INJURY,0,0,0,0,0,1,0,10,7,11,41.920100011,-87.719958365,POINT (-87.719958364556 41.920100011408)
JA507671,,11/11/2017 10:15:00 AM,30,NO CONTROLS,NO CONTROLS,CLEAR,DAYLIGHT,REAR END,NOT DIVIDED,4,STRAIGHT AND LEVEL,DRY,NO DEFECTS,NOT ON SCENE (DESK REPORT),NO INJURY / DRIVE AWAY,,,,"$501 - $1,500",11/11/2017 11:15:00 AM,FOLLOWING TOO CLOSELY,FAILING TO REDUCE SPEED TO AVOID CRASH,7000,S,WESTERN AVE,832,,,,,,,2,NO INDICATION OF INJURY,0,0,0,0,0,2,0,10,7,11,41.766423493,-87.683437559,POINT (-87.683437558517 41.766423493079)
JA507672,,11/11/2017 10:30:00 AM,0,NO CONTROLS,NO CONTROLS,CLEAR,DAYLIGHT,PARKED MOTOR VEHICLE,PARKING LOT,0,STRAIGHT AND LEVEL,DRY,NO DEFECTS,NOT ON SCENE (DESK REPORT),NO INJURY / DRIVE AWAY,,,Y,"OVER $1,500",11/11/2017 11:10:00 AM,UNABLE TO DETERMINE,UNABLE TO DETERMINE,4946,N,MILWAUKEE AVE,1623,,,,,,,2,NO INDICATION OF INJURY,0,0,0,0,0,1,0,10,7,11,41.970677586,-87.763428944,POINT (-87.76342894418 41.97067758561)
JA511156,,11/11/2017 10:30:00 AM,30,NO CONTROLS,NO CONTROLS,CLEAR,DAYLIGHT,PARKED MOTOR VEHICLE,ONE-WAY,1,STRAIGHT AND LEVEL,DRY,NO DEFECTS,NOT ON SCENE (DESK REPORT),NO INJURY / DRIVE AWAY,,,,$500 OR LESS,11/14/2017 09:07:00 AM,IMPROPER BACKING,UNABLE TO DETERMINE,5232,W,CRYSTAL ST,2532,,,,,,,2,NO INDICATION OF INJURY,0,0,0,0,0,1,0,10,7,11,41.90325018,-87.757149665,POINT (-87.757149664558 41.903250180023)
JA507651,,11/11/2017 10:30:00 AM,30,NO CONTROLS,NO CONTROLS,CLOUDY/OVERCAST,DAYLIGHT,PEDESTRIAN,DIVIDED - W/MEDIAN (NOT RAISED),4,STRAIGHT AND LEVEL,DRY,NO DEFECTS,ON SCENE,INJURY AND / OR TOW DUE TO CRASH,,,,$500 OR LESS,11/11/2017 10:40:00 AM,DISTRACTION - FROM INSIDE VEHICLE,NOT APPLICABLE,1144,W,HARRISON ST,1232,,,,,,,2,NONINCAPACITATING INJURY,1,0,0,1,0,2,0,10,7,11,41.87440434,-87.656128292,POINT (-87.65612829217 41.874404339999)
JA507654,,11/11/2017 10:30:00 AM,30,TRAFFIC SIGNAL,FUNCTIONING PROPERLY,CLEAR,DAYLIGHT,REAR END,NOT DIVIDED,,STRAIGHT AND LEVEL,DRY,NO DEFECTS,ON SCENE,INJURY AND / OR TOW DUE TO CRASH,,,,"OVER $1,500",11/11/2017 10:31:00 AM,UNABLE TO DETERMINE,UNABLE TO DETERMINE,6300,S,DR MARTIN LUTHER KING JR DR,312,,,,,,,2,"REPORTED, NOT EVIDENT",2,0,0,0,2,0,0,10,7,11,41.780211322,-87.615768292,POINT (-87.615768291828 41.780211321839)
JA507687,,11/11/2017 10:30:00 AM,30,NO CONTROLS,NO CONTROLS,CLEAR,DAYLIGHT,PARKED MOTOR VEHICLE,NOT DIVIDED,2,STRAIGHT AND LEVEL,DRY,UNKNOWN,NOT ON SCENE (DESK REPORT),NO INJURY / DRIVE AWAY,,,Y,"$501 - $1,500",11/11/2017 11:32:00 AM,UNABLE TO DETERMINE,NOT APPLICABLE,801,W,35TH ST,915,,,,,,,2,NO INDICATION OF INJURY,0,0,0,0,0,3,0,10,7,11,41.830639691,-87.646184205,POINT (-87.646184204719 41.830639691215)
JA507666,,11/11/2017 10:30:00 AM,30,NO CONTROLS,NO CONTROLS,CLEAR,DAYLIGHT,REAR END,NOT DIVIDED,2,STRAIGHT AND LEVEL,DRY,NO DEFECTS,ON SCENE,NO INJURY / DRIVE AWAY,,,,"OVER $1,500",11/11/2017 10:30:00 AM,UNABLE TO DETERMINE,UNABLE TO DETERMINE,7710,W,BELMONT AVE,1631,,,,,,,3,NO INDICATION OF INJURY,0,0,0,0,0,3,0,10,7,11,41.937990825,-87.819451873,POINT (-87.819451872506 41.937990825087)
JA507705,,11/11/2017 10:35:00 AM,25,TRAFFIC SIGNAL,FUNCTIONING PROPERLY,CLEAR,DAYLIGHT,TURNING,OTHER,2,STRAIGHT AND LEVEL,DRY,NO DEFECTS,NOT ON SCENE (DESK REPORT),NO INJURY / DRIVE AWAY,,,Y,"OVER $1,500",11/11/2017 12:05:00 PM,IMPROPER BACKING,UNABLE TO DETERMINE,1930,S,UNION AVE,1235,,,,,,,2,NO INDICATION OF INJURY,0,0,0,0,0,2,0,10,7,11,41.855913255,-87.645128605,POINT (-87.645128605471 41.855913254809)
JA507641,,11/11/2017 10:35:00 AM,30,NO CONTROLS,NO CONTROLS,CLOUDY/OVERCAST,DAYLIGHT,TURNING,ONE-WAY,1,STRAIGHT AND LEVEL,DRY,NO DEFECTS,NOT ON SCENE (DESK REPORT),NO INJURY / DRIVE AWAY,,,,"OVER $1,500",11/11/2017 11:00:00 AM,FAILING TO YIELD RIGHT-OF-WAY,FAILING TO YIELD RIGHT-OF-WAY,2020,W,FARWELL AVE,2411,,,,,,,2,NO INDICATION OF INJURY,0,0,0,0,0,2,0,10,7,11,42.00652942,-87.681573868,POINT (-87.681573868322 42.006529419616)
JA507677,,11/11/2017 10:48:00 AM,30,NO CONTROLS,NO CONTROLS,CLEAR,DAYLIGHT,PARKED MOTOR VEHICLE,ONE-WAY,1,STRAIGHT AND LEVEL,DRY,NO DEFECTS,ON SCENE,NO INJURY / DRIVE AWAY,,,,$500 OR LESS,11/11/2017 10:52:00 AM,UNABLE TO DETERMINE,UNABLE TO DETERMINE,2657,S,HOMAN AVE,1032,,,,,,,2,NO INDICATION OF INJURY,0,0,0,0,0,1,0,10,7,11,41.842772768,-87.709719187,POINT (-87.70971918697 41.842772767681)
JA507676,,11/11/2017 10:50:00 AM,30,NO CONTROLS,NO CONTROLS,CLOUDY/OVERCAST,DAYLIGHT,PARKED MOTOR VEHICLE,DIVIDED - W/MEDIAN (NOT RAISED),4,STRAIGHT AND LEVEL,ICE,NO DEFECTS,ON SCENE,NO INJURY / DRIVE AWAY,,,,"$501 - $1,500",11/11/2017 11:00:00 AM,UNABLE TO DETERMINE,NOT APPLICABLE,2351,W,AUGUSTA BLVD,1212,,,,,,,2,NO INDICATION OF INJURY,0,0,0,0,0,2,0,10,7,11,41.899276249,-87.686507172,POINT (-87.686507171858 41.899276249466)
JA507678,,11/11/2017 10:57:00 AM,30,STOP SIGN/FLASHER,FUNCTIONING PROPERLY,CLEAR,DAYLIGHT,TURNING,NOT DIVIDED,2,STRAIGHT AND LEVEL,DRY,NO DEFECTS,NOT ON SCENE (DESK REPORT),INJURY AND / OR TOW DUE TO CRASH,Y,,,"OVER $1,500",11/11/2017 10:57:00 AM,FAILING TO YIELD RIGHT-OF-WAY,NOT APPLICABLE,6500,S,RACINE AVE,724,,,,,,,2,NO INDICATION OF INJURY,0,0,0,0,0,4,0,10,7,11,41.775880581,-87.654546395,POINT (-87.654546394578 41.775880581189)
JA507860,,11/11/2017 11:00:00 AM,20,NO CONTROLS,NO CONTROLS,CLEAR,DAYLIGHT,PARKED MOTOR VEHICLE,ONE-WAY,1,STRAIGHT AND LEVEL,DRY,NO DEFECTS,NOT ON SCENE (DESK REPORT),INJURY AND / OR TOW DUE TO CRASH,,,Y,"$501 - $1,500",11/11/2017 01:30:00 PM,UNABLE TO DETERMINE,NOT APPLICABLE,781,N,ROCKWELL ST,1221,,,,,,,2,NO INDICATION OF INJURY,0,0,0,0,0,1,0,11,7,11,41.895658102,-87.691624433,POINT (-87.691624432962 41.895658102146)
JA507692,,11/11/2017 11:00:00 AM,30,TRAFFIC SIGNAL,FUNCTIONING PROPERLY,CLEAR,DAYLIGHT,ANGLE,ONE-WAY,0,STRAIGHT AND LEVEL,DRY,NO DEFECTS,ON SCENE,INJURY AND / OR TOW DUE TO CRASH,Y,,,"OVER $1,500",11/11/2017 11:05:00 AM,DISREGARDING TRAFFIC SIGNALS,"OPERATING VEHICLE IN ERRATIC, RECKLESS, CARELESS, NEGLIGENT OR AGGRESSIVE MANNER",300,S,WELLS ST,122,,,,,,,2,NONINCAPACITATING INJURY,1,0,0,1,0,2,0,11,7,11,41.878053041,-87.633874333,POINT (-87.633874332934 41.878053040682)
JA512867,,11/11/2017 11:00:00 AM,20,NO CONTROLS,NO CONTROLS,UNKNOWN,UNKNOWN,PARKED MOTOR VEHICLE,NOT DIVIDED,,STRAIGHT AND LEVEL,UNKNOWN,UNKNOWN,NOT ON SCENE (DESK REPORT),NO INJURY / DRIVE AWAY,,,Y,"$501 - $1,500",11/15/2017 02:30:00 PM,UNABLE TO DETERMINE,NOT APPLICABLE,3408,W,DICKENS AVE,1413,,,,,,,2,NO INDICATION OF INJURY,0,0,0,0,0,1,0,11,7,11,41.919269729,-87.712342428,POINT (-87.7123424281 41.919269728716)
JA524584,,11/11/2017 11:00:00 AM,30,NO CONTROLS,NO CONTROLS,CLEAR,DAYLIGHT,FIXED OBJECT,NOT DIVIDED,,STRAIGHT AND LEVEL,DRY,NO DEFECTS,ON SCENE,NO INJURY / DRIVE AWAY,,Y,,"OVER $1,500",11/26/2017 11:30:00 AM,IMPROPER BACKING,NOT APPLICABLE,4401,S,KEATING AVE,815,,,,,,,1,NO INDICATION OF INJURY,0,0,0,0,0,1,0,11,7,11,41.813023358,-87.741939019,POINT (-87.741939018837 41.813023358122)
JA507673,,11/11/2017 11:05:00 AM,30,STOP SIGN/FLASHER,FUNCTIONING PROPERLY,CLOUDY/OVERCAST,DAYLIGHT,ANGLE,NOT DIVIDED,2,STRAIGHT AND LEVEL,DRY,NO DEFECTS,ON SCENE,INJURY AND / OR TOW DUE TO CRASH,Y,,,"OVER $1,500",11/11/2017 11:07:00 AM,FAILING TO YIELD RIGHT-OF-WAY,UNABLE TO DETERMINE,4128,N,SOUTHPORT AVE,1912,,,,,,,2,NO INDICATION OF INJURY,0,0,0,0,0,3,0,11,7,11,41.957049667,-87.664435457,POINT (-87.664435457217 41.957049667009)
JA507734,,11/11/2017 11:10:00 AM,30,TRAFFIC SIGNAL,FUNCTIONING PROPERLY,CLOUDY/OVERCAST,DAYLIGHT,TURNING,DIVIDED - W/MEDIAN (NOT RAISED),4,STRAIGHT AND LEVEL,DRY,NO DEFECTS,ON SCENE,INJURY AND / OR TOW DUE TO CRASH,Y,,,"OVER $1,500",11/11/2017 11:30:00 AM,IMPROPER OVERTAKING/PASSING,IMPROPER TURNING/NO SIGNAL,600,N,ASHLAND AVE,1215,,,,,,,2,NO INDICATION OF INJURY,0,0,0,0,0,5,0,11,7,11,41.892442427,-87.66733231,POINT (-87.667332309816 41.892442426821)
JA507741,,11/11/2017 11:20:00 AM,25,NO CONTROLS,NOT FUNCTIONING,CLEAR,DAWN,PARKED MOTOR VEHICLE,ONE-WAY,1,STRAIGHT AND LEVEL,ICE,NO DEFECTS,ON SCENE,NO INJURY / DRIVE AWAY,,,,"OVER $1,500",11/11/2017 11:52:00 AM,WEATHER,NOT APPLICABLE,2325,N,CAMBRIDGE AVE,1812,,,,,,,2,NO INDICATION OF INJURY,0,0,0,0,0,1,0,11,7,11,41.924369321,-87.642096634,POINT (-87.642096633855 41.924369320916)
JA507697,,11/11/2017 11:20:00 AM,30,TRAFFIC SIGNAL,FUNCTIONING PROPERLY,CLEAR,DAYLIGHT,ANGLE,DIVIDED - W/MEDIAN (NOT RAISED),,STRAIGHT AND LEVEL,DRY,NO DEFECTS,NOT ON SCENE (DESK REPORT),INJURY AND / OR TOW DUE TO CRASH,,,,"OVER $1,500",11/11/2017 11:40:00 AM,DISREGARDING TRAFFIC SIGNALS,DISREGARDING OTHER TRAFFIC SIGNS,6900,S,HALSTED ST,733,,,,,,,2,"REPORTED, NOT EVIDENT",2,0,0,0,2,1,0,11,7,11,41.768744341,-87.644651378,POINT (-87.644651378169 41.768744340933)
JA507695,,11/11/2017 11:23:00 AM,30,TRAFFIC SIGNAL,FUNCTIONING PROPERLY,CLEAR,DAYLIGHT,TURNING,DIVIDED - W/MEDIAN (NOT RAISED),3,STRAIGHT AND LEVEL,DRY,NO DEFECTS,ON SCENE,NO INJURY / DRIVE AWAY,,,,"$501 - $1,500",11/11/2017 11:23:00 AM,IMPROPER OVERTAKING/PASSING,UNABLE TO DETERMINE,1627,W,90TH ST,2221,,,,,,,2,NO INDICATION OF INJURY,0,0,0,0,0,2,0,11,7,11,41.730143609,-87.664053287,POINT (-87.664053286996 41.730143609218)
JA508444,,11/11/2017 11:30:00 AM,30,TRAFFIC SIGNAL,FUNCTIONING PROPERLY,CLEAR,DAYLIGHT,SIDESWIPE SAME DIRECTION,NOT DIVIDED,,STRAIGHT AND LEVEL,DRY,NO DEFECTS,NOT ON SCENE (DESK REPORT),NO INJURY / DRIVE AWAY,,,,"OVER $1,500",11/11/2017 11:56:00 PM,UNABLE TO DETERMINE,UNABLE TO DETERMINE,3901,S,KEDZIE AVE,921,,,,,,,2,NO INDICATION OF INJURY,0,0,0,0,0,2,0,11,7,11,41.822515404,-87.704315783,POINT (-87.704315782621 41.822515403741)
JA507864,,11/11/2017 11:30:00 AM,30,NO CONTROLS,NO CONTROLS,CLEAR,DAYLIGHT,PARKED MOTOR VEHICLE,ONE-WAY,,STRAIGHT AND LEVEL,DRY,NO DEFECTS,NOT ON SCENE (DESK REPORT),NO INJURY / DRIVE AWAY,,,Y,"OVER $1,500",11/11/2017 01:05:00 PM,UNABLE TO DETERMINE,UNABLE TO DETERMINE,7209,S,UNION AVE,732,,,,,,,2,NO INDICATION OF INJURY,0,0,0,0,0,1,0,11,7,11,41.763114044,-87.641344583,POINT (-87.641344583455 41.763114044379)
JA507704,Y,11/11/2017 11:30:00 AM,25,NO CONTROLS,NO CONTROLS,CLOUDY/OVERCAST,DAYLIGHT,REAR END,NOT DIVIDED,2,STRAIGHT AND LEVEL,WET,NO DEFECTS,NOT ON SCENE (DESK REPORT),NO INJURY / DRIVE AWAY,,,,"OVER $1,500",11/11/2017 11:35:00 AM,UNABLE TO DETERMINE,UNABLE TO DETERMINE,800,W,CHICAGO AVE,1213,,,,,,,2,NO INDICATION OF INJURY,0,0,0,0,0,2,0,11,7,11,41.896509293,-87.647755827,POINT (-87.647755827185 41.896509292938)
JA507709,,11/11/2017 11:38:00 AM,30,TRAFFIC SIGNAL,FUNCTIONING PROPERLY,CLEAR,DAYLIGHT,ANGLE,NOT DIVIDED,0,STRAIGHT AND LEVEL,DRY,NO DEFECTS,ON SCENE,INJURY AND / OR TOW DUE TO CRASH,Y,,,"OVER $1,500",11/11/2017 11:43:00 AM,FAILING TO YIELD RIGHT-OF-WAY,FAILING TO REDUCE SPEED TO AVOID CRASH,2400,W,JACKSON BLVD,1125,,,,,,,2,NONINCAPACITATING INJURY,1,0,0,1,0,1,0,11,7,11,41.877658917,-87.686424465,POINT (-87.686424464985 41.877658916758)
JA507987,,11/11/2017 11:40:00 AM,30,NO CONTROLS,NO CONTROLS,CLEAR,DAYLIGHT,SIDESWIPE SAME DIRECTION,NOT DIVIDED,2,STRAIGHT AND LEVEL,DRY,NO DEFECTS,NOT ON SCENE (DESK REPORT),NO INJURY / DRIVE AWAY,,,,"OVER $1,500",11/11/2017 03:20:00 PM,NOT APPLICABLE,NOT APPLICABLE,4221,W,MADISON ST,1115,,,,,,,2,NO INDICATION OF INJURY,0,0,0,0,0,2,0,11,7,11,41.88054698,-87.731455352,POINT (-87.731455351655 41.880546980325)
JA507722,,11/11/2017 11:40:00 AM,30,NO CONTROLS,NO CONTROLS,CLEAR,DAYLIGHT,ANGLE,NOT DIVIDED,2,STRAIGHT AND LEVEL,WET,NO DEFECTS,ON SCENE,INJURY AND / OR TOW DUE TO CRASH,,,,"OVER $1,500",11/11/2017 11:45:00 AM,FAILING TO YIELD RIGHT-OF-WAY,UNABLE TO DETERMINE,3602,N,MILWAUKEE AVE,1731,,,,,,,2,NO INDICATION OF INJURY,0,0,0,0,0,2,0,11,7,11,41.946269483,-87.735863581,POINT (-87.735863580886 41.946269482831)