RD_NO,CRASH_DATE_EST_I,CRASH_DATE,POSTED_SPEED_LIMIT,TRAFFIC_CONTROL_DEVICE,DEVICE_CONDITION,WEATHER_CONDITION,LIGHTING_CONDITION,FIRST_CRASH_TYPE,TRAFFICWAY_TYPE,LANE_CNT,ALIGNMENT,ROADWAY_SURFACE_COND,ROAD_DEFECT,REPORT_TYPE,CRASH_TYPE,INTERSECTION_RELATED_I,NOT_RIGHT_OF_WAY_I,HIT_AND_RUN_I,DAMAGE,DATE_POLICE_NOTIFIED,PRIM_CONTRIBUTORY_CAUSE,SEC_CONTRIBUTORY_CAUSE,STREET_NO,STREET_DIRECTION,STREET_NAME,BEAT_OF_OCCURRENCE,PHOTOS_TAKEN_I,STATEMENTS_TAKEN_I,DOORING_I,WORK_ZONE_I,WORK_ZONE_TYPE,WORKERS_PRESENT_I,NUM_UNITS,MOST_SEVERE_INJURY,INJURIES_TOTAL,INJURIES_FATAL,INJURIES_INCAPACITATING,INJURIES_NON_INCAPACITATING,INJURIES_REPORTED_NOT_EVIDENT,INJURIES_NO_INDICATION,INJURIES_UNKNOWN,CRASH_HOUR,CRASH_DAY_OF_WEEK,CRASH_MONTH,LATITUDE,LONGITUDE,LOCATION
JA508043,,11/11/2017 03:30:00 PM,25,STOP SIGN/FLASHER,FUNCTIONING PROPERLY,CLEAR,DAYLIGHT,ANGLE,DIVIDED - W/MEDIAN (NOT RAISED),2,STRAIGHT AND LEVEL,DRY,NO DEFECTS,,NO INJURY / DRIVE AWAY,,,,"$501 - $1,500",11/11/2017 04:11:00 PM,UNABLE TO DETERMINE,UNABLE TO DETERMINE,4030,W,47TH ST,815,,,,,,,2,NO INDICATION OF INJURY,0,0,0,0,0,2,0,15,7,11,41.807964429,-87.724747432,POINT (-87.724747432405 41.807964429274)
JA508089,,11/11/2017 03:30:00 PM,30,NO CONTROLS,NO CONTROLS,CLEAR,DAYLIGHT,PARKED MOTOR VEHICLE,DIVIDED - W/MEDIAN (NOT RAISED),2,STRAIGHT AND LEVEL,DRY,NO DEFECTS,ON SCENE,NO INJURY / DRIVE AWAY,Y,,,"OVER $1,500",11/11/2017 03:30:00 PM,IMPROPER TURNING/NO SIGNAL,NOT APPLICABLE,1415,W,ADDISON ST,1922,,,,,,,2,NO INDICATION OF INJURY,0,0,0,0,0,1,0,15,7,11,41.946947065,-87.664661271,POINT (-87.664661270738 41.946947065297)
JA508255,,11/11/2017 03:30:00 PM,30,NO CONTROLS,NO CONTROLS,CLEAR,DAYLIGHT,PARKED MOTOR VEHICLE,NOT DIVIDED,,STRAIGHT AND LEVEL,DRY,UNKNOWN,NOT ON SCENE (DESK REPORT),NO INJURY / DRIVE AWAY,,,,$500 OR LESS,11/11/2017 07:29:00 PM,UNABLE TO DETERMINE,UNABLE TO DETERMINE,2305,N,COMMONWEALTH AVE,1814,,,,,,,2,NO INDICATION OF INJURY,0,0,0,0,0,1,0,15,7,11,41.924000989,-87.637912799,POINT (-87.637912798718 41.924000988936)
JA508098,,11/11/2017 03:35:00 PM,20,NO CONTROLS,NO CONTROLS,CLEAR,"DARKNESS, LIGHTED ROAD",PARKED MOTOR VEHICLE,ONE-WAY,1,STRAIGHT AND LEVEL,DRY,NO DEFECTS,ON SCENE,INJURY AND / OR TOW DUE TO CRASH,,,,"OVER $1,500",11/11/2017 04:50:00 PM,UNABLE TO DETERMINE,UNABLE TO DETERMINE,1826,W,NORWOOD ST,2413,,,,,,,5,NO INDICATION OF INJURY,0,0,0,0,0,1,0,15,7,11,41.992055162,-87.676271979,POINT (-87.676271979214 41.992055162489)
JA508074,,11/11/2017 03:35:00 PM,25,NO CONTROLS,NO CONTROLS,CLEAR,DAYLIGHT,REAR END,DIVIDED - W/MEDIAN (NOT RAISED),4,STRAIGHT AND LEVEL,DRY,NO DEFECTS,NOT ON SCENE (DESK REPORT),NO INJURY / DRIVE AWAY,,,,"$501 - $1,500",11/11/2017 04:38:00 PM,UNABLE TO DETERMINE,UNABLE TO DETERMINE,2415,W,47TH ST,922,,,,,,,2,NO INDICATION OF INJURY,0,0,0,0,0,2,0,15,7,11,41.80831807,-87.685099576,POINT (-87.685099575575 41.808318069665)
JA508026,,11/11/2017 03:40:00 PM,30,TRAFFIC SIGNAL,FUNCTIONING PROPERLY,CLEAR,DAYLIGHT,REAR END,DIVIDED - W/MEDIAN (NOT RAISED),4,STRAIGHT AND LEVEL,DRY,NO DEFECTS,ON SCENE,NO INJURY / DRIVE AWAY,,,,$500 OR LESS,11/11/2017 03:44:00 PM,FOLLOWING TOO CLOSELY,EXCEEDING AUTHORIZED SPEED LIMIT,3841,S,CALIFORNIA AVE,911,,,,,,,2,NO INDICATION OF INJURY,0,0,0,0,0,2,0,15,7,11,41.823402956,-87.694478799,POINT (-87.694478798882 41.823402955625)
JA508020,,11/11/2017 03:40:00 PM,30,TRAFFIC SIGNAL,FUNCTIONING PROPERLY,CLEAR,DAYLIGHT,ANGLE,DIVIDED - W/MEDIAN (NOT RAISED),,STRAIGHT AND LEVEL,DRY,NO DEFECTS,ON SCENE,INJURY AND / OR TOW DUE TO CRASH,Y,,,"OVER $1,500",11/11/2017 03:50:00 PM,DISREGARDING TRAFFIC SIGNALS,NOT APPLICABLE,6700,S,CALIFORNIA AVE,831,,,,,,,3,INCAPACITATING INJURY,3,0,3,0,0,5,0,15,7,11,41.771729175,-87.693349922,POINT (-87.693349922161 41.771729174636)
JA508015,,11/11/2017 03:40:00 PM,30,UNKNOWN,UNKNOWN,CLEAR,DAYLIGHT,REAR END,UNKNOWN,,STRAIGHT AND LEVEL,DRY,UNKNOWN,NOT ON SCENE (DESK REPORT),NO INJURY / DRIVE AWAY,,,,$500 OR LESS,11/11/2017 03:55:00 PM,FOLLOWING TOO CLOSELY,FOLLOWING TOO CLOSELY,4801,W,DIVERSEY AVE,2521,,,,,,,2,NO INDICATION OF INJURY,0,0,0,0,0,2,0,15,7,11,41.931421913,-87.746715457,POINT (-87.746715457234 41.931421912693)
JA508085,,11/11/2017 03:45:00 PM,30,STOP SIGN/FLASHER,NO CONTROLS,CLEAR,DAYLIGHT,ANGLE,NOT DIVIDED,4,STRAIGHT AND LEVEL,WET,NO DEFECTS,NOT ON SCENE (DESK REPORT),NO INJURY / DRIVE AWAY,Y,,,"OVER $1,500",11/11/2017 05:00:00 PM,FAILING TO YIELD RIGHT-OF-WAY,NOT APPLICABLE,914,W,SUPERIOR ST,1214,,,,,,,2,NO INDICATION OF INJURY,0,0,0,0,0,2,0,15,7,11,41.895612205,-87.650861578,POINT (-87.650861578438 41.895612204926)
JA508107,,11/11/2017 03:45:00 PM,35,NO CONTROLS,NO CONTROLS,CLEAR,DAYLIGHT,ANGLE,DIVIDED - W/MEDIAN (NOT RAISED),2,STRAIGHT AND LEVEL,DRY,NO DEFECTS,ON SCENE,INJURY AND / OR TOW DUE TO CRASH,,,,"OVER $1,500",11/11/2017 04:37:00 PM,FAILING TO YIELD RIGHT-OF-WAY,NOT APPLICABLE,2415,W,AUGUSTA BLVD,1212,,,,,,,2,NO INDICATION OF INJURY,0,0,0,0,0,4,0,15,7,11,41.899260161,-87.68759166,POINT (-87.687591660235 41.899260161056)
JA508063,,11/11/2017 03:50:00 PM,35,OTHER REG. SIGN,NO CONTROLS,CLEAR,DUSK,FIXED OBJECT,ONE-WAY,3,STRAIGHT AND LEVEL,DRY,NO DEFECTS,ON SCENE,INJURY AND / OR TOW DUE TO CRASH,,Y,,"OVER $1,500",11/11/2017 04:21:00 PM,DISREGARDING OTHER TRAFFIC SIGNS,NOT APPLICABLE,400,W,GARFIELD BLVD,935,,,,,,,1,NO INDICATION OF INJURY,0,0,0,0,0,1,0,15,7,11,41.794580602,-87.635726779,POINT (-87.635726779488 41.794580602412)
JA508735,,11/11/2017 04:00:00 PM,30,NO CONTROLS,NO CONTROLS,CLEAR,DAYLIGHT,REAR END,DIVIDED - W/MEDIAN (NOT RAISED),,STRAIGHT AND LEVEL,DRY,NO DEFECTS,NOT ON SCENE (DESK REPORT),NO INJURY / DRIVE AWAY,,,Y,"$501 - $1,500",11/12/2017 08:55:00 AM,FOLLOWING TOO CLOSELY,FOLLOWING TOO CLOSELY,5650,W,DEVON AVE,1621,,,,,,,2,NO INDICATION OF INJURY,0,0,0,0,0,2,0,16,7,11,41.997250225,-87.770385446,POINT (-87.770385445806 41.997250224558)
JA508122,,11/11/2017 04:00:00 PM,30,NO CONTROLS,NO CONTROLS,CLEAR,DUSK,SIDESWIPE SAME DIRECTION,NOT DIVIDED,2,STRAIGHT AND LEVEL,DRY,NO DEFECTS,NOT ON SCENE (DESK REPORT),NO INJURY / DRIVE AWAY,Y,,Y,$500 OR LESS,11/11/2017 05:10:00 PM,IMPROPER OVERTAKING/PASSING,UNABLE TO DETERMINE,7900,S,LOWE AVE,621,,,,,,,2,NO INDICATION OF INJURY,0,0,0,0,0,2,0,16,7,11,41.75060157,-87.640519946,POINT (-87.640519946345 41.750601570494)
JA508034,,11/11/2017 04:00:00 PM,30,NO CONTROLS,NO CONTROLS,CLEAR,DAYLIGHT,SIDESWIPE SAME DIRECTION,DIVIDED - W/MEDIAN (NOT RAISED),2,STRAIGHT AND LEVEL,DRY,NO DEFECTS,NOT ON SCENE (DESK REPORT),NO INJURY / DRIVE AWAY,,,Y,"OVER $1,500",11/11/2017 04:10:00 PM,UNABLE TO DETERMINE,UNABLE TO DETERMINE,2451,S,DR MARTIN LUTHER KING JR DR,133,,,,,,,2,NO INDICATION OF INJURY,0,0,0,0,0,2,0,16,7,11,41.847842651,-87.617246784,POINT (-87.617246783843 41.847842651083)
JA508050,,11/11/2017 04:00:00 PM,30,NO CONTROLS,NO CONTROLS,CLEAR,DUSK,PARKED MOTOR VEHICLE,NOT DIVIDED,,STRAIGHT AND LEVEL,DRY,UNKNOWN,NOT ON SCENE (DESK REPORT),NO INJURY / DRIVE AWAY,,,,$500 OR LESS,11/11/2017 04:25:00 PM,FAILING TO YIELD RIGHT-OF-WAY,UNABLE TO DETERMINE,3724,W,DIVISION ST,2535,,,,,,,2,NO INDICATION OF INJURY,0,0,0,0,0,2,0,16,7,11,41.902834692,-87.719999543,POINT (-87.71999954323 41.902834691531)
JA508052,,11/11/2017 04:15:00 PM,30,UNKNOWN,UNKNOWN,UNKNOWN,UNKNOWN,REAR END,UNKNOWN,,STRAIGHT AND LEVEL,UNKNOWN,UNKNOWN,NOT ON SCENE (DESK REPORT),NO INJURY / DRIVE AWAY,,,,"OVER $1,500",11/11/2017 04:25:00 PM,UNABLE TO DETERMINE,NOT APPLICABLE,5287,N,ELSTON AVE,1621,,,,,,,2,NO INDICATION OF INJURY,0,0,0,0,0,6,0,16,7,11,41.977139341,-87.754588009,POINT (-87.754588009137 41.977139341402)
JA508101,,11/11/2017 04:20:00 PM,10,NO CONTROLS,NO CONTROLS,CLEAR,DAYLIGHT,REAR END,PARKING LOT,,STRAIGHT AND LEVEL,DRY,NO DEFECTS,NOT ON SCENE (DESK REPORT),NO INJURY / DRIVE AWAY,,,,"$501 - $1,500",11/11/2017 05:00:00 PM,UNABLE TO DETERMINE,UNABLE TO DETERMINE,7158,S,STONY ISLAND AVE,324,,,,,,,2,NO INDICATION OF INJURY,0,0,0,0,0,2,0,16,7,11,41.764276868,-87.586428542,POINT (-87.586428541523 41.764276868225)
JA508084,,11/11/2017 04:25:00 PM,30,TRAFFIC SIGNAL,FUNCTIONING PROPERLY,CLEAR,DUSK,SIDESWIPE OPPOSITE DIRECTION,CENTER TURN LANE,,STRAIGHT AND LEVEL,DRY,NO DEFECTS,ON SCENE,INJURY AND / OR TOW DUE TO CRASH,,,,"OVER $1,500",11/11/2017 04:30:00 PM,IMPROPER LANE USAGE,NOT APPLICABLE,6399,W,GRAND AVE,2512,,,,,,,2,NO INDICATION OF INJURY,0,0,0,0,0,2,0,16,7,11,41.922510463,-87.785406844,POINT (-87.785406844332 41.922510462827)
JA508081,,11/11/2017 04:25:00 PM,30,NO CONTROLS,NO CONTROLS,CLEAR,DARKNESS,REAR END,NOT DIVIDED,2,STRAIGHT AND LEVEL,DRY,NO DEFECTS,NOT ON SCENE (DESK REPORT),NO INJURY / DRIVE AWAY,,,,"OVER $1,500",11/11/2017 04:50:00 PM,EXCEEDING AUTHORIZED SPEED LIMIT,FOLLOWING TOO CLOSELY,5200,W,IRVING PARK RD,1624,,,,,,,2,NO INDICATION OF INJURY,0,0,0,0,0,2,0,16,7,11,41.953406251,-87.757275887,POINT (-87.757275887138 41.953406251096)
JA508126,,11/11/2017 04:25:00 PM,30,TRAFFIC SIGNAL,NO CONTROLS,CLEAR,"DARKNESS, LIGHTED ROAD",REAR END,NOT DIVIDED,,STRAIGHT AND LEVEL,DRY,NO DEFECTS,ON SCENE,NO INJURY / DRIVE AWAY,N,,Y,"OVER $1,500",11/11/2017 04:29:00 PM,UNABLE TO DETERMINE,UNABLE TO DETERMINE,32,E,CHICAGO AVE,1833,,,,,,,3,NO INDICATION OF INJURY,0,0,0,0,0,3,0,16,7,11,41.896803948,-87.626920284,POINT (-87.626920283732 41.896803947893)
JA508091,,11/11/2017 04:27:00 PM,35,TRAFFIC SIGNAL,UNKNOWN,CLEAR,DAYLIGHT,PEDESTRIAN,NOT DIVIDED,2,STRAIGHT AND LEVEL,DRY,NO DEFECTS,ON SCENE,INJURY AND / OR TOW DUE TO CRASH,Y,,Y,$500 OR LESS,11/11/2017 04:27:00 PM,FAILING TO YIELD RIGHT-OF-WAY,NOT APPLICABLE,501,N,HOMAN AVE,1121,,,,,,,2,NONINCAPACITATING INJURY,1,0,0,1,0,1,0,16,7,11,41.890336745,-87.711134745,POINT (-87.71113474535 41.890336744677)
JA508958,,11/11/2017 04:30:00 PM,30,NO CONTROLS,FUNCTIONING PROPERLY,CLEAR,DAYLIGHT,PARKED MOTOR VEHICLE,ONE-WAY,1,STRAIGHT AND LEVEL,DRY,NO DEFECTS,NOT ON SCENE (DESK REPORT),NO INJURY / DRIVE AWAY,,,Y,"OVER $1,500",11/12/2017 01:00:00 PM,UNABLE TO DETERMINE,UNABLE TO DETERMINE,3438,W,FRANKLIN BLVD,1121,,,,,,,2,NO INDICATION OF INJURY,0,0,0,0,0,1,0,16,7,11,41.890109996,-87.712835399,POINT (-87.712835398807 41.890109996009)
JA509330,,11/11/2017 04:30:00 PM,30,NO CONTROLS,NO CONTROLS,CLEAR,DAYLIGHT,SIDESWIPE SAME DIRECTION,DIVIDED - W/MEDIAN BARRIER,,STRAIGHT AND LEVEL,DRY,NO DEFECTS,NOT ON SCENE (DESK REPORT),NO INJURY / DRIVE AWAY,,,,"OVER $1,500",11/12/2017 06:00:00 PM,IMPROPER OVERTAKING/PASSING,UNABLE TO DETERMINE,950,N,MICHIGAN AVE,1833,,,,,,,2,NO INDICATION OF INJURY,0,0,0,0,0,2,0,16,7,11,41.900352772,-87.624332919,POINT (-87.624332918928 41.900352772063)
JA508155,,11/11/2017 04:30:00 PM,10,NO CONTROLS,NO CONTROLS,CLEAR,DARKNESS,PARKED MOTOR VEHICLE,PARKING LOT,,STRAIGHT AND LEVEL,DRY,NO DEFECTS,ON SCENE,NO INJURY / DRIVE AWAY,,,Y,"OVER $1,500",11/11/2017 05:50:00 PM,IMPROPER BACKING,NOT APPLICABLE,1558,S,WABASH AVE,131,,,,,,,2,NO INDICATION OF INJURY,0,0,0,0,0,1,0,16,7,11,41.86023628,-87.625810449,POINT (-87.625810449479 41.860236279826)
JA508152,,11/11/2017 04:30:00 PM,30,NO CONTROLS,NO CONTROLS,CLEAR,DAYLIGHT,SIDESWIPE SAME DIRECTION,NOT DIVIDED,,STRAIGHT AND LEVEL,DRY,NO DEFECTS,NOT ON SCENE (DESK REPORT),NO INJURY / DRIVE AWAY,,,,"OVER $1,500",11/11/2017 05:40:00 PM,NOT APPLICABLE,NOT APPLICABLE,6700,S,ASHLAND AVE,725,,,,,,,2,NO INDICATION OF INJURY,0,0,0,0,0,2,0,16,7,11,41.772098233,-87.664164618,POINT (-87.664164617596 41.77209823278)
JA508140,,11/11/2017 04:36:00 PM,30,NO CONTROLS,NO CONTROLS,CLEAR,"DARKNESS, LIGHTED ROAD",REAR END,OTHER,2,STRAIGHT AND LEVEL,DRY,UNKNOWN,NOT ON SCENE (DESK REPORT),NO INJURY / DRIVE AWAY,,,,"$501 - $1,500",11/11/2017 05:40:00 PM,IMPROPER BACKING,NOT APPLICABLE,5700,S,CICERO AVE,813,,,,,,,2,NO INDICATION OF INJURY,0,0,0,0,0,2,0,16,7,11,41.789329323,-87.741645644,POINT (-87.741645644196 41.789329323265)
JA508097,,11/11/2017 04:45:00 PM,30,TRAFFIC SIGNAL,FUNCTIONING PROPERLY,CLEAR,"DARKNESS, LIGHTED ROAD",REAR END,NOT DIVIDED,2,STRAIGHT AND LEVEL,UNKNOWN,UNKNOWN,NOT ON SCENE (DESK REPORT),NO INJURY / DRIVE AWAY,Y,,,"$501 - $1,500",11/11/2017 05:00:00 PM,UNABLE TO DETERMINE,UNABLE TO DETERMINE,5600,N,WESTERN AVE,2011,,,,,,,2,NO INDICATION OF INJURY,0,0,0,0,0,2,0,16,7,11,41.983255624,-87.689598914,POINT (-87.689598914492 41.9832556242)
JA508150,,11/11/2017 04:45:00 PM,30,STOP SIGN/FLASHER,FUNCTIONING PROPERLY,CLEAR,DUSK,TURNING,NOT DIVIDED,2,STRAIGHT AND LEVEL,DRY,NO DEFECTS,NOT ON SCENE (DESK REPORT),NO INJURY / DRIVE AWAY,,,,$500 OR LESS,11/11/2017 05:45:00 PM,IMPROPER TURNING/NO SIGNAL,NOT APPLICABLE,2501,W,115TH ST,2212,,,,,,,2,NO INDICATION OF INJURY,0,0,0,0,0,2,0,16,7,11,41.684397045,-87.683440635,POINT (-87.683440635171 41.684397044579)
JA508174,,11/11/2017 04:45:00 PM,30,UNKNOWN,UNKNOWN,CLEAR,"DARKNESS, LIGHTED ROAD",REAR END,UNKNOWN,,STRAIGHT AND LEVEL,DRY,UNKNOWN,NOT ON SCENE (DESK REPORT),NO INJURY / DRIVE AWAY,,,,"$501 - $1,500",11/11/2017 07:05:00 PM,FOLLOWING TOO CLOSELY,FOLLOWING TOO CLOSELY,6740,W,NORTH AVE,2513,,,,,,,2,NO INDICATION OF INJURY,0,0,0,0,0,2,0,16,7,11,41.909147208,-87.793978068,POINT (-87.793978067636 41.909147207663)
JA508087,,11/11/2017 04:45:00 PM,30,TRAFFIC SIGNAL,FUNCTIONING PROPERLY,CLEAR,"DARKNESS, LIGHTED ROAD",REAR END,DIVIDED - W/MEDIAN (NOT RAISED),4,STRAIGHT AND LEVEL,DRY,NO DEFECTS,NOT ON SCENE (DESK REPORT),INJURY AND / OR TOW DUE TO CRASH,,,,"OVER $1,500",11/11/2017 05:00:00 PM,UNABLE TO DETERMINE,UNABLE TO DETERMINE,133,S,STATE ST,112,,,,,,,2,NO INDICATION OF INJURY,0,0,0,0,0,2,0,16,7,11,41.879860784,-87.627572643,POINT (-87.627572642583 41.879860783591)
JA508123,,11/11/2017 04:55:00 PM,30,NO CONTROLS,NO CONTROLS,OTHER,DARKNESS,REAR END,DIVIDED - W/MEDIAN (NOT RAISED),2,STRAIGHT AND LEVEL,DRY,NO DEFECTS,ON SCENE,INJURY AND / OR TOW DUE TO CRASH,,,,"OVER $1,500",11/11/2017 04:59:00 PM,FOLLOWING TOO CLOSELY,NOT APPLICABLE,628,E,47TH ST,221,,,,,,,3,NO INDICATION OF INJURY,0,0,0,0,0,3,0,16,7,11,41.809589646,-87.610275742,POINT (-87.610275741983 41.809589646269)
JA508164,,11/11/2017 05:00:00 PM,40,NO CONTROLS,NO CONTROLS,CLEAR,"DARKNESS, LIGHTED ROAD",SIDESWIPE SAME DIRECTION,DIVIDED - W/MEDIAN BARRIER,8,STRAIGHT AND LEVEL,DRY,NO DEFECTS,ON SCENE,INJURY AND / OR TOW DUE TO CRASH,,,Y,"OVER $1,500",11/11/2017 05:15:00 PM,UNABLE TO DETERMINE,UNABLE TO DETERMINE,1100,S,LAKE SHORE DR E,114,,,,,,,2,NONINCAPACITATING INJURY,1,0,0,1,0,1,0,17,7,11,41.869300769,-87.617299347,POINT (-87.617299346513 41.869300768845)
JA508100,,11/11/2017 05:00:00 PM,30,NO CONTROLS,NO CONTROLS,RAIN,DARKNESS,REAR END,OTHER,2,STRAIGHT AND LEVEL,WET,NO DEFECTS,ON SCENE,NO INJURY / DRIVE AWAY,,,,"OVER $1,500",11/11/2017 05:20:00 PM,FOLLOWING TOO CLOSELY,NOT APPLICABLE,1620,W,CONGRESS PKWY,1231,,,,,,,2,NO INDICATION OF INJURY,0,0,0,0,0,3,0,17,7,11,41.875271344,-87.667524983,POINT (-87.667524982749 41.875271343818)
JA508136,Y,11/11/2017 05:00:00 PM,20,NO CONTROLS,OTHER,CLEAR,"DARKNESS, LIGHTED ROAD",PARKED MOTOR VEHICLE,ONE-WAY,1,STRAIGHT AND LEVEL,SNOW OR SLUSH,UNKNOWN,ON SCENE,NO INJURY / DRIVE AWAY,,,Y,"$501 - $1,500",11/11/2017 05:12:00 PM,UNABLE TO DETERMINE,UNABLE TO DETERMINE,6727,N,ARTESIAN AVE,2412,,,,,,,2,NO INDICATION OF INJURY,0,0,0,0,0,1,0,17,7,11,42.004005964,-87.691117044,POINT (-87.691117043967 42.004005964277)
JA508156,,11/11/2017 05:08:00 PM,30,TRAFFIC SIGNAL,FUNCTIONING PROPERLY,CLEAR,"DARKNESS, LIGHTED ROAD",TURNING,NOT DIVIDED,2,STRAIGHT AND LEVEL,DRY,NO DEFECTS,NOT ON SCENE (DESK REPORT),NO INJURY / DRIVE AWAY,,,Y,"$501 - $1,500",11/11/2017 06:00:00 PM,FAILING TO YIELD RIGHT-OF-WAY,FAILING TO REDUCE SPEED TO AVOID CRASH,4158,W,DIVISION ST,2534,,,,,,,2,NO INDICATION OF INJURY,0,0,0,0,0,2,0,17,7,11,41.902703661,-87.731168799,POINT (-87.731168799307 41.902703661475)
JA508125,,11/11/2017 05:10:00 PM,30,NO CONTROLS,NO CONTROLS,CLEAR,"DARKNESS, LIGHTED ROAD",REAR END,DIVIDED - W/MEDIAN (NOT RAISED),2,STRAIGHT AND LEVEL,DRY,UNKNOWN,NOT ON SCENE (DESK REPORT),NO INJURY / DRIVE AWAY,,,,"OVER $1,500",11/11/2017 05:15:00 PM,UNABLE TO DETERMINE,UNABLE TO DETERMINE,4605,W,LAWRENCE AVE,1722,,,,,,,2,NO INDICATION OF INJURY,0,0,0,0,0,2,0,17,7,11,41.967971378,-87.743061769,POINT (-87.743061768572 41.967971377767)
JA508143,,11/11/2017 05:10:00 PM,30,NO CONTROLS,NO CONTROLS,CLEAR,"DARKNESS, LIGHTED ROAD",REAR END,NOT DIVIDED,,STRAIGHT AND LEVEL,DRY,NO DEFECTS,,NO INJURY / DRIVE AWAY,,,,"$501 - $1,500",11/11/2017 05:25:00 PM,FOLLOWING TOO CLOSELY,DRIVING SKILLS/KNOWLEDGE/EXPERIENCE,6556,N,HARLEM AVE,1611,,,,,,,2,NO INDICATION OF INJURY,0,0,0,0,0,2,0,17,7,11,42.000311892,-87.806913875,POINT (-87.806913874812 42.000311892365)
JA508131,,11/11/2017 05:15:00 PM,15,NO CONTROLS,NO CONTROLS,CLEAR,"DARKNESS, LIGHTED ROAD",PARKED MOTOR VEHICLE,ONE-WAY,1,STRAIGHT AND LEVEL,DRY,WORN SURFACE,NOT ON SCENE (DESK REPORT),NO INJURY / DRIVE AWAY,,,Y,"$501 - $1,500",11/11/2017 05:32:00 PM,UNABLE TO DETERMINE,NOT APPLICABLE,5709,W,HURON ST,1511,,,,,,,2,NO INDICATION OF INJURY,0,0,0,0,0,1,0,17,7,11,41.892781596,-87.768299622,POINT (-87.768299621897 41.892781595829)
JA508141,,11/11/2017 05:15:00 PM,30,STOP SIGN/FLASHER,FUNCTIONING PROPERLY,CLEAR,"DARKNESS, LIGHTED ROAD",ANGLE,ONE-WAY,2,STRAIGHT AND LEVEL,DRY,NO DEFECTS,NOT ON SCENE (DESK REPORT),NO INJURY / DRIVE AWAY,,,,"$501 - $1,500",11/11/2017 05:45:00 PM,IMPROPER BACKING,UNABLE TO DETERMINE,2659,S,TROY ST,1033,,,,,,,2,NO INDICATION OF INJURY,0,0,0,0,0,3,0,17,7,11,41.842806111,-87.70361555,POINT (-87.703615549588 41.842806111137)
JA508179,,11/11/2017 05:15:00 PM,15,NO CONTROLS,NO CONTROLS,CLEAR,DUSK,ANGLE,PARKING LOT,6,STRAIGHT AND LEVEL,DRY,NO DEFECTS,NOT ON SCENE (DESK REPORT),NO INJURY / DRIVE AWAY,,Y,,"OVER $1,500",11/11/2017 05:40:00 PM,FAILING TO YIELD RIGHT-OF-WAY,UNABLE TO DETERMINE,8640,S,LAFAYETTE AVE,622,,,,,,,2,NO INDICATION OF INJURY,0,0,0,0,0,3,0,17,7,11,41.736870166,-87.625607291,POINT (-87.62560729062 41.736870166364)
JA508181,,11/11/2017 05:15:00 PM,30,STOP SIGN/FLASHER,FUNCTIONING PROPERLY,CLEAR,DAWN,ANGLE,NOT DIVIDED,,STRAIGHT AND LEVEL,DRY,NO DEFECTS,NOT ON SCENE (DESK REPORT),NO INJURY / DRIVE AWAY,,,,"$501 - $1,500",11/11/2017 06:02:00 PM,NOT APPLICABLE,NOT APPLICABLE,8600,S,KILPATRICK AVE,834,,,,,,,2,NO INDICATION OF INJURY,0,0,0,0,0,2,0,17,7,11,41.736304574,-87.738626959,POINT (-87.738626959357 41.736304574283)
JA508133,,11/11/2017 05:18:00 PM,30,STOP SIGN/FLASHER,NOT FUNCTIONING,CLEAR,"DARKNESS, LIGHTED ROAD",TURNING,NOT DIVIDED,0,STRAIGHT AND LEVEL,DRY,NO DEFECTS,ON SCENE,NO INJURY / DRIVE AWAY,Y,,,"OVER $1,500",11/11/2017 05:30:00 PM,FAILING TO YIELD RIGHT-OF-WAY,UNABLE TO DETERMINE,3032,W,47TH ST,922,,,,,,,2,NO INDICATION OF INJURY,0,0,0,0,0,2,0,17,7,11,41.808290371,-87.700376803,POINT (-87.700376803417 41.808290371399)
JA508307,Y,11/11/2017 05:20:00 PM,30,OTHER,OTHER,SNOW,"DARKNESS, LIGHTED ROAD",PARKED MOTOR VEHICLE,NOT DIVIDED,2,STRAIGHT AND LEVEL,SNOW OR SLUSH,NO DEFECTS,ON SCENE,NO INJURY / DRIVE AWAY,,,Y,"OVER $1,500",11/11/2017 07:35:00 PM,UNABLE TO DETERMINE,NOT APPLICABLE,1480,W,HURON ST,1215,,,,,,,2,NO INDICATION OF INJURY,0,0,0,0,0,1,0,17,7,11,41.894392977,-87.665528135,POINT (-87.665528134646 41.894392976535)
JA508170,,11/11/2017 05:25:00 PM,35,TRAFFIC SIGNAL,FUNCTIONING PROPERLY,CLEAR,"DARKNESS, LIGHTED ROAD",PEDALCYCLIST,NOT DIVIDED,4,STRAIGHT AND LEVEL,DRY,NO DEFECTS,ON SCENE,INJURY AND / OR TOW DUE TO CRASH,,,,$500 OR LESS,11/11/2017 05:30:00 PM,IMPROPER OVERTAKING/PASSING,NOT APPLICABLE,816,N,ASHLAND AVE,1213,,,,,,,2,"REPORTED, NOT EVIDENT",1,0,0,0,1,1,0,17,7,11,41.896584691,-87.667452658,POINT (-87.667452658389 41.896584691068)
JA510597,,11/11/2017 05:26:00 PM,30,NO CONTROLS,NO CONTROLS,CLEAR,"DARKNESS, LIGHTED ROAD",REAR END,NOT DIVIDED,2,STRAIGHT AND LEVEL,DRY,NO DEFECTS,NOT ON SCENE (DESK REPORT),NO INJURY / DRIVE AWAY,,,,"$501 - $1,500",11/13/2017 05:45:00 PM,FOLLOWING TOO CLOSELY,NOT APPLICABLE,1231,N,ASHLAND AVE,1433,,,,,,,2,NO INDICATION OF INJURY,0,0,0,0,0,2,0,17,7,11,41.904332182,-87.667374786,POINT (-87.667374786018 41.904332181864)