RD_NO,CRASH_DATE_EST_I,CRASH_DATE,POSTED_SPEED_LIMIT,TRAFFIC_CONTROL_DEVICE,DEVICE_CONDITION,WEATHER_CONDITION,LIGHTING_CONDITION,FIRST_CRASH_TYPE,TRAFFICWAY_TYPE,LANE_CNT,ALIGNMENT,ROADWAY_SURFACE_COND,ROAD_DEFECT,REPORT_TYPE,CRASH_TYPE,INTERSECTION_RELATED_I,NOT_RIGHT_OF_WAY_I,HIT_AND_RUN_I,DAMAGE,DATE_POLICE_NOTIFIED,PRIM_CONTRIBUTORY_CAUSE,SEC_CONTRIBUTORY_CAUSE,STREET_NO,STREET_DIRECTION,STREET_NAME,BEAT_OF_OCCURRENCE,PHOTOS_TAKEN_I,STATEMENTS_TAKEN_I,DOORING_I,WORK_ZONE_I,WORK_ZONE_TYPE,WORKERS_PRESENT_I,NUM_UNITS,MOST_SEVERE_INJURY,INJURIES_TOTAL,INJURIES_FATAL,INJURIES_INCAPACITATING,INJURIES_NON_INCAPACITATING,INJURIES_REPORTED_NOT_EVIDENT,INJURIES_NO_INDICATION,INJURIES_UNKNOWN,CRASH_HOUR,CRASH_DAY_OF_WEEK,CRASH_MONTH,LATITUDE,LONGITUDE,LOCATION
JA508344,,11/11/2017 09:15:00 PM,30,NO CONTROLS,NO CONTROLS,CLEAR,"DARKNESS, LIGHTED ROAD",PARKED MOTOR VEHICLE,ONE-WAY,1,STRAIGHT AND LEVEL,DRY,NO DEFECTS,NOT ON SCENE (DESK REPORT),NO INJURY / DRIVE AWAY,,,Y,"$501 - $1,500",11/11/2017 09:22:00 PM,UNABLE TO DETERMINE,NOT APPLICABLE,6820,S,KOMENSKY AVE,833,,,,,,,2,NO INDICATION OF INJURY,0,0,0,0,0,1,0,21,7,11,41.768880161,-87.723878294,POINT (-87.723878294199 41.768880160609)
JA508379,,11/11/2017 09:20:00 PM,30,TRAFFIC SIGNAL,FUNCTIONING PROPERLY,CLEAR,"DARKNESS, LIGHTED ROAD",SIDESWIPE SAME DIRECTION,DIVIDED - W/MEDIAN BARRIER,6,STRAIGHT AND LEVEL,DRY,NO DEFECTS,ON SCENE,INJURY AND / OR TOW DUE TO CRASH,,,,"OVER $1,500",11/11/2017 09:50:00 PM,IMPROPER LANE USAGE,UNABLE TO DETERMINE,98,S,MICHIGAN AVE,112,,,,,,,3,NO INDICATION OF INJURY,0,0,0,0,0,8,0,21,7,11,41.880890119,-87.624483266,POINT (-87.624483266019 41.88089011864)
JA508364,,11/11/2017 09:30:00 PM,25,NO CONTROLS,NO CONTROLS,CLEAR,"DARKNESS, LIGHTED ROAD",SIDESWIPE SAME DIRECTION,NOT DIVIDED,2,STRAIGHT AND LEVEL,DRY,NO DEFECTS,NOT ON SCENE (DESK REPORT),NO INJURY / DRIVE AWAY,,,Y,"$501 - $1,500",11/11/2017 09:45:00 PM,UNABLE TO DETERMINE,UNABLE TO DETERMINE,21,E,HUBBARD ST,1834,,,,,,,2,NO INDICATION OF INJURY,0,0,0,0,0,3,0,21,7,11,41.889971085,-87.627074774,POINT (-87.627074774483 41.889971085414)
JA508372,,11/11/2017 09:44:00 PM,30,NO CONTROLS,UNKNOWN,CLEAR,"DARKNESS, LIGHTED ROAD",REAR END,ONE-WAY,1,STRAIGHT ON GRADE,DRY,NO DEFECTS,ON SCENE,INJURY AND / OR TOW DUE TO CRASH,,,Y,"$501 - $1,500",11/11/2017 09:45:00 PM,UNABLE TO DETERMINE,UNABLE TO DETERMINE,6240,S,ARTESIAN AVE,825,,,,,,,2,NO INDICATION OF INJURY,0,0,0,0,0,2,0,21,7,11,41.779840307,-87.68502554,POINT (-87.685025539537 41.779840306967)
JA508367,,11/11/2017 09:45:00 PM,30,NO CONTROLS,NO CONTROLS,CLEAR,"DARKNESS, LIGHTED ROAD",TURNING,DIVIDED - W/MEDIAN BARRIER,,STRAIGHT AND LEVEL,DRY,NO DEFECTS,ON SCENE,INJURY AND / OR TOW DUE TO CRASH,,,,"$501 - $1,500",11/11/2017 10:00:00 PM,UNABLE TO DETERMINE,NOT APPLICABLE,1131,S,MICHIGAN AVE,114,,,,,,,2,NO INDICATION OF INJURY,0,0,0,0,0,2,0,21,7,11,41.868309142,-87.623959399,POINT (-87.623959399091 41.86830914197)
JA508395,,11/11/2017 09:46:00 PM,30,NO CONTROLS,NO CONTROLS,CLEAR,"DARKNESS, LIGHTED ROAD",PEDESTRIAN,NOT DIVIDED,4,STRAIGHT AND LEVEL,DRY,NO DEFECTS,ON SCENE,NO INJURY / DRIVE AWAY,,,,$500 OR LESS,11/11/2017 10:08:00 PM,UNABLE TO DETERMINE,NOT APPLICABLE,8017,S,COTTAGE GROVE AVE,631,,,,,,,2,NO INDICATION OF INJURY,0,0,0,0,0,2,0,21,7,11,41.748913424,-87.605026566,POINT (-87.605026565562 41.748913423601)
JA508383,,11/11/2017 09:46:00 PM,30,NO CONTROLS,NO CONTROLS,CLEAR,"DARKNESS, LIGHTED ROAD",PARKED MOTOR VEHICLE,ONE-WAY,1,STRAIGHT AND LEVEL,DRY,NO DEFECTS,ON SCENE,NO INJURY / DRIVE AWAY,,,,"OVER $1,500",11/11/2017 10:14:00 PM,DRIVING SKILLS/KNOWLEDGE/EXPERIENCE,UNABLE TO DETERMINE,1129,E,62ND ST,314,,Y,,,,,2,NO INDICATION OF INJURY,0,0,0,0,0,2,0,21,7,11,41.782210202,-87.598206074,POINT (-87.598206073871 41.782210202132)
JA508385,,11/11/2017 09:51:00 PM,30,UNKNOWN,UNKNOWN,CLEAR,"DARKNESS, LIGHTED ROAD",FIXED OBJECT,ALLEY,1,STRAIGHT AND LEVEL,DRY,UNKNOWN,ON SCENE,INJURY AND / OR TOW DUE TO CRASH,,N,,"OVER $1,500",11/11/2017 09:52:00 PM,UNABLE TO DETERMINE,UNABLE TO DETERMINE,931,N,PARKSIDE AVE,1511,,,,,,,1,NO INDICATION OF INJURY,0,0,0,0,0,1,0,21,7,11,41.897600039,-87.766559689,POINT (-87.766559688854 41.897600038895)
JA508408,,11/11/2017 10:00:00 PM,0,TRAFFIC SIGNAL,FUNCTIONING PROPERLY,CLEAR,DARKNESS,TURNING,ONE-WAY,2,STRAIGHT AND LEVEL,DRY,UNKNOWN,NOT ON SCENE (DESK REPORT),NO INJURY / DRIVE AWAY,,,,$500 OR LESS,11/11/2017 10:50:00 PM,FOLLOWING TOO CLOSELY,FOLLOWING TOO CLOSELY,5500,S,WENTWORTH AVE,225,,,,,,,2,NO INDICATION OF INJURY,0,0,0,0,0,2,0,22,7,11,,,
JA508386,Y,11/11/2017 10:06:00 PM,30,TRAFFIC SIGNAL,FUNCTIONING PROPERLY,CLEAR,"DARKNESS, LIGHTED ROAD",REAR END,NOT DIVIDED,4,STRAIGHT AND LEVEL,DRY,NO DEFECTS,ON SCENE,INJURY AND / OR TOW DUE TO CRASH,Y,,,"OVER $1,500",11/11/2017 10:09:00 PM,UNDER THE INFLUENCE OF ALCOHOL/DRUGS (USE WHEN ARREST IS EFFECTED),FAILING TO REDUCE SPEED TO AVOID CRASH,833,W,95TH ST,2223,,,,,,,3,INCAPACITATING INJURY,3,0,3,0,0,2,0,22,7,11,41.721333978,-87.64448515,POINT (-87.644485150242 41.721333978467)
JA508380,,11/11/2017 10:09:00 PM,35,TRAFFIC SIGNAL,FUNCTIONING PROPERLY,CLEAR,"DARKNESS, LIGHTED ROAD",REAR END,DIVIDED - W/MEDIAN (NOT RAISED),4,STRAIGHT AND LEVEL,DRY,UNKNOWN,NOT ON SCENE (DESK REPORT),NO INJURY / DRIVE AWAY,,,,"OVER $1,500",11/11/2017 10:15:00 PM,FOLLOWING TOO CLOSELY,UNABLE TO DETERMINE,1900,S,ASHLAND AVE,1234,,,,,,,2,NO INDICATION OF INJURY,0,0,0,0,0,5,0,22,7,11,41.855924843,-87.66623983,POINT (-87.666239830496 41.855924842836)
JA508412,,11/11/2017 10:15:00 PM,30,TRAFFIC SIGNAL,FUNCTIONING PROPERLY,CLEAR,"DARKNESS, LIGHTED ROAD",TURNING,NOT DIVIDED,2,STRAIGHT AND LEVEL,DRY,NO DEFECTS,NOT ON SCENE (DESK REPORT),NO INJURY / DRIVE AWAY,Y,,Y,"$501 - $1,500",11/11/2017 10:40:00 PM,UNABLE TO DETERMINE,UNABLE TO DETERMINE,2501,S,HALSTED ST,914,,,,,,,2,NO INDICATION OF INJURY,0,0,0,0,0,4,0,22,7,11,41.847147508,-87.646339382,POINT (-87.646339381523 41.847147508158)
JA508873,,11/11/2017 10:20:00 PM,30,TRAFFIC SIGNAL,FUNCTIONING PROPERLY,CLEAR,"DARKNESS, LIGHTED ROAD",SIDESWIPE SAME DIRECTION,DIVIDED - W/MEDIAN (NOT RAISED),4,STRAIGHT AND LEVEL,DRY,NO DEFECTS,NOT ON SCENE (DESK REPORT),NO INJURY / DRIVE AWAY,N,,Y,"OVER $1,500",11/12/2017 11:45:00 AM,IMPROPER OVERTAKING/PASSING,NOT APPLICABLE,2701,S,ASHLAND AVE,913,,,,,,,2,NO INDICATION OF INJURY,0,0,0,0,0,3,0,22,7,11,41.84307483,-87.665696488,POINT (-87.665696487739 41.843074830074)
JA508451,N,11/11/2017 10:20:00 PM,30,NO CONTROLS,UNKNOWN,RAIN,DARKNESS,OVERTURNED,NOT DIVIDED,2,"CURVE, LEVEL",WET,WORN SURFACE,ON SCENE,INJURY AND / OR TOW DUE TO CRASH,,,,"OVER $1,500",11/11/2017 10:56:00 PM,"OPERATING VEHICLE IN ERRATIC, RECKLESS, CARELESS, NEGLIGENT OR AGGRESSIVE MANNER",FAILING TO REDUCE SPEED TO AVOID CRASH,11101,S,DOTY AVE E,434,,,,,,,1,"REPORTED, NOT EVIDENT",1,0,0,0,1,0,0,22,7,11,41.692670535,-87.596717145,POINT (-87.596717145134 41.692670535108)
JA508417,,11/11/2017 10:26:00 PM,30,NO CONTROLS,NO CONTROLS,CLEAR,"DARKNESS, LIGHTED ROAD",PARKED MOTOR VEHICLE,NOT DIVIDED,2,STRAIGHT AND LEVEL,DRY,NO DEFECTS,ON SCENE,NO INJURY / DRIVE AWAY,,,,"$501 - $1,500",11/11/2017 10:26:00 PM,UNABLE TO DETERMINE,UNABLE TO DETERMINE,6440,S,ST LOUIS AVE,823,,,,,,,2,NO INDICATION OF INJURY,0,0,0,0,0,1,0,22,7,11,41.775815046,-87.710484833,POINT (-87.710484833187 41.775815046086)
JA508414,,11/11/2017 10:30:00 PM,30,TRAFFIC SIGNAL,FUNCTIONING PROPERLY,CLEAR,"DARKNESS, LIGHTED ROAD",TURNING,NOT DIVIDED,2,STRAIGHT AND LEVEL,DRY,UNKNOWN,ON SCENE,NO INJURY / DRIVE AWAY,N,,,"$501 - $1,500",11/11/2017 10:35:00 PM,IMPROPER BACKING,NOT APPLICABLE,3359,W,ARMITAGE AVE,1422,,,,,,,2,NO INDICATION OF INJURY,0,0,0,0,0,2,0,22,7,11,41.917233542,-87.711821158,POINT (-87.71182115849 41.917233542343)
JA508445,,11/11/2017 10:55:00 PM,30,TRAFFIC SIGNAL,FUNCTIONING PROPERLY,CLEAR,"DARKNESS, LIGHTED ROAD",REAR END,NOT DIVIDED,2,STRAIGHT AND LEVEL,DRY,NO DEFECTS,NOT ON SCENE (DESK REPORT),NO INJURY / DRIVE AWAY,,,,"$501 - $1,500",11/11/2017 11:50:00 PM,UNDER THE INFLUENCE OF ALCOHOL/DRUGS (USE WHEN ARREST IS EFFECTED),UNDER THE INFLUENCE OF ALCOHOL/DRUGS (USE WHEN ARREST IS EFFECTED),2958,N,MILWAUKEE AVE,2523,,,,,,,2,NO INDICATION OF INJURY,0,0,0,0,0,2,0,22,7,11,41.935039454,-87.71742528,POINT (-87.717425279568 41.935039454421)
JA551357,,11/11/2017 11:00:00 PM,30,NO CONTROLS,NO CONTROLS,UNKNOWN,"DARKNESS, LIGHTED ROAD",OTHER NONCOLLISION,NOT DIVIDED,2,STRAIGHT AND LEVEL,UNKNOWN,"RUT, HOLES",NOT ON SCENE (DESK REPORT),NO INJURY / DRIVE AWAY,,,,"OVER $1,500",12/16/2017 11:00:00 AM,UNABLE TO DETERMINE,UNABLE TO DETERMINE,1600,E,MIDWAY PLAISANCE N,331,,,,Y,UNKNOWN,,1,NO INDICATION OF INJURY,0,0,0,0,0,1,0,23,7,11,41.787767464,-87.586552842,POINT (-87.586552842267 41.787767463922)
JA508691,,11/11/2017 11:00:00 PM,30,TRAFFIC SIGNAL,FUNCTIONING PROPERLY,CLEAR,DARKNESS,REAR END,DIVIDED - W/MEDIAN (NOT RAISED),3,STRAIGHT AND LEVEL,DRY,NO DEFECTS,NOT ON SCENE (DESK REPORT),NO INJURY / DRIVE AWAY,,,Y,"$501 - $1,500",11/12/2017 07:40:00 AM,UNABLE TO DETERMINE,UNABLE TO DETERMINE,201,E,GARFIELD BLVD,231,,,,,,,2,NO INDICATION OF INJURY,0,0,0,0,0,2,0,23,7,11,41.794287364,-87.620761634,POINT (-87.620761633713 41.794287363516)
JA508502,,11/11/2017 11:00:00 PM,30,NO CONTROLS,NO CONTROLS,CLEAR,DARKNESS,PARKED MOTOR VEHICLE,DIVIDED - W/MEDIAN (NOT RAISED),,STRAIGHT AND LEVEL,DRY,NO DEFECTS,NOT ON SCENE (DESK REPORT),NO INJURY / DRIVE AWAY,,,Y,"OVER $1,500",11/12/2017 01:15:00 AM,IMPROPER OVERTAKING/PASSING,NOT APPLICABLE,1632,N,MELVINA AVE,2513,N,,,,,,2,NO INDICATION OF INJURY,0,0,0,0,0,2,0,23,7,11,41.910191998,-87.780288392,POINT (-87.780288391786 41.910191998148)
JA509178,Y,11/11/2017 11:00:00 PM,30,NO CONTROLS,NO CONTROLS,UNKNOWN,UNKNOWN,PARKED MOTOR VEHICLE,DIVIDED - W/MEDIAN (NOT RAISED),2,STRAIGHT AND LEVEL,UNKNOWN,NO DEFECTS,NOT ON SCENE (DESK REPORT),NO INJURY / DRIVE AWAY,,,Y,"$501 - $1,500",11/12/2017 04:49:00 PM,NOT APPLICABLE,NOT APPLICABLE,371,E,60TH ST,311,,,,,,,2,NO INDICATION OF INJURY,0,0,0,0,0,1,0,23,7,11,41.785582255,-87.616181394,POINT (-87.616181393559 41.785582254907)
JA508434,,11/11/2017 11:01:00 PM,30,TRAFFIC SIGNAL,FUNCTIONING PROPERLY,CLEAR,"DARKNESS, LIGHTED ROAD",ANGLE,DIVIDED - W/MEDIAN BARRIER,3,STRAIGHT AND LEVEL,DRY,NO DEFECTS,ON SCENE,INJURY AND / OR TOW DUE TO CRASH,Y,,,"OVER $1,500",11/11/2017 11:06:00 PM,DISREGARDING TRAFFIC SIGNALS,DISREGARDING TRAFFIC SIGNALS,300,S,MICHIGAN AVE,113,,,,,,,2,"REPORTED, NOT EVIDENT",1,0,0,0,1,1,0,23,7,11,41.878217345,-87.62445584,POINT (-87.624455840297 41.878217345311)
JA508437,,11/11/2017 11:10:00 PM,25,NO CONTROLS,NO CONTROLS,CLEAR,"DARKNESS, LIGHTED ROAD",TURNING,CENTER TURN LANE,2,STRAIGHT ON GRADE,DRY,NO DEFECTS,ON SCENE,INJURY AND / OR TOW DUE TO CRASH,,,,"OVER $1,500",11/11/2017 11:15:00 PM,IMPROPER TURNING/NO SIGNAL,FAILING TO YIELD RIGHT-OF-WAY,9452,S,JEFFERY AVE,413,,Y,,,,,2,NONINCAPACITATING INJURY,1,0,0,1,0,1,0,23,7,11,41.722679491,-87.57550673,POINT (-87.575506730342 41.722679491464)
JA508435,,11/11/2017 11:20:00 PM,30,NO CONTROLS,NO CONTROLS,CLEAR,"DARKNESS, LIGHTED ROAD",ANGLE,PARKING LOT,,STRAIGHT AND LEVEL,DRY,NO DEFECTS,NOT ON SCENE (DESK REPORT),NO INJURY / DRIVE AWAY,,,,"OVER $1,500",11/11/2017 11:55:00 PM,FAILING TO YIELD RIGHT-OF-WAY,FAILING TO YIELD RIGHT-OF-WAY,215,E,35TH ST,212,,,,,,,2,NO INDICATION OF INJURY,0,0,0,0,0,3,0,23,7,11,41.830956065,-87.621113284,POINT (-87.621113283981 41.830956064786)
JA508433,,11/11/2017 11:28:00 PM,30,STOP SIGN/FLASHER,MISSING,CLEAR,"DARKNESS, LIGHTED ROAD",ANGLE,NOT DIVIDED,2,STRAIGHT AND LEVEL,DRY,NO DEFECTS,ON SCENE,INJURY AND / OR TOW DUE TO CRASH,Y,,,"OVER $1,500",11/11/2017 11:29:00 PM,NOT APPLICABLE,FAILING TO REDUCE SPEED TO AVOID CRASH,7200,S,WENTWORTH AVE,731,,,,,,,2,NO INDICATION OF INJURY,0,0,0,0,0,3,0,23,7,11,41.76351932,-87.629873071,POINT (-87.629873071249 41.763519320311)
JA508463,,11/11/2017 11:45:00 PM,30,NO CONTROLS,NO CONTROLS,CLEAR,DARKNESS,REAR END,DIVIDED - W/MEDIAN (NOT RAISED),2,STRAIGHT AND LEVEL,DRY,NO DEFECTS,NOT ON SCENE (DESK REPORT),NO INJURY / DRIVE AWAY,,,Y,"OVER $1,500",11/12/2017 12:15:00 AM,FOLLOWING TOO CLOSELY,NOT APPLICABLE,4799,W,LE MOYNE ST,2533,,,,,,,2,NO INDICATION OF INJURY,0,0,0,0,0,4,0,23,7,11,41.907701819,-87.745990545,POINT (-87.745990545392 41.907701818952)
JA508466,,11/11/2017 11:56:00 PM,30,STOP SIGN/FLASHER,NO CONTROLS,CLEAR,"DARKNESS, LIGHTED ROAD",TURNING,NOT DIVIDED,,STRAIGHT AND LEVEL,DRY,UNKNOWN,ON SCENE,INJURY AND / OR TOW DUE TO CRASH,Y,,,"OVER $1,500",11/11/2017 11:58:00 PM,UNABLE TO DETERMINE,NOT APPLICABLE,630,W,18TH ST,1235,,,,,,,2,NONINCAPACITATING INJURY,1,0,0,1,0,2,0,23,7,11,41.857711095,-87.643083442,POINT (-87.643083441501 41.857711094904)
JA509112,,11/12/2017 12:00:00 AM,35,STOP SIGN/FLASHER,FUNCTIONING PROPERLY,UNKNOWN,UNKNOWN,PARKED MOTOR VEHICLE,NOT DIVIDED,99,STRAIGHT AND LEVEL,UNKNOWN,NO DEFECTS,ON SCENE,NO INJURY / DRIVE AWAY,,,Y,"$501 - $1,500",11/12/2017 02:45:00 PM,UNABLE TO DETERMINE,NOT APPLICABLE,5598,S,HYDE PARK BLVD,235,,,,,,,2,NO INDICATION OF INJURY,0,0,0,0,0,1,0,0,1,11,41.793508221,-87.584055838,POINT (-87.584055838431 41.793508220671)
JA508447,,11/12/2017 12:01:00 AM,25,TRAFFIC SIGNAL,FUNCTIONING PROPERLY,CLEAR,"DARKNESS, LIGHTED ROAD",TURNING,DIVIDED - W/MEDIAN (NOT RAISED),2,STRAIGHT AND LEVEL,WET,NO DEFECTS,ON SCENE,NO INJURY / DRIVE AWAY,Y,,,"$501 - $1,500",11/12/2017 12:05:00 AM,IMPROPER TURNING/NO SIGNAL,IMPROPER TURNING/NO SIGNAL,759,W,FULLERTON AVE,1812,,,,,,,2,NO INDICATION OF INJURY,0,0,0,0,0,2,0,0,1,11,41.925344912,-87.648697583,POINT (-87.648697583469 41.925344912018)
JA508458,,11/12/2017 12:05:00 AM,30,TRAFFIC SIGNAL,FUNCTIONING PROPERLY,CLEAR,"DARKNESS, LIGHTED ROAD",PEDESTRIAN,NOT DIVIDED,2,STRAIGHT AND LEVEL,DRY,NO DEFECTS,ON SCENE,INJURY AND / OR TOW DUE TO CRASH,Y,,,$500 OR LESS,11/12/2017 12:06:00 AM,UNABLE TO DETERMINE,UNABLE TO DETERMINE,2700,N,WESTERN AVE,1411,,,,,,,2,NONINCAPACITATING INJURY,1,0,0,1,0,2,0,0,1,11,41.930439805,-87.687991054,POINT (-87.687991053795 41.93043980451)
JA508472,,11/12/2017 12:11:00 AM,35,TRAFFIC SIGNAL,FUNCTIONING PROPERLY,CLEAR,"DARKNESS, LIGHTED ROAD",TURNING,CENTER TURN LANE,3,STRAIGHT AND LEVEL,DRY,NO DEFECTS,NOT ON SCENE (DESK REPORT),NO INJURY / DRIVE AWAY,Y,,,"$501 - $1,500",11/12/2017 12:35:00 AM,IMPROPER TURNING/NO SIGNAL,NOT APPLICABLE,800,W,99TH ST,2232,,,,,,,2,NO INDICATION OF INJURY,0,0,0,0,0,2,0,0,1,11,41.714323337,-87.643066714,POINT (-87.643066714219 41.714323337011)
JA508468,,11/12/2017 12:12:00 AM,30,TRAFFIC SIGNAL,FUNCTIONING PROPERLY,CLEAR,"DARKNESS, LIGHTED ROAD",TURNING,NOT DIVIDED,,STRAIGHT AND LEVEL,UNKNOWN,UNKNOWN,ON SCENE,INJURY AND / OR TOW DUE TO CRASH,Y,,,"$501 - $1,500",11/12/2017 12:12:00 AM,FAILING TO YIELD RIGHT-OF-WAY,NOT APPLICABLE,1201,N,ASHLAND AVE,1424,,,,,,,2,NO INDICATION OF INJURY,0,0,0,0,0,3,0,0,1,11,41.903382282,-87.667349348,POINT (-87.667349347861 41.903382282121)
JA508483,,11/12/2017 12:20:00 AM,30,NO CONTROLS,NO CONTROLS,CLEAR,"DARKNESS, LIGHTED ROAD",PARKED MOTOR VEHICLE,NOT DIVIDED,2,STRAIGHT AND LEVEL,DRY,NO DEFECTS,ON SCENE,INJURY AND / OR TOW DUE TO CRASH,,Y,,"OVER $1,500",11/12/2017 12:35:00 AM,UNABLE TO DETERMINE,NOT APPLICABLE,2818,N,CENTRAL PARK AVE,2523,,,,N,,,2,NO INDICATION OF INJURY,0,0,0,0,0,1,0,0,1,11,41.93248561,-87.717353194,POINT (-87.717353194135 41.932485609518)
JA508469,,11/12/2017 12:20:00 AM,30,UNKNOWN,FUNCTIONING PROPERLY,CLEAR,"DARKNESS, LIGHTED ROAD",REAR END,NOT DIVIDED,,STRAIGHT AND LEVEL,DRY,NO DEFECTS,NOT ON SCENE (DESK REPORT),NO INJURY / DRIVE AWAY,Y,,,$500 OR LESS,11/12/2017 12:39:00 AM,DISTRACTION - FROM INSIDE VEHICLE,NOT APPLICABLE,800,W,NORTH AVE,1813,,,,,,,2,NO INDICATION OF INJURY,0,0,0,0,0,2,0,0,1,11,41.91102851,-87.648335806,POINT (-87.64833580602 41.911028509812)
JA508467,,11/12/2017 12:20:00 AM,30,NO CONTROLS,NO CONTROLS,CLEAR,"DARKNESS, LIGHTED ROAD",SIDESWIPE SAME DIRECTION,NOT DIVIDED,,STRAIGHT AND LEVEL,DRY,NO DEFECTS,ON SCENE,INJURY AND / OR TOW DUE TO CRASH,,,,"OVER $1,500",11/12/2017 12:23:00 AM,UNABLE TO DETERMINE,UNABLE TO DETERMINE,2710,N,HALSTED ST,1935,,,,,,,2,NO INDICATION OF INJURY,0,0,0,0,0,2,0,0,1,11,41.931879303,-87.649128921,POINT (-87.649128920925 41.931879303411)
JA508450,,11/12/2017 12:20:00 AM,30,NO CONTROLS,NO CONTROLS,CLEAR,"DARKNESS, LIGHTED ROAD",PARKED MOTOR VEHICLE,DIVIDED - W/MEDIAN (NOT RAISED),,STRAIGHT AND LEVEL,DRY,NO DEFECTS,ON SCENE,NO INJURY / DRIVE AWAY,,,,"OVER $1,500",11/12/2017 12:25:00 AM,IMPROPER OVERTAKING/PASSING,NOT APPLICABLE,541,N,RUSH ST,1834,,,,,,,2,NO INDICATION OF INJURY,0,0,0,0,0,1,0,0,1,11,41.892194968,-87.625230863,POINT (-87.625230863447 41.892194967717)
JA508745,,11/12/2017 12:30:00 AM,0,NO CONTROLS,NO CONTROLS,UNKNOWN,"DARKNESS, LIGHTED ROAD",PARKED MOTOR VEHICLE,DIVIDED - W/MEDIAN (NOT RAISED),2,STRAIGHT AND LEVEL,UNKNOWN,NO DEFECTS,NOT ON SCENE (DESK REPORT),NO INJURY / DRIVE AWAY,,,Y,"OVER $1,500",11/12/2017 09:07:00 AM,UNABLE TO DETERMINE,UNABLE TO DETERMINE,671,W,DIVISION ST,1822,,,,,,,2,NO INDICATION OF INJURY,0,0,0,0,0,1,0,0,1,11,41.903563082,-87.645912176,POINT (-87.645912176187 41.903563082413)
JA508940,Y,11/12/2017 12:30:00 AM,30,NO CONTROLS,NO CONTROLS,UNKNOWN,UNKNOWN,PARKED MOTOR VEHICLE,DIVIDED - W/MEDIAN (NOT RAISED),2,STRAIGHT AND LEVEL,UNKNOWN,NO DEFECTS,ON SCENE,NO INJURY / DRIVE AWAY,,,,"$501 - $1,500",11/12/2017 12:37:00 PM,NOT APPLICABLE,NOT APPLICABLE,10519,S,DR MARTIN LUTHER KING JR DR,512,,,,,,,2,NO INDICATION OF INJURY,0,0,0,0,0,1,0,0,1,11,41.703064654,-87.613506255,POINT (-87.613506254829 41.703064654295)
JA508752,,11/12/2017 12:30:00 AM,30,NO CONTROLS,NO CONTROLS,CLEAR,DARKNESS,PARKED MOTOR VEHICLE,ONE-WAY,,STRAIGHT AND LEVEL,DRY,NO DEFECTS,,NO INJURY / DRIVE AWAY,,,Y,"$501 - $1,500",11/12/2017 09:00:00 AM,UNABLE TO DETERMINE,UNABLE TO DETERMINE,7061,N,RAVENSWOOD AVE,2424,,,,,,,3,NO INDICATION OF INJURY,0,0,0,0,0,1,0,0,1,11,42.01076499,-87.6752475,POINT (-87.675247499536 42.01076498991)
JA508481,,11/12/2017 12:37:00 AM,30,NO CONTROLS,NO CONTROLS,CLEAR,"DARKNESS, LIGHTED ROAD",REAR END,DIVIDED - W/MEDIAN (NOT RAISED),4,STRAIGHT AND LEVEL,DRY,NO DEFECTS,ON SCENE,NO INJURY / DRIVE AWAY,,,,"OVER $1,500",11/12/2017 12:39:00 AM,IMPROPER BACKING,DRIVING SKILLS/KNOWLEDGE/EXPERIENCE,134,N,CICERO AVE,1532,,,,,,,2,NO INDICATION OF INJURY,0,0,0,0,0,5,0,0,1,11,41.882995755,-87.745517787,POINT (-87.745517786886 41.882995754616)
JA508488,,11/12/2017 12:40:00 AM,30,STOP SIGN/FLASHER,FUNCTIONING PROPERLY,RAIN,"DARKNESS, LIGHTED ROAD",TURNING,NOT DIVIDED,2,STRAIGHT AND LEVEL,WET,NO DEFECTS,ON SCENE,INJURY AND / OR TOW DUE TO CRASH,Y,,,"OVER $1,500",11/12/2017 12:45:00 AM,UNABLE TO DETERMINE,NOT APPLICABLE,2831,W,71ST ST,831,,,,,,,2,"REPORTED, NOT EVIDENT",1,0,0,0,1,2,0,0,1,11,41.764408905,-87.694186942,POINT (-87.694186941519 41.764408905261)
JA508493,Y,11/12/2017 12:45:00 AM,30,NO CONTROLS,NO CONTROLS,CLEAR,"DARKNESS, LIGHTED ROAD",PARKED MOTOR VEHICLE,NOT DIVIDED,2,STRAIGHT AND LEVEL,DRY,NO DEFECTS,ON SCENE,INJURY AND / OR TOW DUE TO CRASH,,,Y,"OVER $1,500",11/12/2017 12:50:00 AM,UNABLE TO DETERMINE,UNABLE TO DETERMINE,2122,W,TAYLOR ST,1225,,,,,,,2,NO INDICATION OF INJURY,0,0,0,0,0,2,0,0,1,11,41.869177209,-87.67907557,POINT (-87.679075569553 41.869177208907)
JA509034,Y,11/12/2017 01:00:00 AM,30,NO CONTROLS,NO CONTROLS,UNKNOWN,UNKNOWN,PARKED MOTOR VEHICLE,NOT DIVIDED,2,STRAIGHT AND LEVEL,WET,NO DEFECTS,NOT ON SCENE (DESK REPORT),NO INJURY / DRIVE AWAY,,,Y,"OVER $1,500",11/12/2017 02:15:00 PM,UNABLE TO DETERMINE,UNABLE TO DETERMINE,11548,S,STATE ST,522,N,,,,,,2,NO INDICATION OF INJURY,0,0,0,0,0,1,0,1,1,11,41.683890702,-87.622991557,POINT (-87.622991557168 41.683890701977)