RD_NO,CRASH_DATE_EST_I,CRASH_DATE,POSTED_SPEED_LIMIT,TRAFFIC_CONTROL_DEVICE,DEVICE_CONDITION,WEATHER_CONDITION,LIGHTING_CONDITION,FIRST_CRASH_TYPE,TRAFFICWAY_TYPE,LANE_CNT,ALIGNMENT,ROADWAY_SURFACE_COND,ROAD_DEFECT,REPORT_TYPE,CRASH_TYPE,INTERSECTION_RELATED_I,NOT_RIGHT_OF_WAY_I,HIT_AND_RUN_I,DAMAGE,DATE_POLICE_NOTIFIED,PRIM_CONTRIBUTORY_CAUSE,SEC_CONTRIBUTORY_CAUSE,STREET_NO,STREET_DIRECTION,STREET_NAME,BEAT_OF_OCCURRENCE,PHOTOS_TAKEN_I,STATEMENTS_TAKEN_I,DOORING_I,WORK_ZONE_I,WORK_ZONE_TYPE,WORKERS_PRESENT_I,NUM_UNITS,MOST_SEVERE_INJURY,INJURIES_TOTAL,INJURIES_FATAL,INJURIES_INCAPACITATING,INJURIES_NON_INCAPACITATING,INJURIES_REPORTED_NOT_EVIDENT,INJURIES_NO_INDICATION,INJURIES_UNKNOWN,CRASH_HOUR,CRASH_DAY_OF_WEEK,CRASH_MONTH,LATITUDE,LONGITUDE,LOCATION
JA508538,,11/12/2017 01:00:00 AM,35,NO CONTROLS,NO CONTROLS,RAIN,DARKNESS,SIDESWIPE SAME DIRECTION,NOT DIVIDED,1,STRAIGHT AND LEVEL,WET,NO DEFECTS,NOT ON SCENE (DESK REPORT),NO INJURY / DRIVE AWAY,,,,"OVER $1,500",11/12/2017 02:15:00 AM,FAILING TO YIELD RIGHT-OF-WAY,FAILING TO YIELD RIGHT-OF-WAY,500,N,STATE ST,1831,,,,,,,2,NO INDICATION OF INJURY,0,0,0,0,0,2,0,1,1,11,41.890903691,-87.628186123,POINT (-87.628186123483 41.890903690741)
JA508495,,11/12/2017 01:00:00 AM,35,NO CONTROLS,NO CONTROLS,CLEAR,"DARKNESS, LIGHTED ROAD",SIDESWIPE SAME DIRECTION,ONE-WAY,2,STRAIGHT AND LEVEL,DRY,NO DEFECTS,NOT ON SCENE (DESK REPORT),NO INJURY / DRIVE AWAY,,,,"OVER $1,500",11/12/2017 01:25:00 AM,FAILING TO REDUCE SPEED TO AVOID CRASH,UNABLE TO DETERMINE,700,W,CHICAGO AVE,1213,,,,,,,2,NO INDICATION OF INJURY,0,0,0,0,0,4,0,1,1,11,41.896534314,-87.646163439,POINT (-87.646163438974 41.896534314246)
JA508511,,11/12/2017 01:00:00 AM,35,NO CONTROLS,NO CONTROLS,RAIN,"DARKNESS, LIGHTED ROAD",FIXED OBJECT,NOT DIVIDED,2,STRAIGHT AND LEVEL,WET,NO DEFECTS,ON SCENE,INJURY AND / OR TOW DUE TO CRASH,,Y,N,"OVER $1,500",11/12/2017 01:00:00 AM,FAILING TO REDUCE SPEED TO AVOID CRASH,EXCEEDING SAFE SPEED FOR CONDITIONS,6007,S,DAMEN AVE,714,,,,,,,1,NO INDICATION OF INJURY,0,0,0,0,0,4,0,1,1,11,41.784547115,-87.673897092,POINT (-87.673897092422 41.784547115398)
JA508662,,11/12/2017 01:15:00 AM,30,NO CONTROLS,NO CONTROLS,UNKNOWN,DAWN,PARKED MOTOR VEHICLE,PARKING LOT,,STRAIGHT AND LEVEL,WET,NO DEFECTS,NOT ON SCENE (DESK REPORT),NO INJURY / DRIVE AWAY,,,Y,"OVER $1,500",11/12/2017 06:10:00 AM,IMPROPER BACKING,UNABLE TO DETERMINE,11,E,87TH ST,632,,,,,,,2,NO INDICATION OF INJURY,0,0,0,0,0,3,0,1,1,11,41.736208153,-87.623660196,POINT (-87.623660196398 41.736208152994)
JA508501,,11/12/2017 01:29:00 AM,25,NO CONTROLS,NO CONTROLS,RAIN,"DARKNESS, LIGHTED ROAD",PARKED MOTOR VEHICLE,OTHER,,STRAIGHT AND LEVEL,WET,UNKNOWN,ON SCENE,INJURY AND / OR TOW DUE TO CRASH,N,,,"OVER $1,500",11/12/2017 01:31:00 AM,EXCEEDING SAFE SPEED FOR CONDITIONS,FAILING TO REDUCE SPEED TO AVOID CRASH,6740,S,ST LAWRENCE AVE,321,,,,,,,5,NO INDICATION OF INJURY,0,0,0,0,0,1,0,1,1,11,41.771836643,-87.610727879,POINT (-87.610727879437 41.771836643269)
JA508509,,11/12/2017 01:32:00 AM,30,TRAFFIC SIGNAL,FUNCTIONING PROPERLY,RAIN,"DARKNESS, LIGHTED ROAD",ANGLE,DIVIDED - W/MEDIAN (NOT RAISED),4,STRAIGHT AND LEVEL,WET,NO DEFECTS,ON SCENE,INJURY AND / OR TOW DUE TO CRASH,Y,,,"OVER $1,500",11/12/2017 01:35:00 AM,DISREGARDING TRAFFIC SIGNALS,EXCEEDING SAFE SPEED FOR CONDITIONS,340,W,GRAND AVE,1831,,,,,,,2,INCAPACITATING INJURY,2,0,1,0,1,1,0,1,1,11,41.891654251,-87.637113331,POINT (-87.637113330842 41.891654250965)
JA508537,,11/12/2017 01:42:00 AM,30,NO CONTROLS,NO CONTROLS,CLEAR,"DARKNESS, LIGHTED ROAD",PARKED MOTOR VEHICLE,NOT DIVIDED,1,STRAIGHT AND LEVEL,DRY,NO DEFECTS,ON SCENE,INJURY AND / OR TOW DUE TO CRASH,,,Y,"OVER $1,500",11/12/2017 01:42:00 AM,IMPROPER BACKING,EXCEEDING SAFE SPEED FOR CONDITIONS,5104,N,HAMLIN AVE,1712,,,,,,,2,NO INDICATION OF INJURY,0,0,0,0,0,1,0,1,1,11,41.973921835,-87.723437101,POINT (-87.723437101129 41.973921835409)
JA508546,Y,11/12/2017 01:45:00 AM,25,NO CONTROLS,NO CONTROLS,CLEAR,"DARKNESS, LIGHTED ROAD",PARKED MOTOR VEHICLE,NOT DIVIDED,2,STRAIGHT AND LEVEL,DRY,NO DEFECTS,ON SCENE,NO INJURY / DRIVE AWAY,,,Y,"OVER $1,500",11/12/2017 01:48:00 AM,UNABLE TO DETERMINE,NOT APPLICABLE,8430,S,BAKER AVE,424,,,,,,,2,NO INDICATION OF INJURY,0,0,0,0,0,1,0,1,1,11,41.741307421,-87.546947523,POINT (-87.546947523227 41.741307420512)
JA508533,,11/12/2017 02:00:00 AM,25,NO CONTROLS,NO CONTROLS,CLEAR,"DARKNESS, LIGHTED ROAD",ANGLE,ALLEY,,STRAIGHT AND LEVEL,DRY,NO DEFECTS,NOT ON SCENE (DESK REPORT),NO INJURY / DRIVE AWAY,,,,"OVER $1,500",11/12/2017 02:10:00 AM,UNABLE TO DETERMINE,UNABLE TO DETERMINE,222,W,ERIE ST,1831,,,,,,,2,NO INDICATION OF INJURY,0,0,0,0,0,2,0,2,1,11,41.894086944,-87.635142233,POINT (-87.635142233378 41.894086944212)
JA508518,,11/12/2017 02:03:00 AM,35,OTHER,UNKNOWN,RAIN,"DARKNESS, LIGHTED ROAD",PARKED MOTOR VEHICLE,ONE-WAY,1,STRAIGHT AND LEVEL,WET,NO DEFECTS,NOT ON SCENE (DESK REPORT),INJURY AND / OR TOW DUE TO CRASH,,,,"OVER $1,500",11/12/2017 02:03:00 AM,"OPERATING VEHICLE IN ERRATIC, RECKLESS, CARELESS, NEGLIGENT OR AGGRESSIVE MANNER",UNDER THE INFLUENCE OF ALCOHOL/DRUGS (USE WHEN ARREST IS EFFECTED),346,N,PINE AVE,1523,,,,,,,5,NO INDICATION OF INJURY,0,0,0,0,0,1,0,2,1,11,41.88717369,-87.763571339,POINT (-87.763571338633 41.88717369036)
JA508541,,11/12/2017 02:04:00 AM,30,TRAFFIC SIGNAL,FUNCTIONING PROPERLY,RAIN,"DARKNESS, LIGHTED ROAD",TURNING,RAMP,,STRAIGHT AND LEVEL,WET,NO DEFECTS,ON SCENE,NO INJURY / DRIVE AWAY,Y,,,"$501 - $1,500",11/12/2017 02:05:00 AM,FOLLOWING TOO CLOSELY,NOT APPLICABLE,601,W,IRVING PARK RD,1925,,,,,,,2,NO INDICATION OF INJURY,0,0,0,0,0,2,0,2,1,11,41.954526042,-87.645322614,POINT (-87.645322613574 41.954526041729)
JA508554,,11/12/2017 02:05:00 AM,30,NO CONTROLS,NO CONTROLS,RAIN,"DARKNESS, LIGHTED ROAD",FIXED OBJECT,NOT DIVIDED,4,STRAIGHT AND LEVEL,WET,NO DEFECTS,ON SCENE,NO INJURY / DRIVE AWAY,,,Y,"$501 - $1,500",11/12/2017 02:11:00 AM,UNABLE TO DETERMINE,UNABLE TO DETERMINE,3224,W,47TH ST,821,,,,,,,1,NO INDICATION OF INJURY,0,0,0,0,0,1,0,2,1,11,41.80821538,-87.705043037,POINT (-87.705043037064 41.808215379637)
JA508534,,11/12/2017 02:05:00 AM,30,TRAFFIC SIGNAL,FUNCTIONING PROPERLY,RAIN,"DARKNESS, LIGHTED ROAD",FIXED OBJECT,DIVIDED - W/MEDIAN (NOT RAISED),4,STRAIGHT AND LEVEL,WET,NO DEFECTS,ON SCENE,INJURY AND / OR TOW DUE TO CRASH,Y,,,"OVER $1,500",11/12/2017 02:06:00 AM,WEATHER,UNABLE TO DETERMINE,3199,W,COLUMBUS AVE,835,,,,,,,1,NO INDICATION OF INJURY,0,0,0,0,0,1,0,2,1,11,41.750423881,-87.70227717,POINT (-87.70227716972 41.750423880913)
JA508544,,11/12/2017 02:10:00 AM,40,NO CONTROLS,NO CONTROLS,RAIN,DARKNESS,OTHER OBJECT,DIVIDED - W/MEDIAN BARRIER,8,STRAIGHT AND LEVEL,WET,NO DEFECTS,ON SCENE,INJURY AND / OR TOW DUE TO CRASH,,,,"OVER $1,500",11/12/2017 02:14:00 AM,WEATHER,NOT APPLICABLE,970,N,LAKE SHORE DR SB,1833,,,,,,,1,NO INDICATION OF INJURY,0,0,0,0,0,1,0,2,1,11,41.90080611,-87.619723961,POINT (-87.619723961393 41.90080610974)
JA508569,N,11/12/2017 02:30:00 AM,30,STOP SIGN/FLASHER,FUNCTIONING PROPERLY,CLEAR,DAYLIGHT,TURNING,NOT DIVIDED,,STRAIGHT AND LEVEL,DRY,NO DEFECTS,NOT ON SCENE (DESK REPORT),NO INJURY / DRIVE AWAY,Y,,,"OVER $1,500",11/12/2017 03:00:00 AM,UNABLE TO DETERMINE,UNABLE TO DETERMINE,1400,N,WELLS ST,1821,,,,,,,2,NO INDICATION OF INJURY,0,0,0,0,0,2,0,2,1,11,41.907738477,-87.634754618,POINT (-87.634754618366 41.907738477358)
JA508567,,11/12/2017 02:31:00 AM,25,NO CONTROLS,NO CONTROLS,CLEAR,"DARKNESS, LIGHTED ROAD",PARKED MOTOR VEHICLE,OTHER,,STRAIGHT AND LEVEL,DRY,NO DEFECTS,ON SCENE,INJURY AND / OR TOW DUE TO CRASH,,,Y,"OVER $1,500",11/12/2017 02:33:00 AM,FAILING TO REDUCE SPEED TO AVOID CRASH,UNABLE TO DETERMINE,11609,S,ASHLAND AVE,524,,,,,,,2,NO INDICATION OF INJURY,0,0,0,0,0,1,0,2,1,11,41.682688549,-87.661366659,POINT (-87.661366658671 41.682688549054)
JA508556,,11/12/2017 02:32:00 AM,30,STOP SIGN/FLASHER,FUNCTIONING PROPERLY,RAIN,"DARKNESS, LIGHTED ROAD",TURNING,DIVIDED - W/MEDIAN BARRIER,4,STRAIGHT AND LEVEL,WET,NO DEFECTS,ON SCENE,INJURY AND / OR TOW DUE TO CRASH,Y,,,"OVER $1,500",11/12/2017 02:33:00 AM,DISREGARDING STOP SIGN,FAILING TO YIELD RIGHT-OF-WAY,6800,S,ASHLAND AVE,725,,,,,,,2,NONINCAPACITATING INJURY,2,0,0,1,1,1,0,2,1,11,41.770278756,-87.664112433,POINT (-87.664112432605 41.770278756122)
JA509122,,11/12/2017 02:45:00 AM,25,STOP SIGN/FLASHER,NO CONTROLS,UNKNOWN,DARKNESS,PARKED MOTOR VEHICLE,DIVIDED - W/MEDIAN (NOT RAISED),,STRAIGHT AND LEVEL,UNKNOWN,UNKNOWN,NOT ON SCENE (DESK REPORT),NO INJURY / DRIVE AWAY,,,,"$501 - $1,500",11/12/2017 03:40:00 PM,IMPROPER TURNING/NO SIGNAL,DRIVING SKILLS/KNOWLEDGE/EXPERIENCE,301,W,ERIE ST,1831,,,,,,,2,NO INDICATION OF INJURY,0,0,0,0,0,2,0,2,1,11,41.893858582,-87.635707996,POINT (-87.635707996292 41.893858581799)
JA508819,Y,11/12/2017 03:00:00 AM,30,NO CONTROLS,NO CONTROLS,CLEAR,DARKNESS,PARKED MOTOR VEHICLE,NOT DIVIDED,2,STRAIGHT AND LEVEL,WET,NO DEFECTS,ON SCENE,INJURY AND / OR TOW DUE TO CRASH,,,,"OVER $1,500",11/12/2017 09:30:00 AM,UNABLE TO DETERMINE,UNABLE TO DETERMINE,642,N,KEDZIE AVE,1121,,,,,,,2,NO INDICATION OF INJURY,0,0,0,0,0,1,0,3,1,11,41.893176642,-87.706631219,POINT (-87.706631218529 41.893176642493)
JA510103,,11/12/2017 03:00:00 AM,30,NO CONTROLS,NO CONTROLS,CLEAR,DARKNESS,PARKED MOTOR VEHICLE,DIVIDED - W/MEDIAN (NOT RAISED),,STRAIGHT AND LEVEL,DRY,NO DEFECTS,NOT ON SCENE (DESK REPORT),NO INJURY / DRIVE AWAY,,,Y,"OVER $1,500",11/13/2017 12:19:00 PM,IMPROPER OVERTAKING/PASSING,IMPROPER OVERTAKING/PASSING,4422,S,WALLACE ST,925,,,,,,,2,NO INDICATION OF INJURY,0,0,0,0,0,1,0,3,1,11,41.813694483,-87.64094488,POINT (-87.640944879925 41.813694483238)
JA509199,,11/12/2017 03:00:00 AM,30,NO CONTROLS,NO CONTROLS,CLEAR,DARKNESS,SIDESWIPE SAME DIRECTION,NOT DIVIDED,,STRAIGHT AND LEVEL,DRY,NO DEFECTS,NOT ON SCENE (DESK REPORT),NO INJURY / DRIVE AWAY,,,Y,"OVER $1,500",11/12/2017 04:50:00 PM,UNABLE TO DETERMINE,UNABLE TO DETERMINE,1516,N,MILWAUKEE AVE,1424,,,,,,,2,NO INDICATION OF INJURY,0,0,0,0,0,2,0,3,1,11,41.908995615,-87.675531656,POINT (-87.675531656472 41.90899561514)
JA508573,,11/12/2017 03:01:00 AM,30,TRAFFIC SIGNAL,FUNCTIONING PROPERLY,RAIN,"DARKNESS, LIGHTED ROAD",SIDESWIPE SAME DIRECTION,DIVIDED - W/MEDIAN (NOT RAISED),4,STRAIGHT AND LEVEL,WET,NO DEFECTS,NOT ON SCENE (DESK REPORT),INJURY AND / OR TOW DUE TO CRASH,,,,"OVER $1,500",11/12/2017 03:02:00 AM,NOT APPLICABLE,NOT APPLICABLE,3958,W,FULLERTON AVE,2524,,,,,,,2,NO INDICATION OF INJURY,0,0,0,0,0,2,0,3,1,11,41.924594566,-87.72671052,POINT (-87.726710520322 41.924594566385)
JA508602,Y,11/12/2017 03:05:00 AM,30,NO CONTROLS,NO CONTROLS,OTHER,"DARKNESS, LIGHTED ROAD",ANGLE,DIVIDED - W/MEDIAN (NOT RAISED),,STRAIGHT AND LEVEL,WET,NO DEFECTS,ON SCENE,INJURY AND / OR TOW DUE TO CRASH,Y,,,"OVER $1,500",11/12/2017 03:21:00 AM,FAILING TO YIELD RIGHT-OF-WAY,MOTORCYCLE ADVANCING LEGALLY ON RED LIGHT,8800,S,HALSTED ST,2223,,,,,,,2,INCAPACITATING INJURY,2,0,2,0,0,2,0,3,1,11,41.734222631,-87.64371259,POINT (-87.643712589891 41.734222630546)
JA508589,,11/12/2017 03:10:00 AM,30,STOP SIGN/FLASHER,FUNCTIONING PROPERLY,CLEAR,"DARKNESS, LIGHTED ROAD",REAR END,NOT DIVIDED,4,STRAIGHT AND LEVEL,WET,NO DEFECTS,,INJURY AND / OR TOW DUE TO CRASH,,,Y,"$501 - $1,500",11/12/2017 03:17:00 AM,FOLLOWING TOO CLOSELY,UNABLE TO DETERMINE,5726,N,NAGLE AVE,1612,,,,,,,2,NO INDICATION OF INJURY,0,0,0,0,0,2,0,3,1,11,41.985480138,-87.787831718,POINT (-87.787831718231 41.985480137808)
JA508595,,11/12/2017 03:15:00 AM,30,NO CONTROLS,NO CONTROLS,CLEAR,"DARKNESS, LIGHTED ROAD",TURNING,NOT DIVIDED,4,STRAIGHT AND LEVEL,DRY,NO DEFECTS,ON SCENE,INJURY AND / OR TOW DUE TO CRASH,,,,"OVER $1,500",11/12/2017 03:30:00 AM,IMPROPER LANE USAGE,NOT APPLICABLE,1611,N,WESTERN AVE,1434,,,,N,,,2,NO INDICATION OF INJURY,0,0,0,0,0,3,0,3,1,11,41.910676506,-87.687083466,POINT (-87.687083465849 41.910676506084)
JA508590,,11/12/2017 03:20:00 AM,30,NO CONTROLS,NO CONTROLS,RAIN,"DARKNESS, LIGHTED ROAD",PARKED MOTOR VEHICLE,DIVIDED - W/MEDIAN BARRIER,4,STRAIGHT AND LEVEL,WET,NO DEFECTS,ON SCENE,INJURY AND / OR TOW DUE TO CRASH,,,,"OVER $1,500",11/12/2017 03:28:00 AM,EXCEEDING SAFE SPEED FOR CONDITIONS,FAILING TO REDUCE SPEED TO AVOID CRASH,3302,S,ASHLAND AVE,912,,,,,,,5,"REPORTED, NOT EVIDENT",1,0,0,0,1,0,0,3,1,11,41.834072602,-87.665796515,POINT (-87.665796514786 41.834072602462)
JA508516,,11/12/2017 03:23:00 AM,30,TRAFFIC SIGNAL,FUNCTIONING PROPERLY,RAIN,"DARKNESS, LIGHTED ROAD",FIXED OBJECT,NOT DIVIDED,4,STRAIGHT ON GRADE,WET,NO DEFECTS,ON SCENE,INJURY AND / OR TOW DUE TO CRASH,Y,,N,"OVER $1,500",11/12/2017 03:23:00 AM,FAILING TO REDUCE SPEED TO AVOID CRASH,EXCEEDING SAFE SPEED FOR CONDITIONS,7059,S,PULASKI RD,833,,,,,,,1,NO INDICATION OF INJURY,0,0,0,0,0,1,0,3,1,11,41.764150741,-87.722211302,POINT (-87.722211302341 41.764150740891)
JA508581,Y,11/12/2017 03:25:00 AM,30,NO CONTROLS,NO CONTROLS,RAIN,"DARKNESS, LIGHTED ROAD",PARKED MOTOR VEHICLE,NOT DIVIDED,,STRAIGHT AND LEVEL,WET,NO DEFECTS,,INJURY AND / OR TOW DUE TO CRASH,,,Y,"OVER $1,500",11/12/2017 03:31:00 AM,EXCEEDING AUTHORIZED SPEED LIMIT,UNABLE TO DETERMINE,6173,N,NORTHWEST HWY,1611,,,,,,,3,NO INDICATION OF INJURY,0,0,0,0,0,1,0,3,1,11,41.994010022,-87.801591699,POINT (-87.801591698743 41.994010021883)
JA508583,,11/12/2017 03:27:00 AM,30,NO CONTROLS,NO CONTROLS,RAIN,"DARKNESS, LIGHTED ROAD",SIDESWIPE SAME DIRECTION,DIVIDED - W/MEDIAN BARRIER,3,STRAIGHT AND LEVEL,WET,NO DEFECTS,ON SCENE,INJURY AND / OR TOW DUE TO CRASH,,,,"OVER $1,500",11/12/2017 03:37:00 AM,IMPROPER LANE USAGE,FOLLOWING TOO CLOSELY,10124,S,INDIANAPOLIS AVE,432,,,,,,,2,INCAPACITATING INJURY,1,0,1,0,0,2,0,3,1,11,41.711545121,-87.534097507,POINT (-87.534097506568 41.711545120857)
JA508584,,11/12/2017 03:30:00 AM,30,NO CONTROLS,NO CONTROLS,SLEET/HAIL,"DARKNESS, LIGHTED ROAD",PARKED MOTOR VEHICLE,DIVIDED - W/MEDIAN (NOT RAISED),2,STRAIGHT AND LEVEL,WET,OTHER,ON SCENE,INJURY AND / OR TOW DUE TO CRASH,,,,"OVER $1,500",11/12/2017 03:38:00 AM,PHYSICAL CONDITION OF DRIVER,NOT APPLICABLE,11614,S,STATE ST,522,,,,,,,2,NONINCAPACITATING INJURY,1,0,0,1,0,0,0,3,1,11,41.682114643,-87.622937136,POINT (-87.622937136136 41.682114643042)
JA509156,,11/12/2017 03:30:00 AM,30,NO CONTROLS,NO CONTROLS,RAIN,DAYLIGHT,PARKED MOTOR VEHICLE,OTHER,,STRAIGHT AND LEVEL,DRY,NO DEFECTS,NOT ON SCENE (DESK REPORT),NO INJURY / DRIVE AWAY,,,,"OVER $1,500",11/12/2017 03:46:00 PM,NOT APPLICABLE,NOT APPLICABLE,5609,S,ST LOUIS AVE,822,,,,,,,3,NO INDICATION OF INJURY,0,0,0,0,0,1,0,3,1,11,41.791271367,-87.710699646,POINT (-87.710699646238 41.791271367238)
JA508600,,11/12/2017 03:30:00 AM,30,TRAFFIC SIGNAL,FUNCTIONING PROPERLY,RAIN,"DARKNESS, LIGHTED ROAD",ANGLE,DIVIDED - W/MEDIAN (NOT RAISED),,STRAIGHT AND LEVEL,WET,NO DEFECTS,ON SCENE,INJURY AND / OR TOW DUE TO CRASH,,,,"OVER $1,500",11/12/2017 03:30:00 AM,DISREGARDING TRAFFIC SIGNALS,FAILING TO REDUCE SPEED TO AVOID CRASH,300,S,CICERO AVE,1533,,,,,,,2,NONINCAPACITATING INJURY,1,0,0,1,0,3,0,3,1,11,41.876760655,-87.745291666,POINT (-87.745291666388 41.876760654888)
JA509273,,11/12/2017 03:40:00 AM,30,TRAFFIC SIGNAL,FUNCTIONING PROPERLY,UNKNOWN,"DARKNESS, LIGHTED ROAD",PARKED MOTOR VEHICLE,DIVIDED - W/MEDIAN (NOT RAISED),2,STRAIGHT AND LEVEL,UNKNOWN,UNKNOWN,NOT ON SCENE (DESK REPORT),NO INJURY / DRIVE AWAY,,,Y,"OVER $1,500",11/12/2017 03:40:00 PM,UNABLE TO DETERMINE,UNABLE TO DETERMINE,4000,N,SHERIDAN RD,1915,,,,,,,2,NO INDICATION OF INJURY,0,0,0,0,0,1,0,3,1,11,41.954532689,-87.654693025,POINT (-87.65469302487 41.954532688932)
JA508593,,11/12/2017 03:42:00 AM,30,NO CONTROLS,NO CONTROLS,RAIN,"DARKNESS, LIGHTED ROAD",PARKED MOTOR VEHICLE,PARKING LOT,,STRAIGHT AND LEVEL,WET,NO DEFECTS,NOT ON SCENE (DESK REPORT),NO INJURY / DRIVE AWAY,,,,"$501 - $1,500",11/12/2017 03:43:00 AM,UNABLE TO DETERMINE,NOT APPLICABLE,1619,N,MILWAUKEE AVE,1434,,,,,,,2,NO INDICATION OF INJURY,0,0,0,0,0,2,0,3,1,11,41.910910666,-87.678063998,POINT (-87.678063998445 41.910910665674)
JA508591,,11/12/2017 03:42:00 AM,20,NO CONTROLS,NO CONTROLS,CLEAR,"DARKNESS, LIGHTED ROAD",PARKED MOTOR VEHICLE,ONE-WAY,1,STRAIGHT AND LEVEL,WET,NO DEFECTS,ON SCENE,INJURY AND / OR TOW DUE TO CRASH,,,,"OVER $1,500",11/12/2017 03:45:00 AM,UNDER THE INFLUENCE OF ALCOHOL/DRUGS (USE WHEN ARREST IS EFFECTED),UNDER THE INFLUENCE OF ALCOHOL/DRUGS (USE WHEN ARREST IS EFFECTED),2431,N,SPRINGFIELD AVE,2524,,,,,,,4,NO INDICATION OF INJURY,0,0,0,0,0,1,0,3,1,11,41.925464411,-87.724207049,POINT (-87.724207049285 41.925464410872)
JA508585,,11/12/2017 03:45:00 AM,30,TRAFFIC SIGNAL,FUNCTIONING PROPERLY,RAIN,DARKNESS,ANGLE,DIVIDED - W/MEDIAN BARRIER,6,STRAIGHT AND LEVEL,WET,NO DEFECTS,NOT ON SCENE (DESK REPORT),INJURY AND / OR TOW DUE TO CRASH,,,Y,"OVER $1,500",11/12/2017 04:00:00 AM,DISREGARDING TRAFFIC SIGNALS,EXCEEDING SAFE SPEED FOR CONDITIONS,1600,W,WASHINGTON BLVD,1224,,,,,,,2,NO INDICATION OF INJURY,0,0,0,0,0,2,0,3,1,11,41.883406645,-87.666999004,POINT (-87.666999003705 41.883406644592)
JA508611,,11/12/2017 03:50:00 AM,30,TRAFFIC SIGNAL,FUNCTIONING PROPERLY,RAIN,DARKNESS,REAR END,NOT DIVIDED,,STRAIGHT AND LEVEL,WET,NO DEFECTS,ON SCENE,NO INJURY / DRIVE AWAY,,,,"$501 - $1,500",11/12/2017 03:54:00 AM,IMPROPER BACKING,UNABLE TO DETERMINE,3348,N,KIMBALL AVE,1732,,,,,,,2,NO INDICATION OF INJURY,0,0,0,0,0,2,0,3,1,11,41.942432121,-87.712749638,POINT (-87.712749638384 41.942432120709)
JA508603,,11/12/2017 03:55:00 AM,30,NO CONTROLS,NO CONTROLS,RAIN,"DARKNESS, LIGHTED ROAD",PARKED MOTOR VEHICLE,ONE-WAY,1,STRAIGHT AND LEVEL,WET,NO DEFECTS,ON SCENE,NO INJURY / DRIVE AWAY,,,Y,"OVER $1,500",11/12/2017 03:55:00 AM,FAILING TO REDUCE SPEED TO AVOID CRASH,UNABLE TO DETERMINE,6222,S,MAJOR AVE,812,,,,,,,3,NO INDICATION OF INJURY,0,0,0,0,0,1,0,3,1,11,41.77911943,-87.764358696,POINT (-87.764358695682 41.779119430037)
JA508607,,11/12/2017 03:56:00 AM,30,TRAFFIC SIGNAL,UNKNOWN,RAIN,"DARKNESS, LIGHTED ROAD",SIDESWIPE SAME DIRECTION,DIVIDED - W/MEDIAN (NOT RAISED),2,STRAIGHT AND LEVEL,WET,UNKNOWN,ON SCENE,INJURY AND / OR TOW DUE TO CRASH,,,Y,"OVER $1,500",11/12/2017 04:07:00 AM,UNABLE TO DETERMINE,UNABLE TO DETERMINE,1564,W,BELMONT AVE,1922,,,,,,,2,"REPORTED, NOT EVIDENT",1,0,0,0,1,2,0,3,1,11,41.93980784,-87.668543291,POINT (-87.66854329066 41.939807839766)
JA508606,,11/12/2017 04:00:00 AM,30,TRAFFIC SIGNAL,FUNCTIONING PROPERLY,RAIN,"DARKNESS, LIGHTED ROAD",TURNING,CENTER TURN LANE,,STRAIGHT AND LEVEL,WET,NO DEFECTS,ON SCENE,NO INJURY / DRIVE AWAY,,,Y,"OVER $1,500",11/12/2017 04:05:00 AM,UNABLE TO DETERMINE,NOT APPLICABLE,10500,S,MUSKEGON AVE,434,,,,,,,2,NO INDICATION OF INJURY,0,0,0,0,0,2,0,4,1,11,41.703851726,-87.555070376,POINT (-87.555070376461 41.703851726153)
JA508613,,11/12/2017 04:04:00 AM,20,NO CONTROLS,NO CONTROLS,RAIN,"DARKNESS, LIGHTED ROAD",PARKED MOTOR VEHICLE,ONE-WAY,1,STRAIGHT AND LEVEL,WET,NO DEFECTS,ON SCENE,INJURY AND / OR TOW DUE TO CRASH,,,,"OVER $1,500",11/12/2017 04:07:00 AM,FAILING TO REDUCE SPEED TO AVOID CRASH,EXCEEDING SAFE SPEED FOR CONDITIONS,5950,S,ARTESIAN AVE,824,,,,,,,3,NO INDICATION OF INJURY,0,0,0,0,0,1,0,4,1,11,41.785034531,-87.685163317,POINT (-87.685163316668 41.78503453063)
JA508616,,11/12/2017 04:15:00 AM,30,STOP SIGN/FLASHER,FUNCTIONING PROPERLY,UNKNOWN,"DARKNESS, LIGHTED ROAD",ANGLE,NOT DIVIDED,,STRAIGHT AND LEVEL,WET,NO DEFECTS,ON SCENE,INJURY AND / OR TOW DUE TO CRASH,Y,,,"OVER $1,500",11/12/2017 04:15:00 AM,UNABLE TO DETERMINE,UNABLE TO DETERMINE,2726,W,55TH ST,923,,,,,,,2,NO INDICATION OF INJURY,0,0,0,0,0,3,0,4,1,11,41.793824878,-87.692524311,POINT (-87.692524310957 41.793824878229)
JA508621,,11/12/2017 04:25:00 AM,35,TRAFFIC SIGNAL,FUNCTIONING PROPERLY,RAIN,"DARKNESS, LIGHTED ROAD",TURNING,DIVIDED - W/MEDIAN (NOT RAISED),4,STRAIGHT AND LEVEL,WET,NO DEFECTS,ON SCENE,NO INJURY / DRIVE AWAY,N,,Y,"OVER $1,500",11/12/2017 04:29:00 AM,FOLLOWING TOO CLOSELY,UNABLE TO DETERMINE,114,W,71ST ST,731,,,,,,,2,NO INDICATION OF INJURY,0,0,0,0,0,2,0,4,1,11,41.765564467,-87.628328573,POINT (-87.628328573462 41.765564467174)