RD_NO,CRASH_DATE_EST_I,CRASH_DATE,POSTED_SPEED_LIMIT,TRAFFIC_CONTROL_DEVICE,DEVICE_CONDITION,WEATHER_CONDITION,LIGHTING_CONDITION,FIRST_CRASH_TYPE,TRAFFICWAY_TYPE,LANE_CNT,ALIGNMENT,ROADWAY_SURFACE_COND,ROAD_DEFECT,REPORT_TYPE,CRASH_TYPE,INTERSECTION_RELATED_I,NOT_RIGHT_OF_WAY_I,HIT_AND_RUN_I,DAMAGE,DATE_POLICE_NOTIFIED,PRIM_CONTRIBUTORY_CAUSE,SEC_CONTRIBUTORY_CAUSE,STREET_NO,STREET_DIRECTION,STREET_NAME,BEAT_OF_OCCURRENCE,PHOTOS_TAKEN_I,STATEMENTS_TAKEN_I,DOORING_I,WORK_ZONE_I,WORK_ZONE_TYPE,WORKERS_PRESENT_I,NUM_UNITS,MOST_SEVERE_INJURY,INJURIES_TOTAL,INJURIES_FATAL,INJURIES_INCAPACITATING,INJURIES_NON_INCAPACITATING,INJURIES_REPORTED_NOT_EVIDENT,INJURIES_NO_INDICATION,INJURIES_UNKNOWN,CRASH_HOUR,CRASH_DAY_OF_WEEK,CRASH_MONTH,LATITUDE,LONGITUDE,LOCATION
JA508637,Y,11/12/2017 04:27:00 AM,30,NO CONTROLS,NO CONTROLS,CLEAR,"DARKNESS, LIGHTED ROAD",FIXED OBJECT,DIVIDED - W/MEDIAN BARRIER,2,STRAIGHT AND LEVEL,DRY,NO DEFECTS,ON SCENE,INJURY AND / OR TOW DUE TO CRASH,,,,"OVER $1,500",11/12/2017 05:04:00 AM,UNABLE TO DETERMINE,NOT APPLICABLE,3601,S,CALIFORNIA AVE,911,,,,,,,1,FATAL,1,1,0,0,0,0,0,4,1,11,41.828228522,-87.694616163,POINT (-87.694616162959 41.828228522115)
JA508864,,11/12/2017 04:30:00 AM,30,TRAFFIC SIGNAL,FUNCTIONING PROPERLY,CLEAR,"DARKNESS, LIGHTED ROAD",REAR END,NOT DIVIDED,4,STRAIGHT AND LEVEL,WET,UNKNOWN,NOT ON SCENE (DESK REPORT),NO INJURY / DRIVE AWAY,,,,"$501 - $1,500",11/12/2017 11:30:00 AM,UNABLE TO DETERMINE,UNABLE TO DETERMINE,2601,N,WESTERN AVE,1432,,,,,,,2,NO INDICATION OF INJURY,0,0,0,0,0,2,0,4,1,11,41.928675824,-87.687628365,POINT (-87.687628364786 41.92867582372)
JA508626,,11/12/2017 04:50:00 AM,35,NO CONTROLS,NO CONTROLS,RAIN,"DARKNESS, LIGHTED ROAD",PARKED MOTOR VEHICLE,NOT DIVIDED,,STRAIGHT AND LEVEL,WET,NO DEFECTS,ON SCENE,NO INJURY / DRIVE AWAY,,,,"OVER $1,500",11/12/2017 04:50:00 AM,DRIVING SKILLS/KNOWLEDGE/EXPERIENCE,EXCEEDING AUTHORIZED SPEED LIMIT,6315,W,60TH ST,812,,,,,,,2,NO INDICATION OF INJURY,0,0,0,0,0,1,0,4,1,11,41.78310136,-87.779724573,POINT (-87.779724572756 41.783101360449)
JA508640,,11/12/2017 05:00:00 AM,30,NO CONTROLS,NO CONTROLS,RAIN,"DARKNESS, LIGHTED ROAD",FIXED OBJECT,DIVIDED - W/MEDIAN (NOT RAISED),2,STRAIGHT AND LEVEL,WET,NO DEFECTS,ON SCENE,INJURY AND / OR TOW DUE TO CRASH,,,N,"$501 - $1,500",11/12/2017 05:08:00 AM,UNABLE TO DETERMINE,NOT APPLICABLE,5234,W,CHICAGO AVE,1524,,,,,,,2,NONINCAPACITATING INJURY,1,0,0,1,0,1,0,5,1,11,41.895029124,-87.757045601,POINT (-87.757045601308 41.895029124165)
JA508644,,11/12/2017 05:26:00 AM,30,TRAFFIC SIGNAL,FUNCTIONING PROPERLY,RAIN,"DARKNESS, LIGHTED ROAD",ANGLE,NOT DIVIDED,,STRAIGHT AND LEVEL,WET,NO DEFECTS,ON SCENE,NO INJURY / DRIVE AWAY,,Y,,"OVER $1,500",11/12/2017 05:35:00 AM,DISREGARDING TRAFFIC SIGNALS,FAILING TO REDUCE SPEED TO AVOID CRASH,3400,W,ARMITAGE AVE,1413,,,,,,,2,NO INDICATION OF INJURY,0,0,0,0,0,2,0,5,1,11,41.917450989,-87.711988373,POINT (-87.711988372904 41.917450988693)
JA508719,,11/12/2017 05:30:00 AM,30,UNKNOWN,UNKNOWN,CLEAR,"DARKNESS, LIGHTED ROAD",FIXED OBJECT,NOT DIVIDED,2,STRAIGHT AND LEVEL,DRY,NO DEFECTS,NOT ON SCENE (DESK REPORT),NO INJURY / DRIVE AWAY,,,,$500 OR LESS,11/12/2017 08:22:00 AM,UNABLE TO DETERMINE,UNABLE TO DETERMINE,2610,N,SPAULDING AVE,1412,,,,,,,1,NO INDICATION OF INJURY,0,0,0,0,0,1,0,5,1,11,41.928696363,-87.711014684,POINT (-87.711014684334 41.928696363293)
JA508646,,11/12/2017 05:30:00 AM,35,UNKNOWN,UNKNOWN,UNKNOWN,"DARKNESS, LIGHTED ROAD",PARKED MOTOR VEHICLE,NOT DIVIDED,,STRAIGHT AND LEVEL,UNKNOWN,UNKNOWN,ON SCENE,INJURY AND / OR TOW DUE TO CRASH,,,Y,"OVER $1,500",11/12/2017 05:37:00 AM,NOT APPLICABLE,NOT APPLICABLE,4713,W,LE MOYNE ST,2533,,,,,,,2,NO INDICATION OF INJURY,0,0,0,0,0,1,0,5,1,11,41.907725455,-87.744195991,POINT (-87.744195990504 41.907725455497)
JA508648,,11/12/2017 05:38:00 AM,30,TRAFFIC SIGNAL,FUNCTIONING PROPERLY,CLOUDY/OVERCAST,"DARKNESS, LIGHTED ROAD",REAR END,NOT DIVIDED,4,STRAIGHT AND LEVEL,WET,UNKNOWN,NOT ON SCENE (DESK REPORT),NO INJURY / DRIVE AWAY,,,,"OVER $1,500",11/12/2017 05:50:00 AM,UNABLE TO DETERMINE,UNABLE TO DETERMINE,1600,N,WESTERN AVE,1434,,,,,,,2,NO INDICATION OF INJURY,0,0,0,0,0,2,0,5,1,11,41.910409024,-87.687370268,POINT (-87.687370268401 41.910409023629)
JA508682,,11/12/2017 05:45:00 AM,30,NO CONTROLS,NO CONTROLS,CLEAR,DAYLIGHT,SIDESWIPE SAME DIRECTION,NOT DIVIDED,6,STRAIGHT AND LEVEL,WET,NO DEFECTS,NOT ON SCENE (DESK REPORT),NO INJURY / DRIVE AWAY,,,,"OVER $1,500",11/12/2017 07:00:00 AM,IMPROPER LANE USAGE,FAILING TO YIELD RIGHT-OF-WAY,3935,S,CICERO AVE,1031,,,,,,,2,NO INDICATION OF INJURY,0,0,0,0,0,2,0,5,1,11,41.821087691,-87.743369975,POINT (-87.743369975044 41.821087690906)
JA508660,,11/12/2017 06:01:00 AM,30,NO CONTROLS,NO CONTROLS,RAIN,"DARKNESS, LIGHTED ROAD",PARKED MOTOR VEHICLE,DIVIDED - W/MEDIAN (NOT RAISED),,STRAIGHT AND LEVEL,WET,NO DEFECTS,ON SCENE,INJURY AND / OR TOW DUE TO CRASH,Y,,,"OVER $1,500",11/12/2017 06:01:00 AM,UNABLE TO DETERMINE,WEATHER,4900,W,ADDISON ST,1634,,,,,,,4,NO INDICATION OF INJURY,0,0,0,0,0,1,0,6,1,11,41.946199287,-87.749772988,POINT (-87.749772988295 41.946199287471)
JA508711,,11/12/2017 06:05:00 AM,30,NO CONTROLS,NO CONTROLS,CLOUDY/OVERCAST,DAYLIGHT,PARKED MOTOR VEHICLE,DIVIDED - W/MEDIAN (NOT RAISED),2,STRAIGHT AND LEVEL,WET,NO DEFECTS,ON SCENE,INJURY AND / OR TOW DUE TO CRASH,,,,"OVER $1,500",11/12/2017 07:50:00 AM,"OPERATING VEHICLE IN ERRATIC, RECKLESS, CARELESS, NEGLIGENT OR AGGRESSIVE MANNER",FAILING TO REDUCE SPEED TO AVOID CRASH,324,N,FRANCISCO AVE,1222,,,,,,,4,NO INDICATION OF INJURY,0,0,0,0,0,2,0,6,1,11,41.887355503,-87.699066208,POINT (-87.699066207858 41.887355503074)
JA508692,,11/12/2017 06:10:00 AM,30,NO CONTROLS,NO CONTROLS,CLEAR,DAWN,PARKED MOTOR VEHICLE,NOT DIVIDED,4,STRAIGHT AND LEVEL,WET,NO DEFECTS,ON SCENE,INJURY AND / OR TOW DUE TO CRASH,,,,"OVER $1,500",11/12/2017 07:32:00 AM,EQUIPMENT - VEHICLE CONDITION,UNABLE TO DETERMINE,5928,W,WASHINGTON BLVD,1512,,,,,,,3,NO INDICATION OF INJURY,0,0,0,0,0,1,0,6,1,11,41.882237529,-87.773134853,POINT (-87.773134852853 41.882237528906)
JA508663,,11/12/2017 06:18:00 AM,40,NO CONTROLS,NO CONTROLS,RAIN,DAWN,FIXED OBJECT,DIVIDED - W/MEDIAN (NOT RAISED),4,STRAIGHT AND LEVEL,WET,NO DEFECTS,ON SCENE,INJURY AND / OR TOW DUE TO CRASH,,,,"OVER $1,500",11/12/2017 06:20:00 AM,FAILING TO REDUCE SPEED TO AVOID CRASH,UNABLE TO DETERMINE,3650,N,LAKE SHORE DR NB,1925,,,,,,,1,NO INDICATION OF INJURY,0,0,0,0,0,1,0,6,1,11,41.950021058,-87.644018827,POINT (-87.644018826567 41.95002105841)
JA508665,,11/12/2017 06:20:00 AM,30,NO CONTROLS,NO CONTROLS,CLEAR,DAYLIGHT,PARKED MOTOR VEHICLE,NOT DIVIDED,,STRAIGHT AND LEVEL,WET,NO DEFECTS,ON SCENE,NO INJURY / DRIVE AWAY,,,,"$501 - $1,500",11/12/2017 06:30:00 AM,NOT APPLICABLE,NOT APPLICABLE,14,S,KOSTNER AVE,1113,,,,,,,2,NO INDICATION OF INJURY,0,0,0,0,0,1,0,6,1,11,41.880125115,-87.735606275,POINT (-87.73560627466 41.88012511526)
JA508668,,11/12/2017 06:20:00 AM,30,TRAFFIC SIGNAL,FUNCTIONING PROPERLY,RAIN,"DARKNESS, LIGHTED ROAD",TURNING,DIVIDED - W/MEDIAN (NOT RAISED),4,STRAIGHT AND LEVEL,WET,NO DEFECTS,ON SCENE,NO INJURY / DRIVE AWAY,Y,,,"OVER $1,500",11/12/2017 06:20:00 AM,FAILING TO YIELD RIGHT-OF-WAY,EXCEEDING SAFE SPEED FOR CONDITIONS,4801,W,LAWRENCE AVE,1623,,,,,,,2,NO INDICATION OF INJURY,0,0,0,0,0,2,0,6,1,11,41.967913455,-87.748048773,POINT (-87.748048773425 41.967913455117)
JA510127,,11/12/2017 06:30:00 AM,30,TRAFFIC SIGNAL,FUNCTIONING PROPERLY,RAIN,"DARKNESS, LIGHTED ROAD",TURNING,NOT DIVIDED,,STRAIGHT AND LEVEL,WET,NO DEFECTS,NOT ON SCENE (DESK REPORT),NO INJURY / DRIVE AWAY,,,,"OVER $1,500",11/13/2017 12:43:00 PM,FAILING TO REDUCE SPEED TO AVOID CRASH,DRIVING SKILLS/KNOWLEDGE/EXPERIENCE,5576,W,FOSTER AVE,1623,,,,,,,2,NO INDICATION OF INJURY,0,0,0,0,0,2,0,6,1,11,41.975792684,-87.768445516,POINT (-87.768445516089 41.975792684482)
JA508704,,11/12/2017 06:30:00 AM,30,TRAFFIC SIGNAL,FUNCTIONING PROPERLY,RAIN,DAWN,FIXED OBJECT,DIVIDED - W/MEDIAN BARRIER,4,STRAIGHT AND LEVEL,WET,NO DEFECTS,ON SCENE,INJURY AND / OR TOW DUE TO CRASH,Y,,,"OVER $1,500",11/12/2017 06:30:00 AM,FAILING TO REDUCE SPEED TO AVOID CRASH,UNABLE TO DETERMINE,400,E,26TH ST,133,,,,,,,1,"REPORTED, NOT EVIDENT",1,0,0,0,1,0,0,6,1,11,41.845762721,-87.617147751,POINT (-87.6171477508 41.845762721435)
JA508688,,11/12/2017 06:40:00 AM,30,TRAFFIC SIGNAL,FUNCTIONING PROPERLY,RAIN,DAYLIGHT,ANGLE,OTHER,4,STRAIGHT AND LEVEL,WET,NO DEFECTS,ON SCENE,INJURY AND / OR TOW DUE TO CRASH,Y,,,"OVER $1,500",11/12/2017 07:08:00 AM,FAILING TO REDUCE SPEED TO AVOID CRASH,WEATHER,100,N,WACKER DR,122,,,,,,,2,NO INDICATION OF INJURY,0,0,0,0,0,2,0,6,1,11,41.883261677,-87.637194664,POINT (-87.637194664288 41.883261676997)
JA508675,,11/12/2017 06:47:00 AM,30,TRAFFIC SIGNAL,FUNCTIONING PROPERLY,RAIN,DAYLIGHT,ANGLE,ONE-WAY,0,STRAIGHT AND LEVEL,WET,NO DEFECTS,ON SCENE,INJURY AND / OR TOW DUE TO CRASH,Y,,,"OVER $1,500",11/12/2017 07:47:00 AM,DISREGARDING TRAFFIC SIGNALS,FAILING TO YIELD RIGHT-OF-WAY,50,E,WASHINGTON ST,111,,,,Y,CONSTRUCTION,N,2,INCAPACITATING INJURY,1,0,1,0,0,2,0,6,1,11,41.883330907,-87.62603979,POINT (-87.626039789767 41.883330906895)
JA508679,,11/12/2017 07:00:00 AM,30,NO CONTROLS,NO CONTROLS,CLEAR,DAWN,ANGLE,NOT DIVIDED,4,STRAIGHT AND LEVEL,WET,NO DEFECTS,ON SCENE,INJURY AND / OR TOW DUE TO CRASH,,,,"OVER $1,500",11/12/2017 07:07:00 AM,FAILING TO YIELD RIGHT-OF-WAY,NOT APPLICABLE,5757,N,SHERIDAN RD,2022,,,,,,,2,NO INDICATION OF INJURY,0,0,0,0,0,2,0,7,1,11,41.987213279,-87.655150734,POINT (-87.65515073432 41.987213278868)
JA509093,,11/12/2017 07:00:00 AM,30,UNKNOWN,UNKNOWN,RAIN,"DARKNESS, LIGHTED ROAD",PARKED MOTOR VEHICLE,ONE-WAY,,STRAIGHT AND LEVEL,WET,UNKNOWN,NOT ON SCENE (DESK REPORT),NO INJURY / DRIVE AWAY,,,Y,"$501 - $1,500",11/12/2017 03:15:00 PM,UNABLE TO DETERMINE,UNABLE TO DETERMINE,2940,N,KILPATRICK AVE,2521,,,,,,,2,NO INDICATION OF INJURY,0,0,0,0,0,1,0,7,1,11,41.934611592,-87.744406882,POINT (-87.744406881923 41.93461159153)
JA508683,,11/12/2017 07:07:00 AM,30,NO CONTROLS,NO CONTROLS,CLOUDY/OVERCAST,DAYLIGHT,SIDESWIPE SAME DIRECTION,DIVIDED - W/MEDIAN (NOT RAISED),4,STRAIGHT AND LEVEL,WET,NO DEFECTS,ON SCENE,INJURY AND / OR TOW DUE TO CRASH,,,,"OVER $1,500",11/12/2017 07:08:00 AM,IMPROPER OVERTAKING/PASSING,DRIVING SKILLS/KNOWLEDGE/EXPERIENCE,5757,N,BROADWAY,2022,,,,,,,2,NO INDICATION OF INJURY,0,0,0,0,0,2,0,7,1,11,41.987160551,-87.660030996,POINT (-87.66003099584 41.987160550623)
JA508702,,11/12/2017 07:10:00 AM,30,TRAFFIC SIGNAL,FUNCTIONING PROPERLY,CLEAR,DAYLIGHT,REAR END,DIVIDED - W/MEDIAN (NOT RAISED),,STRAIGHT AND LEVEL,DRY,NO DEFECTS,NOT ON SCENE (DESK REPORT),NO INJURY / DRIVE AWAY,,,Y,$500 OR LESS,11/12/2017 07:55:00 AM,UNABLE TO DETERMINE,UNABLE TO DETERMINE,4199,S,CICERO AVE,815,,,,,,,2,NO INDICATION OF INJURY,0,0,0,0,0,3,0,7,1,11,41.816769361,-87.743245059,POINT (-87.743245059168 41.816769360882)
JA508710,,11/12/2017 07:40:00 AM,30,TRAFFIC SIGNAL,FUNCTIONING PROPERLY,CLOUDY/OVERCAST,DAYLIGHT,REAR END,NOT DIVIDED,,STRAIGHT AND LEVEL,WET,NO DEFECTS,ON SCENE,NO INJURY / DRIVE AWAY,,,,"OVER $1,500",11/12/2017 07:47:00 AM,UNABLE TO DETERMINE,UNABLE TO DETERMINE,747,W,63RD ST,723,,,,,,,2,NO INDICATION OF INJURY,0,0,0,0,0,2,0,7,1,11,41.779643654,-87.644523669,POINT (-87.644523669279 41.77964365419)
JA508744,,11/12/2017 07:45:00 AM,30,NO CONTROLS,NO CONTROLS,CLEAR,DAYLIGHT,PARKED MOTOR VEHICLE,ONE-WAY,3,STRAIGHT AND LEVEL,WET,UNKNOWN,NOT ON SCENE (DESK REPORT),NO INJURY / DRIVE AWAY,,,,"OVER $1,500",11/12/2017 09:15:00 AM,IMPROPER OVERTAKING/PASSING,UNABLE TO DETERMINE,10000,W,OHARE ST,1651,,,,,,,2,NO INDICATION OF INJURY,0,0,0,0,0,1,0,7,1,11,41.976201139,-87.905309125,POINT (-87.905309125103 41.976201139024)
JA508717,,11/12/2017 07:55:00 AM,35,NO CONTROLS,NO CONTROLS,RAIN,DAYLIGHT,PARKED MOTOR VEHICLE,NOT DIVIDED,4,STRAIGHT AND LEVEL,WET,NO DEFECTS,ON SCENE,INJURY AND / OR TOW DUE TO CRASH,,,Y,"OVER $1,500",11/12/2017 08:03:00 AM,UNABLE TO DETERMINE,UNABLE TO DETERMINE,5240,N,CICERO AVE,1621,,,,,,,3,NONINCAPACITATING INJURY,1,0,0,1,0,1,0,7,1,11,41.97648781,-87.748182048,POINT (-87.748182048211 41.976487810389)
JA508761,,11/12/2017 08:00:00 AM,35,TRAFFIC SIGNAL,FUNCTIONING PROPERLY,RAIN,DAYLIGHT,REAR END,NOT DIVIDED,4,STRAIGHT AND LEVEL,WET,NO DEFECTS,NOT ON SCENE (DESK REPORT),NO INJURY / DRIVE AWAY,,,,"OVER $1,500",11/12/2017 09:15:00 AM,FAILING TO REDUCE SPEED TO AVOID CRASH,FAILING TO REDUCE SPEED TO AVOID CRASH,3400,S,PULASKI RD,1031,,,,,,,3,NO INDICATION OF INJURY,0,0,0,0,0,3,0,8,1,11,41.831826191,-87.724389831,POINT (-87.724389831033 41.831826191067)
JA508760,Y,11/12/2017 08:55:00 AM,30,NO CONTROLS,NO CONTROLS,CLEAR,DAYLIGHT,FIXED OBJECT,ONE-WAY,2,STRAIGHT AND LEVEL,WET,NO DEFECTS,ON SCENE,INJURY AND / OR TOW DUE TO CRASH,,,N,"OVER $1,500",11/12/2017 09:00:00 AM,UNABLE TO DETERMINE,UNABLE TO DETERMINE,178,N,WELLS ST,122,,,,,,,1,NO INDICATION OF INJURY,0,0,0,0,0,1,0,8,1,11,41.885292964,-87.634064611,POINT (-87.634064611122 41.885292963954)
JA509073,,11/12/2017 08:55:00 AM,15,NO CONTROLS,NO CONTROLS,RAIN,DAYLIGHT,SIDESWIPE SAME DIRECTION,ONE-WAY,1,STRAIGHT AND LEVEL,WET,NO DEFECTS,NOT ON SCENE (DESK REPORT),NO INJURY / DRIVE AWAY,,,,"$501 - $1,500",11/12/2017 02:55:00 PM,FAILING TO YIELD RIGHT-OF-WAY,NOT APPLICABLE,3306,W,WARNER AVE,1724,,,,,,,2,NO INDICATION OF INJURY,0,0,0,0,0,2,0,8,1,11,41.956754126,-87.710898016,POINT (-87.710898015842 41.956754125631)
JA508756,Y,11/12/2017 09:00:00 AM,30,NO CONTROLS,NO CONTROLS,CLEAR,DAYLIGHT,ANGLE,DIVIDED - W/MEDIAN (NOT RAISED),4,STRAIGHT AND LEVEL,WET,NO DEFECTS,NOT ON SCENE (DESK REPORT),NO INJURY / DRIVE AWAY,Y,,Y,"OVER $1,500",11/12/2017 09:30:00 AM,UNABLE TO DETERMINE,NOT APPLICABLE,5200,S,KOSTNER AVE,815,,,,,,,2,NO INDICATION OF INJURY,0,0,0,0,0,2,0,9,1,11,41.798514949,-87.733262617,POINT (-87.733262617493 41.798514949084)
JA508766,,11/12/2017 09:00:00 AM,30,NO CONTROLS,NO CONTROLS,CLEAR,DAYLIGHT,ANGLE,NOT DIVIDED,,STRAIGHT AND LEVEL,WET,NO DEFECTS,NOT ON SCENE (DESK REPORT),NO INJURY / DRIVE AWAY,,,,"OVER $1,500",11/12/2017 09:30:00 AM,UNABLE TO DETERMINE,UNABLE TO DETERMINE,3228,W,59TH ST,822,,,,,,,2,NO INDICATION OF INJURY,0,0,0,0,0,2,0,9,1,11,41.786338394,-87.704510471,POINT (-87.704510471158 41.786338394359)
JA523339,,11/12/2017 09:12:00 AM,30,NO CONTROLS,NO CONTROLS,UNKNOWN,UNKNOWN,REAR END,PARKING LOT,,STRAIGHT AND LEVEL,UNKNOWN,UNKNOWN,NOT ON SCENE (DESK REPORT),NO INJURY / DRIVE AWAY,,Y,,$500 OR LESS,11/24/2017 10:00:00 AM,UNABLE TO DETERMINE,NOT APPLICABLE,2401,W,OGDEN AVE,1023,,,,,,,2,NO INDICATION OF INJURY,0,0,0,0,0,2,0,9,1,11,41.86464673,-87.686002512,POINT (-87.686002512195 41.864646729616)
JA508764,,11/12/2017 09:20:00 AM,20,NO CONTROLS,NO CONTROLS,CLEAR,DAYLIGHT,PARKED MOTOR VEHICLE,ONE-WAY,,STRAIGHT AND LEVEL,DRY,NO DEFECTS,ON SCENE,NO INJURY / DRIVE AWAY,,,,"OVER $1,500",11/12/2017 09:20:00 AM,PHYSICAL CONDITION OF DRIVER,UNABLE TO DETERMINE,2605,W,42ND ST,921,,,,,,,2,NO INDICATION OF INJURY,0,0,0,0,0,1,0,9,1,11,41.817329422,-87.689809341,POINT (-87.689809341274 41.817329421548)
JA508792,,11/12/2017 09:26:00 AM,30,TRAFFIC SIGNAL,FUNCTIONING PROPERLY,CLEAR,DAYLIGHT,REAR END,DIVIDED - W/MEDIAN (NOT RAISED),,STRAIGHT AND LEVEL,DRY,NO DEFECTS,,NO INJURY / DRIVE AWAY,Y,,Y,"OVER $1,500",11/12/2017 09:30:00 AM,FAILING TO REDUCE SPEED TO AVOID CRASH,UNABLE TO DETERMINE,5857,N,SHERIDAN RD,2022,,,,,,,3,NO INDICATION OF INJURY,0,0,0,0,0,7,0,9,1,11,41.98895637,-87.655204332,POINT (-87.655204332351 41.988956370342)
JA508793,,11/12/2017 09:29:00 AM,30,TRAFFIC SIGNAL,FUNCTIONING PROPERLY,CLOUDY/OVERCAST,DAYLIGHT,TURNING,ONE-WAY,4,STRAIGHT AND LEVEL,DRY,NO DEFECTS,ON SCENE,NO INJURY / DRIVE AWAY,Y,,,"$501 - $1,500",11/12/2017 09:50:00 AM,FOLLOWING TOO CLOSELY,UNABLE TO DETERMINE,8700,S,STATE ST,632,,,,,,,2,NO INDICATION OF INJURY,0,0,0,0,0,4,0,9,1,11,41.736209469,-87.624305519,POINT (-87.624305519124 41.736209469449)
JA508794,,11/12/2017 09:29:00 AM,10,NO CONTROLS,NO CONTROLS,CLEAR,DAYLIGHT,PEDESTRIAN,PARKING LOT,,STRAIGHT AND LEVEL,DRY,NO DEFECTS,ON SCENE,NO INJURY / DRIVE AWAY,,Y,,$500 OR LESS,11/12/2017 09:32:00 AM,NOT APPLICABLE,NOT APPLICABLE,2367,W,LOGAN BLVD,1432,,,,,,,2,NO INDICATION OF INJURY,0,0,0,0,0,2,0,9,1,11,41.928999687,-87.687024336,POINT (-87.687024335923 41.928999687057)
JA508866,,11/12/2017 09:30:00 AM,30,TRAFFIC SIGNAL,FUNCTIONING PROPERLY,RAIN,DAYLIGHT,TURNING,DIVIDED - W/MEDIAN (NOT RAISED),4,STRAIGHT AND LEVEL,WET,NO DEFECTS,NOT ON SCENE (DESK REPORT),NO INJURY / DRIVE AWAY,,,Y,"OVER $1,500",11/12/2017 11:25:00 AM,FAILING TO YIELD RIGHT-OF-WAY,UNABLE TO DETERMINE,4802,W,DIVERSEY AVE,2521,,,,,,,2,NO INDICATION OF INJURY,0,0,0,0,0,4,0,9,1,11,41.931640556,-87.746796298,POINT (-87.746796297552 41.931640556258)
JA508781,,11/12/2017 09:30:00 AM,30,NO CONTROLS,NO CONTROLS,CLOUDY/OVERCAST,DAYLIGHT,SIDESWIPE SAME DIRECTION,DIVIDED - W/MEDIAN (NOT RAISED),,STRAIGHT AND LEVEL,WET,NO DEFECTS,ON SCENE,NO INJURY / DRIVE AWAY,,,,"OVER $1,500",11/12/2017 09:34:00 AM,UNABLE TO DETERMINE,NOT APPLICABLE,2850,N,SHERIDAN RD,1934,,,,,,,2,NO INDICATION OF INJURY,0,0,0,0,0,2,0,9,1,11,41.934270519,-87.639488427,POINT (-87.639488427471 41.934270519072)
JA508791,,11/12/2017 09:40:00 AM,30,NO CONTROLS,NO CONTROLS,CLOUDY/OVERCAST,DAYLIGHT,ANGLE,NOT DIVIDED,2,STRAIGHT AND LEVEL,WET,NO DEFECTS,ON SCENE,NO INJURY / DRIVE AWAY,,,,"$501 - $1,500",11/12/2017 09:48:00 AM,FAILING TO YIELD RIGHT-OF-WAY,NOT APPLICABLE,2735,W,38TH ST,911,,N,,,,,2,NO INDICATION OF INJURY,0,0,0,0,0,2,0,9,1,11,41.824524655,-87.693622287,POINT (-87.693622287247 41.824524654676)
JA508844,,11/12/2017 09:45:00 AM,30,NO CONTROLS,NO CONTROLS,CLEAR,DAYLIGHT,SIDESWIPE SAME DIRECTION,NOT DIVIDED,4,STRAIGHT AND LEVEL,DRY,NO DEFECTS,NOT ON SCENE (DESK REPORT),NO INJURY / DRIVE AWAY,,,,"OVER $1,500",11/12/2017 11:00:00 AM,FAILING TO YIELD RIGHT-OF-WAY,UNABLE TO DETERMINE,255,W,23RD PL,914,,,,,,,2,NO INDICATION OF INJURY,0,0,0,0,0,2,0,9,1,11,41.849926997,-87.634081182,POINT (-87.634081182456 41.849926996583)
JA508800,,11/12/2017 09:55:00 AM,30,STOP SIGN/FLASHER,FUNCTIONING PROPERLY,RAIN,DAYLIGHT,REAR END,NOT DIVIDED,,STRAIGHT AND LEVEL,WET,NO DEFECTS,NOT ON SCENE (DESK REPORT),NO INJURY / DRIVE AWAY,,,,"$501 - $1,500",11/12/2017 10:15:00 AM,FOLLOWING TOO CLOSELY,WEATHER,1600,W,CORNELIA AVE,1922,,,,,,,2,NO INDICATION OF INJURY,0,0,0,0,0,5,0,9,1,11,41.945275542,-87.668877182,POINT (-87.668877181607 41.945275542072)
JA509460,,11/12/2017 10:00:00 AM,10,NO CONTROLS,NO CONTROLS,CLEAR,DAYLIGHT,PARKED MOTOR VEHICLE,NOT DIVIDED,,STRAIGHT AND LEVEL,DRY,NO DEFECTS,NOT ON SCENE (DESK REPORT),NO INJURY / DRIVE AWAY,,,Y,"OVER $1,500",11/12/2017 09:38:00 PM,UNABLE TO DETERMINE,UNABLE TO DETERMINE,7134,S,WASHTENAW AVE,831,,,,,,,2,NO INDICATION OF INJURY,0,0,0,0,0,1,0,10,1,11,41.763522012,-87.690700295,POINT (-87.690700295303 41.763522012359)
JA508813,,11/12/2017 10:00:00 AM,20,NO CONTROLS,NO CONTROLS,CLEAR,DAYLIGHT,ANGLE,PARKING LOT,,STRAIGHT AND LEVEL,WET,NO DEFECTS,NOT ON SCENE (DESK REPORT),NO INJURY / DRIVE AWAY,,,,$500 OR LESS,11/12/2017 10:29:00 AM,IMPROPER BACKING,IMPROPER BACKING,6240,N,WESTERN AVE,2413,,,,,,,2,NO INDICATION OF INJURY,0,0,0,0,0,2,0,10,1,11,41.995309899,-87.689951095,POINT (-87.689951094893 41.99530989883)
JA508808,,11/12/2017 10:10:00 AM,30,NO CONTROLS,NO CONTROLS,CLOUDY/OVERCAST,DAYLIGHT,PARKED MOTOR VEHICLE,NOT DIVIDED,2,STRAIGHT AND LEVEL,WET,NO DEFECTS,ON SCENE,INJURY AND / OR TOW DUE TO CRASH,,,,"OVER $1,500",11/12/2017 10:15:00 AM,EQUIPMENT - VEHICLE CONDITION,NOT APPLICABLE,730,W,WILLOW ST,1813,,,,,,,2,NO INDICATION OF INJURY,0,0,0,0,0,1,0,10,1,11,41.913957416,-87.647100754,POINT (-87.647100753976 41.913957415528)