RD_NO,CRASH_DATE_EST_I,CRASH_DATE,POSTED_SPEED_LIMIT,TRAFFIC_CONTROL_DEVICE,DEVICE_CONDITION,WEATHER_CONDITION,LIGHTING_CONDITION,FIRST_CRASH_TYPE,TRAFFICWAY_TYPE,LANE_CNT,ALIGNMENT,ROADWAY_SURFACE_COND,ROAD_DEFECT,REPORT_TYPE,CRASH_TYPE,INTERSECTION_RELATED_I,NOT_RIGHT_OF_WAY_I,HIT_AND_RUN_I,DAMAGE,DATE_POLICE_NOTIFIED,PRIM_CONTRIBUTORY_CAUSE,SEC_CONTRIBUTORY_CAUSE,STREET_NO,STREET_DIRECTION,STREET_NAME,BEAT_OF_OCCURRENCE,PHOTOS_TAKEN_I,STATEMENTS_TAKEN_I,DOORING_I,WORK_ZONE_I,WORK_ZONE_TYPE,WORKERS_PRESENT_I,NUM_UNITS,MOST_SEVERE_INJURY,INJURIES_TOTAL,INJURIES_FATAL,INJURIES_INCAPACITATING,INJURIES_NON_INCAPACITATING,INJURIES_REPORTED_NOT_EVIDENT,INJURIES_NO_INDICATION,INJURIES_UNKNOWN,CRASH_HOUR,CRASH_DAY_OF_WEEK,CRASH_MONTH,LATITUDE,LONGITUDE,LOCATION
JA508891,,11/12/2017 10:20:00 AM,30,NO CONTROLS,NO CONTROLS,UNKNOWN,UNKNOWN,PARKED MOTOR VEHICLE,NOT DIVIDED,,STRAIGHT AND LEVEL,UNKNOWN,NO DEFECTS,NOT ON SCENE (DESK REPORT),NO INJURY / DRIVE AWAY,,,Y,"$501 - $1,500",11/12/2017 12:14:00 PM,UNABLE TO DETERMINE,UNABLE TO DETERMINE,10540,S,KEDZIE AVE,2211,,,,,,,2,NO INDICATION OF INJURY,0,0,0,0,0,1,0,10,1,11,41.701293323,-87.701317717,POINT (-87.701317717206 41.701293322857)
JA508825,,11/12/2017 10:30:00 AM,30,STOP SIGN/FLASHER,FUNCTIONING PROPERLY,RAIN,DAYLIGHT,ANGLE,NOT DIVIDED,4,STRAIGHT AND LEVEL,WET,NO DEFECTS,ON SCENE,INJURY AND / OR TOW DUE TO CRASH,Y,,,"OVER $1,500",11/12/2017 10:30:00 AM,FAILING TO YIELD RIGHT-OF-WAY,FAILING TO REDUCE SPEED TO AVOID CRASH,3130,W,IRVING PARK RD,1724,,,,,,,2,NO INDICATION OF INJURY,0,0,0,0,0,2,0,10,1,11,41.954037601,-87.706856843,POINT (-87.706856842884 41.954037600857)
JA508842,,11/12/2017 10:45:00 AM,30,NO CONTROLS,NO CONTROLS,CLEAR,DAYLIGHT,REAR END,NOT DIVIDED,2,STRAIGHT AND LEVEL,WET,NO DEFECTS,NOT ON SCENE (DESK REPORT),NO INJURY / DRIVE AWAY,,,,"OVER $1,500",11/12/2017 10:55:00 AM,IMPROPER BACKING,FAILING TO YIELD RIGHT-OF-WAY,3430,W,21ST ST,1024,,,,,,,2,NO INDICATION OF INJURY,0,0,0,0,0,2,0,10,1,11,41.853668466,-87.711352405,POINT (-87.71135240468 41.853668465554)
JA508854,,11/12/2017 10:45:00 AM,30,NO CONTROLS,NO CONTROLS,RAIN,DAYLIGHT,PARKED MOTOR VEHICLE,NOT DIVIDED,,STRAIGHT AND LEVEL,WET,NO DEFECTS,NOT ON SCENE (DESK REPORT),NO INJURY / DRIVE AWAY,,,Y,"$501 - $1,500",11/12/2017 11:15:00 AM,UNABLE TO DETERMINE,UNABLE TO DETERMINE,4032,N,BROADWAY,1915,,,,,,,2,NO INDICATION OF INJURY,0,0,0,0,0,1,0,10,1,11,41.955374291,-87.651226485,POINT (-87.651226484558 41.955374291096)
JA508849,,11/12/2017 10:50:00 AM,30,TRAFFIC SIGNAL,NO CONTROLS,RAIN,DAYLIGHT,REAR END,DIVIDED - W/MEDIAN BARRIER,,STRAIGHT AND LEVEL,WET,NO DEFECTS,ON SCENE,NO INJURY / DRIVE AWAY,Y,,,"$501 - $1,500",11/12/2017 10:54:00 AM,FOLLOWING TOO CLOSELY,FOLLOWING TOO CLOSELY,4400,W,CERMAK RD,1012,,,,,,,2,NO INDICATION OF INJURY,0,0,0,0,0,3,0,10,1,11,41.851509196,-87.734559326,POINT (-87.734559326014 41.851509196295)
JA508863,,11/12/2017 10:50:00 AM,35,NO CONTROLS,NO CONTROLS,RAIN,DAYLIGHT,SIDESWIPE OPPOSITE DIRECTION,OTHER,7,STRAIGHT AND LEVEL,WET,NO DEFECTS,ON SCENE,NO INJURY / DRIVE AWAY,,,Y,"OVER $1,500",11/12/2017 11:12:00 AM,UNABLE TO DETERMINE,UNABLE TO DETERMINE,3957,S,CICERO AVE,1031,,,,,,,2,NO INDICATION OF INJURY,0,0,0,0,0,2,0,10,1,11,41.820673678,-87.743362434,POINT (-87.743362434409 41.820673678271)
JA508857,N,11/12/2017 10:55:00 AM,55,NO CONTROLS,NO CONTROLS,RAIN,DAWN,REAR END,OTHER,3,STRAIGHT AND LEVEL,WET,NO DEFECTS,ON SCENE,INJURY AND / OR TOW DUE TO CRASH,,,,"OVER $1,500",11/12/2017 11:00:00 AM,UNABLE TO DETERMINE,UNABLE TO DETERMINE,300,E,18TH ST,132,,,,,,,2,NONINCAPACITATING INJURY,3,0,0,3,0,1,0,10,1,11,41.858031118,-87.620710559,POINT (-87.620710558611 41.85803111777)
JA508845,,11/12/2017 10:57:00 AM,35,NO CONTROLS,NO CONTROLS,RAIN,DAYLIGHT,REAR END,DIVIDED - W/MEDIAN (NOT RAISED),2,STRAIGHT AND LEVEL,WET,NO DEFECTS,ON SCENE,NO INJURY / DRIVE AWAY,,,,"OVER $1,500",11/12/2017 10:57:00 AM,WEATHER,NOT APPLICABLE,6680,N,NORTHWEST HWY,1612,,Y,,,,,2,NO INDICATION OF INJURY,0,0,0,0,0,3,0,10,1,11,42.002295761,-87.815619656,POINT (-87.815619655609 42.002295760715)
JA508912,,11/12/2017 11:00:00 AM,25,STOP SIGN/FLASHER,FUNCTIONING PROPERLY,RAIN,DAYLIGHT,ANGLE,NOT DIVIDED,2,STRAIGHT AND LEVEL,WET,NO DEFECTS,NOT ON SCENE (DESK REPORT),INJURY AND / OR TOW DUE TO CRASH,Y,,,"OVER $1,500",11/12/2017 12:25:00 PM,UNABLE TO DETERMINE,UNABLE TO DETERMINE,3900,W,JACKSON BLVD,1122,,,,,,,2,NO INDICATION OF INJURY,0,0,0,0,0,2,0,11,1,11,41.877226407,-87.723230679,POINT (-87.723230679316 41.877226407364)
JA515075,Y,11/12/2017 11:00:00 AM,30,NO CONTROLS,NO CONTROLS,RAIN,DAYLIGHT,TURNING,NOT DIVIDED,4,STRAIGHT AND LEVEL,WET,NO DEFECTS,NOT ON SCENE (DESK REPORT),NO INJURY / DRIVE AWAY,Y,,,"$501 - $1,500",11/17/2017 09:45:00 AM,FAILING TO YIELD RIGHT-OF-WAY,NOT APPLICABLE,7100,N,WESTERN AVE,2411,,,,,,,2,NO INDICATION OF INJURY,0,0,0,0,0,2,0,11,1,11,42.011075968,-87.690368093,POINT (-87.690368093079 42.011075968029)
JA508921,,11/12/2017 11:30:00 AM,5,NO CONTROLS,NO CONTROLS,RAIN,DAYLIGHT,PARKED MOTOR VEHICLE,PARKING LOT,,STRAIGHT AND LEVEL,WET,NO DEFECTS,NOT ON SCENE (DESK REPORT),NO INJURY / DRIVE AWAY,,,Y,$500 OR LESS,11/12/2017 12:12:00 PM,UNABLE TO DETERMINE,UNABLE TO DETERMINE,7230,S,EXCHANGE AVE,334,,,,,,,2,NO INDICATION OF INJURY,0,0,0,0,0,1,0,11,1,11,41.763611555,-87.564558122,POINT (-87.564558122394 41.76361155475)
JA508893,,11/12/2017 11:30:00 AM,25,NO CONTROLS,NO CONTROLS,RAIN,DAYLIGHT,SIDESWIPE SAME DIRECTION,NOT DIVIDED,1,STRAIGHT AND LEVEL,WET,NO DEFECTS,NOT ON SCENE (DESK REPORT),NO INJURY / DRIVE AWAY,,,,"$501 - $1,500",11/12/2017 12:10:00 PM,NOT APPLICABLE,NOT APPLICABLE,2506,S,KEELER AVE,1013,,,,,,,2,NO INDICATION OF INJURY,0,0,0,0,0,3,0,11,1,11,41.84575961,-87.729608347,POINT (-87.72960834679 41.845759610231)
JA509031,,11/12/2017 11:40:00 AM,45,TRAFFIC SIGNAL,FUNCTIONING IMPROPERLY,RAIN,DAYLIGHT,PEDESTRIAN,DIVIDED - W/MEDIAN (NOT RAISED),10,STRAIGHT AND LEVEL,WET,NO DEFECTS,NOT ON SCENE (DESK REPORT),INJURY AND / OR TOW DUE TO CRASH,Y,,Y,"$501 - $1,500",11/12/2017 02:10:00 PM,UNABLE TO DETERMINE,UNABLE TO DETERMINE,500,S,LAKE SHORE DR SB,114,,,,,,,2,NONINCAPACITATING INJURY,1,0,0,1,0,1,0,11,1,11,41.875756255,-87.61751568,POINT (-87.617515679751 41.875756255241)
JA508895,,11/12/2017 11:45:00 AM,30,NO CONTROLS,NO CONTROLS,RAIN,UNKNOWN,PEDALCYCLIST,NOT DIVIDED,2,STRAIGHT AND LEVEL,WET,NO DEFECTS,ON SCENE,NO INJURY / DRIVE AWAY,,,,"$501 - $1,500",11/12/2017 12:00:00 PM,UNABLE TO DETERMINE,UNABLE TO DETERMINE,4040,N,KEDZIE AVE,1724,,N,Y,,,,2,NO INDICATION OF INJURY,0,0,0,0,0,2,0,11,1,11,41.95513627,-87.708197939,POINT (-87.7081979393 41.955136270354)
JA508904,,11/12/2017 11:50:00 AM,30,YIELD,UNKNOWN,RAIN,DAYLIGHT,ANGLE,NOT DIVIDED,,STRAIGHT AND LEVEL,WET,UNKNOWN,ON SCENE,NO INJURY / DRIVE AWAY,,,Y,"$501 - $1,500",11/12/2017 11:58:00 AM,FAILING TO YIELD RIGHT-OF-WAY,NOT APPLICABLE,2831,N,CENTRAL PARK AVE,1412,,,,,,,2,NO INDICATION OF INJURY,0,0,0,0,0,3,0,11,1,11,41.932875468,-87.717067446,POINT (-87.717067446136 41.932875467823)
JA510029,,11/12/2017 12:00:00 PM,20,STOP SIGN/FLASHER,UNKNOWN,SLEET/HAIL,DAYLIGHT,PARKED MOTOR VEHICLE,PARKING LOT,,STRAIGHT AND LEVEL,WET,UNKNOWN,NOT ON SCENE (DESK REPORT),NO INJURY / DRIVE AWAY,,,Y,"$501 - $1,500",11/13/2017 11:43:00 AM,UNABLE TO DETERMINE,UNABLE TO DETERMINE,10900,S,DOTY AVE E,513,,,,,,,2,NO INDICATION OF INJURY,0,0,0,0,0,1,0,12,1,11,41.696232528,-87.595806197,POINT (-87.59580619714 41.696232527674)
JA509795,,11/12/2017 12:00:00 PM,30,NO CONTROLS,NO CONTROLS,CLEAR,DARKNESS,SIDESWIPE SAME DIRECTION,DIVIDED - W/MEDIAN (NOT RAISED),2,STRAIGHT AND LEVEL,DRY,NO DEFECTS,NOT ON SCENE (DESK REPORT),NO INJURY / DRIVE AWAY,,,Y,"$501 - $1,500",11/13/2017 08:30:00 AM,UNABLE TO DETERMINE,UNABLE TO DETERMINE,600,E,47TH ST,221,,,,,,,2,NO INDICATION OF INJURY,0,0,0,0,0,2,0,12,1,11,41.809572517,-87.611394621,POINT (-87.611394620986 41.809572516992)
JA508965,,11/12/2017 12:00:00 PM,30,TRAFFIC SIGNAL,FUNCTIONING PROPERLY,RAIN,DAYLIGHT,REAR END,DIVIDED - W/MEDIAN (NOT RAISED),2,STRAIGHT AND LEVEL,WET,UNKNOWN,NOT ON SCENE (DESK REPORT),INJURY AND / OR TOW DUE TO CRASH,Y,,,$500 OR LESS,11/12/2017 01:00:00 PM,FOLLOWING TOO CLOSELY,WEATHER,1983,N,CLYBOURN AVE,1811,,,,,,,2,"REPORTED, NOT EVIDENT",1,0,0,0,1,1,0,12,1,11,41.917323759,-87.658247451,POINT (-87.65824745107 41.917323759052)
JA510317,,11/12/2017 12:00:00 PM,30,NO CONTROLS,NO CONTROLS,CLEAR,DAYLIGHT,PARKED MOTOR VEHICLE,NOT DIVIDED,,STRAIGHT AND LEVEL,DRY,NO DEFECTS,NOT ON SCENE (DESK REPORT),NO INJURY / DRIVE AWAY,,,Y,"OVER $1,500",11/13/2017 02:48:00 PM,NOT APPLICABLE,NOT APPLICABLE,3421,N,KOLMAR AVE,1731,,,,,,,2,NO INDICATION OF INJURY,0,0,0,0,0,1,0,12,1,11,41.943230244,-87.740704529,POINT (-87.740704528859 41.943230244164)
JA508894,,11/12/2017 12:00:00 PM,30,NO CONTROLS,NO CONTROLS,CLOUDY/OVERCAST,DAYLIGHT,TURNING,NOT DIVIDED,,STRAIGHT AND LEVEL,WET,NO DEFECTS,NOT ON SCENE (DESK REPORT),NO INJURY / DRIVE AWAY,,,,"$501 - $1,500",11/12/2017 12:15:00 PM,IMPROPER TURNING/NO SIGNAL,UNABLE TO DETERMINE,2700,N,CLARK ST,1935,,,,,,,2,NO INDICATION OF INJURY,0,0,0,0,0,3,0,12,1,11,41.931318279,-87.644423758,POINT (-87.644423758138 41.931318278588)
JA508983,,11/12/2017 12:05:00 PM,30,UNKNOWN,UNKNOWN,UNKNOWN,UNKNOWN,SIDESWIPE SAME DIRECTION,UNKNOWN,,STRAIGHT AND LEVEL,UNKNOWN,UNKNOWN,NOT ON SCENE (DESK REPORT),NO INJURY / DRIVE AWAY,,,,"OVER $1,500",11/12/2017 01:35:00 PM,UNABLE TO DETERMINE,NOT APPLICABLE,1801,S,LAKE SHORE DR E,132,,,,,,,2,NO INDICATION OF INJURY,0,0,0,0,0,4,0,12,1,11,41.857986351,-87.61631898,POINT (-87.616318980105 41.857986350987)
JA509172,,11/12/2017 12:09:00 PM,35,TRAFFIC SIGNAL,FUNCTIONING PROPERLY,RAIN,DAYLIGHT,TURNING,NOT DIVIDED,2,STRAIGHT AND LEVEL,WET,NO DEFECTS,NOT ON SCENE (DESK REPORT),NO INJURY / DRIVE AWAY,Y,,Y,"OVER $1,500",11/12/2017 04:15:00 PM,FOLLOWING TOO CLOSELY,NOT APPLICABLE,8700,S,HALSTED ST,2223,,,,,,,2,NO INDICATION OF INJURY,0,0,0,0,0,4,0,12,1,11,41.735785266,-87.64375883,POINT (-87.643758829628 41.735785266472)
JA508914,,11/12/2017 12:10:00 PM,30,NO CONTROLS,NO CONTROLS,RAIN,DAYLIGHT,TURNING,NOT DIVIDED,3,STRAIGHT AND LEVEL,WET,NO DEFECTS,NOT ON SCENE (DESK REPORT),NO INJURY / DRIVE AWAY,,,Y,"OVER $1,500",11/12/2017 12:24:00 PM,IMPROPER TURNING/NO SIGNAL,NOT APPLICABLE,4799,W,AUGUSTA BLVD,1111,,,,,,,2,NO INDICATION OF INJURY,0,0,0,0,0,2,0,12,1,11,41.898583369,-87.745766799,POINT (-87.745766798567 41.898583368575)
JA508966,,11/12/2017 12:14:00 PM,30,NO CONTROLS,NO CONTROLS,RAIN,DUSK,TURNING,NOT DIVIDED,2,STRAIGHT AND LEVEL,WET,NO DEFECTS,NOT ON SCENE (DESK REPORT),NO INJURY / DRIVE AWAY,,,,"$501 - $1,500",11/12/2017 01:22:00 PM,FAILING TO YIELD RIGHT-OF-WAY,NOT APPLICABLE,2206,S,WENTWORTH AVE,914,,,,,,,2,NO INDICATION OF INJURY,0,0,0,0,0,2,0,12,1,11,41.852816682,-87.632155289,POINT (-87.632155289181 41.852816681706)
JA510227,,11/12/2017 12:15:00 PM,30,NO CONTROLS,NO CONTROLS,RAIN,DAYLIGHT,SIDESWIPE SAME DIRECTION,NOT DIVIDED,,STRAIGHT AND LEVEL,WET,NO DEFECTS,NOT ON SCENE (DESK REPORT),NO INJURY / DRIVE AWAY,,,,"OVER $1,500",11/13/2017 01:40:00 PM,NOT APPLICABLE,NOT APPLICABLE,525,N,CICERO AVE,1111,,,,,,,2,NO INDICATION OF INJURY,0,0,0,0,0,2,0,12,1,11,41.890436936,-87.745500231,POINT (-87.745500231224 41.890436936121)
JA508948,,11/12/2017 12:16:00 PM,30,TRAFFIC SIGNAL,FUNCTIONING PROPERLY,RAIN,DAYLIGHT,TURNING,NOT DIVIDED,,STRAIGHT ON GRADE,WET,UNKNOWN,ON SCENE,NO INJURY / DRIVE AWAY,Y,,Y,"OVER $1,500",11/12/2017 12:40:00 PM,IMPROPER TURNING/NO SIGNAL,DRIVING SKILLS/KNOWLEDGE/EXPERIENCE,658,N,HALSTED ST,1214,,,,,,,2,NO INDICATION OF INJURY,0,0,0,0,0,2,0,12,1,11,41.893958763,-87.647841188,POINT (-87.647841187649 41.893958762604)
JA508934,,11/12/2017 12:20:00 PM,25,TRAFFIC SIGNAL,FUNCTIONING PROPERLY,RAIN,DAYLIGHT,REAR END,NOT DIVIDED,2,STRAIGHT AND LEVEL,WET,NO DEFECTS,ON SCENE,INJURY AND / OR TOW DUE TO CRASH,,,,"OVER $1,500",11/12/2017 12:24:00 PM,WEATHER,NOT APPLICABLE,2332,W,PRATT BLVD,2411,,,,,,,2,"REPORTED, NOT EVIDENT",2,0,0,0,2,1,0,12,1,11,42.005157621,-87.689287742,POINT (-87.68928774192 42.005157620988)
JA508960,,11/12/2017 12:22:00 PM,15,NO CONTROLS,NO CONTROLS,RAIN,DAYLIGHT,HEAD ON,ALLEY,,STRAIGHT AND LEVEL,WET,NO DEFECTS,NOT ON SCENE (DESK REPORT),NO INJURY / DRIVE AWAY,,,,"OVER $1,500",11/12/2017 01:00:00 PM,IMPROPER BACKING,UNABLE TO DETERMINE,2958,N,LUNA AVE,2514,,,,,,,2,NO INDICATION OF INJURY,0,0,0,0,0,4,0,12,1,11,41.934850367,-87.765288575,POINT (-87.765288574759 41.934850366664)
JA509147,,11/12/2017 12:30:00 PM,30,NO CONTROLS,NO CONTROLS,RAIN,DAYLIGHT,TURNING,NOT DIVIDED,,STRAIGHT AND LEVEL,WET,NO DEFECTS,NOT ON SCENE (DESK REPORT),NO INJURY / DRIVE AWAY,,,Y,"OVER $1,500",11/12/2017 03:55:00 PM,IMPROPER TURNING/NO SIGNAL,UNABLE TO DETERMINE,4050,W,BELMONT AVE,1731,,,,,,,2,NO INDICATION OF INJURY,0,0,0,0,0,2,0,12,1,11,41.939176879,-87.729218251,POINT (-87.729218251106 41.939176878516)
JA509859,,11/12/2017 12:30:00 PM,30,NO CONTROLS,NO CONTROLS,RAIN,DAYLIGHT,TURNING,NOT DIVIDED,2,STRAIGHT AND LEVEL,WET,NO DEFECTS,NOT ON SCENE (DESK REPORT),NO INJURY / DRIVE AWAY,,,Y,"OVER $1,500",11/13/2017 09:30:00 AM,FAILING TO YIELD RIGHT-OF-WAY,CELL PHONE USE OTHER THAN TEXTING,2925,W,59TH ST,824,,,,,,,2,NO INDICATION OF INJURY,0,0,0,0,0,2,0,12,1,11,41.786238443,-87.697190038,POINT (-87.697190037676 41.786238442924)
JA508944,,11/12/2017 12:30:00 PM,20,NO CONTROLS,NO CONTROLS,RAIN,DAYLIGHT,PARKED MOTOR VEHICLE,ONE-WAY,1,STRAIGHT AND LEVEL,WET,WORN SURFACE,ON SCENE,NO INJURY / DRIVE AWAY,,,,"OVER $1,500",11/12/2017 12:50:00 PM,UNABLE TO DETERMINE,UNABLE TO DETERMINE,6348,N,PAULINA ST,2433,,,,,,,2,NO INDICATION OF INJURY,0,0,0,0,0,1,0,12,1,11,41.997070995,-87.672110213,POINT (-87.672110213217 41.99707099515)
JA508947,,11/12/2017 12:30:00 PM,30,NO CONTROLS,NO CONTROLS,RAIN,DAYLIGHT,ANGLE,DIVIDED - W/MEDIAN (NOT RAISED),2,STRAIGHT AND LEVEL,WET,NO DEFECTS,NOT ON SCENE (DESK REPORT),NO INJURY / DRIVE AWAY,,,,"OVER $1,500",11/12/2017 01:00:00 PM,UNABLE TO DETERMINE,UNABLE TO DETERMINE,3158,N,LEAVITT ST,1931,,,,,,,2,NO INDICATION OF INJURY,0,0,0,0,0,2,0,12,1,11,41.93946536,-87.683346597,POINT (-87.683346597235 41.939465359849)
JA508961,,11/12/2017 12:30:00 PM,0,NO CONTROLS,NO CONTROLS,RAIN,DAYLIGHT,TURNING,NOT DIVIDED,4,STRAIGHT AND LEVEL,WET,NO DEFECTS,NOT ON SCENE (DESK REPORT),NO INJURY / DRIVE AWAY,,,,"OVER $1,500",11/12/2017 01:00:00 PM,IMPROPER TURNING/NO SIGNAL,UNABLE TO DETERMINE,1501,W,119TH ST,524,,,,,,,2,NO INDICATION OF INJURY,0,0,0,0,0,2,0,12,1,11,41.677465546,-87.65901549,POINT (-87.659015489678 41.67746554641)
JA508942,,11/12/2017 12:30:00 PM,25,TRAFFIC SIGNAL,FUNCTIONING PROPERLY,RAIN,DAYLIGHT,TURNING,NOT DIVIDED,,STRAIGHT AND LEVEL,WET,NO DEFECTS,NOT ON SCENE (DESK REPORT),NO INJURY / DRIVE AWAY,Y,,,"$501 - $1,500",11/12/2017 12:55:00 PM,FAILING TO YIELD RIGHT-OF-WAY,UNABLE TO DETERMINE,100,E,RANDOLPH ST,114,,,,,,,2,NO INDICATION OF INJURY,0,0,0,0,0,2,0,12,1,11,41.884577219,-87.624403634,POINT (-87.62440363391 41.884577219487)
JA508952,,11/12/2017 12:30:00 PM,30,UNKNOWN,UNKNOWN,RAIN,UNKNOWN,PARKED MOTOR VEHICLE,UNKNOWN,,STRAIGHT AND LEVEL,WET,UNKNOWN,NOT ON SCENE (DESK REPORT),NO INJURY / DRIVE AWAY,,,Y,"$501 - $1,500",11/12/2017 01:05:00 PM,UNABLE TO DETERMINE,UNABLE TO DETERMINE,2601,N,SAYRE AVE,2512,,,,,,,2,NO INDICATION OF INJURY,0,0,0,0,0,1,0,12,1,11,41.927279103,-87.800709044,POINT (-87.800709043512 41.927279102537)
JA508943,,11/12/2017 12:30:00 PM,30,TRAFFIC SIGNAL,FUNCTIONING PROPERLY,RAIN,DAYLIGHT,ANGLE,PARKING LOT,,STRAIGHT AND LEVEL,WET,"RUT, HOLES",ON SCENE,NO INJURY / DRIVE AWAY,,,,"$501 - $1,500",11/12/2017 12:35:00 PM,UNABLE TO DETERMINE,UNABLE TO DETERMINE,2001,N,PULASKI RD,2525,,,,,,,2,NO INDICATION OF INJURY,0,0,0,0,0,2,0,12,1,11,41.917216201,-87.72641457,POINT (-87.726414569839 41.917216200554)
JA508930,,11/12/2017 12:40:00 PM,30,NO CONTROLS,NO CONTROLS,RAIN,DAYLIGHT,SIDESWIPE SAME DIRECTION,NOT DIVIDED,4,STRAIGHT AND LEVEL,WET,NO DEFECTS,ON SCENE,INJURY AND / OR TOW DUE TO CRASH,,,Y,"OVER $1,500",11/12/2017 12:43:00 PM,IMPROPER LANE USAGE,DRIVING SKILLS/KNOWLEDGE/EXPERIENCE,2745,W,DIVERSEY AVE,1411,,,,,,,2,NO INDICATION OF INJURY,0,0,0,0,0,2,0,12,1,11,41.931986314,-87.697078028,POINT (-87.697078027783 41.931986313683)
JA508953,,11/12/2017 12:42:00 PM,30,NO CONTROLS,NO CONTROLS,RAIN,DAYLIGHT,SIDESWIPE SAME DIRECTION,DIVIDED - W/MEDIAN (NOT RAISED),,STRAIGHT AND LEVEL,WET,NO DEFECTS,ON SCENE,INJURY AND / OR TOW DUE TO CRASH,,,,"OVER $1,500",11/12/2017 12:47:00 PM,FAILING TO YIELD RIGHT-OF-WAY,"OPERATING VEHICLE IN ERRATIC, RECKLESS, CARELESS, NEGLIGENT OR AGGRESSIVE MANNER",440,E,18TH DR,132,,,,,,,2,NO INDICATION OF INJURY,0,0,0,0,0,5,0,12,1,11,41.858113862,-87.616551534,POINT (-87.616551533685 41.858113861821)
JA508969,,11/12/2017 12:45:00 PM,30,TRAFFIC SIGNAL,FUNCTIONING PROPERLY,RAIN,DAYLIGHT,REAR END,DIVIDED - W/MEDIAN (NOT RAISED),4,STRAIGHT AND LEVEL,WET,NO DEFECTS,ON SCENE,INJURY AND / OR TOW DUE TO CRASH,,,Y,"$501 - $1,500",11/12/2017 12:55:00 PM,WEATHER,FAILING TO REDUCE SPEED TO AVOID CRASH,1805,S,WESTERN AVE,1234,,,,,,,3,NO INDICATION OF INJURY,0,0,0,0,0,3,0,12,1,11,41.857340025,-87.685655759,POINT (-87.685655758949 41.857340025242)
JA509219,,11/12/2017 12:50:00 PM,25,TRAFFIC SIGNAL,FUNCTIONING PROPERLY,RAIN,DUSK,REAR END,DIVIDED - W/MEDIAN (NOT RAISED),,STRAIGHT AND LEVEL,WET,NO DEFECTS,NOT ON SCENE (DESK REPORT),NO INJURY / DRIVE AWAY,,,,"OVER $1,500",11/12/2017 05:00:00 PM,DRIVING SKILLS/KNOWLEDGE/EXPERIENCE,FOLLOWING TOO CLOSELY,3395,N,BROADWAY,1925,,,,,,,2,NO INDICATION OF INJURY,0,0,0,0,0,4,0,12,1,11,41.943340055,-87.64466387,POINT (-87.64466387045 41.943340055477)
JA508973,,11/12/2017 01:00:00 PM,35,NO CONTROLS,NO CONTROLS,RAIN,DAYLIGHT,TURNING,NOT DIVIDED,,STRAIGHT AND LEVEL,WET,NO DEFECTS,ON SCENE,NO INJURY / DRIVE AWAY,,,,"$501 - $1,500",11/12/2017 01:05:00 PM,FAILING TO YIELD RIGHT-OF-WAY,IMPROPER TURNING/NO SIGNAL,11249,S,KEDZIE AVE,2211,,,,,,,2,NO INDICATION OF INJURY,0,0,0,0,0,2,0,13,1,11,41.688272941,-87.700556549,POINT (-87.700556548846 41.688272941143)
JA509016,Y,11/12/2017 01:00:00 PM,30,NO CONTROLS,NO CONTROLS,CLEAR,"DARKNESS, LIGHTED ROAD",PARKED MOTOR VEHICLE,NOT DIVIDED,2,STRAIGHT AND LEVEL,DRY,NO DEFECTS,NOT ON SCENE (DESK REPORT),NO INJURY / DRIVE AWAY,,,Y,"OVER $1,500",11/12/2017 02:10:00 PM,FAILING TO REDUCE SPEED TO AVOID CRASH,DRIVING SKILLS/KNOWLEDGE/EXPERIENCE,5900,S,HAMLIN AVE,822,,,,,,,2,NO INDICATION OF INJURY,0,0,0,0,0,1,0,13,1,11,41.785964816,-87.718202133,POINT (-87.718202132975 41.785964816262)
JA509748,,11/12/2017 01:00:00 PM,40,TRAFFIC SIGNAL,FUNCTIONING PROPERLY,RAIN,DAYLIGHT,REAR END,ONE-WAY,2,STRAIGHT AND LEVEL,WET,NO DEFECTS,NOT ON SCENE (DESK REPORT),NO INJURY / DRIVE AWAY,Y,,Y,"OVER $1,500",11/13/2017 07:50:00 AM,UNABLE TO DETERMINE,UNABLE TO DETERMINE,10,N,BESSIE COLEMAN DR,1654,Y,,,,,,2,NO INDICATION OF INJURY,0,0,0,0,0,3,0,13,1,11,,,
JA508984,,11/12/2017 01:05:00 PM,30,TRAFFIC SIGNAL,FUNCTIONING PROPERLY,RAIN,DAYLIGHT,REAR END,NOT DIVIDED,2,STRAIGHT AND LEVEL,DRY,NO DEFECTS,NOT ON SCENE (DESK REPORT),NO INJURY / DRIVE AWAY,,,,"OVER $1,500",11/12/2017 01:40:00 PM,FOLLOWING TOO CLOSELY,NOT APPLICABLE,7024,W,DEVON AVE,1611,,,,,,,2,NO INDICATION OF INJURY,0,0,0,0,0,3,0,13,1,11,41.997730622,-87.80390171,POINT (-87.803901709696 41.997730622251)
JA509215,,11/12/2017 01:10:00 PM,30,NO CONTROLS,NO CONTROLS,RAIN,DAYLIGHT,SIDESWIPE SAME DIRECTION,DIVIDED - W/MEDIAN (NOT RAISED),6,STRAIGHT AND LEVEL,WET,NO DEFECTS,NOT ON SCENE (DESK REPORT),NO INJURY / DRIVE AWAY,,,,"OVER $1,500",11/12/2017 02:50:00 PM,FAILING TO YIELD RIGHT-OF-WAY,NOT APPLICABLE,804,N,MICHIGAN AVE,1833,,,,,,,2,NO INDICATION OF INJURY,0,0,0,0,0,3,0,13,1,11,41.89692836,-87.624356033,POINT (-87.624356032761 41.896928359971)