RD_NO,CRASH_DATE_EST_I,CRASH_DATE,POSTED_SPEED_LIMIT,TRAFFIC_CONTROL_DEVICE,DEVICE_CONDITION,WEATHER_CONDITION,LIGHTING_CONDITION,FIRST_CRASH_TYPE,TRAFFICWAY_TYPE,LANE_CNT,ALIGNMENT,ROADWAY_SURFACE_COND,ROAD_DEFECT,REPORT_TYPE,CRASH_TYPE,INTERSECTION_RELATED_I,NOT_RIGHT_OF_WAY_I,HIT_AND_RUN_I,DAMAGE,DATE_POLICE_NOTIFIED,PRIM_CONTRIBUTORY_CAUSE,SEC_CONTRIBUTORY_CAUSE,STREET_NO,STREET_DIRECTION,STREET_NAME,BEAT_OF_OCCURRENCE,PHOTOS_TAKEN_I,STATEMENTS_TAKEN_I,DOORING_I,WORK_ZONE_I,WORK_ZONE_TYPE,WORKERS_PRESENT_I,NUM_UNITS,MOST_SEVERE_INJURY,INJURIES_TOTAL,INJURIES_FATAL,INJURIES_INCAPACITATING,INJURIES_NON_INCAPACITATING,INJURIES_REPORTED_NOT_EVIDENT,INJURIES_NO_INDICATION,INJURIES_UNKNOWN,CRASH_HOUR,CRASH_DAY_OF_WEEK,CRASH_MONTH,LATITUDE,LONGITUDE,LOCATION
JA509006,,11/12/2017 01:10:00 PM,30,STOP SIGN/FLASHER,FUNCTIONING PROPERLY,RAIN,DAYLIGHT,ANGLE,OTHER,3,STRAIGHT AND LEVEL,WET,NO DEFECTS,NOT ON SCENE (DESK REPORT),NO INJURY / DRIVE AWAY,Y,,Y,"OVER $1,500",11/12/2017 02:00:00 PM,FAILING TO YIELD RIGHT-OF-WAY,UNABLE TO DETERMINE,1132,W,RANDOLPH ST,1224,,,,,,,2,NO INDICATION OF INJURY,0,0,0,0,0,3,0,13,1,11,41.88437183,-87.655665775,POINT (-87.655665774601 41.884371830475)
JA508982,,11/12/2017 01:13:00 PM,35,STOP SIGN/FLASHER,WORN REFLECTIVE MATERIAL,RAIN,DAYLIGHT,TURNING,ONE-WAY,1,STRAIGHT AND LEVEL,WET,NO DEFECTS,ON SCENE,NO INJURY / DRIVE AWAY,Y,,,$500 OR LESS,11/12/2017 01:16:00 PM,FAILING TO YIELD RIGHT-OF-WAY,FOLLOWING TOO CLOSELY,7300,S,CHAPPEL AVE,333,,,,,,,2,NO INDICATION OF INJURY,0,0,0,0,0,3,0,13,1,11,41.762432912,-87.575156323,POINT (-87.575156323346 41.762432912009)
JA508972,,11/12/2017 01:15:00 PM,30,TRAFFIC SIGNAL,FUNCTIONING PROPERLY,RAIN,DAYLIGHT,ANGLE,OTHER,0,STRAIGHT AND LEVEL,WET,NO DEFECTS,ON SCENE,INJURY AND / OR TOW DUE TO CRASH,Y,,,"OVER $1,500",11/12/2017 01:15:00 PM,DISREGARDING TRAFFIC SIGNALS,DISTRACTION - FROM OUTSIDE VEHICLE,200,N,HOMAN AVE,1123,,,,,,,2,"REPORTED, NOT EVIDENT",1,0,0,0,1,1,0,13,1,11,41.88467072,-87.711265856,POINT (-87.711265855632 41.884670719661)
JA509003,,11/12/2017 01:20:00 PM,15,NO CONTROLS,NO CONTROLS,RAIN,DAYLIGHT,ANGLE,PARKING LOT,2,STRAIGHT AND LEVEL,WET,NO DEFECTS,NOT ON SCENE (DESK REPORT),NO INJURY / DRIVE AWAY,,,,$500 OR LESS,11/12/2017 02:00:00 PM,UNABLE TO DETERMINE,UNABLE TO DETERMINE,2536,N,ELSTON AVE,1432,,,,,,,2,NO INDICATION OF INJURY,0,0,0,0,0,3,0,13,1,11,41.92757344,-87.681338839,POINT (-87.681338839401 41.927573440015)
JA508993,,11/12/2017 01:29:00 PM,35,STOP SIGN/FLASHER,NO CONTROLS,RAIN,DAYLIGHT,REAR END,NOT DIVIDED,2,STRAIGHT ON GRADE,WET,NO DEFECTS,NOT ON SCENE (DESK REPORT),NO INJURY / DRIVE AWAY,Y,,,"OVER $1,500",11/12/2017 01:50:00 PM,FAILING TO REDUCE SPEED TO AVOID CRASH,DRIVING SKILLS/KNOWLEDGE/EXPERIENCE,11500,S,PRINCETON AVE,522,,,,,,,3,NO INDICATION OF INJURY,0,0,0,0,0,4,0,13,1,11,41.685139465,-87.63023184,POINT (-87.630231840142 41.685139465489)
JA509102,,11/12/2017 01:30:00 PM,30,STOP SIGN/FLASHER,FUNCTIONING PROPERLY,RAIN,DAYLIGHT,REAR END,ONE-WAY,1,STRAIGHT AND LEVEL,WET,UNKNOWN,NOT ON SCENE (DESK REPORT),NO INJURY / DRIVE AWAY,,,,"OVER $1,500",11/12/2017 03:10:00 PM,FAILING TO REDUCE SPEED TO AVOID CRASH,WEATHER,668,W,OAKDALE AVE,1934,,,,,,,2,NO INDICATION OF INJURY,0,0,0,0,0,3,0,13,1,11,41.935649495,-87.646889992,POINT (-87.646889991742 41.935649494836)
JA509078,,11/12/2017 01:30:00 PM,30,TRAFFIC SIGNAL,FUNCTIONING PROPERLY,CLEAR,DAYLIGHT,TURNING,OTHER,,STRAIGHT AND LEVEL,WET,NO DEFECTS,NOT ON SCENE (DESK REPORT),NO INJURY / DRIVE AWAY,,,,"OVER $1,500",11/12/2017 03:03:00 PM,IMPROPER TURNING/NO SIGNAL,NOT APPLICABLE,57,E,WACKER DR,111,,,,,,,2,NO INDICATION OF INJURY,0,0,0,0,0,2,0,13,1,11,41.887389905,-87.625896484,POINT (-87.625896483897 41.887389905246)
JA508990,,11/12/2017 01:30:00 PM,30,TRAFFIC SIGNAL,FUNCTIONING PROPERLY,RAIN,DAYLIGHT,PEDESTRIAN,DIVIDED - W/MEDIAN BARRIER,,STRAIGHT AND LEVEL,WET,NO DEFECTS,ON SCENE,INJURY AND / OR TOW DUE TO CRASH,,,Y,$500 OR LESS,11/12/2017 01:50:00 PM,FAILING TO YIELD RIGHT-OF-WAY,IMPROPER TURNING/NO SIGNAL,400,E,GARFIELD BLVD,233,,,,,,,2,NONINCAPACITATING INJURY,1,0,0,1,0,1,0,13,1,11,41.794910057,-87.615915688,POINT (-87.615915687849 41.794910056687)
JA509008,,11/12/2017 01:30:00 PM,30,STOP SIGN/FLASHER,UNKNOWN,RAIN,DAYLIGHT,TURNING,OTHER,1,STRAIGHT AND LEVEL,WET,UNKNOWN,NOT ON SCENE (DESK REPORT),NO INJURY / DRIVE AWAY,Y,,,"OVER $1,500",11/12/2017 02:00:00 PM,FAILING TO YIELD RIGHT-OF-WAY,NOT APPLICABLE,400,S,CICERO AVE,1533,,,,,,,2,NO INDICATION OF INJURY,0,0,0,0,0,4,0,13,1,11,41.874952303,-87.745212246,POINT (-87.745212246332 41.874952302696)
JA509000,,11/12/2017 01:30:00 PM,20,NO CONTROLS,NO CONTROLS,CLEAR,DAYLIGHT,FIXED OBJECT,ONE-WAY,1,STRAIGHT AND LEVEL,DRY,NO DEFECTS,ON SCENE,INJURY AND / OR TOW DUE TO CRASH,,Y,,"OVER $1,500",11/12/2017 01:45:00 PM,UNABLE TO DETERMINE,UNABLE TO DETERMINE,7001,S,WASHTENAW AVE,831,,,,,,,1,NONINCAPACITATING INJURY,1,0,0,1,0,1,0,13,1,11,41.766308254,-87.690482111,POINT (-87.690482110889 41.766308254006)
JA508988,,11/12/2017 01:30:00 PM,35,STOP SIGN/FLASHER,FUNCTIONING PROPERLY,RAIN,DAYLIGHT,ANGLE,DIVIDED - W/MEDIAN BARRIER,4,STRAIGHT AND LEVEL,WET,NO DEFECTS,ON SCENE,INJURY AND / OR TOW DUE TO CRASH,Y,,,"OVER $1,500",11/12/2017 01:35:00 PM,WEATHER,FAILING TO YIELD RIGHT-OF-WAY,5430,N,ASHLAND AVE,2012,,,,,,,2,NO INDICATION OF INJURY,0,0,0,0,0,2,0,13,1,11,41.980690384,-87.669884062,POINT (-87.669884061735 41.980690383903)
JA509041,,11/12/2017 01:30:00 PM,30,TRAFFIC SIGNAL,FUNCTIONING PROPERLY,RAIN,DAYLIGHT,REAR END,NOT DIVIDED,2,STRAIGHT AND LEVEL,WET,NO DEFECTS,NOT ON SCENE (DESK REPORT),NO INJURY / DRIVE AWAY,,,Y,"OVER $1,500",11/12/2017 02:15:00 PM,UNABLE TO DETERMINE,UNABLE TO DETERMINE,300,N,CICERO AVE,1532,,,,,,,3,NO INDICATION OF INJURY,0,0,0,0,0,4,0,13,1,11,41.88574887,-87.745615977,POINT (-87.745615977086 41.885748869928)
JA509109,,11/12/2017 01:30:00 PM,30,NO CONTROLS,NO CONTROLS,RAIN,DAWN,TURNING,NOT DIVIDED,,STRAIGHT AND LEVEL,DRY,NO DEFECTS,NOT ON SCENE (DESK REPORT),NO INJURY / DRIVE AWAY,,,Y,"OVER $1,500",11/12/2017 03:19:00 PM,NOT APPLICABLE,NOT APPLICABLE,5300,S,WESTERN AVE,923,,,,,,,2,NO INDICATION OF INJURY,0,0,0,0,0,2,0,13,1,11,41.797394748,-87.684272963,POINT (-87.684272963451 41.797394747543)
JA509037,,11/12/2017 01:30:00 PM,30,STOP SIGN/FLASHER,FUNCTIONING PROPERLY,RAIN,DAYLIGHT,TURNING,NOT DIVIDED,,STRAIGHT AND LEVEL,WET,NO DEFECTS,NOT ON SCENE (DESK REPORT),INJURY AND / OR TOW DUE TO CRASH,,,,"OVER $1,500",11/12/2017 02:14:00 PM,NOT APPLICABLE,NOT APPLICABLE,5500,S,MERRIMAC AVE,811,,,,,,,2,NONINCAPACITATING INJURY,1,0,0,1,0,2,0,13,1,11,41.792325148,-87.778297885,POINT (-87.77829788486 41.792325147985)
JA509060,,11/12/2017 01:30:00 PM,30,NO CONTROLS,NO CONTROLS,RAIN,DAYLIGHT,SIDESWIPE SAME DIRECTION,NOT DIVIDED,,STRAIGHT AND LEVEL,WET,NO DEFECTS,NOT ON SCENE (DESK REPORT),NO INJURY / DRIVE AWAY,,,,"OVER $1,500",11/12/2017 02:39:00 PM,NOT APPLICABLE,NOT APPLICABLE,6701,S,CICERO AVE,833,,,,,,,2,NO INDICATION OF INJURY,0,0,0,0,0,3,0,13,1,11,41.771044801,-87.741905632,POINT (-87.741905631651 41.771044801146)
JA509012,,11/12/2017 01:35:00 PM,30,NO CONTROLS,NO CONTROLS,RAIN,DAYLIGHT,SIDESWIPE SAME DIRECTION,DIVIDED - W/MEDIAN (NOT RAISED),2,STRAIGHT AND LEVEL,WET,NO DEFECTS,ON SCENE,NO INJURY / DRIVE AWAY,,,,"$501 - $1,500",11/12/2017 01:35:00 PM,IMPROPER OVERTAKING/PASSING,UNABLE TO DETERMINE,5742,W,BELMONT AVE,1633,,,,,,,2,NO INDICATION OF INJURY,0,0,0,0,0,2,0,13,1,11,41.938629118,-87.770674072,POINT (-87.77067407171 41.93862911846)
JA508995,,11/12/2017 01:40:00 PM,30,TRAFFIC SIGNAL,FUNCTIONING PROPERLY,CLEAR,DAYLIGHT,SIDESWIPE SAME DIRECTION,DIVIDED - W/MEDIAN BARRIER,,STRAIGHT AND LEVEL,WET,NO DEFECTS,NOT ON SCENE (DESK REPORT),NO INJURY / DRIVE AWAY,,,,"OVER $1,500",11/12/2017 01:55:00 PM,IMPROPER LANE USAGE,NOT APPLICABLE,700,S,COLUMBUS DR,114,,,,,,,2,NO INDICATION OF INJURY,0,0,0,0,0,2,0,13,1,11,41.873148327,-87.62073886,POINT (-87.620738859591 41.873148327225)
JA509015,,11/12/2017 01:45:00 PM,30,LANE USE MARKING,FUNCTIONING PROPERLY,RAIN,DAYLIGHT,ANGLE,NOT DIVIDED,4,STRAIGHT AND LEVEL,WET,NO DEFECTS,ON SCENE,INJURY AND / OR TOW DUE TO CRASH,,,,"OVER $1,500",11/12/2017 01:55:00 PM,FAILING TO YIELD RIGHT-OF-WAY,UNABLE TO DETERMINE,5618,W,NORTH AVE,2531,,,,,,,2,NO INDICATION OF INJURY,0,0,0,0,0,2,0,13,1,11,41.90948083,-87.76641097,POINT (-87.766410970375 41.909480830157)
JA509088,,11/12/2017 01:50:00 PM,30,NO CONTROLS,NO CONTROLS,RAIN,DAYLIGHT,TURNING,DRIVEWAY,0,STRAIGHT AND LEVEL,WET,NO DEFECTS,ON SCENE,NO INJURY / DRIVE AWAY,,,,"OVER $1,500",11/12/2017 02:33:00 PM,IMPROPER OVERTAKING/PASSING,WEATHER,7015,N,WESTERN AVE,2411,,,,,,,2,NO INDICATION OF INJURY,0,0,0,0,0,2,0,13,1,11,42.009103815,-87.690025308,POINT (-87.6900253078 42.009103815447)
JA509064,,11/12/2017 01:55:00 PM,30,TRAFFIC SIGNAL,FUNCTIONING PROPERLY,RAIN,DAYLIGHT,REAR END,CENTER TURN LANE,,STRAIGHT AND LEVEL,WET,NO DEFECTS,NOT ON SCENE (DESK REPORT),NO INJURY / DRIVE AWAY,,,,"OVER $1,500",11/12/2017 02:30:00 PM,EQUIPMENT - VEHICLE CONDITION,UNABLE TO DETERMINE,6001,W,NORTH AVE,2531,,,,,,,2,NO INDICATION OF INJURY,0,0,0,0,0,5,0,13,1,11,41.909143288,-87.775638739,POINT (-87.775638739374 41.909143287683)
JA509084,,11/12/2017 02:00:00 PM,0,NO CONTROLS,NO CONTROLS,RAIN,DAYLIGHT,HEAD ON,PARKING LOT,0,STRAIGHT AND LEVEL,WET,NO DEFECTS,NOT ON SCENE (DESK REPORT),NO INJURY / DRIVE AWAY,,Y,,"OVER $1,500",11/12/2017 03:04:00 PM,IMPROPER BACKING,DRIVING SKILLS/KNOWLEDGE/EXPERIENCE,4070,S,PULASKI RD,815,,,,,,,2,NO INDICATION OF INJURY,0,0,0,0,0,2,0,14,1,11,41.818626138,-87.724105062,POINT (-87.724105061765 41.818626138446)
JA509014,,11/12/2017 02:00:00 PM,30,NO CONTROLS,NO CONTROLS,RAIN,DAYLIGHT,PARKED MOTOR VEHICLE,DIVIDED - W/MEDIAN (NOT RAISED),4,"CURVE, LEVEL",WET,NO DEFECTS,ON SCENE,INJURY AND / OR TOW DUE TO CRASH,,,,"OVER $1,500",11/12/2017 02:06:00 PM,WEATHER,UNABLE TO DETERMINE,7734,N,SHERIDAN RD,2422,,,,,,,2,NO INDICATION OF INJURY,0,0,0,0,0,1,0,14,1,11,42.022183499,-87.667008431,POINT (-87.667008431382 42.022183498769)
JA509044,,11/12/2017 02:06:00 PM,30,STOP SIGN/FLASHER,FUNCTIONING IMPROPERLY,RAIN,DAYLIGHT,TURNING,NOT DIVIDED,2,STRAIGHT AND LEVEL,WET,NO DEFECTS,ON SCENE,INJURY AND / OR TOW DUE TO CRASH,Y,,,"OVER $1,500",11/12/2017 02:07:00 PM,DISREGARDING STOP SIGN,EXCEEDING SAFE SPEED FOR CONDITIONS,330,E,47TH ST,215,,,,,,,6,NONINCAPACITATING INJURY,3,0,0,3,0,3,0,14,1,11,41.809467084,-87.618228568,POINT (-87.618228567619 41.809467084317)
JA511540,,11/12/2017 02:10:00 PM,30,NO CONTROLS,NO CONTROLS,CLEAR,DAYLIGHT,PARKED MOTOR VEHICLE,ONE-WAY,2,STRAIGHT AND LEVEL,DRY,NO DEFECTS,NOT ON SCENE (DESK REPORT),NO INJURY / DRIVE AWAY,,,,"OVER $1,500",11/14/2017 02:30:00 PM,UNABLE TO DETERMINE,NOT APPLICABLE,170,E,CHESTNUT ST,1833,,,,,,,2,NO INDICATION OF INJURY,0,0,0,0,0,2,0,14,1,11,41.898510191,-87.623060034,POINT (-87.623060034226 41.8985101908)
JA509233,,11/12/2017 02:15:00 PM,30,TRAFFIC SIGNAL,FUNCTIONING PROPERLY,RAIN,"DARKNESS, LIGHTED ROAD",REAR END,NOT DIVIDED,2,STRAIGHT ON GRADE,WET,NO DEFECTS,NOT ON SCENE (DESK REPORT),INJURY AND / OR TOW DUE TO CRASH,Y,,,"$501 - $1,500",11/12/2017 05:10:00 PM,FAILING TO REDUCE SPEED TO AVOID CRASH,NOT APPLICABLE,8300,S,LAFAYETTE AVE,622,,,,,,,2,"REPORTED, NOT EVIDENT",1,0,0,0,1,1,0,14,1,11,41.743541848,-87.625773241,POINT (-87.625773241467 41.743541847975)
JA509042,,11/12/2017 02:15:00 PM,30,NO CONTROLS,NO CONTROLS,RAIN,DAYLIGHT,SIDESWIPE SAME DIRECTION,NOT DIVIDED,6,STRAIGHT AND LEVEL,WET,NO DEFECTS,NOT ON SCENE (DESK REPORT),NO INJURY / DRIVE AWAY,,,Y,"OVER $1,500",11/12/2017 02:16:00 PM,IMPROPER OVERTAKING/PASSING,IMPROPER LANE USAGE,225,W,CERMAK RD,914,,,,,,,2,NO INDICATION OF INJURY,0,0,0,0,0,2,0,14,1,11,41.8527278,-87.633038837,POINT (-87.633038836846 41.85272780039)
JA509262,,11/12/2017 02:20:00 PM,30,NO CONTROLS,NO CONTROLS,RAIN,DAYLIGHT,SIDESWIPE SAME DIRECTION,ONE-WAY,4,STRAIGHT AND LEVEL,WET,"RUT, HOLES",NOT ON SCENE (DESK REPORT),NO INJURY / DRIVE AWAY,,,,"OVER $1,500",11/12/2017 05:40:00 PM,DRIVING SKILLS/KNOWLEDGE/EXPERIENCE,IMPROPER OVERTAKING/PASSING,144,S,CLARK ST,122,,,,,,,2,NO INDICATION OF INJURY,0,0,0,0,0,2,0,14,1,11,41.879568728,-87.630971113,POINT (-87.630971113059 41.879568727752)
JA509151,,11/12/2017 02:25:00 PM,35,STOP SIGN/FLASHER,FUNCTIONING PROPERLY,RAIN,DAYLIGHT,TURNING,DIVIDED - W/MEDIAN (NOT RAISED),,STRAIGHT AND LEVEL,WET,NO DEFECTS,NOT ON SCENE (DESK REPORT),NO INJURY / DRIVE AWAY,,,,"$501 - $1,500",11/12/2017 03:55:00 PM,FAILING TO YIELD RIGHT-OF-WAY,NOT APPLICABLE,3536,N,CICERO AVE,1634,,,,,,,2,NO INDICATION OF INJURY,0,0,0,0,0,2,0,14,1,11,41.945366619,-87.747189221,POINT (-87.747189220876 41.945366619053)
JA509067,,11/12/2017 02:25:00 PM,30,NO CONTROLS,NO CONTROLS,RAIN,DAYLIGHT,TURNING,NOT DIVIDED,4,STRAIGHT AND LEVEL,WET,NO DEFECTS,NOT ON SCENE (DESK REPORT),NO INJURY / DRIVE AWAY,,,,"OVER $1,500",11/12/2017 02:57:00 PM,"OPERATING VEHICLE IN ERRATIC, RECKLESS, CARELESS, NEGLIGENT OR AGGRESSIVE MANNER",NOT APPLICABLE,1200,S,COLUMBUS DR,132,,,,,,,2,NO INDICATION OF INJURY,0,0,0,0,0,3,0,14,1,11,41.867387914,-87.620491034,POINT (-87.620491034097 41.867387913926)
JA509107,,11/12/2017 02:25:00 PM,30,TRAFFIC SIGNAL,FUNCTIONING PROPERLY,RAIN,DAYLIGHT,TURNING,NOT DIVIDED,4,STRAIGHT AND LEVEL,WET,NO DEFECTS,NOT ON SCENE (DESK REPORT),NO INJURY / DRIVE AWAY,Y,,,$500 OR LESS,11/12/2017 03:10:00 PM,FOLLOWING TOO CLOSELY,WEATHER,100,E,MONROE DR,114,,,,,,,2,NO INDICATION OF INJURY,0,0,0,0,0,2,0,14,1,11,41.880938504,-87.624271308,POINT (-87.624271308291 41.880938503879)
JA509085,,11/12/2017 02:28:00 PM,35,TRAFFIC SIGNAL,FUNCTIONING PROPERLY,RAIN,DAYLIGHT,TURNING,OTHER,,STRAIGHT AND LEVEL,WET,UNKNOWN,NOT ON SCENE (DESK REPORT),NO INJURY / DRIVE AWAY,,,Y,"OVER $1,500",11/12/2017 02:50:00 PM,UNABLE TO DETERMINE,UNABLE TO DETERMINE,300,E,47TH ST,215,,,,,,,2,NO INDICATION OF INJURY,0,0,0,0,0,2,0,14,1,11,41.809446854,-87.619524087,POINT (-87.619524087226 41.809446853655)
JA509101,,11/12/2017 02:30:00 PM,10,NO CONTROLS,NO CONTROLS,RAIN,DAYLIGHT,ANGLE,PARKING LOT,,STRAIGHT AND LEVEL,WET,NO DEFECTS,NOT ON SCENE (DESK REPORT),NO INJURY / DRIVE AWAY,,Y,,$500 OR LESS,11/12/2017 03:00:00 PM,IMPROPER BACKING,NOT APPLICABLE,5251,N,BROADWAY,2023,,,,,,,2,NO INDICATION OF INJURY,0,0,0,0,0,4,0,14,1,11,41.977829281,-87.659761705,POINT (-87.659761705114 41.977829281275)
JA509074,,11/12/2017 02:30:00 PM,30,NO CONTROLS,NO CONTROLS,RAIN,DAYLIGHT,PARKED MOTOR VEHICLE,NOT DIVIDED,1,STRAIGHT AND LEVEL,WET,NO DEFECTS,ON SCENE,INJURY AND / OR TOW DUE TO CRASH,,,Y,"OVER $1,500",11/12/2017 02:36:00 PM,UNABLE TO DETERMINE,UNABLE TO DETERMINE,1145,W,71ST ST,733,,,,,,,2,NO INDICATION OF INJURY,0,0,0,0,0,1,0,14,1,11,41.764955675,-87.653462081,POINT (-87.653462080998 41.764955674634)
JA509187,,11/12/2017 02:30:00 PM,30,STOP SIGN/FLASHER,FUNCTIONING PROPERLY,RAIN,DAYLIGHT,ANGLE,DIVIDED - W/MEDIAN (NOT RAISED),4,STRAIGHT AND LEVEL,WET,NO DEFECTS,NOT ON SCENE (DESK REPORT),NO INJURY / DRIVE AWAY,,,,"OVER $1,500",11/12/2017 04:35:00 PM,FAILING TO YIELD RIGHT-OF-WAY,DRIVING SKILLS/KNOWLEDGE/EXPERIENCE,4500,N,KEDZIE AVE,1724,,,,,,,2,NO INDICATION OF INJURY,0,0,0,0,0,4,0,14,1,11,41.96309461,-87.708451566,POINT (-87.708451565891 41.963094609686)
JA509094,,11/12/2017 02:31:00 PM,30,NO CONTROLS,NO CONTROLS,CLOUDY/OVERCAST,DAYLIGHT,ANGLE,NOT DIVIDED,,STRAIGHT ON GRADE,WET,NO DEFECTS,NOT ON SCENE (DESK REPORT),NO INJURY / DRIVE AWAY,,,,"$501 - $1,500",11/12/2017 03:25:00 PM,DRIVING SKILLS/KNOWLEDGE/EXPERIENCE,UNABLE TO DETERMINE,1740,W,ESTES AVE,2423,,,,,,,2,NO INDICATION OF INJURY,0,0,0,0,0,2,0,14,1,11,42.011529715,-87.674018935,POINT (-87.674018935437 42.011529715135)
JA509065,,11/12/2017 02:40:00 PM,30,STOP SIGN/FLASHER,UNKNOWN,RAIN,DAYLIGHT,ANGLE,NOT DIVIDED,,STRAIGHT AND LEVEL,WET,NO DEFECTS,ON SCENE,INJURY AND / OR TOW DUE TO CRASH,Y,,,"OVER $1,500",11/12/2017 02:50:00 PM,WEATHER,NOT APPLICABLE,5201,W,DICKENS AVE,2515,,,,,,,2,NO INDICATION OF INJURY,0,0,0,0,0,3,0,14,1,11,41.918546641,-87.756064874,POINT (-87.756064873511 41.918546641456)
JA509083,,11/12/2017 02:40:00 PM,30,NO CONTROLS,NO CONTROLS,RAIN,DAYLIGHT,TURNING,NOT DIVIDED,4,STRAIGHT AND LEVEL,WET,NO DEFECTS,NOT ON SCENE (DESK REPORT),NO INJURY / DRIVE AWAY,,,,"$501 - $1,500",11/12/2017 03:05:00 PM,IMPROPER TURNING/NO SIGNAL,NOT APPLICABLE,2501,W,CERMAK RD,1034,,,,,,,2,NO INDICATION OF INJURY,0,0,0,0,0,2,0,14,1,11,41.851898927,-87.688007842,POINT (-87.688007842482 41.851898927195)
JA510391,,11/12/2017 02:45:00 PM,30,TRAFFIC SIGNAL,FUNCTIONING PROPERLY,CLEAR,DAYLIGHT,REAR END,DIVIDED - W/MEDIAN (NOT RAISED),2,STRAIGHT AND LEVEL,DRY,NO DEFECTS,NOT ON SCENE (DESK REPORT),NO INJURY / DRIVE AWAY,,,Y,"$501 - $1,500",11/13/2017 03:30:00 PM,UNABLE TO DETERMINE,NOT APPLICABLE,6800,N,CLARK ST,2424,,,,,,,3,NO INDICATION OF INJURY,0,0,0,0,0,3,0,14,1,11,42.005366573,-87.673262006,POINT (-87.67326200571 42.005366572754)
JA509136,,11/12/2017 02:47:00 PM,30,TRAFFIC SIGNAL,FUNCTIONING PROPERLY,RAIN,DAYLIGHT,TURNING,DIVIDED - W/MEDIAN BARRIER,,STRAIGHT AND LEVEL,WET,NO DEFECTS,ON SCENE,INJURY AND / OR TOW DUE TO CRASH,Y,,,"OVER $1,500",11/12/2017 03:31:00 PM,IMPROPER TURNING/NO SIGNAL,NOT APPLICABLE,1157,S,MICHIGAN AVE,114,,,,,,,2,NO INDICATION OF INJURY,0,0,0,0,0,2,0,14,1,11,41.867545711,-87.623977993,POINT (-87.623977993239 41.867545711037)
JA509951,,11/12/2017 03:00:00 PM,30,NO CONTROLS,NO CONTROLS,CLOUDY/OVERCAST,DAYLIGHT,SIDESWIPE SAME DIRECTION,DIVIDED - W/MEDIAN (NOT RAISED),2,STRAIGHT AND LEVEL,WET,NO DEFECTS,NOT ON SCENE (DESK REPORT),NO INJURY / DRIVE AWAY,,,,"$501 - $1,500",11/13/2017 10:40:00 AM,UNABLE TO DETERMINE,UNABLE TO DETERMINE,550,N,KINGSBURY ST,1831,,,,,,,2,NO INDICATION OF INJURY,0,0,0,0,0,2,0,15,1,11,41.891813518,-87.640279379,POINT (-87.640279379111 41.89181351767)
JA509116,,11/12/2017 03:00:00 PM,30,TRAFFIC SIGNAL,FUNCTIONING PROPERLY,RAIN,DAYLIGHT,TURNING,NOT DIVIDED,2,STRAIGHT AND LEVEL,WET,NO DEFECTS,NOT ON SCENE (DESK REPORT),NO INJURY / DRIVE AWAY,Y,,,"$501 - $1,500",11/12/2017 03:40:00 PM,FAILING TO YIELD RIGHT-OF-WAY,FAILING TO REDUCE SPEED TO AVOID CRASH,2125,N,CENTRAL AVE,2515,,,,,,,2,NO INDICATION OF INJURY,0,0,0,0,0,3,0,15,1,11,41.918886081,-87.76526616,POINT (-87.765266160193 41.918886081471)
JA509225,,11/12/2017 03:00:00 PM,30,NO CONTROLS,NO CONTROLS,RAIN,DAYLIGHT,REAR END,NOT DIVIDED,4,STRAIGHT AND LEVEL,WET,NO DEFECTS,NOT ON SCENE (DESK REPORT),NO INJURY / DRIVE AWAY,,,,"$501 - $1,500",11/12/2017 05:00:00 PM,FAILING TO YIELD RIGHT-OF-WAY,UNABLE TO DETERMINE,100,W,71ST ST,731,,,,,,,2,NO INDICATION OF INJURY,0,0,0,0,0,2,0,15,1,11,41.765563775,-87.62793555,POINT (-87.627935550436 41.765563775096)
JA509138,,11/12/2017 03:00:00 PM,30,NO CONTROLS,NO CONTROLS,OTHER,DAYLIGHT,PARKED MOTOR VEHICLE,DIVIDED - W/MEDIAN (NOT RAISED),2,STRAIGHT AND LEVEL,WET,NO DEFECTS,NOT ON SCENE (DESK REPORT),NO INJURY / DRIVE AWAY,,,,$500 OR LESS,11/12/2017 03:30:00 PM,DISTRACTION - FROM INSIDE VEHICLE,NOT APPLICABLE,1601,N,SEDGWICK ST,1814,,,,,,,2,,,,,,,,,15,1,11,41.911165618,-87.638447139,POINT (-87.638447139342 41.91116561817)
JA509099,,11/12/2017 03:05:00 PM,30,NO CONTROLS,NO CONTROLS,RAIN,DAYLIGHT,HEAD ON,DIVIDED - W/MEDIAN (NOT RAISED),,STRAIGHT AND LEVEL,WET,NO DEFECTS,ON SCENE,NO INJURY / DRIVE AWAY,,,,$500 OR LESS,11/12/2017 03:05:00 PM,IMPROPER BACKING,NOT APPLICABLE,2743,W,55TH ST,824,,,,,,,2,NO INDICATION OF INJURY,0,0,0,0,0,3,0,15,1,11,41.793593809,-87.693059543,POINT (-87.693059542959 41.793593808605)