RD_NO,CRASH_DATE_EST_I,CRASH_DATE,POSTED_SPEED_LIMIT,TRAFFIC_CONTROL_DEVICE,DEVICE_CONDITION,WEATHER_CONDITION,LIGHTING_CONDITION,FIRST_CRASH_TYPE,TRAFFICWAY_TYPE,LANE_CNT,ALIGNMENT,ROADWAY_SURFACE_COND,ROAD_DEFECT,REPORT_TYPE,CRASH_TYPE,INTERSECTION_RELATED_I,NOT_RIGHT_OF_WAY_I,HIT_AND_RUN_I,DAMAGE,DATE_POLICE_NOTIFIED,PRIM_CONTRIBUTORY_CAUSE,SEC_CONTRIBUTORY_CAUSE,STREET_NO,STREET_DIRECTION,STREET_NAME,BEAT_OF_OCCURRENCE,PHOTOS_TAKEN_I,STATEMENTS_TAKEN_I,DOORING_I,WORK_ZONE_I,WORK_ZONE_TYPE,WORKERS_PRESENT_I,NUM_UNITS,MOST_SEVERE_INJURY,INJURIES_TOTAL,INJURIES_FATAL,INJURIES_INCAPACITATING,INJURIES_NON_INCAPACITATING,INJURIES_REPORTED_NOT_EVIDENT,INJURIES_NO_INDICATION,INJURIES_UNKNOWN,CRASH_HOUR,CRASH_DAY_OF_WEEK,CRASH_MONTH,LATITUDE,LONGITUDE,LOCATION
JA509957,,11/12/2017 05:30:00 PM,30,NO CONTROLS,NO CONTROLS,RAIN,"DARKNESS, LIGHTED ROAD",SIDESWIPE SAME DIRECTION,ONE-WAY,3,STRAIGHT AND LEVEL,WET,NO DEFECTS,NOT ON SCENE (DESK REPORT),NO INJURY / DRIVE AWAY,,,Y,"OVER $1,500",11/13/2017 10:45:00 AM,UNABLE TO DETERMINE,NOT APPLICABLE,50,S,DEARBORN ST,112,,,,,,,2,NO INDICATION OF INJURY,0,0,0,0,0,3,0,17,1,11,41.881185191,-87.629523532,POINT (-87.629523531739 41.881185191317)
JA510727,,11/12/2017 05:30:00 PM,30,NO CONTROLS,NO CONTROLS,RAIN,DUSK,REAR END,NOT DIVIDED,2,STRAIGHT AND LEVEL,WET,NO DEFECTS,NOT ON SCENE (DESK REPORT),NO INJURY / DRIVE AWAY,,,,"$501 - $1,500",11/13/2017 07:20:00 PM,FOLLOWING TOO CLOSELY,NOT APPLICABLE,6700,S,MORGAN ST,724,,,,,,,2,NO INDICATION OF INJURY,0,0,0,0,0,2,0,17,1,11,41.772311366,-87.649599279,POINT (-87.649599279329 41.77231136624)
JA509291,,11/12/2017 05:30:00 PM,35,NO CONTROLS,NO CONTROLS,RAIN,"DARKNESS, LIGHTED ROAD",REAR END,DIVIDED - W/MEDIAN BARRIER,3,STRAIGHT AND LEVEL,WET,NO DEFECTS,NOT ON SCENE (DESK REPORT),NO INJURY / DRIVE AWAY,,,,"OVER $1,500",11/12/2017 05:55:00 PM,FOLLOWING TOO CLOSELY,WEATHER,701,N,LAKE SHORE DR NB,1834,,,,,,,3,NO INDICATION OF INJURY,0,0,0,0,0,4,0,17,1,11,41.895178658,-87.61538029,POINT (-87.615380290346 41.895178657868)
JA509321,,11/12/2017 05:30:00 PM,30,NO CONTROLS,NO CONTROLS,CLEAR,DAYLIGHT,SIDESWIPE SAME DIRECTION,NOT DIVIDED,2,STRAIGHT AND LEVEL,WET,NO DEFECTS,NOT ON SCENE (DESK REPORT),NO INJURY / DRIVE AWAY,,,Y,"$501 - $1,500",11/12/2017 06:30:00 PM,IMPROPER OVERTAKING/PASSING,FAILING TO REDUCE SPEED TO AVOID CRASH,4658,W,GRAND AVE,2533,,,,,,,2,NO INDICATION OF INJURY,0,0,0,0,0,2,0,17,1,11,41.912933361,-87.743192215,POINT (-87.743192214645 41.912933360842)
JA509304,,11/12/2017 05:42:00 PM,30,NO CONTROLS,NO CONTROLS,CLEAR,"DARKNESS, LIGHTED ROAD",SIDESWIPE SAME DIRECTION,ONE-WAY,1,STRAIGHT AND LEVEL,DRY,NO DEFECTS,NOT ON SCENE (DESK REPORT),NO INJURY / DRIVE AWAY,Y,,,"OVER $1,500",11/12/2017 06:10:00 PM,IMPROPER BACKING,NOT APPLICABLE,365,N,JEFFERSON ST,1214,,,,,,,2,NO INDICATION OF INJURY,0,0,0,0,0,2,0,17,1,11,41.888477878,-87.642722737,POINT (-87.642722736941 41.888477877571)
JA510470,,11/12/2017 05:50:00 PM,30,TRAFFIC SIGNAL,FUNCTIONING PROPERLY,RAIN,DARKNESS,TURNING,OTHER,,STRAIGHT AND LEVEL,WET,WORN SURFACE,NOT ON SCENE (DESK REPORT),NO INJURY / DRIVE AWAY,Y,,,"$501 - $1,500",11/13/2017 04:10:00 PM,WEATHER,FAILING TO YIELD RIGHT-OF-WAY,2400,E,130TH ST,434,,,,,,,2,NO INDICATION OF INJURY,0,0,0,0,0,2,0,17,1,11,41.659286039,-87.565517863,POINT (-87.565517863218 41.659286039143)
JA509317,,11/12/2017 05:53:00 PM,30,NO CONTROLS,NO CONTROLS,RAIN,"DARKNESS, LIGHTED ROAD",REAR END,DIVIDED - W/MEDIAN (NOT RAISED),,STRAIGHT AND LEVEL,WET,NO DEFECTS,ON SCENE,NO INJURY / DRIVE AWAY,Y,,,"$501 - $1,500",11/12/2017 06:10:00 PM,FAILING TO REDUCE SPEED TO AVOID CRASH,NOT APPLICABLE,5200,S,ARCHER AVE,815,,,,,,,2,NO INDICATION OF INJURY,0,0,0,0,0,4,0,17,1,11,41.800107535,-87.734468273,POINT (-87.734468273475 41.800107535416)
JA509307,,11/12/2017 05:53:00 PM,30,NO CONTROLS,NO CONTROLS,RAIN,DUSK,REAR END,NOT DIVIDED,4,STRAIGHT AND LEVEL,WET,NO DEFECTS,ON SCENE,INJURY AND / OR TOW DUE TO CRASH,,,,"OVER $1,500",11/12/2017 05:58:00 PM,TEXTING,UNABLE TO DETERMINE,4201,W,FULLERTON AVE,2522,,,,,,,2,NO INDICATION OF INJURY,0,0,0,0,0,3,0,17,1,11,41.924315289,-87.731726016,POINT (-87.731726015949 41.924315288716)
JA509332,,11/12/2017 05:55:00 PM,25,NO CONTROLS,NO CONTROLS,RAIN,DARKNESS,SIDESWIPE OPPOSITE DIRECTION,NOT DIVIDED,2,STRAIGHT AND LEVEL,WET,NO DEFECTS,NOT ON SCENE (DESK REPORT),NO INJURY / DRIVE AWAY,,,Y,"$501 - $1,500",11/12/2017 06:50:00 PM,UNABLE TO DETERMINE,UNABLE TO DETERMINE,3480,W,BELMONT AVE,1732,,,,,,,2,NO INDICATION OF INJURY,0,0,0,0,0,2,0,17,1,11,41.939353126,-87.715158701,POINT (-87.715158701388 41.939353126175)
JA511853,,11/12/2017 06:00:00 PM,30,TRAFFIC SIGNAL,FUNCTIONING IMPROPERLY,CLEAR,"DARKNESS, LIGHTED ROAD",REAR END,NOT DIVIDED,4,STRAIGHT AND LEVEL,DRY,UNKNOWN,NOT ON SCENE (DESK REPORT),NO INJURY / DRIVE AWAY,Y,,,"OVER $1,500",11/14/2017 05:54:00 PM,FOLLOWING TOO CLOSELY,NOT APPLICABLE,1,N,CENTRAL AVE,1522,,,,,,,2,NO INDICATION OF INJURY,0,0,0,0,0,2,0,18,1,11,41.880346579,-87.764717578,POINT (-87.764717577803 41.880346578511)
JA510256,,11/12/2017 06:00:00 PM,30,UNKNOWN,UNKNOWN,UNKNOWN,"DARKNESS, LIGHTED ROAD",SIDESWIPE SAME DIRECTION,UNKNOWN,,STRAIGHT AND LEVEL,DRY,UNKNOWN,NOT ON SCENE (DESK REPORT),NO INJURY / DRIVE AWAY,,,,"$501 - $1,500",11/13/2017 02:08:00 PM,FAILING TO YIELD RIGHT-OF-WAY,FAILING TO YIELD RIGHT-OF-WAY,1401,N,CENTRAL PARK AVE,1422,,,,,,,2,NO INDICATION OF INJURY,0,0,0,0,0,2,0,18,1,11,41.906421639,-87.716536799,POINT (-87.716536798869 41.906421638696)
JA510723,,11/12/2017 06:00:00 PM,25,TRAFFIC SIGNAL,FUNCTIONING PROPERLY,RAIN,DUSK,REAR END,NOT DIVIDED,2,STRAIGHT AND LEVEL,WET,NO DEFECTS,NOT ON SCENE (DESK REPORT),NO INJURY / DRIVE AWAY,,,,"OVER $1,500",11/13/2017 07:15:00 PM,UNABLE TO DETERMINE,NOT APPLICABLE,7100,S,ASHLAND AVE,735,,,,,,,2,NO INDICATION OF INJURY,0,0,0,0,0,2,0,18,1,11,41.764859382,-87.663940176,POINT (-87.663940176305 41.764859382425)
JA509815,,11/12/2017 06:00:00 PM,30,NO CONTROLS,NO CONTROLS,RAIN,DARKNESS,PARKED MOTOR VEHICLE,DIVIDED - W/MEDIAN (NOT RAISED),,STRAIGHT AND LEVEL,WET,NO DEFECTS,NOT ON SCENE (DESK REPORT),NO INJURY / DRIVE AWAY,,,,"$501 - $1,500",11/13/2017 09:00:00 AM,UNABLE TO DETERMINE,UNABLE TO DETERMINE,1708,S,ASHLAND AVE,1234,,,,,,,2,NO INDICATION OF INJURY,0,0,0,0,0,2,0,18,1,11,41.858400219,-87.666312422,POINT (-87.666312421594 41.85840021915)
JA509896,,11/12/2017 06:00:00 PM,35,NO CONTROLS,NO CONTROLS,CLEAR,DAYLIGHT,PARKED MOTOR VEHICLE,NOT DIVIDED,,STRAIGHT AND LEVEL,DRY,NO DEFECTS,NOT ON SCENE (DESK REPORT),NO INJURY / DRIVE AWAY,,,Y,"$501 - $1,500",11/13/2017 09:55:00 AM,UNABLE TO DETERMINE,UNABLE TO DETERMINE,3935,N,CHRISTIANA AVE,1733,,,,,,,2,NO INDICATION OF INJURY,0,0,0,0,0,1,0,18,1,11,41.953107648,-87.71151124,POINT (-87.711511240267 41.953107647571)
JA509351,,11/12/2017 06:01:00 PM,10,NO CONTROLS,NO CONTROLS,CLEAR,"DARKNESS, LIGHTED ROAD",FIXED OBJECT,PARKING LOT,,STRAIGHT AND LEVEL,WET,NO DEFECTS,ON SCENE,NO INJURY / DRIVE AWAY,,Y,,"OVER $1,500",11/12/2017 06:34:00 PM,DRIVING SKILLS/KNOWLEDGE/EXPERIENCE,UNABLE TO DETERMINE,3580,N,MILWAUKEE AVE,1731,,,,,,,1,NO INDICATION OF INJURY,0,0,0,0,0,1,0,18,1,11,41.945774313,-87.735045831,POINT (-87.735045831055 41.945774312556)
JA509333,,11/12/2017 06:20:00 PM,30,STOP SIGN/FLASHER,FUNCTIONING PROPERLY,CLEAR,"DARKNESS, LIGHTED ROAD",REAR END,DIVIDED - W/MEDIAN (NOT RAISED),4,STRAIGHT AND LEVEL,WET,NO DEFECTS,ON SCENE,NO INJURY / DRIVE AWAY,Y,,,"OVER $1,500",11/12/2017 06:45:00 PM,FOLLOWING TOO CLOSELY,FAILING TO REDUCE SPEED TO AVOID CRASH,3601,S,WESTERN BLVD,912,,,,,,,2,NO INDICATION OF INJURY,0,0,0,0,0,2,0,18,1,11,41.828407462,-87.68425711,POINT (-87.684257109515 41.828407462065)
JA509324,,11/12/2017 06:20:00 PM,25,NO CONTROLS,NO CONTROLS,CLOUDY/OVERCAST,"DARKNESS, LIGHTED ROAD",SIDESWIPE OPPOSITE DIRECTION,NOT DIVIDED,,STRAIGHT AND LEVEL,WET,NO DEFECTS,ON SCENE,NO INJURY / DRIVE AWAY,Y,,,$500 OR LESS,11/12/2017 06:28:00 PM,IMPROPER OVERTAKING/PASSING,UNABLE TO DETERMINE,1351,W,ALTGELD ST,1932,,,,,,,2,NO INDICATION OF INJURY,0,0,0,0,0,3,0,18,1,11,41.926931277,-87.662833151,POINT (-87.662833150978 41.926931277004)
JA509445,,11/12/2017 06:28:00 PM,30,TRAFFIC SIGNAL,FUNCTIONING PROPERLY,RAIN,"DARKNESS, LIGHTED ROAD",PARKED MOTOR VEHICLE,NOT DIVIDED,,STRAIGHT AND LEVEL,WET,NO DEFECTS,NOT ON SCENE (DESK REPORT),NO INJURY / DRIVE AWAY,Y,,Y,"OVER $1,500",11/12/2017 08:55:00 PM,FOLLOWING TOO CLOSELY,NOT APPLICABLE,2341,S,WENTWORTH AVE,914,,,,,,,2,NO INDICATION OF INJURY,0,0,0,0,0,1,0,18,1,11,41.849730299,-87.631796231,POINT (-87.631796231157 41.849730298904)
JA509311,Y,11/12/2017 06:30:00 PM,30,NO CONTROLS,NO CONTROLS,RAIN,"DARKNESS, LIGHTED ROAD",PARKED MOTOR VEHICLE,NOT DIVIDED,,STRAIGHT AND LEVEL,WET,NO DEFECTS,NOT ON SCENE (DESK REPORT),NO INJURY / DRIVE AWAY,,,Y,"OVER $1,500",11/12/2017 06:30:00 PM,UNABLE TO DETERMINE,NOT APPLICABLE,653,W,ELM ST,1822,,,,,,,4,NO INDICATION OF INJURY,0,0,0,0,0,1,0,18,1,11,41.902507369,-87.645254901,POINT (-87.645254900908 41.902507368539)
JA509407,,11/12/2017 06:40:00 PM,30,NO CONTROLS,NO CONTROLS,CLEAR,"DARKNESS, LIGHTED ROAD",TURNING,DIVIDED - W/MEDIAN (NOT RAISED),4,STRAIGHT AND LEVEL,DRY,NO DEFECTS,NOT ON SCENE (DESK REPORT),NO INJURY / DRIVE AWAY,N,,,"OVER $1,500",11/12/2017 08:20:00 PM,IMPROPER TURNING/NO SIGNAL,DISTRACTION - FROM OUTSIDE VEHICLE,1255,W,NORTH AVE,1433,,,,,,,3,NO INDICATION OF INJURY,0,0,0,0,0,5,0,18,1,11,41.910655328,-87.659017422,POINT (-87.659017422338 41.91065532766)
JA509350,,11/12/2017 06:45:00 PM,25,NO CONTROLS,NO CONTROLS,RAIN,"DARKNESS, LIGHTED ROAD",PARKED MOTOR VEHICLE,ONE-WAY,,STRAIGHT AND LEVEL,WET,NO DEFECTS,ON SCENE,NO INJURY / DRIVE AWAY,,,Y,"OVER $1,500",11/12/2017 06:45:00 PM,"OPERATING VEHICLE IN ERRATIC, RECKLESS, CARELESS, NEGLIGENT OR AGGRESSIVE MANNER",DRIVING SKILLS/KNOWLEDGE/EXPERIENCE,3326,N,KARLOV AVE,1731,,,,,,,2,NO INDICATION OF INJURY,0,0,0,0,0,1,0,18,1,11,41.941663228,-87.729865571,POINT (-87.729865570511 41.94166322766)
JA509374,,11/12/2017 06:55:00 PM,35,STOP SIGN/FLASHER,FUNCTIONING PROPERLY,CLOUDY/OVERCAST,"DARKNESS, LIGHTED ROAD",ANGLE,NOT DIVIDED,,STRAIGHT AND LEVEL,WET,NO DEFECTS,ON SCENE,INJURY AND / OR TOW DUE TO CRASH,Y,,,"OVER $1,500",11/12/2017 07:00:00 PM,DISREGARDING STOP SIGN,WEATHER,3868,N,LINCOLN AVE,1922,,,,,,,2,NO INDICATION OF INJURY,0,0,0,0,0,2,0,18,1,11,41.952253879,-87.677595023,POINT (-87.677595022724 41.952253879424)
JA515170,Y,11/12/2017 07:00:00 PM,30,NO CONTROLS,NO CONTROLS,CLEAR,DAYLIGHT,PARKED MOTOR VEHICLE,NOT DIVIDED,2,STRAIGHT AND LEVEL,DRY,NO DEFECTS,,NO INJURY / DRIVE AWAY,,,Y,$500 OR LESS,11/17/2017 12:30:00 PM,NOT APPLICABLE,NOT APPLICABLE,772,S,KENNETH AVE,1131,,,,,,,2,NO INDICATION OF INJURY,0,0,0,0,0,1,0,19,1,11,41.870298833,-87.736592447,POINT (-87.736592446737 41.870298832672)
JA509363,,11/12/2017 07:15:00 PM,30,STOP SIGN/FLASHER,UNKNOWN,RAIN,"DARKNESS, LIGHTED ROAD",PEDESTRIAN,NOT DIVIDED,2,STRAIGHT AND LEVEL,WET,NO DEFECTS,ON SCENE,INJURY AND / OR TOW DUE TO CRASH,Y,,Y,$500 OR LESS,11/12/2017 07:16:00 PM,UNABLE TO DETERMINE,UNABLE TO DETERMINE,2659,S,KEDZIE AVE,1033,,,,,,,2,NONINCAPACITATING INJURY,1,0,0,1,0,1,0,19,1,11,41.842790645,-87.704841099,POINT (-87.704841098621 41.842790644961)
JA509383,,11/12/2017 07:15:00 PM,30,TRAFFIC SIGNAL,FUNCTIONING PROPERLY,CLEAR,"DARKNESS, LIGHTED ROAD",TURNING,DIVIDED - W/MEDIAN (NOT RAISED),4,STRAIGHT AND LEVEL,WET,NO DEFECTS,ON SCENE,INJURY AND / OR TOW DUE TO CRASH,Y,,,"OVER $1,500",11/12/2017 07:22:00 PM,FAILING TO YIELD RIGHT-OF-WAY,FAILING TO REDUCE SPEED TO AVOID CRASH,1501,E,103RD ST,512,,,,,,,2,INCAPACITATING INJURY,2,0,1,1,0,0,0,19,1,11,41.707638289,-87.587232617,POINT (-87.587232616965 41.707638288511)
JA509402,,11/12/2017 07:15:00 PM,30,NO CONTROLS,NO CONTROLS,CLEAR,"DARKNESS, LIGHTED ROAD",REAR END,DIVIDED - W/MEDIAN (NOT RAISED),4,STRAIGHT AND LEVEL,DRY,NO DEFECTS,NOT ON SCENE (DESK REPORT),NO INJURY / DRIVE AWAY,,,,"OVER $1,500",11/12/2017 08:15:00 PM,FAILING TO REDUCE SPEED TO AVOID CRASH,DRIVING SKILLS/KNOWLEDGE/EXPERIENCE,6030,S,PULASKI RD,813,,,,,,,2,NO INDICATION OF INJURY,0,0,0,0,0,2,0,19,1,11,41.783246466,-87.723035931,POINT (-87.72303593075 41.78324646629)
JA509382,N,11/12/2017 07:25:00 PM,30,NO CONTROLS,NO CONTROLS,CLEAR,"DARKNESS, LIGHTED ROAD",FIXED OBJECT,NOT DIVIDED,2,STRAIGHT AND LEVEL,WET,NO DEFECTS,ON SCENE,INJURY AND / OR TOW DUE TO CRASH,,,,"OVER $1,500",11/12/2017 07:30:00 PM,UNABLE TO DETERMINE,UNABLE TO DETERMINE,6250,S,HALSTED ST,712,,,,,,,1,NONINCAPACITATING INJURY,1,0,0,1,0,1,0,19,1,11,41.779988067,-87.644938713,POINT (-87.644938712941 41.779988066546)
JA509415,,11/12/2017 07:30:00 PM,30,NO CONTROLS,NO CONTROLS,OTHER,"DARKNESS, LIGHTED ROAD",PARKED MOTOR VEHICLE,PARKING LOT,,STRAIGHT AND LEVEL,WET,NO DEFECTS,ON SCENE,NO INJURY / DRIVE AWAY,,Y,Y,"OVER $1,500",11/12/2017 08:26:00 PM,FAILING TO REDUCE SPEED TO AVOID CRASH,EXCEEDING SAFE SPEED FOR CONDITIONS,5600,N,CLARK ST,2012,,,,,,,2,NO INDICATION OF INJURY,0,0,0,0,0,1,0,19,1,11,41.983520143,-87.668913023,POINT (-87.66891302317 41.983520143422)
JA510674,,11/12/2017 07:30:00 PM,30,NO CONTROLS,NO CONTROLS,UNKNOWN,DARKNESS,REAR END,DIVIDED - W/MEDIAN (NOT RAISED),4,STRAIGHT AND LEVEL,UNKNOWN,NO DEFECTS,NOT ON SCENE (DESK REPORT),NO INJURY / DRIVE AWAY,,,,"OVER $1,500",11/13/2017 06:40:00 PM,FOLLOWING TOO CLOSELY,FAILING TO REDUCE SPEED TO AVOID CRASH,3902,W,MONTROSE AVE,1723,,,,,,,2,NO INDICATION OF INJURY,0,0,0,0,0,2,0,19,1,11,41.961085785,-87.725528496,POINT (-87.72552849627 41.961085785204)
JA511075,,11/12/2017 07:30:00 PM,30,STOP SIGN/FLASHER,FUNCTIONING PROPERLY,RAIN,"DARKNESS, LIGHTED ROAD",TURNING,NOT DIVIDED,4,STRAIGHT AND LEVEL,WET,NO DEFECTS,NOT ON SCENE (DESK REPORT),NO INJURY / DRIVE AWAY,Y,,Y,"OVER $1,500",11/14/2017 07:45:00 AM,IMPROPER TURNING/NO SIGNAL,IMPROPER OVERTAKING/PASSING,506,W,45TH ST,925,,,,,,,3,NO INDICATION OF INJURY,0,0,0,0,0,2,0,19,1,11,41.812757506,-87.638695683,POINT (-87.638695682695 41.812757506359)
JA509384,,11/12/2017 07:30:00 PM,30,UNKNOWN,UNKNOWN,CLEAR,"DARKNESS, LIGHTED ROAD",REAR END,UNKNOWN,,STRAIGHT AND LEVEL,UNKNOWN,UNKNOWN,NOT ON SCENE (DESK REPORT),NO INJURY / DRIVE AWAY,,,,$500 OR LESS,11/12/2017 07:55:00 PM,FOLLOWING TOO CLOSELY,FOLLOWING TOO CLOSELY,3232,N,HARLEM AVE,1631,,,,,,,2,NO INDICATION OF INJURY,0,0,0,0,0,2,0,19,1,11,41.938985969,-87.806929065,POINT (-87.806929064795 41.93898596894)
JA509395,,11/12/2017 07:47:00 PM,35,TRAFFIC SIGNAL,FUNCTIONING PROPERLY,CLEAR,"DARKNESS, LIGHTED ROAD",PEDESTRIAN,DIVIDED - W/MEDIAN (NOT RAISED),4,STRAIGHT AND LEVEL,DRY,NO DEFECTS,ON SCENE,INJURY AND / OR TOW DUE TO CRASH,Y,,,$500 OR LESS,11/12/2017 07:49:00 PM,"VISION OBSCURED (SIGNS, TREE LIMBS, BUILDINGS, ETC.)",UNABLE TO DETERMINE,6889,N,SHERIDAN RD,2431,,,,,,,2,NONINCAPACITATING INJURY,1,0,0,1,0,1,0,19,1,11,42.006731433,-87.661132123,POINT (-87.661132123251 42.006731432834)
JA517703,Y,11/12/2017 08:00:00 PM,30,NO CONTROLS,NO CONTROLS,UNKNOWN,"DARKNESS, LIGHTED ROAD",PARKED MOTOR VEHICLE,DIVIDED - W/MEDIAN (NOT RAISED),2,STRAIGHT AND LEVEL,UNKNOWN,NO DEFECTS,NOT ON SCENE (DESK REPORT),NO INJURY / DRIVE AWAY,,,Y,"OVER $1,500",11/19/2017 10:30:00 AM,UNABLE TO DETERMINE,UNABLE TO DETERMINE,2544,N,KIMBALL AVE,1413,,,,,,,2,NO INDICATION OF INJURY,0,0,0,0,0,1,0,20,1,11,41.927823588,-87.712342741,POINT (-87.71234274053 41.92782358779)
JA509669,N,11/12/2017 08:00:00 PM,25,NO CONTROLS,NO CONTROLS,CLEAR,"DARKNESS, LIGHTED ROAD",PARKED MOTOR VEHICLE,NOT DIVIDED,,STRAIGHT AND LEVEL,DRY,NO DEFECTS,ON SCENE,NO INJURY / DRIVE AWAY,,,Y,"OVER $1,500",11/13/2017 05:28:00 AM,UNABLE TO DETERMINE,NOT APPLICABLE,3752,W,HAYFORD ST,833,,,,,,,2,NO INDICATION OF INJURY,0,0,0,0,0,1,0,20,1,11,41.755858867,-87.716533592,POINT (-87.716533591751 41.755858867418)
JA509420,,11/12/2017 08:00:00 PM,30,NO CONTROLS,NO CONTROLS,CLEAR,DAYLIGHT,ANGLE,OTHER,0,STRAIGHT AND LEVEL,DRY,NO DEFECTS,NOT ON SCENE (DESK REPORT),NO INJURY / DRIVE AWAY,,,,"OVER $1,500",11/12/2017 08:35:00 PM,FAILING TO REDUCE SPEED TO AVOID CRASH,DRIVING SKILLS/KNOWLEDGE/EXPERIENCE,3144,W,55TH ST,923,,,,,,,2,NO INDICATION OF INJURY,0,0,0,0,0,2,0,20,1,11,41.793634596,-87.702986186,POINT (-87.702986185981 41.793634596387)
JA511392,,11/12/2017 08:00:00 PM,30,NO CONTROLS,NO CONTROLS,CLEAR,DAYLIGHT,SIDESWIPE SAME DIRECTION,OTHER,4,STRAIGHT AND LEVEL,DRY,NO DEFECTS,NOT ON SCENE (DESK REPORT),NO INJURY / DRIVE AWAY,,,,$500 OR LESS,11/14/2017 12:37:00 PM,FAILING TO YIELD RIGHT-OF-WAY,FAILING TO YIELD RIGHT-OF-WAY,10000,W,OHARE ST,1651,,,,,,,2,NO INDICATION OF INJURY,0,0,0,0,0,2,0,20,1,11,41.976201139,-87.905309125,POINT (-87.905309125103 41.976201139024)
JA509431,,11/12/2017 08:05:00 PM,30,TRAFFIC SIGNAL,FUNCTIONING PROPERLY,RAIN,"DARKNESS, LIGHTED ROAD",TURNING,NOT DIVIDED,2,STRAIGHT AND LEVEL,WET,NO DEFECTS,ON SCENE,NO INJURY / DRIVE AWAY,N,,,"OVER $1,500",11/12/2017 08:06:00 PM,WEATHER,NOT APPLICABLE,2100,N,NARRAGANSETT AVE,2512,,,,,,,2,NO INDICATION OF INJURY,0,0,0,0,0,2,0,20,1,11,41.918316897,-87.785425771,POINT (-87.78542577051 41.918316896875)
JA509412,,11/12/2017 08:10:00 PM,30,TRAFFIC SIGNAL,FUNCTIONING PROPERLY,CLEAR,"DARKNESS, LIGHTED ROAD",REAR END,NOT DIVIDED,4,STRAIGHT AND LEVEL,DRY,NO DEFECTS,NOT ON SCENE (DESK REPORT),NO INJURY / DRIVE AWAY,Y,,,"OVER $1,500",11/12/2017 08:35:00 PM,FOLLOWING TOO CLOSELY,NOT APPLICABLE,800,N,HALSTED ST,1213,,,,,,,2,NO INDICATION OF INJURY,0,0,0,0,0,2,0,20,1,11,41.896474018,-87.647894993,POINT (-87.647894992663 41.896474017804)
JA509433,,11/12/2017 08:10:00 PM,30,NO CONTROLS,NO CONTROLS,CLEAR,"DARKNESS, LIGHTED ROAD",SIDESWIPE SAME DIRECTION,NOT DIVIDED,2,STRAIGHT AND LEVEL,WET,NO DEFECTS,ON SCENE,NO INJURY / DRIVE AWAY,,,,"OVER $1,500",11/12/2017 08:30:00 PM,FAILING TO YIELD RIGHT-OF-WAY,NOT APPLICABLE,2225,N,LINCOLN AVE,1812,,,,,,,2,NO INDICATION OF INJURY,0,0,0,0,0,2,0,20,1,11,41.922562392,-87.644516762,POINT (-87.64451676225 41.922562392067)
JA509423,,11/12/2017 08:14:00 PM,30,TRAFFIC SIGNAL,FUNCTIONING PROPERLY,UNKNOWN,"DARKNESS, LIGHTED ROAD",SIDESWIPE OPPOSITE DIRECTION,NOT DIVIDED,2,STRAIGHT AND LEVEL,WET,UNKNOWN,NOT ON SCENE (DESK REPORT),INJURY AND / OR TOW DUE TO CRASH,,Y,,"OVER $1,500",11/12/2017 08:14:00 PM,EXCEEDING AUTHORIZED SPEED LIMIT,EXCEEDING SAFE SPEED FOR CONDITIONS,610,E,79TH ST,624,N,Y,,,,,2,INCAPACITATING INJURY,2,0,2,0,0,1,0,20,1,11,41.751317584,-87.609606173,POINT (-87.60960617336 41.751317584279)
JA509418,,11/12/2017 08:20:00 PM,30,TRAFFIC SIGNAL,FUNCTIONING PROPERLY,RAIN,DARKNESS,TURNING,NOT DIVIDED,4,STRAIGHT AND LEVEL,WET,NO DEFECTS,ON SCENE,INJURY AND / OR TOW DUE TO CRASH,Y,,,"OVER $1,500",11/12/2017 08:25:00 PM,FAILING TO YIELD RIGHT-OF-WAY,NOT APPLICABLE,5500,S,PULASKI RD,813,,,,,,,2,NO INDICATION OF INJURY,0,0,0,0,0,5,0,20,1,11,41.793155061,-87.723303765,POINT (-87.723303764642 41.793155060731)
JA509411,,11/12/2017 08:25:00 PM,30,NO CONTROLS,NO CONTROLS,CLEAR,DARKNESS,SIDESWIPE SAME DIRECTION,NOT DIVIDED,2,STRAIGHT AND LEVEL,WET,NO DEFECTS,NOT ON SCENE (DESK REPORT),NO INJURY / DRIVE AWAY,,,,"$501 - $1,500",11/12/2017 08:35:00 PM,IMPROPER OVERTAKING/PASSING,NOT APPLICABLE,2525,S,DR MARTIN LUTHER KING JR DR,133,,,,,,,2,NO INDICATION OF INJURY,0,0,0,0,0,2,0,20,1,11,41.846766611,-87.617175778,POINT (-87.61717577755 41.846766610919)
JA509437,,11/12/2017 08:30:00 PM,25,UNKNOWN,UNKNOWN,UNKNOWN,"DARKNESS, LIGHTED ROAD",PARKED MOTOR VEHICLE,DIVIDED - W/MEDIAN (NOT RAISED),,STRAIGHT AND LEVEL,WET,UNKNOWN,NOT ON SCENE (DESK REPORT),NO INJURY / DRIVE AWAY,,,,"OVER $1,500",11/12/2017 08:45:00 PM,UNABLE TO DETERMINE,UNABLE TO DETERMINE,2503,W,FLOURNOY ST,1135,,,,,,,2,NO INDICATION OF INJURY,0,0,0,0,0,1,0,20,1,11,41.872845526,-87.688788251,POINT (-87.688788250893 41.872845526054)