RD_NO,CRASH_DATE_EST_I,CRASH_DATE,POSTED_SPEED_LIMIT,TRAFFIC_CONTROL_DEVICE,DEVICE_CONDITION,WEATHER_CONDITION,LIGHTING_CONDITION,FIRST_CRASH_TYPE,TRAFFICWAY_TYPE,LANE_CNT,ALIGNMENT,ROADWAY_SURFACE_COND,ROAD_DEFECT,REPORT_TYPE,CRASH_TYPE,INTERSECTION_RELATED_I,NOT_RIGHT_OF_WAY_I,HIT_AND_RUN_I,DAMAGE,DATE_POLICE_NOTIFIED,PRIM_CONTRIBUTORY_CAUSE,SEC_CONTRIBUTORY_CAUSE,STREET_NO,STREET_DIRECTION,STREET_NAME,BEAT_OF_OCCURRENCE,PHOTOS_TAKEN_I,STATEMENTS_TAKEN_I,DOORING_I,WORK_ZONE_I,WORK_ZONE_TYPE,WORKERS_PRESENT_I,NUM_UNITS,MOST_SEVERE_INJURY,INJURIES_TOTAL,INJURIES_FATAL,INJURIES_INCAPACITATING,INJURIES_NON_INCAPACITATING,INJURIES_REPORTED_NOT_EVIDENT,INJURIES_NO_INDICATION,INJURIES_UNKNOWN,CRASH_HOUR,CRASH_DAY_OF_WEEK,CRASH_MONTH,LATITUDE,LONGITUDE,LOCATION
JA509512,,11/12/2017 08:30:00 PM,30,NO CONTROLS,NO CONTROLS,CLEAR,"DARKNESS, LIGHTED ROAD",PARKED MOTOR VEHICLE,NOT DIVIDED,2,STRAIGHT AND LEVEL,DRY,NO DEFECTS,ON SCENE,NO INJURY / DRIVE AWAY,,,Y,"$501 - $1,500",11/12/2017 10:00:00 PM,UNABLE TO DETERMINE,UNABLE TO DETERMINE,4248,W,BELDEN AVE,2522,,,,,,,2,NO INDICATION OF INJURY,0,0,0,0,0,1,0,20,1,11,41.922680692,-87.733572769,POINT (-87.73357276939 41.922680692076)
JA511359,,11/12/2017 08:41:00 PM,0,NO CONTROLS,NO CONTROLS,CLEAR,"DARKNESS, LIGHTED ROAD",SIDESWIPE SAME DIRECTION,ONE-WAY,5,STRAIGHT AND LEVEL,DRY,NO DEFECTS,NOT ON SCENE (DESK REPORT),NO INJURY / DRIVE AWAY,,,,"OVER $1,500",11/14/2017 12:10:00 PM,FAILING TO YIELD RIGHT-OF-WAY,UNABLE TO DETERMINE,10000,W,OHARE ST,1651,,,,,,,2,NO INDICATION OF INJURY,0,0,0,0,0,4,0,20,1,11,41.976201139,-87.905309125,POINT (-87.905309125103 41.976201139024)
JA509439,,11/12/2017 08:42:00 PM,30,TRAFFIC SIGNAL,FUNCTIONING PROPERLY,CLEAR,"DARKNESS, LIGHTED ROAD",REAR END,NOT DIVIDED,4,STRAIGHT AND LEVEL,WET,NO DEFECTS,NOT ON SCENE (DESK REPORT),NO INJURY / DRIVE AWAY,Y,,,"$501 - $1,500",11/12/2017 09:07:00 PM,FAILING TO YIELD RIGHT-OF-WAY,UNABLE TO DETERMINE,202,W,51ST ST,224,,,,,,,2,NO INDICATION OF INJURY,0,0,0,0,0,3,0,20,1,11,41.801935816,-87.630839015,POINT (-87.630839014849 41.801935815859)
JA509425,,11/12/2017 08:45:00 PM,30,TRAFFIC SIGNAL,FUNCTIONING PROPERLY,CLEAR,"DARKNESS, LIGHTED ROAD",FIXED OBJECT,DIVIDED - W/MEDIAN BARRIER,3,STRAIGHT AND LEVEL,WET,NO DEFECTS,ON SCENE,INJURY AND / OR TOW DUE TO CRASH,Y,,,"OVER $1,500",11/12/2017 08:47:00 PM,UNABLE TO DETERMINE,UNABLE TO DETERMINE,2605,S,WENTWORTH AVE,914,,,,,,,2,NO INDICATION OF INJURY,0,0,0,0,0,4,0,20,1,11,41.845374254,-87.631675284,POINT (-87.631675284056 41.845374253795)
JA509432,,11/12/2017 08:50:00 PM,30,NO CONTROLS,NO CONTROLS,CLEAR,"DARKNESS, LIGHTED ROAD",SIDESWIPE SAME DIRECTION,DIVIDED - W/MEDIAN (NOT RAISED),2,STRAIGHT AND LEVEL,DRY,NO DEFECTS,NOT ON SCENE (DESK REPORT),NO INJURY / DRIVE AWAY,,,,"$501 - $1,500",11/12/2017 09:00:00 PM,IMPROPER OVERTAKING/PASSING,IMPROPER OVERTAKING/PASSING,1711,W,PETERSON AVE,2012,,,,,,,2,NO INDICATION OF INJURY,0,0,0,0,0,2,0,20,1,11,41.990670826,-87.67213596,POINT (-87.672135960369 41.990670826023)
JA509441,,11/12/2017 08:52:00 PM,30,TRAFFIC SIGNAL,UNKNOWN,CLOUDY/OVERCAST,"DARKNESS, LIGHTED ROAD",REAR END,NOT DIVIDED,,STRAIGHT AND LEVEL,UNKNOWN,UNKNOWN,ON SCENE,INJURY AND / OR TOW DUE TO CRASH,,,N,"OVER $1,500",11/12/2017 09:01:00 PM,FAILING TO REDUCE SPEED TO AVOID CRASH,NOT APPLICABLE,3600,N,DAMEN AVE,1921,,,,,,,2,NO INDICATION OF INJURY,0,0,0,0,0,2,0,20,1,11,41.9469085,-87.678700554,POINT (-87.678700554355 41.946908500357)
JA509465,,11/12/2017 08:58:00 PM,30,TRAFFIC SIGNAL,FUNCTIONING PROPERLY,CLEAR,"DARKNESS, LIGHTED ROAD",PEDESTRIAN,NOT DIVIDED,2,STRAIGHT AND LEVEL,DRY,NO DEFECTS,ON SCENE,NO INJURY / DRIVE AWAY,,,Y,$500 OR LESS,11/12/2017 09:30:00 PM,UNABLE TO DETERMINE,UNABLE TO DETERMINE,1700,W,MONROE ST,1224,,,,,,,2,NO INDICATION OF INJURY,0,0,0,0,0,2,0,20,1,11,41.880235774,-87.669311103,POINT (-87.669311102631 41.880235773701)
JA509457,,11/12/2017 09:10:00 PM,30,NO CONTROLS,NO CONTROLS,CLEAR,"DARKNESS, LIGHTED ROAD",ANGLE,DIVIDED - W/MEDIAN (NOT RAISED),2,STRAIGHT AND LEVEL,WET,NO DEFECTS,ON SCENE,INJURY AND / OR TOW DUE TO CRASH,Y,,,"OVER $1,500",11/12/2017 09:31:00 PM,FAILING TO YIELD RIGHT-OF-WAY,UNABLE TO DETERMINE,3013,S,BROAD ST,913,,,,,,,2,NO INDICATION OF INJURY,0,0,0,0,0,3,0,21,1,11,41.839320809,-87.661715253,POINT (-87.661715253032 41.839320809492)
JA509452,,11/12/2017 09:20:00 PM,30,NO CONTROLS,NO CONTROLS,CLEAR,"DARKNESS, LIGHTED ROAD",TURNING,DIVIDED - W/MEDIAN (NOT RAISED),4,STRAIGHT AND LEVEL,WET,NO DEFECTS,ON SCENE,INJURY AND / OR TOW DUE TO CRASH,,,,"OVER $1,500",11/12/2017 09:24:00 PM,UNABLE TO DETERMINE,UNABLE TO DETERMINE,6018,S,KEDZIE AVE,823,,,,,,,2,NO INDICATION OF INJURY,0,0,0,0,0,2,0,21,1,11,41.783824948,-87.703420304,POINT (-87.703420303956 41.783824947708)
JA509466,,11/12/2017 09:20:00 PM,10,NO CONTROLS,NO CONTROLS,RAIN,DARKNESS,PARKED MOTOR VEHICLE,NOT DIVIDED,,STRAIGHT AND LEVEL,WET,NO DEFECTS,NOT ON SCENE (DESK REPORT),NO INJURY / DRIVE AWAY,,,Y,"OVER $1,500",11/12/2017 09:43:00 PM,UNABLE TO DETERMINE,UNABLE TO DETERMINE,7098,S,HAMLIN AVE,833,,,,,,,2,NO INDICATION OF INJURY,0,0,0,0,0,1,0,21,1,11,41.764209831,-87.717641778,POINT (-87.717641777577 41.764209831125)
JA509455,,11/12/2017 09:30:00 PM,30,TRAFFIC SIGNAL,FUNCTIONING PROPERLY,CLEAR,"DARKNESS, LIGHTED ROAD",ANGLE,NOT DIVIDED,4,STRAIGHT AND LEVEL,DRY,NO DEFECTS,NOT ON SCENE (DESK REPORT),NO INJURY / DRIVE AWAY,Y,,Y,$500 OR LESS,11/12/2017 09:40:00 PM,DISREGARDING TRAFFIC SIGNALS,UNABLE TO DETERMINE,2000,N,HUMBOLDT BLVD,1414,,,,,,,2,NO INDICATION OF INJURY,0,0,0,0,0,2,0,21,1,11,41.917493265,-87.702237576,POINT (-87.702237576249 41.917493265457)
JA514552,,11/12/2017 09:30:00 PM,0,TRAFFIC SIGNAL,FUNCTIONING PROPERLY,CLEAR,"DARKNESS, LIGHTED ROAD",REAR END,OTHER,0,STRAIGHT AND LEVEL,DRY,NO DEFECTS,NOT ON SCENE (DESK REPORT),INJURY AND / OR TOW DUE TO CRASH,Y,,Y,"OVER $1,500",11/16/2017 07:10:00 PM,UNABLE TO DETERMINE,UNABLE TO DETERMINE,6900,S,WESTERN AVE,832,,,,,,,3,"REPORTED, NOT EVIDENT",2,0,0,0,2,3,0,21,1,11,41.768238477,-87.683486957,POINT (-87.68348695709 41.76823847692)
JA509461,,11/12/2017 09:30:00 PM,30,NO CONTROLS,NO CONTROLS,CLEAR,"DARKNESS, LIGHTED ROAD",SIDESWIPE SAME DIRECTION,NOT DIVIDED,2,STRAIGHT AND LEVEL,DRY,UNKNOWN,NOT ON SCENE (DESK REPORT),NO INJURY / DRIVE AWAY,,,,"$501 - $1,500",11/12/2017 09:40:00 PM,UNABLE TO DETERMINE,UNABLE TO DETERMINE,3200,W,LAWRENCE AVE,1713,,,,,,,2,NO INDICATION OF INJURY,0,0,0,0,0,4,0,21,1,11,41.968560561,-87.708536374,POINT (-87.708536374456 41.968560560641)
JA509488,,11/12/2017 09:40:00 PM,35,TRAFFIC SIGNAL,FUNCTIONING PROPERLY,UNKNOWN,DUSK,ANGLE,NOT DIVIDED,,STRAIGHT AND LEVEL,UNKNOWN,NO DEFECTS,ON SCENE,INJURY AND / OR TOW DUE TO CRASH,Y,,N,"OVER $1,500",11/12/2017 09:40:00 PM,DISREGARDING TRAFFIC SIGNALS,EXCEEDING AUTHORIZED SPEED LIMIT,100,N,KILBOURN AVE,1113,,,,,,,2,NONINCAPACITATING INJURY,4,0,0,4,0,1,0,21,1,11,41.881963097,-87.738119086,POINT (-87.73811908572 41.881963097276)
JA509901,,11/12/2017 09:40:00 PM,30,NO CONTROLS,NO CONTROLS,CLEAR,"DARKNESS, LIGHTED ROAD",REAR END,ONE-WAY,3,STRAIGHT AND LEVEL,WET,UNKNOWN,,NO INJURY / DRIVE AWAY,,,Y,"OVER $1,500",11/13/2017 10:00:00 AM,FAILING TO REDUCE SPEED TO AVOID CRASH,DISTRACTION - FROM OUTSIDE VEHICLE,10000,W,OHARE ST,1651,,,,,,,2,NO INDICATION OF INJURY,0,0,0,0,0,2,0,21,1,11,41.976201139,-87.905309125,POINT (-87.905309125103 41.976201139024)
JA510480,Y,11/12/2017 09:40:00 PM,10,NO CONTROLS,NO CONTROLS,CLEAR,"DARKNESS, LIGHTED ROAD",REAR END,ONE-WAY,3,STRAIGHT AND LEVEL,DRY,NO DEFECTS,,NO INJURY / DRIVE AWAY,,,Y,"OVER $1,500",11/13/2017 04:35:00 PM,IMPROPER OVERTAKING/PASSING,NOT APPLICABLE,10000,W,OHARE ST,1651,,,,,,,2,NO INDICATION OF INJURY,0,0,0,0,0,2,0,21,1,11,41.976201139,-87.905309125,POINT (-87.905309125103 41.976201139024)
JA509482,Y,11/12/2017 09:45:00 PM,30,STOP SIGN/FLASHER,NO CONTROLS,CLEAR,"DARKNESS, LIGHTED ROAD",REAR END,NOT DIVIDED,2,STRAIGHT AND LEVEL,WET,NO DEFECTS,ON SCENE,NO INJURY / DRIVE AWAY,,,Y,$500 OR LESS,11/12/2017 09:50:00 PM,FAILING TO REDUCE SPEED TO AVOID CRASH,"OPERATING VEHICLE IN ERRATIC, RECKLESS, CARELESS, NEGLIGENT OR AGGRESSIVE MANNER",5001,W,HARRISON ST,1533,,,,,,,2,NO INDICATION OF INJURY,0,0,0,0,0,5,0,21,1,11,41.87290925,-87.749344109,POINT (-87.749344109081 41.872909249708)
JA509476,,11/12/2017 09:45:00 PM,30,NO CONTROLS,NO CONTROLS,RAIN,"DARKNESS, LIGHTED ROAD",PEDESTRIAN,NOT DIVIDED,2,STRAIGHT AND LEVEL,WET,NO DEFECTS,ON SCENE,INJURY AND / OR TOW DUE TO CRASH,,,Y,"OVER $1,500",11/12/2017 09:49:00 PM,UNABLE TO DETERMINE,UNABLE TO DETERMINE,3312,W,LAKE ST,1123,,,,,,,2,INCAPACITATING INJURY,1,0,1,0,0,1,0,21,1,11,41.8846426,-87.709340584,POINT (-87.709340583864 41.884642599599)
JA509504,,11/12/2017 09:47:00 PM,5,NO CONTROLS,NO CONTROLS,CLOUDY/OVERCAST,"DARKNESS, LIGHTED ROAD",FIXED OBJECT,ALLEY,1,STRAIGHT AND LEVEL,WET,"RUT, HOLES",ON SCENE,NO INJURY / DRIVE AWAY,,Y,Y,"OVER $1,500",11/12/2017 09:50:00 PM,UNABLE TO DETERMINE,UNABLE TO DETERMINE,4644,W,GLADYS AVE,1131,,,,,,,1,NO INDICATION OF INJURY,0,0,0,0,0,1,0,21,1,11,41.87607128,-87.7420754,POINT (-87.742075400045 41.876071280349)
JA509474,,11/12/2017 09:48:00 PM,30,TRAFFIC SIGNAL,FUNCTIONING PROPERLY,CLEAR,"DARKNESS, LIGHTED ROAD",PARKED MOTOR VEHICLE,DIVIDED - W/MEDIAN (NOT RAISED),2,STRAIGHT AND LEVEL,WET,NO DEFECTS,ON SCENE,INJURY AND / OR TOW DUE TO CRASH,,,Y,"OVER $1,500",11/12/2017 09:48:00 PM,EXCEEDING AUTHORIZED SPEED LIMIT,EXCEEDING SAFE SPEED FOR CONDITIONS,5005,N,KEDZIE AVE,1713,,,,,,,7,,,,,,,,,21,1,11,41.972297711,-87.708439086,POINT (-87.708439085739 41.972297711442)
JA509708,Y,11/12/2017 10:00:00 PM,25,NO CONTROLS,NO CONTROLS,CLEAR,DAYLIGHT,PARKED MOTOR VEHICLE,ONE-WAY,1,STRAIGHT AND LEVEL,WET,NO DEFECTS,ON SCENE,NO INJURY / DRIVE AWAY,,,Y,"$501 - $1,500",11/13/2017 07:00:00 AM,UNABLE TO DETERMINE,UNABLE TO DETERMINE,1317,N,WASHTENAW AVE,1423,,,,,,,2,NO INDICATION OF INJURY,0,0,0,0,0,1,0,22,1,11,41.905368852,-87.694330569,POINT (-87.694330569166 41.905368852371)
JA509539,,11/12/2017 10:00:00 PM,35,NO CONTROLS,NO CONTROLS,CLEAR,"DARKNESS, LIGHTED ROAD",REAR END,PARKING LOT,0,STRAIGHT AND LEVEL,WET,NO DEFECTS,NOT ON SCENE (DESK REPORT),NO INJURY / DRIVE AWAY,,Y,,"OVER $1,500",11/12/2017 11:30:00 PM,DISTRACTION - FROM OUTSIDE VEHICLE,NOT APPLICABLE,2525,S,MICHIGAN AVE,133,,,,,,,2,NO INDICATION OF INJURY,0,0,0,0,0,2,0,22,1,11,41.846716957,-87.623369728,POINT (-87.623369727612 41.846716956646)
JA509502,,11/12/2017 10:20:00 PM,30,NO CONTROLS,NO CONTROLS,RAIN,"DARKNESS, LIGHTED ROAD",SIDESWIPE SAME DIRECTION,NOT DIVIDED,2,STRAIGHT AND LEVEL,WET,NO DEFECTS,ON SCENE,NO INJURY / DRIVE AWAY,,,Y,"OVER $1,500",11/12/2017 10:23:00 PM,DISTRACTION - FROM INSIDE VEHICLE,IMPROPER LANE USAGE,1258,W,FLOURNOY ST,1231,Y,Y,,,,,3,NO INDICATION OF INJURY,0,0,0,0,0,5,0,22,1,11,41.873309858,-87.659043253,POINT (-87.659043253341 41.873309857526)
JA510667,,11/12/2017 10:30:00 PM,30,NO CONTROLS,NO CONTROLS,RAIN,"DARKNESS, LIGHTED ROAD",PARKED MOTOR VEHICLE,NOT DIVIDED,,STRAIGHT AND LEVEL,WET,NO DEFECTS,NOT ON SCENE (DESK REPORT),NO INJURY / DRIVE AWAY,,,,"OVER $1,500",11/13/2017 07:30:00 PM,NOT APPLICABLE,NOT APPLICABLE,4542,N,MARIA CT,1614,,,,,,,2,NO INDICATION OF INJURY,0,0,0,0,0,1,0,22,1,11,41.962329191,-87.839878487,POINT (-87.839878487126 41.962329190514)
JA509525,,11/12/2017 10:35:00 PM,30,TRAFFIC SIGNAL,FUNCTIONING PROPERLY,CLEAR,"DARKNESS, LIGHTED ROAD",REAR END,NOT DIVIDED,6,STRAIGHT AND LEVEL,WET,NO DEFECTS,NOT ON SCENE (DESK REPORT),NO INJURY / DRIVE AWAY,,,Y,"$501 - $1,500",11/12/2017 10:59:00 PM,UNABLE TO DETERMINE,NOT APPLICABLE,5420,S,CICERO AVE,815,,,,,,,3,NO INDICATION OF INJURY,0,0,0,0,0,4,0,22,1,11,41.79401834,-87.742637934,POINT (-87.742637933686 41.794018340188)
JA509522,,11/12/2017 10:53:00 PM,30,NO CONTROLS,NO CONTROLS,RAIN,"DARKNESS, LIGHTED ROAD",FIXED OBJECT,NOT DIVIDED,2,STRAIGHT AND LEVEL,WET,NO DEFECTS,ON SCENE,INJURY AND / OR TOW DUE TO CRASH,,Y,,"OVER $1,500",11/12/2017 10:55:00 PM,WEATHER,UNABLE TO DETERMINE,9618,S,LOOMIS ST,2213,,,,,,,1,NO INDICATION OF INJURY,0,0,0,0,0,1,0,22,1,11,41.718812452,-87.657777766,POINT (-87.657777765606 41.718812451909)
JA509521,,11/12/2017 11:00:00 PM,30,NO CONTROLS,NO CONTROLS,RAIN,"DARKNESS, LIGHTED ROAD",PARKED MOTOR VEHICLE,NOT DIVIDED,2,STRAIGHT AND LEVEL,WET,NO DEFECTS,ON SCENE,INJURY AND / OR TOW DUE TO CRASH,,,Y,"OVER $1,500",11/12/2017 11:05:00 PM,UNABLE TO DETERMINE,UNABLE TO DETERMINE,12100,S,FRONT AVE,532,,,,,,,2,NO INDICATION OF INJURY,0,0,0,0,0,1,0,23,1,11,41.674432184,-87.615118398,POINT (-87.615118397548 41.674432184058)
JA509528,,11/12/2017 11:00:00 PM,30,NO CONTROLS,NO CONTROLS,CLEAR,"DARKNESS, LIGHTED ROAD",PARKED MOTOR VEHICLE,NOT DIVIDED,2,STRAIGHT AND LEVEL,DRY,NO DEFECTS,NOT ON SCENE (DESK REPORT),NO INJURY / DRIVE AWAY,,,N,"$501 - $1,500",11/12/2017 11:15:00 PM,IMPROPER OVERTAKING/PASSING,IMPROPER OVERTAKING/PASSING,1599,N,KEELER AVE,2534,,,,,,,2,NO INDICATION OF INJURY,0,0,0,0,0,1,0,23,1,11,41.909735773,-87.731271549,POINT (-87.731271548697 41.909735772669)
JA509569,,11/12/2017 11:45:00 PM,30,NO CONTROLS,NO CONTROLS,CLEAR,DUSK,TURNING,NOT DIVIDED,2,STRAIGHT AND LEVEL,DRY,NO DEFECTS,ON SCENE,NO INJURY / DRIVE AWAY,,,Y,"$501 - $1,500",11/13/2017 12:14:00 AM,DRIVING ON WRONG SIDE/WRONG WAY,UNABLE TO DETERMINE,2300,N,PULASKI RD,2525,,,,,,,2,NO INDICATION OF INJURY,0,0,0,0,0,2,0,23,1,11,41.9227039,-87.726622315,POINT (-87.726622314817 41.922703899949)
JA509561,,11/12/2017 11:50:00 PM,30,TRAFFIC SIGNAL,FUNCTIONING PROPERLY,RAIN,"DARKNESS, LIGHTED ROAD",TURNING,NOT DIVIDED,4,STRAIGHT AND LEVEL,WET,NO DEFECTS,ON SCENE,INJURY AND / OR TOW DUE TO CRASH,Y,,Y,"OVER $1,500",11/12/2017 11:50:00 PM,FAILING TO YIELD RIGHT-OF-WAY,TURNING RIGHT ON RED,3900,S,WOOD ST,924,,,,,,,2,NO INDICATION OF INJURY,0,0,0,0,0,2,0,23,1,11,41.823225513,-87.670359961,POINT (-87.670359960589 41.823225512749)
JA510135,Y,11/13/2017 12:00:00 AM,30,NO CONTROLS,NO CONTROLS,UNKNOWN,UNKNOWN,PARKED MOTOR VEHICLE,NOT DIVIDED,2,STRAIGHT AND LEVEL,UNKNOWN,NO DEFECTS,ON SCENE,NO INJURY / DRIVE AWAY,,,Y,"$501 - $1,500",11/13/2017 12:33:00 PM,UNABLE TO DETERMINE,NOT APPLICABLE,5615,W,LAWRENCE AVE,1622,,,,,,,2,NO INDICATION OF INJURY,0,0,0,0,0,1,0,0,2,11,41.967665308,-87.768111916,POINT (-87.768111915531 41.967665308451)
JA509583,,11/13/2017 12:10:00 AM,30,TRAFFIC SIGNAL,FUNCTIONING PROPERLY,CLEAR,"DARKNESS, LIGHTED ROAD",REAR END,NOT DIVIDED,2,STRAIGHT AND LEVEL,DRY,NO DEFECTS,ON SCENE,INJURY AND / OR TOW DUE TO CRASH,Y,,Y,"OVER $1,500",11/13/2017 12:13:00 AM,FOLLOWING TOO CLOSELY,NOT APPLICABLE,4200,N,NARRAGANSETT AVE,1632,,,,,,,2,NO INDICATION OF INJURY,0,0,0,0,0,2,0,0,2,11,41.95665862,-87.786849405,POINT (-87.786849405374 41.956658620002)
JA509598,,11/13/2017 12:49:00 AM,30,STOP SIGN/FLASHER,FUNCTIONING PROPERLY,CLEAR,"DARKNESS, LIGHTED ROAD",FIXED OBJECT,DIVIDED - W/MEDIAN (NOT RAISED),,STRAIGHT AND LEVEL,UNKNOWN,NO DEFECTS,ON SCENE,INJURY AND / OR TOW DUE TO CRASH,Y,,,"OVER $1,500",11/13/2017 12:49:00 AM,EXCEEDING AUTHORIZED SPEED LIMIT,UNDER THE INFLUENCE OF ALCOHOL/DRUGS (USE WHEN ARREST IS EFFECTED),4701,S,PULASKI RD,821,,,,,,,1,NONINCAPACITATING INJURY,1,0,0,1,0,0,0,0,2,11,41.807794031,-87.723436986,POINT (-87.723436986264 41.807794030632)
JA510046,,11/13/2017 01:00:00 AM,30,NO CONTROLS,NO CONTROLS,UNKNOWN,DARKNESS,PARKED MOTOR VEHICLE,ONE-WAY,1,STRAIGHT AND LEVEL,DRY,NO DEFECTS,ON SCENE,INJURY AND / OR TOW DUE TO CRASH,,,Y,"OVER $1,500",11/13/2017 11:29:00 AM,UNABLE TO DETERMINE,UNABLE TO DETERMINE,5130,W,OHIO ST,1532,,,,,,,2,NO INDICATION OF INJURY,0,0,0,0,0,1,0,1,2,11,41.89142815,-87.754184862,POINT (-87.754184862021 41.891428149629)
JA509617,,11/13/2017 01:00:00 AM,25,NO CONTROLS,NO CONTROLS,CLEAR,DARKNESS,REAR END,PARKING LOT,0,STRAIGHT AND LEVEL,WET,UNKNOWN,NOT ON SCENE (DESK REPORT),NO INJURY / DRIVE AWAY,,,,"OVER $1,500",11/13/2017 02:15:00 AM,FOLLOWING TOO CLOSELY,UNABLE TO DETERMINE,10000,W,OHARE ST,1651,,,,,,,2,NO INDICATION OF INJURY,0,0,0,0,0,2,0,1,2,11,41.976201139,-87.905309125,POINT (-87.905309125103 41.976201139024)
JA509597,,11/13/2017 01:30:00 AM,35,STOP SIGN/FLASHER,FUNCTIONING PROPERLY,RAIN,"DARKNESS, LIGHTED ROAD",REAR END,OTHER,2,STRAIGHT AND LEVEL,WET,NO DEFECTS,ON SCENE,NO INJURY / DRIVE AWAY,Y,,,"OVER $1,500",11/13/2017 01:35:00 AM,DISREGARDING STOP SIGN,FAILING TO YIELD RIGHT-OF-WAY,10900,S,EBERHART AVE,513,,,,,,,3,NO INDICATION OF INJURY,0,0,0,0,0,2,0,1,2,11,41.696309743,-87.61117648,POINT (-87.611176480309 41.696309742749)
JA509614,,11/13/2017 01:45:00 AM,40,TRAFFIC SIGNAL,FUNCTIONING PROPERLY,RAIN,"DARKNESS, LIGHTED ROAD",FIXED OBJECT,NOT DIVIDED,2,STRAIGHT AND LEVEL,WET,NO DEFECTS,ON SCENE,INJURY AND / OR TOW DUE TO CRASH,,,,"OVER $1,500",11/13/2017 01:45:00 AM,EXCEEDING SAFE SPEED FOR CONDITIONS,FAILING TO REDUCE SPEED TO AVOID CRASH,4800,W,AUGUSTA BLVD,1531,,,,,,,1,NONINCAPACITATING INJURY,1,0,0,1,0,2,0,1,2,11,41.898789614,-87.74602339,POINT (-87.746023390048 41.898789613754)
JA509608,,11/13/2017 01:48:00 AM,30,NO CONTROLS,NO CONTROLS,CLEAR,"DARKNESS, LIGHTED ROAD",OTHER OBJECT,ONE-WAY,1,STRAIGHT AND LEVEL,WET,NO DEFECTS,ON SCENE,NO INJURY / DRIVE AWAY,,,N,$500 OR LESS,11/13/2017 01:59:00 AM,HAD BEEN DRINKING (USE WHEN ARREST IS NOT MADE),NOT APPLICABLE,3253,W,GRACE ST,1733,,,,,,,1,NO INDICATION OF INJURY,0,0,0,0,0,1,0,1,2,11,41.950142795,-87.710064139,POINT (-87.710064138972 41.95014279468)
JA509616,,11/13/2017 02:00:00 AM,35,NO CONTROLS,NO CONTROLS,CLOUDY/OVERCAST,"DARKNESS, LIGHTED ROAD",PARKED MOTOR VEHICLE,DIVIDED - W/MEDIAN (NOT RAISED),4,STRAIGHT AND LEVEL,DRY,NO DEFECTS,ON SCENE,INJURY AND / OR TOW DUE TO CRASH,,,,"OVER $1,500",11/13/2017 02:02:00 AM,FAILING TO REDUCE SPEED TO AVOID CRASH,IMPROPER LANE USAGE,7948,S,WESTERN AVE,835,,,,,,,2,NO INDICATION OF INJURY,0,0,0,0,0,1,0,2,2,11,41.74862501,-87.682958495,POINT (-87.68295849515 41.748625009698)
JA516936,,11/13/2017 02:00:00 AM,0,NO CONTROLS,NO CONTROLS,CLEAR,"DARKNESS, LIGHTED ROAD",REAR END,PARKING LOT,1,STRAIGHT AND LEVEL,DRY,NO DEFECTS,NOT ON SCENE (DESK REPORT),NO INJURY / DRIVE AWAY,,,,"$501 - $1,500",11/18/2017 04:40:00 PM,UNABLE TO DETERMINE,UNABLE TO DETERMINE,4200,S,HALSTED ST,925,,,,,,,2,NO INDICATION OF INJURY,0,0,0,0,0,2,0,2,2,11,41.817493357,-87.645909195,POINT (-87.645909195444 41.81749335684)
JA519817,,11/13/2017 02:50:00 AM,30,LANE USE MARKING,FUNCTIONING PROPERLY,CLEAR,"DARKNESS, LIGHTED ROAD",FIXED OBJECT,ONE-WAY,4,STRAIGHT AND LEVEL,DRY,NO DEFECTS,NOT ON SCENE (DESK REPORT),NO INJURY / DRIVE AWAY,Y,Y,Y,"OVER $1,500",11/20/2017 11:30:00 PM,UNABLE TO DETERMINE,UNABLE TO DETERMINE,222,W,ONTARIO ST,1831,Y,,,,,,1,NO INDICATION OF INJURY,0,0,0,0,0,1,0,2,2,11,41.893283273,-87.635119224,POINT (-87.635119224306 41.893283273326)
JA509631,N,11/13/2017 03:10:00 AM,35,NO CONTROLS,NO CONTROLS,RAIN,"DARKNESS, LIGHTED ROAD",OTHER NONCOLLISION,NOT DIVIDED,2,STRAIGHT AND LEVEL,OTHER,OTHER,ON SCENE,INJURY AND / OR TOW DUE TO CRASH,,,,"OVER $1,500",11/13/2017 03:12:00 AM,ROAD ENGINEERING/SURFACE/MARKING DEFECTS,ROAD CONSTRUCTION/MAINTENANCE,3232,W,111TH ST,2211,,,,Y,MAINTENANCE,,1,NO INDICATION OF INJURY,0,0,0,0,0,1,0,3,2,11,41.691661475,-87.702012016,POINT (-87.702012016476 41.691661474609)
JA509652,,11/13/2017 03:30:00 AM,25,NO CONTROLS,NO CONTROLS,CLEAR,"DARKNESS, LIGHTED ROAD",PARKED MOTOR VEHICLE,ONE-WAY,,STRAIGHT AND LEVEL,DRY,NO DEFECTS,ON SCENE,INJURY AND / OR TOW DUE TO CRASH,,,,"OVER $1,500",11/13/2017 03:35:00 AM,"EVASIVE ACTION DUE TO ANIMAL, OBJECT, NONMOTORIST",NOT APPLICABLE,3643,N,HAMLIN AVE,1732,,,,,,,3,NO INDICATION OF INJURY,0,0,0,0,0,6,0,3,2,11,41.947748196,-87.722394678,POINT (-87.722394678158 41.947748196427)