RD_NO,CRASH_DATE_EST_I,CRASH_DATE,POSTED_SPEED_LIMIT,TRAFFIC_CONTROL_DEVICE,DEVICE_CONDITION,WEATHER_CONDITION,LIGHTING_CONDITION,FIRST_CRASH_TYPE,TRAFFICWAY_TYPE,LANE_CNT,ALIGNMENT,ROADWAY_SURFACE_COND,ROAD_DEFECT,REPORT_TYPE,CRASH_TYPE,INTERSECTION_RELATED_I,NOT_RIGHT_OF_WAY_I,HIT_AND_RUN_I,DAMAGE,DATE_POLICE_NOTIFIED,PRIM_CONTRIBUTORY_CAUSE,SEC_CONTRIBUTORY_CAUSE,STREET_NO,STREET_DIRECTION,STREET_NAME,BEAT_OF_OCCURRENCE,PHOTOS_TAKEN_I,STATEMENTS_TAKEN_I,DOORING_I,WORK_ZONE_I,WORK_ZONE_TYPE,WORKERS_PRESENT_I,NUM_UNITS,MOST_SEVERE_INJURY,INJURIES_TOTAL,INJURIES_FATAL,INJURIES_INCAPACITATING,INJURIES_NON_INCAPACITATING,INJURIES_REPORTED_NOT_EVIDENT,INJURIES_NO_INDICATION,INJURIES_UNKNOWN,CRASH_HOUR,CRASH_DAY_OF_WEEK,CRASH_MONTH,LATITUDE,LONGITUDE,LOCATION
JA509659,,11/13/2017 04:00:00 AM,30,NO CONTROLS,NO CONTROLS,CLEAR,"DARKNESS, LIGHTED ROAD",PARKED MOTOR VEHICLE,NOT DIVIDED,4,STRAIGHT AND LEVEL,DRY,NO DEFECTS,ON SCENE,NO INJURY / DRIVE AWAY,,,Y,"OVER $1,500",11/13/2017 04:05:00 AM,PHYSICAL CONDITION OF DRIVER,IMPROPER BACKING,5366,N,MILWAUKEE AVE,1622,,,,,,,2,NO INDICATION OF INJURY,0,0,0,0,0,1,0,4,2,11,41.978309369,-87.770327431,POINT (-87.770327431324 41.978309368832)
JA509645,,11/13/2017 04:05:00 AM,30,NO CONTROLS,NO CONTROLS,CLEAR,"DARKNESS, LIGHTED ROAD",PARKED MOTOR VEHICLE,NOT DIVIDED,,STRAIGHT AND LEVEL,WET,NO DEFECTS,ON SCENE,INJURY AND / OR TOW DUE TO CRASH,,,,"OVER $1,500",11/13/2017 04:06:00 AM,UNDER THE INFLUENCE OF ALCOHOL/DRUGS (USE WHEN ARREST IS EFFECTED),NOT APPLICABLE,5337,N,CENTRAL AVE,1623,,,,,,,3,NO INDICATION OF INJURY,0,0,0,0,0,1,0,4,2,11,41.978461952,-87.768279843,POINT (-87.768279843481 41.978461951627)
JA509657,,11/13/2017 04:20:00 AM,35,TRAFFIC SIGNAL,FUNCTIONING PROPERLY,CLEAR,"DARKNESS, LIGHTED ROAD",REAR END,DIVIDED - W/MEDIAN BARRIER,,STRAIGHT AND LEVEL,DRY,NO DEFECTS,NOT ON SCENE (DESK REPORT),NO INJURY / DRIVE AWAY,,,,"$501 - $1,500",11/13/2017 05:00:00 AM,FOLLOWING TOO CLOSELY,FOLLOWING TOO CLOSELY,9300,S,STONY ISLAND AVE,413,,,,,,,2,NO INDICATION OF INJURY,0,0,0,0,0,2,0,4,2,11,41.7258881,-87.585558786,POINT (-87.585558785787 41.725888099989)
JA509672,,11/13/2017 04:45:00 AM,30,NO CONTROLS,NO CONTROLS,CLEAR,"DARKNESS, LIGHTED ROAD",PARKED MOTOR VEHICLE,NOT DIVIDED,2,STRAIGHT AND LEVEL,ICE,NO DEFECTS,ON SCENE,INJURY AND / OR TOW DUE TO CRASH,,,Y,"OVER $1,500",11/13/2017 04:52:00 AM,UNABLE TO DETERMINE,UNABLE TO DETERMINE,1722,W,WOLFRAM ST,1931,,,,,,,3,NO INDICATION OF INJURY,0,0,0,0,0,1,0,4,2,11,41.933365876,-87.67190742,POINT (-87.671907420135 41.933365876143)
JA509842,,11/13/2017 05:00:00 AM,30,NO CONTROLS,NO CONTROLS,CLEAR,DAWN,PARKED MOTOR VEHICLE,NOT DIVIDED,,STRAIGHT AND LEVEL,DRY,NO DEFECTS,NOT ON SCENE (DESK REPORT),NO INJURY / DRIVE AWAY,,,Y,"$501 - $1,500",11/13/2017 09:13:00 AM,UNABLE TO DETERMINE,UNABLE TO DETERMINE,2606,W,GRANVILLE AVE,2413,,,,,,,2,NO INDICATION OF INJURY,0,0,0,0,0,1,0,5,2,11,41.994140702,-87.694983251,POINT (-87.694983251345 41.994140701883)
JA509706,,11/13/2017 05:12:00 AM,0,NO CONTROLS,NO CONTROLS,CLEAR,DAYLIGHT,PARKED MOTOR VEHICLE,ONE-WAY,1,STRAIGHT AND LEVEL,DRY,NO DEFECTS,NOT ON SCENE (DESK REPORT),NO INJURY / DRIVE AWAY,,,,"OVER $1,500",11/13/2017 07:05:00 AM,IMPROPER LANE USAGE,UNABLE TO DETERMINE,11257,S,BISHOP ST,2234,,,,,,,2,NO INDICATION OF INJURY,0,0,0,0,0,1,0,5,2,11,41.688795393,-87.658343325,POINT (-87.658343325222 41.688795392631)
JA509668,,11/13/2017 05:25:00 AM,30,TRAFFIC SIGNAL,FUNCTIONING PROPERLY,CLEAR,"DARKNESS, LIGHTED ROAD",PEDESTRIAN,NOT DIVIDED,3,STRAIGHT AND LEVEL,DRY,NO DEFECTS,ON SCENE,INJURY AND / OR TOW DUE TO CRASH,,,Y,"OVER $1,500",11/13/2017 05:29:00 AM,UNABLE TO DETERMINE,NOT APPLICABLE,10300,S,LONGWOOD DR,2212,,,,,,,2,INCAPACITATING INJURY,1,0,1,0,0,1,0,5,2,11,41.706483159,-87.670862286,POINT (-87.670862286012 41.706483159216)
JA509675,,11/13/2017 05:35:00 AM,30,OTHER,OTHER,CLEAR,"DARKNESS, LIGHTED ROAD",REAR END,NOT DIVIDED,2,STRAIGHT AND LEVEL,DRY,UNKNOWN,ON SCENE,NO INJURY / DRIVE AWAY,,,Y,"OVER $1,500",11/13/2017 05:36:00 AM,NOT APPLICABLE,NOT APPLICABLE,2400,S,DRAKE AVE,1024,,,,,,,2,NO INDICATION OF INJURY,0,0,0,0,0,3,0,5,2,11,41.847951172,-87.713819634,POINT (-87.713819634342 41.847951171837)
JA509680,,11/13/2017 05:45:00 AM,30,NO CONTROLS,NO CONTROLS,CLEAR,"DARKNESS, LIGHTED ROAD",PEDESTRIAN,NOT DIVIDED,,STRAIGHT AND LEVEL,DRY,NO DEFECTS,ON SCENE,INJURY AND / OR TOW DUE TO CRASH,Y,,,"OVER $1,500",11/13/2017 06:13:00 AM,UNABLE TO DETERMINE,UNABLE TO DETERMINE,2400,W,CORTLAND ST,1434,,,,,,,2,NONINCAPACITATING INJURY,1,0,0,1,0,1,0,5,2,11,41.915870182,-87.687486588,POINT (-87.687486588241 41.915870182139)
JA509689,,11/13/2017 05:50:00 AM,40,NO CONTROLS,NO CONTROLS,CLEAR,"DARKNESS, LIGHTED ROAD",SIDESWIPE SAME DIRECTION,DIVIDED - W/MEDIAN BARRIER,8,STRAIGHT AND LEVEL,DRY,NO DEFECTS,NOT ON SCENE (DESK REPORT),NO INJURY / DRIVE AWAY,,,,"OVER $1,500",11/13/2017 06:30:00 AM,IMPROPER LANE USAGE,IMPROPER OVERTAKING/PASSING,4000,N,LAKE SHORE DR SB,1915,,,,,,,2,NO INDICATION OF INJURY,0,0,0,0,0,2,0,5,2,11,41.954689241,-87.644974644,POINT (-87.644974644209 41.954689241342)
JA511047,,11/13/2017 06:00:00 AM,30,TRAFFIC SIGNAL,FUNCTIONING PROPERLY,CLEAR,DARKNESS,TURNING,NOT DIVIDED,,STRAIGHT AND LEVEL,DRY,NO DEFECTS,NOT ON SCENE (DESK REPORT),NO INJURY / DRIVE AWAY,,,,"$501 - $1,500",11/14/2017 07:00:00 AM,IMPROPER TURNING/NO SIGNAL,NOT APPLICABLE,100,W,CERMAK RD,131,,,,,,,2,NO INDICATION OF INJURY,0,0,0,0,0,2,0,6,2,11,41.852991219,-87.629386933,POINT (-87.629386933044 41.852991219253)
JA509681,,11/13/2017 06:05:00 AM,30,TRAFFIC SIGNAL,FUNCTIONING PROPERLY,CLEAR,DAWN,REAR END,DIVIDED - W/MEDIAN (NOT RAISED),,STRAIGHT AND LEVEL,WET,NO DEFECTS,ON SCENE,INJURY AND / OR TOW DUE TO CRASH,,,Y,"OVER $1,500",11/13/2017 06:06:00 AM,FOLLOWING TOO CLOSELY,NOT APPLICABLE,5858,S,PULASKI RD,813,,,,,,,2,NO INDICATION OF INJURY,0,0,0,0,0,3,0,6,2,11,41.785979319,-87.723109578,POINT (-87.723109578319 41.785979319023)
JA509679,,11/13/2017 06:05:00 AM,20,STOP SIGN/FLASHER,FUNCTIONING PROPERLY,FOG/SMOKE/HAZE,DUSK,REAR END,NOT DIVIDED,2,STRAIGHT AND LEVEL,WET,NO DEFECTS,ON SCENE,NO INJURY / DRIVE AWAY,Y,,Y,"OVER $1,500",11/13/2017 06:07:00 AM,FAILING TO REDUCE SPEED TO AVOID CRASH,NOT APPLICABLE,3331,W,71ST ST,831,,,,,,,2,NO INDICATION OF INJURY,0,0,0,0,0,2,0,6,2,11,41.764215326,-87.706415793,POINT (-87.706415792885 41.764215326155)
JB121338,,11/13/2017 06:10:00 AM,30,NO CONTROLS,NO CONTROLS,CLEAR,DARKNESS,FIXED OBJECT,DIVIDED - W/MEDIAN (NOT RAISED),2,STRAIGHT AND LEVEL,DRY,"RUT, HOLES",NOT ON SCENE (DESK REPORT),NO INJURY / DRIVE AWAY,,,,"$501 - $1,500",01/19/2018 06:25:00 AM,ROAD CONSTRUCTION/MAINTENANCE,NOT APPLICABLE,645,S,CLARK ST,123,,,,,,,1,NO INDICATION OF INJURY,0,0,0,0,0,1,0,6,2,11,41.8736798,-87.630502388,POINT (-87.630502387605 41.873679799717)
JA509698,,11/13/2017 06:15:00 AM,30,NO CONTROLS,NO CONTROLS,CLEAR,DAYLIGHT,TURNING,DIVIDED - W/MEDIAN (NOT RAISED),,STRAIGHT AND LEVEL,DRY,NO DEFECTS,ON SCENE,INJURY AND / OR TOW DUE TO CRASH,Y,,,"OVER $1,500",11/13/2017 06:25:00 AM,IMPROPER LANE USAGE,NOT APPLICABLE,6400,S,PULASKI RD,813,,,,,,,2,"REPORTED, NOT EVIDENT",2,0,0,0,2,0,0,6,2,11,41.776778179,-87.722858718,POINT (-87.722858718441 41.77677817895)
JA509699,,11/13/2017 06:38:00 AM,35,POLICE/FLAGMAN,FUNCTIONING PROPERLY,CLEAR,DAYLIGHT,REAR END,DIVIDED - W/MEDIAN BARRIER,4,STRAIGHT AND LEVEL,WET,NO DEFECTS,ON SCENE,INJURY AND / OR TOW DUE TO CRASH,,,,"$501 - $1,500",11/13/2017 06:39:00 AM,IMPROPER LANE USAGE,FAILING TO REDUCE SPEED TO AVOID CRASH,6675,S,JEFFERY DR,331,,,,,,,3,NO INDICATION OF INJURY,0,0,0,0,0,3,0,6,2,11,41.773560574,-87.576335002,POINT (-87.576335001768 41.773560573897)
JA509702,,11/13/2017 06:50:00 AM,30,TRAFFIC SIGNAL,FUNCTIONING PROPERLY,CLEAR,DAYLIGHT,SIDESWIPE SAME DIRECTION,DIVIDED - W/MEDIAN (NOT RAISED),,STRAIGHT AND LEVEL,DRY,NO DEFECTS,NOT ON SCENE (DESK REPORT),NO INJURY / DRIVE AWAY,,,Y,"OVER $1,500",11/13/2017 07:15:00 AM,IMPROPER OVERTAKING/PASSING,UNABLE TO DETERMINE,1554,W,ADAMS ST,1224,,,,,,,2,NO INDICATION OF INJURY,0,0,0,0,0,2,0,6,2,11,41.879007231,-87.666636018,POINT (-87.666636018038 41.879007230583)
JA509711,,11/13/2017 06:55:00 AM,30,NO CONTROLS,NO CONTROLS,CLEAR,DAYLIGHT,SIDESWIPE SAME DIRECTION,NOT DIVIDED,2,STRAIGHT AND LEVEL,DRY,NO DEFECTS,ON SCENE,INJURY AND / OR TOW DUE TO CRASH,,,,"OVER $1,500",11/13/2017 07:00:00 AM,IMPROPER LANE USAGE,UNABLE TO DETERMINE,4400,W,ROOSEVELT RD,1131,,Y,,,,,2,NO INDICATION OF INJURY,0,0,0,0,0,3,0,6,2,11,41.866140868,-87.73508956,POINT (-87.735089560082 41.866140867642)
JA509722,,11/13/2017 06:55:00 AM,30,TRAFFIC SIGNAL,FUNCTIONING PROPERLY,CLEAR,DAYLIGHT,REAR END,CENTER TURN LANE,0,STRAIGHT AND LEVEL,DRY,NO DEFECTS,NOT ON SCENE (DESK REPORT),NO INJURY / DRIVE AWAY,Y,,,"$501 - $1,500",11/13/2017 07:20:00 AM,UNABLE TO DETERMINE,UNABLE TO DETERMINE,4000,W,IRVING PARK RD,1722,,,,,,,2,NO INDICATION OF INJURY,0,0,0,0,0,2,0,6,2,11,41.953756874,-87.727698513,POINT (-87.727698513129 41.953756874475)
JA509790,,11/13/2017 07:00:00 AM,30,NO CONTROLS,NO CONTROLS,CLEAR,DAYLIGHT,TURNING,DIVIDED - W/MEDIAN (NOT RAISED),2,STRAIGHT AND LEVEL,ICE,NO DEFECTS,NOT ON SCENE (DESK REPORT),NO INJURY / DRIVE AWAY,N,,,"$501 - $1,500",11/13/2017 08:35:00 AM,IMPROPER LANE USAGE,UNABLE TO DETERMINE,4950,N,KIMBALL AVE,1712,,,,,,,2,NO INDICATION OF INJURY,0,0,0,0,0,3,0,7,2,11,41.971592326,-87.713601939,POINT (-87.713601939243 41.971592325855)
JA509728,,11/13/2017 07:00:00 AM,25,TRAFFIC SIGNAL,FUNCTIONING PROPERLY,CLEAR,DAYLIGHT,REAR END,NOT DIVIDED,,STRAIGHT AND LEVEL,DRY,NO DEFECTS,NOT ON SCENE (DESK REPORT),NO INJURY / DRIVE AWAY,,,,"$501 - $1,500",11/13/2017 07:30:00 AM,FOLLOWING TOO CLOSELY,UNABLE TO DETERMINE,755,N,LA SALLE DR,1832,,,,,,,2,NO INDICATION OF INJURY,0,0,0,0,0,2,0,7,2,11,41.896152457,-87.632554013,POINT (-87.632554013129 41.89615245746)
JA509713,,11/13/2017 07:01:00 AM,30,NO CONTROLS,NO CONTROLS,CLEAR,DAYLIGHT,SIDESWIPE SAME DIRECTION,NOT DIVIDED,,STRAIGHT AND LEVEL,WET,NO DEFECTS,ON SCENE,INJURY AND / OR TOW DUE TO CRASH,,,,$500 OR LESS,11/13/2017 07:05:00 AM,UNABLE TO DETERMINE,IMPROPER OVERTAKING/PASSING,5031,N,MARINE DR,2024,,,,,,,2,NO INDICATION OF INJURY,0,0,0,0,0,2,0,7,2,11,41.974329269,-87.651211762,POINT (-87.651211761844 41.97432926911)
JA509716,,11/13/2017 07:10:00 AM,30,NO CONTROLS,NO CONTROLS,CLEAR,DAYLIGHT,REAR END,NOT DIVIDED,4,STRAIGHT AND LEVEL,DRY,NO DEFECTS,ON SCENE,INJURY AND / OR TOW DUE TO CRASH,,,,"OVER $1,500",11/13/2017 07:15:00 AM,FOLLOWING TOO CLOSELY,NOT APPLICABLE,3650,N,HARLEM AVE,1631,,,,,,,3,"REPORTED, NOT EVIDENT",1,0,0,0,1,2,0,7,2,11,41.946704847,-87.807203001,POINT (-87.807203000809 41.946704846975)
JA509714,,11/13/2017 07:11:00 AM,30,TRAFFIC SIGNAL,FUNCTIONING PROPERLY,CLEAR,DAYLIGHT,PEDESTRIAN,DIVIDED - W/MEDIAN (NOT RAISED),0,STRAIGHT AND LEVEL,DRY,NO DEFECTS,ON SCENE,INJURY AND / OR TOW DUE TO CRASH,Y,,,$500 OR LESS,11/13/2017 07:13:00 AM,FAILING TO YIELD RIGHT-OF-WAY,FAILING TO REDUCE SPEED TO AVOID CRASH,5500,S,HOMAN AVE,822,,,,,,,2,NONINCAPACITATING INJURY,1,0,0,1,0,1,0,7,2,11,41.793348924,-87.708602264,POINT (-87.708602263589 41.793348923517)
JA509763,,11/13/2017 07:16:00 AM,30,NO CONTROLS,NO CONTROLS,CLEAR,DAWN,ANGLE,NOT DIVIDED,1,STRAIGHT AND LEVEL,WET,NO DEFECTS,NOT ON SCENE (DESK REPORT),NO INJURY / DRIVE AWAY,,,Y,"$501 - $1,500",11/13/2017 08:00:00 AM,FAILING TO YIELD RIGHT-OF-WAY,UNABLE TO DETERMINE,1618,N,LAMON AVE,2533,,,,,,,2,NO INDICATION OF INJURY,0,0,0,0,0,6,0,7,2,11,41.91024785,-87.749373309,POINT (-87.749373309431 41.91024785028)
JA509744,,11/13/2017 07:17:00 AM,30,STOP SIGN/FLASHER,NO CONTROLS,CLEAR,DAYLIGHT,ANGLE,NOT DIVIDED,2,STRAIGHT ON GRADE,DRY,UNKNOWN,NOT ON SCENE (DESK REPORT),NO INJURY / DRIVE AWAY,Y,,N,"$501 - $1,500",11/13/2017 07:38:00 AM,UNABLE TO DETERMINE,UNABLE TO DETERMINE,11900,S,EMERALD AVE,524,Y,,,,,,2,NO INDICATION OF INJURY,0,0,0,0,0,3,0,7,2,11,41.677732443,-87.640847905,POINT (-87.640847905453 41.677732443402)
JA509750,,11/13/2017 07:20:00 AM,30,OTHER WARNING SIGN,FUNCTIONING PROPERLY,CLEAR,DAYLIGHT,ANGLE,NOT DIVIDED,2,STRAIGHT AND LEVEL,WET,NO DEFECTS,ON SCENE,INJURY AND / OR TOW DUE TO CRASH,Y,,,"OVER $1,500",11/13/2017 07:21:00 AM,DISREGARDING STOP SIGN,NOT APPLICABLE,4100,W,ARMITAGE AVE,2525,,,,,,,2,NO INDICATION OF INJURY,0,0,0,0,0,4,0,7,2,11,41.917243974,-87.729063716,POINT (-87.729063715517 41.917243973804)
JA509773,,11/13/2017 07:28:00 AM,30,LANE USE MARKING,FUNCTIONING PROPERLY,CLEAR,DAYLIGHT,SIDESWIPE SAME DIRECTION,NOT DIVIDED,4,STRAIGHT AND LEVEL,DRY,UNKNOWN,ON SCENE,NO INJURY / DRIVE AWAY,,,,"OVER $1,500",11/13/2017 08:03:00 AM,IMPROPER OVERTAKING/PASSING,DRIVING SKILLS/KNOWLEDGE/EXPERIENCE,1102,E,47TH ST,222,,,,,,,2,NO INDICATION OF INJURY,0,0,0,0,0,2,0,7,2,11,41.809725945,-87.599070286,POINT (-87.599070285972 41.80972594455)
JA509789,,11/13/2017 07:30:00 AM,30,NO CONTROLS,NO CONTROLS,CLEAR,DAYLIGHT,SIDESWIPE SAME DIRECTION,DIVIDED - W/MEDIAN (NOT RAISED),,STRAIGHT AND LEVEL,DRY,NO DEFECTS,NOT ON SCENE (DESK REPORT),NO INJURY / DRIVE AWAY,,,,"OVER $1,500",11/13/2017 08:35:00 AM,UNABLE TO DETERMINE,UNABLE TO DETERMINE,4334,N,PULASKI RD,1722,,,,,,,2,NO INDICATION OF INJURY,0,0,0,0,0,3,0,7,2,11,41.960077861,-87.727949417,POINT (-87.727949416919 41.96007786127)
JA509742,,11/13/2017 07:30:00 AM,30,NO CONTROLS,NO CONTROLS,CLEAR,DAYLIGHT,SIDESWIPE SAME DIRECTION,DIVIDED - W/MEDIAN (NOT RAISED),4,STRAIGHT AND LEVEL,DRY,NO DEFECTS,NOT ON SCENE (DESK REPORT),NO INJURY / DRIVE AWAY,,,,"$501 - $1,500",11/13/2017 07:50:00 AM,UNABLE TO DETERMINE,NOT APPLICABLE,1207,E,47TH ST,222,,,,,,,2,NO INDICATION OF INJURY,0,0,0,0,0,3,0,7,2,11,41.809535087,-87.596496002,POINT (-87.596496002482 41.809535087265)
JA509805,,11/13/2017 07:30:00 AM,30,NO CONTROLS,NO CONTROLS,CLEAR,DAWN,SIDESWIPE SAME DIRECTION,DIVIDED - W/MEDIAN (NOT RAISED),2,STRAIGHT AND LEVEL,DRY,NO DEFECTS,NOT ON SCENE (DESK REPORT),NO INJURY / DRIVE AWAY,,,,"OVER $1,500",11/13/2017 08:41:00 AM,FAILING TO YIELD RIGHT-OF-WAY,UNABLE TO DETERMINE,1638,N,AUSTIN AVE,2513,,,,,,,2,NO INDICATION OF INJURY,0,0,0,0,0,2,0,7,2,11,41.910393937,-87.775405511,POINT (-87.775405510729 41.91039393659)
JA510892,,11/13/2017 07:30:00 AM,30,TRAFFIC SIGNAL,FUNCTIONING PROPERLY,CLEAR,DAYLIGHT,REAR END,NOT DIVIDED,,STRAIGHT AND LEVEL,DRY,NO DEFECTS,NOT ON SCENE (DESK REPORT),NO INJURY / DRIVE AWAY,,,,"$501 - $1,500",11/13/2017 10:08:00 PM,FOLLOWING TOO CLOSELY,NOT APPLICABLE,4800,W,ADDISON ST,1634,,,,,,,2,NO INDICATION OF INJURY,0,0,0,0,0,2,0,7,2,11,41.946231828,-87.747197693,POINT (-87.747197692752 41.946231828075)
JA509997,,11/13/2017 07:30:00 AM,30,STOP SIGN/FLASHER,NO CONTROLS,CLEAR,DAYLIGHT,REAR END,NOT DIVIDED,2,STRAIGHT AND LEVEL,DRY,NO DEFECTS,NOT ON SCENE (DESK REPORT),NO INJURY / DRIVE AWAY,,,,"OVER $1,500",11/13/2017 11:12:00 AM,FOLLOWING TOO CLOSELY,NOT APPLICABLE,3500,W,MONTROSE AVE,1723,,,,,,,2,NO INDICATION OF INJURY,0,0,0,0,0,4,0,7,2,11,41.961208105,-87.715650273,POINT (-87.715650272903 41.961208104754)
JA509752,,11/13/2017 07:30:00 AM,30,STOP SIGN/FLASHER,FUNCTIONING PROPERLY,CLEAR,DAYLIGHT,TURNING,NOT DIVIDED,2,STRAIGHT AND LEVEL,DRY,NO DEFECTS,ON SCENE,INJURY AND / OR TOW DUE TO CRASH,Y,,N,"OVER $1,500",11/13/2017 07:35:00 AM,FAILING TO YIELD RIGHT-OF-WAY,NOT APPLICABLE,634,E,115TH ST,531,,,,,,,2,NONINCAPACITATING INJURY,1,0,0,1,0,1,0,7,2,11,41.685591879,-87.606972531,POINT (-87.606972530772 41.685591878832)
JA509814,,11/13/2017 07:30:00 AM,20,NO CONTROLS,NO CONTROLS,CLEAR,DAYLIGHT,PARKED MOTOR VEHICLE,NOT DIVIDED,2,STRAIGHT AND LEVEL,DRY,NO DEFECTS,ON SCENE,NO INJURY / DRIVE AWAY,,,,"OVER $1,500",11/13/2017 08:00:00 AM,DRIVING SKILLS/KNOWLEDGE/EXPERIENCE,PHYSICAL CONDITION OF DRIVER,13245,S,LANGLEY AVE,533,,,,,,,2,NO INDICATION OF INJURY,0,0,0,0,0,1,0,7,2,11,41.655049291,-87.604968564,POINT (-87.604968563945 41.655049291296)
JA510298,,11/13/2017 07:34:00 AM,15,STOP SIGN/FLASHER,NO CONTROLS,CLEAR,DAYLIGHT,TURNING,NOT DIVIDED,1,STRAIGHT ON GRADE,DRY,NO DEFECTS,NOT ON SCENE (DESK REPORT),NO INJURY / DRIVE AWAY,Y,,,$500 OR LESS,11/13/2017 02:35:00 PM,FAILING TO REDUCE SPEED TO AVOID CRASH,"OPERATING VEHICLE IN ERRATIC, RECKLESS, CARELESS, NEGLIGENT OR AGGRESSIVE MANNER",8800,S,JUSTINE ST,2221,,,,,,,2,NO INDICATION OF INJURY,0,0,0,0,0,2,0,7,2,11,41.733900538,-87.661940907,POINT (-87.661940906642 41.733900538064)
JA509751,,11/13/2017 07:40:00 AM,30,STOP SIGN/FLASHER,NO CONTROLS,CLEAR,DAYLIGHT,ANGLE,NOT DIVIDED,3,STRAIGHT AND LEVEL,DRY,NO DEFECTS,ON SCENE,INJURY AND / OR TOW DUE TO CRASH,Y,,,"OVER $1,500",11/13/2017 07:47:00 AM,FAILING TO YIELD RIGHT-OF-WAY,FAILING TO REDUCE SPEED TO AVOID CRASH,4600,S,INDIANA AVE,215,,,,,,,4,NONINCAPACITATING INJURY,3,0,0,2,1,0,0,7,2,11,41.811032084,-87.621404623,POINT (-87.62140462327 41.811032083875)
JA509754,,11/13/2017 07:40:00 AM,0,NO CONTROLS,NO CONTROLS,OTHER,DAYLIGHT,TURNING,OTHER,0,STRAIGHT AND LEVEL,WET,NO DEFECTS,ON SCENE,INJURY AND / OR TOW DUE TO CRASH,Y,,,"OVER $1,500",11/13/2017 07:51:00 AM,"VISION OBSCURED (SIGNS, TREE LIMBS, BUILDINGS, ETC.)",UNABLE TO DETERMINE,6500,N,NEVA AVE,1611,,,,,,,2,NO INDICATION OF INJURY,0,0,0,0,0,2,0,7,2,11,42.000022662,-87.805543164,POINT (-87.805543163751 42.000022662063)
JA509939,,11/13/2017 07:40:00 AM,20,TRAFFIC SIGNAL,FUNCTIONING PROPERLY,CLEAR,DUSK,PEDESTRIAN,NOT DIVIDED,2,STRAIGHT AND LEVEL,DRY,NO DEFECTS,NOT ON SCENE (DESK REPORT),NO INJURY / DRIVE AWAY,Y,,,$500 OR LESS,11/13/2017 10:15:00 AM,FAILING TO YIELD RIGHT-OF-WAY,UNABLE TO DETERMINE,4601,N,CLARENDON AVE,1914,,,,,,,2,NO INDICATION OF INJURY,0,0,0,0,0,2,0,7,2,11,41.965537465,-87.64987305,POINT (-87.649873050321 41.965537465093)
JA510629,,11/13/2017 07:40:00 AM,30,TRAFFIC SIGNAL,FUNCTIONING PROPERLY,CLEAR,DAYLIGHT,REAR END,NOT DIVIDED,,STRAIGHT AND LEVEL,DRY,NO DEFECTS,NOT ON SCENE (DESK REPORT),INJURY AND / OR TOW DUE TO CRASH,,,,"OVER $1,500",11/13/2017 06:15:00 PM,FOLLOWING TOO CLOSELY,UNABLE TO DETERMINE,4000,N,LARAMIE AVE,1624,,,,,,,2,"REPORTED, NOT EVIDENT",1,0,0,0,1,1,0,7,2,11,41.95334314,-87.757295931,POINT (-87.757295931494 41.953343139922)
JA513397,,11/13/2017 07:45:00 AM,30,STOP SIGN/FLASHER,NO CONTROLS,CLEAR,DAYLIGHT,ANGLE,NOT DIVIDED,2,STRAIGHT AND LEVEL,DRY,UNKNOWN,NOT ON SCENE (DESK REPORT),NO INJURY / DRIVE AWAY,,,,"$501 - $1,500",11/15/2017 09:08:00 PM,FAILING TO YIELD RIGHT-OF-WAY,NOT APPLICABLE,4452,W,BELMONT AVE,1731,,,,,,,2,NO INDICATION OF INJURY,0,0,0,0,0,2,0,7,2,11,41.939042157,-87.739201273,POINT (-87.739201273143 41.939042157379)
JA509743,,11/13/2017 07:45:00 AM,25,NO CONTROLS,NO CONTROLS,CLEAR,DAYLIGHT,SIDESWIPE SAME DIRECTION,DIVIDED - W/MEDIAN (NOT RAISED),4,STRAIGHT AND LEVEL,DRY,NO DEFECTS,NOT ON SCENE (DESK REPORT),NO INJURY / DRIVE AWAY,,,,"$501 - $1,500",11/13/2017 08:00:00 AM,IMPROPER LANE USAGE,FAILING TO YIELD RIGHT-OF-WAY,6410,N,RIDGE BLVD,2412,,,,,,,2,NO INDICATION OF INJURY,0,0,0,0,0,2,0,7,2,11,41.998277393,-87.677135828,POINT (-87.677135827662 41.998277392864)
JA509782,Y,11/13/2017 07:45:00 AM,35,NO CONTROLS,NO CONTROLS,CLEAR,DAYLIGHT,REAR END,DIVIDED - W/MEDIAN (NOT RAISED),2,STRAIGHT AND LEVEL,DRY,NO DEFECTS,ON SCENE,INJURY AND / OR TOW DUE TO CRASH,,,,"OVER $1,500",11/13/2017 07:50:00 AM,DISTRACTION - FROM INSIDE VEHICLE,FOLLOWING TOO CLOSELY,7541,W,TOUHY AVE,1611,,,,,,,4,NO INDICATION OF INJURY,0,0,0,0,0,5,0,7,2,11,42.011374669,-87.815282281,POINT (-87.815282280861 42.011374668581)
JA509801,,11/13/2017 07:45:00 AM,30,STOP SIGN/FLASHER,FUNCTIONING PROPERLY,CLEAR,DAYLIGHT,ANGLE,DIVIDED - W/MEDIAN (NOT RAISED),4,STRAIGHT AND LEVEL,DRY,NO DEFECTS,NOT ON SCENE (DESK REPORT),NO INJURY / DRIVE AWAY,Y,,Y,"$501 - $1,500",11/13/2017 08:40:00 AM,DISREGARDING STOP SIGN,NOT APPLICABLE,3500,S,HONORE ST,912,,,,,,,2,NO INDICATION OF INJURY,0,0,0,0,0,2,0,7,2,11,41.830338871,-87.671768212,POINT (-87.671768212105 41.830338871099)