RD_NO,CRASH_DATE_EST_I,CRASH_DATE,POSTED_SPEED_LIMIT,TRAFFIC_CONTROL_DEVICE,DEVICE_CONDITION,WEATHER_CONDITION,LIGHTING_CONDITION,FIRST_CRASH_TYPE,TRAFFICWAY_TYPE,LANE_CNT,ALIGNMENT,ROADWAY_SURFACE_COND,ROAD_DEFECT,REPORT_TYPE,CRASH_TYPE,INTERSECTION_RELATED_I,NOT_RIGHT_OF_WAY_I,HIT_AND_RUN_I,DAMAGE,DATE_POLICE_NOTIFIED,PRIM_CONTRIBUTORY_CAUSE,SEC_CONTRIBUTORY_CAUSE,STREET_NO,STREET_DIRECTION,STREET_NAME,BEAT_OF_OCCURRENCE,PHOTOS_TAKEN_I,STATEMENTS_TAKEN_I,DOORING_I,WORK_ZONE_I,WORK_ZONE_TYPE,WORKERS_PRESENT_I,NUM_UNITS,MOST_SEVERE_INJURY,INJURIES_TOTAL,INJURIES_FATAL,INJURIES_INCAPACITATING,INJURIES_NON_INCAPACITATING,INJURIES_REPORTED_NOT_EVIDENT,INJURIES_NO_INDICATION,INJURIES_UNKNOWN,CRASH_HOUR,CRASH_DAY_OF_WEEK,CRASH_MONTH,LATITUDE,LONGITUDE,LOCATION
JA510180,,11/13/2017 11:15:00 AM,30,TRAFFIC SIGNAL,FUNCTIONING PROPERLY,CLEAR,DAYLIGHT,TURNING,DIVIDED - W/MEDIAN BARRIER,,STRAIGHT AND LEVEL,DRY,NO DEFECTS,ON SCENE,INJURY AND / OR TOW DUE TO CRASH,Y,,,"OVER $1,500",11/13/2017 12:59:00 PM,IMPROPER OVERTAKING/PASSING,FAILING TO REDUCE SPEED TO AVOID CRASH,3100,S,DR MARTIN LUTHER KING JR DR,211,,,,,,,2,"REPORTED, NOT EVIDENT",1,0,0,0,1,1,0,11,2,11,41.838326941,-87.617612661,POINT (-87.617612661462 41.838326941218)
JA510244,,11/13/2017 11:25:00 AM,30,TRAFFIC SIGNAL,FUNCTIONING PROPERLY,CLEAR,DAYLIGHT,REAR END,NOT DIVIDED,,STRAIGHT AND LEVEL,DRY,NO DEFECTS,NOT ON SCENE (DESK REPORT),NO INJURY / DRIVE AWAY,Y,,,"$501 - $1,500",11/13/2017 01:50:00 PM,FOLLOWING TOO CLOSELY,NOT APPLICABLE,4011,W,FULLERTON AVE,2525,,,,,,,2,NO INDICATION OF INJURY,0,0,0,0,0,2,0,11,2,11,41.924368274,-87.727206316,POINT (-87.727206315566 41.924368273538)
JA529267,,11/13/2017 11:45:00 AM,30,TRAFFIC SIGNAL,FUNCTIONING PROPERLY,CLEAR,DAYLIGHT,SIDESWIPE SAME DIRECTION,NOT DIVIDED,2,STRAIGHT AND LEVEL,DRY,NO DEFECTS,NOT ON SCENE (DESK REPORT),NO INJURY / DRIVE AWAY,,,,"$501 - $1,500",11/29/2017 08:30:00 AM,IMPROPER OVERTAKING/PASSING,FAILING TO YIELD RIGHT-OF-WAY,942,W,NORTH AVE,1813,,,,Y,CONSTRUCTION,,2,NO INDICATION OF INJURY,0,0,0,0,0,3,0,11,2,11,41.910955348,-87.652785666,POINT (-87.652785666035 41.910955348343)
JA510082,,11/13/2017 11:50:00 AM,30,NO CONTROLS,NO CONTROLS,CLOUDY/OVERCAST,DAYLIGHT,ANGLE,OTHER,4,STRAIGHT AND LEVEL,DRY,NO DEFECTS,ON SCENE,INJURY AND / OR TOW DUE TO CRASH,,,,"OVER $1,500",11/13/2017 11:58:00 AM,"VISION OBSCURED (SIGNS, TREE LIMBS, BUILDINGS, ETC.)",UNABLE TO DETERMINE,8430,W,BRYN MAWR AVE,1614,,,,,,,2,NO INDICATION OF INJURY,0,0,0,0,0,2,0,11,2,11,41.98121021,-87.838013315,POINT (-87.838013315423 41.981210209824)
JA510093,,11/13/2017 12:00:00 PM,35,RAILROAD CROSSING GATE,FUNCTIONING PROPERLY,CLEAR,DAYLIGHT,TURNING,NOT DIVIDED,4,STRAIGHT AND LEVEL,DRY,NO DEFECTS,ON SCENE,NO INJURY / DRIVE AWAY,,,,"$501 - $1,500",11/13/2017 12:10:00 PM,IMPROPER TURNING/NO SIGNAL,NOT APPLICABLE,9000,S,HALSTED ST,2223,,,,,,,2,NO INDICATION OF INJURY,0,0,0,0,0,2,0,12,2,11,41.730741396,-87.643612278,POINT (-87.643612277572 41.730741396308)
JA510102,,11/13/2017 12:00:00 PM,30,NO CONTROLS,NO CONTROLS,CLEAR,DAYLIGHT,REAR END,PARKING LOT,0,STRAIGHT AND LEVEL,DRY,NO DEFECTS,NOT ON SCENE (DESK REPORT),NO INJURY / DRIVE AWAY,,,,"OVER $1,500",11/13/2017 12:15:00 PM,"VISION OBSCURED (SIGNS, TREE LIMBS, BUILDINGS, ETC.)",IMPROPER BACKING,3700,N,BROADWAY,1925,,,,,,,2,NO INDICATION OF INJURY,0,0,0,0,0,2,0,12,2,11,41.949157243,-87.648526618,POINT (-87.648526617888 41.949157243366)
JA510115,,11/13/2017 12:00:00 PM,30,STOP SIGN/FLASHER,FUNCTIONING PROPERLY,CLEAR,DAYLIGHT,REAR END,NOT DIVIDED,,STRAIGHT AND LEVEL,DRY,NO DEFECTS,NOT ON SCENE (DESK REPORT),NO INJURY / DRIVE AWAY,,,,"OVER $1,500",11/13/2017 12:39:00 PM,UNABLE TO DETERMINE,UNABLE TO DETERMINE,2700,S,CALIFORNIA AVE,1033,,,,,,,2,NO INDICATION OF INJURY,0,0,0,0,0,2,0,12,2,11,41.842506292,-87.695297059,POINT (-87.695297058659 41.842506291778)
JA510130,,11/13/2017 12:00:00 PM,35,TRAFFIC SIGNAL,FUNCTIONING PROPERLY,CLOUDY/OVERCAST,DAYLIGHT,TURNING,DIVIDED - W/MEDIAN (NOT RAISED),2,STRAIGHT AND LEVEL,DRY,NO DEFECTS,ON SCENE,INJURY AND / OR TOW DUE TO CRASH,Y,,Y,"OVER $1,500",11/13/2017 12:12:00 PM,UNABLE TO DETERMINE,NOT APPLICABLE,5900,S,ROCKWELL ST,824,,,,,,,2,"REPORTED, NOT EVIDENT",1,0,0,0,1,1,0,12,2,11,41.786393417,-87.688862363,POINT (-87.688862362568 41.786393417223)
JA510295,Y,11/13/2017 12:00:00 PM,30,NO CONTROLS,NO CONTROLS,UNKNOWN,UNKNOWN,PARKED MOTOR VEHICLE,ONE-WAY,,STRAIGHT AND LEVEL,UNKNOWN,NO DEFECTS,NOT ON SCENE (DESK REPORT),NO INJURY / DRIVE AWAY,,,Y,"OVER $1,500",11/13/2017 02:30:00 PM,UNABLE TO DETERMINE,UNABLE TO DETERMINE,2948,S,UNION AVE,914,,,,,,,2,NO INDICATION OF INJURY,0,0,0,0,0,1,0,12,2,11,41.840269792,-87.644055819,POINT (-87.644055818876 41.84026979221)
JA510200,,11/13/2017 12:02:00 PM,30,UNKNOWN,UNKNOWN,UNKNOWN,UNKNOWN,PARKED MOTOR VEHICLE,DIVIDED - W/MEDIAN (NOT RAISED),4,STRAIGHT AND LEVEL,UNKNOWN,UNKNOWN,NOT ON SCENE (DESK REPORT),NO INJURY / DRIVE AWAY,,,,"$501 - $1,500",11/13/2017 01:15:00 PM,UNABLE TO DETERMINE,UNABLE TO DETERMINE,7118,W,GRAND AVE,2512,,,,,,,2,NO INDICATION OF INJURY,0,0,0,0,0,2,0,12,2,11,41.923673275,-87.803381777,POINT (-87.803381776697 41.923673274948)
JA510140,,11/13/2017 12:08:00 PM,5,OTHER,FUNCTIONING PROPERLY,CLEAR,DAYLIGHT,FIXED OBJECT,OTHER,,STRAIGHT AND LEVEL,DRY,NO DEFECTS,ON SCENE,NO INJURY / DRIVE AWAY,,,,$500 OR LESS,11/13/2017 12:10:00 PM,IMPROPER LANE USAGE,IMPROPER LANE USAGE,8800,S,ANTHONY AVE,412,,,,,,,1,NO INDICATION OF INJURY,0,0,0,0,0,1,0,12,2,11,41.735275353,-87.567167733,POINT (-87.567167732877 41.735275353432)
JA510092,,11/13/2017 12:15:00 PM,20,NO CONTROLS,NO CONTROLS,CLEAR,DAYLIGHT,REAR END,ONE-WAY,,STRAIGHT AND LEVEL,DRY,NO DEFECTS,ON SCENE,INJURY AND / OR TOW DUE TO CRASH,,,N,"OVER $1,500",11/13/2017 12:20:00 PM,UNABLE TO DETERMINE,FOLLOWING TOO CLOSELY,2810,W,POPE JOHN PAUL II DR,921,,,,,,,3,INCAPACITATING INJURY,1,0,1,0,0,1,0,12,2,11,41.81564532,-87.694951207,POINT (-87.69495120657 41.815645320362)
JA510233,,11/13/2017 12:15:00 PM,30,NO CONTROLS,NO CONTROLS,CLEAR,DAYLIGHT,FIXED OBJECT,NOT DIVIDED,4,STRAIGHT AND LEVEL,DRY,NO DEFECTS,ON SCENE,INJURY AND / OR TOW DUE TO CRASH,,,,"OVER $1,500",11/13/2017 12:15:00 PM,UNABLE TO DETERMINE,NOT APPLICABLE,4645,W,CHICAGO AVE,1111,,,,,,,1,NO INDICATION OF INJURY,0,0,0,0,0,1,0,12,2,11,41.894945223,-87.743083912,POINT (-87.743083912283 41.894945223437)
JA510139,,11/13/2017 12:20:00 PM,10,NO CONTROLS,NO CONTROLS,UNKNOWN,UNKNOWN,PARKED MOTOR VEHICLE,PARKING LOT,0,STRAIGHT AND LEVEL,UNKNOWN,UNKNOWN,NOT ON SCENE (DESK REPORT),NO INJURY / DRIVE AWAY,,Y,Y,"OVER $1,500",11/13/2017 01:40:00 PM,UNABLE TO DETERMINE,NOT APPLICABLE,4760,N,VIRGINIA AVE,1911,,,,,,,2,NO INDICATION OF INJURY,0,0,0,0,0,1,0,12,2,11,41.968013482,-87.699472425,POINT (-87.699472424731 41.968013481822)
JA510131,,11/13/2017 12:30:00 PM,30,NO CONTROLS,NO CONTROLS,CLEAR,DAYLIGHT,SIDESWIPE SAME DIRECTION,NOT DIVIDED,2,STRAIGHT AND LEVEL,DRY,NO DEFECTS,ON SCENE,NO INJURY / DRIVE AWAY,,,,"OVER $1,500",11/13/2017 12:32:00 PM,FAILING TO REDUCE SPEED TO AVOID CRASH,NOT APPLICABLE,1130,W,FULLERTON AVE,1932,,Y,,,,,2,NO INDICATION OF INJURY,0,0,0,0,0,2,0,12,2,11,41.925422672,-87.657191402,POINT (-87.6571914017 41.925422671752)
JA510119,,11/13/2017 12:30:00 PM,30,TRAFFIC SIGNAL,FUNCTIONING PROPERLY,CLEAR,DAYLIGHT,REAR END,NOT DIVIDED,4,STRAIGHT AND LEVEL,DRY,"RUT, HOLES",NOT ON SCENE (DESK REPORT),NO INJURY / DRIVE AWAY,,,,"$501 - $1,500",11/13/2017 12:45:00 PM,UNABLE TO DETERMINE,UNABLE TO DETERMINE,4200,W,FULLERTON AVE,2524,,,,,,,2,NO INDICATION OF INJURY,0,0,0,0,0,2,0,12,2,11,41.9245348,-87.731730094,POINT (-87.731730093759 41.924534800435)
JA510178,,11/13/2017 12:30:00 PM,30,TRAFFIC SIGNAL,FUNCTIONING PROPERLY,CLEAR,DAYLIGHT,ANGLE,NOT DIVIDED,,STRAIGHT AND LEVEL,DRY,NO DEFECTS,NOT ON SCENE (DESK REPORT),NO INJURY / DRIVE AWAY,,,,"OVER $1,500",11/13/2017 01:26:00 PM,UNABLE TO DETERMINE,UNABLE TO DETERMINE,1600,N,WELLS ST,1814,,,,,,,2,NO INDICATION OF INJURY,0,0,0,0,0,2,0,12,2,11,41.911195419,-87.634858884,POINT (-87.634858883507 41.911195419487)
JA510152,,11/13/2017 12:30:00 PM,30,TRAFFIC SIGNAL,FUNCTIONING PROPERLY,CLEAR,DAYLIGHT,ANGLE,NOT DIVIDED,,STRAIGHT AND LEVEL,DRY,NO DEFECTS,ON SCENE,NO INJURY / DRIVE AWAY,Y,,,"OVER $1,500",11/13/2017 12:59:00 PM,UNABLE TO DETERMINE,UNABLE TO DETERMINE,1562,N,WELLS ST,1821,,,,,,,2,NO INDICATION OF INJURY,0,0,0,0,0,2,0,12,2,11,41.910949421,-87.634851303,POINT (-87.634851303136 41.910949421482)
JA510377,,11/13/2017 12:30:00 PM,10,NO CONTROLS,NO CONTROLS,CLOUDY/OVERCAST,DAYLIGHT,REAR END,ONE-WAY,1,STRAIGHT ON GRADE,DRY,NO DEFECTS,ON SCENE,NO INJURY / DRIVE AWAY,,,,"OVER $1,500",11/13/2017 02:46:00 PM,FAILING TO YIELD RIGHT-OF-WAY,DRIVING SKILLS/KNOWLEDGE/EXPERIENCE,175,N,WABASH AVE,111,,,,,,,2,NO INDICATION OF INJURY,0,0,0,0,0,2,0,12,2,11,41.885235607,-87.626119834,POINT (-87.626119834205 41.885235607238)
JA510154,,11/13/2017 12:35:00 PM,30,NO CONTROLS,NO CONTROLS,CLEAR,DAYLIGHT,REAR END,NOT DIVIDED,4,STRAIGHT AND LEVEL,DRY,NO DEFECTS,ON SCENE,INJURY AND / OR TOW DUE TO CRASH,,,,"OVER $1,500",11/13/2017 12:41:00 PM,IMPROPER OVERTAKING/PASSING,FAILING TO YIELD RIGHT-OF-WAY,23,E,CHICAGO AVE,1833,,,,,,,2,NO INDICATION OF INJURY,0,0,0,0,0,3,0,12,2,11,41.896580401,-87.627174422,POINT (-87.627174421794 41.896580401499)
JA510132,,11/13/2017 12:35:00 PM,30,NO CONTROLS,NO CONTROLS,CLEAR,DAYLIGHT,PARKED MOTOR VEHICLE,ONE-WAY,1,STRAIGHT AND LEVEL,WET,NO DEFECTS,ON SCENE,NO INJURY / DRIVE AWAY,,,,"$501 - $1,500",11/13/2017 12:37:00 PM,DRIVING SKILLS/KNOWLEDGE/EXPERIENCE,NOT APPLICABLE,5923,N,MAGNOLIA AVE,2013,,,,,,,2,NO INDICATION OF INJURY,0,0,0,0,0,1,0,12,2,11,41.989710586,-87.661392815,POINT (-87.661392814803 41.98971058609)
JA510161,,11/13/2017 12:40:00 PM,30,NO CONTROLS,NO CONTROLS,CLEAR,DAYLIGHT,SIDESWIPE SAME DIRECTION,NOT DIVIDED,3,STRAIGHT AND LEVEL,DRY,UNKNOWN,NOT ON SCENE (DESK REPORT),NO INJURY / DRIVE AWAY,,,,"$501 - $1,500",11/13/2017 01:00:00 PM,UNABLE TO DETERMINE,UNABLE TO DETERMINE,5253,S,PULASKI RD,822,,,,,,,2,NO INDICATION OF INJURY,0,0,0,0,0,2,0,12,2,11,41.797109735,-87.723124351,POINT (-87.723124350529 41.797109735429)
JA510212,,11/13/2017 12:45:00 PM,30,NO CONTROLS,NO CONTROLS,CLEAR,DAYLIGHT,PARKED MOTOR VEHICLE,DIVIDED - W/MEDIAN (NOT RAISED),4,CURVE ON HILLCREST,DRY,NO DEFECTS,ON SCENE,INJURY AND / OR TOW DUE TO CRASH,,,Y,"OVER $1,500",11/13/2017 12:50:00 PM,"OPERATING VEHICLE IN ERRATIC, RECKLESS, CARELESS, NEGLIGENT OR AGGRESSIVE MANNER",FAILING TO REDUCE SPEED TO AVOID CRASH,1620,S,ASHLAND AVE,1234,,,,,,,3,NO INDICATION OF INJURY,0,0,0,0,0,1,0,12,2,11,41.85893238,-87.666330572,POINT (-87.666330571507 41.85893238032)
JA528346,,11/13/2017 12:45:00 PM,30,STOP SIGN/FLASHER,FUNCTIONING PROPERLY,CLEAR,DAYLIGHT,TURNING,ONE-WAY,4,STRAIGHT AND LEVEL,DRY,UNKNOWN,NOT ON SCENE (DESK REPORT),NO INJURY / DRIVE AWAY,Y,,Y,"$501 - $1,500",11/28/2017 02:00:00 PM,UNABLE TO DETERMINE,UNABLE TO DETERMINE,541,W,WASHINGTON BLVD,121,,,,,,,2,NO INDICATION OF INJURY,0,0,0,0,0,4,0,12,2,11,41.883066866,-87.641306431,POINT (-87.641306430826 41.883066865797)
JA501394,,11/13/2017 12:50:00 PM,5,NO CONTROLS,NO CONTROLS,CLEAR,DAYLIGHT,REAR END,OTHER,,STRAIGHT AND LEVEL,WET,OTHER,,NO INJURY / DRIVE AWAY,,Y,,"$501 - $1,500",11/13/2017 03:40:00 PM,UNABLE TO DETERMINE,UNABLE TO DETERMINE,5949,N,RIDGE AVE,2012,,,,,,,3,NO INDICATION OF INJURY,0,0,0,0,0,3,0,12,2,11,41.989900565,-87.670126605,POINT (-87.670126604708 41.989900564957)
JA510170,,11/13/2017 12:56:00 PM,30,NO CONTROLS,NO CONTROLS,CLOUDY/OVERCAST,DAYLIGHT,REAR END,NOT DIVIDED,4,STRAIGHT AND LEVEL,DRY,UNKNOWN,ON SCENE,NO INJURY / DRIVE AWAY,,,,"OVER $1,500",11/13/2017 01:02:00 PM,FOLLOWING TOO CLOSELY,NOT APPLICABLE,1318,W,CERMAK RD,1235,,,,,,,3,NO INDICATION OF INJURY,0,0,0,0,0,3,0,12,2,11,41.852554103,-87.659488796,POINT (-87.659488796094 41.852554103074)
JA510888,,11/13/2017 01:00:00 PM,25,UNKNOWN,UNKNOWN,CLEAR,"DARKNESS, LIGHTED ROAD",PARKED MOTOR VEHICLE,NOT DIVIDED,2,STRAIGHT AND LEVEL,DRY,NO DEFECTS,NOT ON SCENE (DESK REPORT),NO INJURY / DRIVE AWAY,,,Y,"OVER $1,500",11/13/2017 10:00:00 PM,UNABLE TO DETERMINE,UNABLE TO DETERMINE,730,W,38TH ST,915,,,,,,,2,NO INDICATION OF INJURY,0,0,0,0,0,1,0,13,2,11,41.825404808,-87.644701001,POINT (-87.644701001136 41.825404807664)
JA510310,,11/13/2017 01:00:00 PM,30,STOP SIGN/FLASHER,FUNCTIONING PROPERLY,CLEAR,DAYLIGHT,ANGLE,NOT DIVIDED,2,STRAIGHT AND LEVEL,DRY,UNKNOWN,NOT ON SCENE (DESK REPORT),NO INJURY / DRIVE AWAY,Y,,,"OVER $1,500",11/13/2017 02:34:00 PM,UNABLE TO DETERMINE,NOT APPLICABLE,11900,S,WENTWORTH AVE,522,,,,,,,2,NO INDICATION OF INJURY,0,0,0,0,0,4,0,13,2,11,41.677878485,-87.627604826,POINT (-87.62760482552 41.677878484768)
JA510417,,11/13/2017 01:00:00 PM,30,NO CONTROLS,NO CONTROLS,CLEAR,DAYLIGHT,PARKED MOTOR VEHICLE,ONE-WAY,1,STRAIGHT AND LEVEL,DRY,NO DEFECTS,NOT ON SCENE (DESK REPORT),NO INJURY / DRIVE AWAY,,,,"$501 - $1,500",11/13/2017 03:15:00 PM,UNABLE TO DETERMINE,NOT APPLICABLE,5199,W,NELSON ST,2521,,,,,,,2,NO INDICATION OF INJURY,0,0,0,0,0,2,0,13,2,11,41.935856257,-87.756462706,POINT (-87.756462705791 41.935856257441)
JA510343,Y,11/13/2017 01:00:00 PM,30,UNKNOWN,UNKNOWN,UNKNOWN,UNKNOWN,REAR END,UNKNOWN,,STRAIGHT AND LEVEL,UNKNOWN,UNKNOWN,NOT ON SCENE (DESK REPORT),NO INJURY / DRIVE AWAY,,,,"OVER $1,500",11/13/2017 03:00:00 PM,UNABLE TO DETERMINE,UNABLE TO DETERMINE,401,N,AUSTIN BLVD,1512,,,,,,,2,NO INDICATION OF INJURY,0,0,0,0,0,2,0,13,2,11,41.887117879,-87.774734967,POINT (-87.774734967223 41.887117879376)
JA510495,,11/13/2017 01:10:00 PM,35,TRAFFIC SIGNAL,FUNCTIONING PROPERLY,CLEAR,"DARKNESS, LIGHTED ROAD",REAR END,DIVIDED - W/MEDIAN (NOT RAISED),4,STRAIGHT AND LEVEL,UNKNOWN,UNKNOWN,NOT ON SCENE (DESK REPORT),NO INJURY / DRIVE AWAY,,,,"OVER $1,500",11/13/2017 02:45:00 PM,FOLLOWING TOO CLOSELY,NOT APPLICABLE,6900,S,SOUTH CHICAGO AVE,322,,,,,,,2,NO INDICATION OF INJURY,0,0,0,0,0,2,0,13,2,11,41.769258781,-87.610522855,POINT (-87.610522855327 41.769258781089)
JA511246,,11/13/2017 01:10:00 PM,30,NO CONTROLS,NO CONTROLS,CLEAR,DAYLIGHT,REAR END,NOT DIVIDED,2,STRAIGHT AND LEVEL,DRY,NO DEFECTS,NOT ON SCENE (DESK REPORT),NO INJURY / DRIVE AWAY,,,,"OVER $1,500",11/14/2017 10:20:00 AM,DRIVING SKILLS/KNOWLEDGE/EXPERIENCE,NOT APPLICABLE,2150,W,CARROLL AVE,1223,,,,,,,2,NO INDICATION OF INJURY,0,0,0,0,0,2,0,13,2,11,41.887712899,-87.681284357,POINT (-87.681284356974 41.887712899394)
JA510303,,11/13/2017 01:15:00 PM,30,TRAFFIC SIGNAL,FUNCTIONING PROPERLY,CLEAR,DAYLIGHT,TURNING,DIVIDED - W/MEDIAN (NOT RAISED),3,STRAIGHT AND LEVEL,DRY,OTHER,NOT ON SCENE (DESK REPORT),NO INJURY / DRIVE AWAY,Y,,,"$501 - $1,500",11/13/2017 02:15:00 PM,UNABLE TO DETERMINE,NOT APPLICABLE,658,N,WELLS ST,1831,,,,,,,2,NO INDICATION OF INJURY,0,0,0,0,0,2,0,13,2,11,41.89402711,-87.634280718,POINT (-87.634280718355 41.894027109878)
JA510235,,11/13/2017 01:15:00 PM,55,TRAFFIC SIGNAL,FUNCTIONING PROPERLY,CLEAR,DAYLIGHT,SIDESWIPE SAME DIRECTION,OTHER,4,STRAIGHT AND LEVEL,DRY,NO DEFECTS,ON SCENE,INJURY AND / OR TOW DUE TO CRASH,Y,,,$500 OR LESS,11/13/2017 01:22:00 PM,IMPROPER LANE USAGE,IMPROPER LANE USAGE,200,E,14TH ST,132,,,,,,,2,NONINCAPACITATING INJURY,1,0,0,1,0,4,0,13,2,11,41.864246872,-87.622424243,POINT (-87.62242424324 41.864246871509)
JA510213,,11/13/2017 01:15:00 PM,30,TRAFFIC SIGNAL,FUNCTIONING PROPERLY,CLEAR,DAYLIGHT,PEDESTRIAN,OTHER,4,STRAIGHT AND LEVEL,DRY,NO DEFECTS,,NO INJURY / DRIVE AWAY,Y,,,$500 OR LESS,11/13/2017 01:16:00 PM,TURNING RIGHT ON RED,NOT APPLICABLE,2000,W,CHICAGO AVE,1212,,,,,,,4,NO INDICATION OF INJURY,0,0,0,0,0,4,0,13,2,11,41.89601896,-87.677178616,POINT (-87.677178615507 41.896018960386)
JA512801,,11/13/2017 01:25:00 PM,30,NO CONTROLS,NO CONTROLS,UNKNOWN,DAYLIGHT,REAR END,DIVIDED - W/MEDIAN (NOT RAISED),4,STRAIGHT AND LEVEL,UNKNOWN,NO DEFECTS,NOT ON SCENE (DESK REPORT),NO INJURY / DRIVE AWAY,,,Y,"OVER $1,500",11/15/2017 01:50:00 PM,UNABLE TO DETERMINE,UNABLE TO DETERMINE,4400,W,ROOSEVELT RD,1131,,,,,,,2,NO INDICATION OF INJURY,0,0,0,0,0,2,0,13,2,11,41.866140868,-87.73508956,POINT (-87.735089560082 41.866140867642)
JA510293,,11/13/2017 01:25:00 PM,0,NO CONTROLS,NO CONTROLS,CLEAR,DAYLIGHT,PARKED MOTOR VEHICLE,PARKING LOT,0,STRAIGHT AND LEVEL,DRY,NO DEFECTS,NOT ON SCENE (DESK REPORT),NO INJURY / DRIVE AWAY,,,Y,"$501 - $1,500",11/13/2017 02:35:00 PM,DRIVING SKILLS/KNOWLEDGE/EXPERIENCE,UNABLE TO DETERMINE,2345,S,PULASKI RD,1013,,,,,,,2,NO INDICATION OF INJURY,0,0,0,0,0,1,0,13,2,11,41.848559019,-87.724532244,POINT (-87.724532244229 41.84855901864)
JA510347,,11/13/2017 01:25:00 PM,35,NO CONTROLS,NO CONTROLS,CLEAR,DAYLIGHT,PARKED MOTOR VEHICLE,DIVIDED - W/MEDIAN BARRIER,4,STRAIGHT AND LEVEL,DRY,NO DEFECTS,ON SCENE,INJURY AND / OR TOW DUE TO CRASH,,,Y,"OVER $1,500",11/13/2017 01:27:00 PM,UNABLE TO DETERMINE,UNABLE TO DETERMINE,5022,S,ASHLAND AVE,931,,,,,,,2,NO INDICATION OF INJURY,0,0,0,0,0,2,0,13,2,11,41.802424787,-87.664949699,POINT (-87.664949698766 41.802424787461)
JA510229,,11/13/2017 01:25:00 PM,10,NO CONTROLS,NO CONTROLS,CLEAR,DAYLIGHT,ANGLE,PARKING LOT,,STRAIGHT AND LEVEL,DRY,NO DEFECTS,ON SCENE,NO INJURY / DRIVE AWAY,,,,"OVER $1,500",11/13/2017 01:30:00 PM,IMPROPER BACKING,NOT APPLICABLE,6345,S,CICERO AVE,813,,Y,,,,,2,NO INDICATION OF INJURY,0,0,0,0,0,2,0,13,2,11,41.777096275,-87.742098015,POINT (-87.742098015102 41.777096275388)
JA510273,,11/13/2017 01:30:00 PM,30,TRAFFIC SIGNAL,FUNCTIONING PROPERLY,CLEAR,DAYLIGHT,REAR END,NOT DIVIDED,,STRAIGHT AND LEVEL,DRY,NO DEFECTS,NOT ON SCENE (DESK REPORT),NO INJURY / DRIVE AWAY,Y,,,"OVER $1,500",11/13/2017 02:25:00 PM,FOLLOWING TOO CLOSELY,NOT APPLICABLE,2000,N,CLYBOURN AVE,1811,,,,,,,2,NO INDICATION OF INJURY,0,0,0,0,0,2,0,13,2,11,41.917581792,-87.659022898,POINT (-87.659022897666 41.917581791564)
JA510238,,11/13/2017 01:35:00 PM,30,TRAFFIC SIGNAL,FUNCTIONING PROPERLY,CLOUDY/OVERCAST,DAYLIGHT,ANGLE,DIVIDED - W/MEDIAN BARRIER,4,STRAIGHT AND LEVEL,DRY,NO DEFECTS,ON SCENE,INJURY AND / OR TOW DUE TO CRASH,Y,,,"OVER $1,500",11/13/2017 01:37:00 PM,DISREGARDING TRAFFIC SIGNALS,DISREGARDING TRAFFIC SIGNALS,5601,N,CUMBERLAND AVE,1614,,,,,,,2,"REPORTED, NOT EVIDENT",1,0,0,0,1,1,0,13,2,11,41.981205647,-87.836434327,POINT (-87.836434326742 41.98120564746)
JA510308,,11/13/2017 01:40:00 PM,30,NO CONTROLS,NO CONTROLS,CLEAR,DAYLIGHT,REAR END,NOT DIVIDED,,STRAIGHT AND LEVEL,DRY,NO DEFECTS,NOT ON SCENE (DESK REPORT),NO INJURY / DRIVE AWAY,,,,"$501 - $1,500",11/13/2017 02:50:00 PM,UNABLE TO DETERMINE,UNABLE TO DETERMINE,1980,N,CLYBOURN AVE,1811,,,,,,,2,NO INDICATION OF INJURY,0,0,0,0,0,2,0,13,2,11,41.917081495,-87.658336458,POINT (-87.658336458451 41.91708149485)
JA510267,,11/13/2017 01:45:00 PM,30,NO CONTROLS,NO CONTROLS,CLEAR,DAYLIGHT,OTHER OBJECT,NOT DIVIDED,,STRAIGHT AND LEVEL,DRY,NO DEFECTS,NOT ON SCENE (DESK REPORT),NO INJURY / DRIVE AWAY,,,Y,"OVER $1,500",11/13/2017 02:00:00 PM,NOT APPLICABLE,NOT APPLICABLE,6300,S,TALMAN AVE,825,,,,,,,1,NO INDICATION OF INJURY,0,0,0,0,0,2,0,13,2,11,41.779073098,-87.689880551,POINT (-87.689880550718 41.779073097635)
JA510300,,11/13/2017 01:50:00 PM,35,STOP SIGN/FLASHER,FUNCTIONING PROPERLY,CLEAR,DAYLIGHT,TURNING,DIVIDED - W/MEDIAN (NOT RAISED),,STRAIGHT AND LEVEL,DRY,NO DEFECTS,NOT ON SCENE (DESK REPORT),NO INJURY / DRIVE AWAY,,,Y,$500 OR LESS,11/13/2017 02:40:00 PM,IMPROPER TURNING/NO SIGNAL,NOT APPLICABLE,3434,N,ELSTON AVE,1733,,,,,,,2,NO INDICATION OF INJURY,0,0,0,0,0,2,0,13,2,11,41.943416608,-87.704390985,POINT (-87.704390984718 41.9434166075)
JA510291,,11/13/2017 01:57:00 PM,30,TRAFFIC SIGNAL,FUNCTIONING PROPERLY,CLEAR,DAYLIGHT,REAR END,DIVIDED - W/MEDIAN (NOT RAISED),,STRAIGHT AND LEVEL,DRY,NO DEFECTS,NOT ON SCENE (DESK REPORT),NO INJURY / DRIVE AWAY,,,,"OVER $1,500",11/13/2017 02:48:00 PM,FOLLOWING TOO CLOSELY,NOT APPLICABLE,613,W,ROOSEVELT RD,124,,,,,,,3,NO INDICATION OF INJURY,0,0,0,0,0,4,0,13,2,11,41.867102778,-87.642700794,POINT (-87.642700793925 41.867102778419)