RD_NO,CRASH_DATE_EST_I,CRASH_DATE,POSTED_SPEED_LIMIT,TRAFFIC_CONTROL_DEVICE,DEVICE_CONDITION,WEATHER_CONDITION,LIGHTING_CONDITION,FIRST_CRASH_TYPE,TRAFFICWAY_TYPE,LANE_CNT,ALIGNMENT,ROADWAY_SURFACE_COND,ROAD_DEFECT,REPORT_TYPE,CRASH_TYPE,INTERSECTION_RELATED_I,NOT_RIGHT_OF_WAY_I,HIT_AND_RUN_I,DAMAGE,DATE_POLICE_NOTIFIED,PRIM_CONTRIBUTORY_CAUSE,SEC_CONTRIBUTORY_CAUSE,STREET_NO,STREET_DIRECTION,STREET_NAME,BEAT_OF_OCCURRENCE,PHOTOS_TAKEN_I,STATEMENTS_TAKEN_I,DOORING_I,WORK_ZONE_I,WORK_ZONE_TYPE,WORKERS_PRESENT_I,NUM_UNITS,MOST_SEVERE_INJURY,INJURIES_TOTAL,INJURIES_FATAL,INJURIES_INCAPACITATING,INJURIES_NON_INCAPACITATING,INJURIES_REPORTED_NOT_EVIDENT,INJURIES_NO_INDICATION,INJURIES_UNKNOWN,CRASH_HOUR,CRASH_DAY_OF_WEEK,CRASH_MONTH,LATITUDE,LONGITUDE,LOCATION
JA510315,,11/13/2017 02:00:00 PM,30,NO CONTROLS,NO CONTROLS,CLOUDY/OVERCAST,DAYLIGHT,REAR END,DIVIDED - W/MEDIAN (NOT RAISED),4,STRAIGHT AND LEVEL,DRY,NO DEFECTS,ON SCENE,INJURY AND / OR TOW DUE TO CRASH,N,,Y,"OVER $1,500",11/13/2017 02:07:00 PM,IMPROPER BACKING,NOT APPLICABLE,3958,W,DIVISION ST,2535,,,,,,,2,NONINCAPACITATING INJURY,1,0,0,1,0,1,0,14,2,11,41.902782646,-87.726246689,POINT (-87.726246689241 41.902782645875)
JA510304,,11/13/2017 02:00:00 PM,0,NO CONTROLS,NO CONTROLS,CLEAR,DAYLIGHT,PARKED MOTOR VEHICLE,DIVIDED - W/MEDIAN (NOT RAISED),2,STRAIGHT AND LEVEL,DRY,NO DEFECTS,ON SCENE,NO INJURY / DRIVE AWAY,,,Y,$500 OR LESS,11/13/2017 02:20:00 PM,EXCEEDING SAFE SPEED FOR CONDITIONS,UNABLE TO DETERMINE,1329,E,53RD ST,234,,,,,,,2,NO INDICATION OF INJURY,0,0,0,0,0,2,0,14,2,11,41.799377144,-87.59390286,POINT (-87.593902860028 41.799377144389)
JA510544,,11/13/2017 02:00:00 PM,30,TRAFFIC SIGNAL,FUNCTIONING PROPERLY,CLEAR,DAYLIGHT,REAR END,NOT DIVIDED,,STRAIGHT AND LEVEL,DRY,NO DEFECTS,NOT ON SCENE (DESK REPORT),NO INJURY / DRIVE AWAY,,,,"$501 - $1,500",11/13/2017 05:08:00 PM,UNABLE TO DETERMINE,UNABLE TO DETERMINE,4200,S,PULASKI RD,815,,,,,,,3,NO INDICATION OF INJURY,0,0,0,0,0,3,0,14,2,11,41.816901708,-87.724051536,POINT (-87.724051536308 41.816901707548)
JA510339,,11/13/2017 02:10:00 PM,30,NO CONTROLS,NO CONTROLS,CLOUDY/OVERCAST,DAYLIGHT,SIDESWIPE SAME DIRECTION,DIVIDED - W/MEDIAN (NOT RAISED),,STRAIGHT AND LEVEL,DRY,NO DEFECTS,ON SCENE,NO INJURY / DRIVE AWAY,,,,"OVER $1,500",11/13/2017 02:53:00 PM,IMPROPER OVERTAKING/PASSING,NOT APPLICABLE,7131,N,WESTERN AVE,2411,,,,,,,2,NO INDICATION OF INJURY,0,0,0,0,0,3,0,14,2,11,42.011945772,-87.690095289,POINT (-87.690095289005 42.011945772423)
JA510319,,11/13/2017 02:16:00 PM,30,NO CONTROLS,NO CONTROLS,CLEAR,DAYLIGHT,FIXED OBJECT,NOT DIVIDED,2,STRAIGHT AND LEVEL,DRY,NO DEFECTS,ON SCENE,NO INJURY / DRIVE AWAY,,Y,,"OVER $1,500",11/13/2017 02:21:00 PM,UNABLE TO DETERMINE,UNABLE TO DETERMINE,2500,S,DAMEN AVE,1034,,,,,,,1,NO INDICATION OF INJURY,0,0,0,0,0,1,0,14,2,11,41.846606113,-87.675839965,POINT (-87.675839965423 41.846606113303)
JA510549,,11/13/2017 02:20:00 PM,30,NO CONTROLS,NO CONTROLS,CLEAR,DAYLIGHT,PARKED MOTOR VEHICLE,ONE-WAY,1,STRAIGHT AND LEVEL,DRY,NO DEFECTS,NOT ON SCENE (DESK REPORT),NO INJURY / DRIVE AWAY,,,,"$501 - $1,500",11/13/2017 05:20:00 PM,FAILING TO YIELD RIGHT-OF-WAY,UNABLE TO DETERMINE,10838,S,CALUMET AVE,513,,,,,,,2,NO INDICATION OF INJURY,0,0,0,0,0,2,0,14,2,11,41.697010803,-87.614852197,POINT (-87.614852197249 41.69701080259)
JA510399,,11/13/2017 02:20:00 PM,30,NO CONTROLS,NO CONTROLS,CLEAR,DAYLIGHT,ANGLE,NOT DIVIDED,2,STRAIGHT AND LEVEL,DRY,NO DEFECTS,NOT ON SCENE (DESK REPORT),NO INJURY / DRIVE AWAY,,,,"$501 - $1,500",11/13/2017 03:30:00 PM,IMPROPER BACKING,NOT APPLICABLE,1245,N,SEDGWICK ST,1821,,,,,,,2,NO INDICATION OF INJURY,0,0,0,0,0,3,0,14,2,11,41.905173184,-87.638258179,POINT (-87.638258178697 41.905173183844)
JA510352,,11/13/2017 02:20:00 PM,30,NO CONTROLS,NO CONTROLS,CLEAR,DAYLIGHT,SIDESWIPE SAME DIRECTION,NOT DIVIDED,,STRAIGHT AND LEVEL,DRY,NO DEFECTS,NOT ON SCENE (DESK REPORT),NO INJURY / DRIVE AWAY,,,,"$501 - $1,500",11/13/2017 03:20:00 PM,UNABLE TO DETERMINE,UNABLE TO DETERMINE,599,N,ST CLAIR ST,1834,,,,,,,2,NO INDICATION OF INJURY,0,0,0,0,0,3,0,14,2,11,41.892526183,-87.622541414,POINT (-87.622541413745 41.892526183076)
JA510330,,11/13/2017 02:21:00 PM,30,NO CONTROLS,NO CONTROLS,CLEAR,DAYLIGHT,TURNING,DIVIDED - W/MEDIAN (NOT RAISED),4,STRAIGHT AND LEVEL,DRY,UNKNOWN,NOT ON SCENE (DESK REPORT),NO INJURY / DRIVE AWAY,,,,"OVER $1,500",11/13/2017 03:04:00 PM,IMPROPER OVERTAKING/PASSING,FAILING TO YIELD RIGHT-OF-WAY,5200,S,ARCHER AVE,815,,,,,,,2,NO INDICATION OF INJURY,0,0,0,0,0,2,0,14,2,11,41.800107535,-87.734468273,POINT (-87.734468273475 41.800107535416)
JA510341,Y,11/13/2017 02:25:00 PM,30,TRAFFIC SIGNAL,FUNCTIONING PROPERLY,CLEAR,DAYLIGHT,SIDESWIPE OPPOSITE DIRECTION,NOT DIVIDED,,STRAIGHT AND LEVEL,DRY,NO DEFECTS,ON SCENE,INJURY AND / OR TOW DUE TO CRASH,Y,,,"OVER $1,500",11/13/2017 02:39:00 PM,DRIVING ON WRONG SIDE/WRONG WAY,DRIVING ON WRONG SIDE/WRONG WAY,5948,W,FOSTER AVE,1622,,,,,,,2,NO INDICATION OF INJURY,0,0,0,0,0,2,0,14,2,11,41.9757816,-87.777728457,POINT (-87.777728457438 41.975781600461)
JA510413,,11/13/2017 02:30:00 PM,30,TRAFFIC SIGNAL,UNKNOWN,CLEAR,DAYLIGHT,TURNING,NOT DIVIDED,,STRAIGHT AND LEVEL,UNKNOWN,UNKNOWN,ON SCENE,INJURY AND / OR TOW DUE TO CRASH,Y,,,"OVER $1,500",11/13/2017 02:35:00 PM,UNABLE TO DETERMINE,NOT APPLICABLE,1199,S,UNION AVE,1232,,,,,,,2,NO INDICATION OF INJURY,0,0,0,0,0,3,0,14,2,11,41.867280428,-87.645037948,POINT (-87.645037948472 41.867280427626)
JA514165,N,11/13/2017 02:30:00 PM,30,NO CONTROLS,NO CONTROLS,CLEAR,DAYLIGHT,TURNING,NOT DIVIDED,4,STRAIGHT AND LEVEL,DRY,NO DEFECTS,NOT ON SCENE (DESK REPORT),NO INJURY / DRIVE AWAY,,,,"$501 - $1,500",11/16/2017 02:45:00 PM,FOLLOWING TOO CLOSELY,NOT APPLICABLE,1953,N,CLYBOURN AVE,1811,,,,,,,2,NO INDICATION OF INJURY,0,0,0,0,0,2,0,14,2,11,41.916550298,-87.657165481,POINT (-87.657165480654 41.916550298294)
JA511266,,11/13/2017 02:30:00 PM,30,TRAFFIC SIGNAL,FUNCTIONING PROPERLY,CLEAR,DAYLIGHT,ANGLE,DIVIDED - W/MEDIAN (NOT RAISED),,STRAIGHT AND LEVEL,DRY,NO DEFECTS,NOT ON SCENE (DESK REPORT),NO INJURY / DRIVE AWAY,Y,,,"OVER $1,500",11/14/2017 10:26:00 AM,DISREGARDING TRAFFIC SIGNALS,DISREGARDING TRAFFIC SIGNALS,5100,S,LAKE PARK AVE,234,,,,,,,2,NO INDICATION OF INJURY,0,0,0,0,0,2,0,14,2,11,41.80237973,-87.587979407,POINT (-87.587979406628 41.802379729614)
JA510471,,11/13/2017 02:30:00 PM,30,NO CONTROLS,NO CONTROLS,CLEAR,DAYLIGHT,PARKED MOTOR VEHICLE,ONE-WAY,,STRAIGHT AND LEVEL,DRY,NO DEFECTS,NOT ON SCENE (DESK REPORT),NO INJURY / DRIVE AWAY,,,,"OVER $1,500",11/13/2017 04:20:00 PM,NOT APPLICABLE,NOT APPLICABLE,5600,S,MAPLEWOOD AVE,824,,,,,,,2,NO INDICATION OF INJURY,0,0,0,0,0,3,0,14,2,11,41.791874733,-87.687797557,POINT (-87.687797557229 41.791874732969)
JA510366,,11/13/2017 02:43:00 PM,30,TRAFFIC SIGNAL,FUNCTIONING PROPERLY,CLEAR,DAYLIGHT,TURNING,NOT DIVIDED,2,STRAIGHT AND LEVEL,DRY,NO DEFECTS,ON SCENE,INJURY AND / OR TOW DUE TO CRASH,Y,,,"OVER $1,500",11/13/2017 02:43:00 PM,FAILING TO YIELD RIGHT-OF-WAY,NOT APPLICABLE,6100,N,SHERIDAN RD,2433,,,,,,,2,NO INDICATION OF INJURY,0,0,0,0,0,4,0,14,2,11,41.992469072,-87.655606601,POINT (-87.655606600521 41.992469072321)
JA510439,,11/13/2017 02:45:00 PM,30,NO CONTROLS,NO CONTROLS,CLOUDY/OVERCAST,DAYLIGHT,SIDESWIPE SAME DIRECTION,DIVIDED - W/MEDIAN BARRIER,6,STRAIGHT AND LEVEL,DRY,NO DEFECTS,ON SCENE,NO INJURY / DRIVE AWAY,,,Y,$500 OR LESS,11/13/2017 03:02:00 PM,IMPROPER OVERTAKING/PASSING,UNABLE TO DETERMINE,9810,S,HALSTED ST,2223,,,,,,,2,NO INDICATION OF INJURY,0,0,0,0,0,2,0,14,2,11,41.715543524,-87.643201679,POINT (-87.643201678655 41.715543524272)
JA510494,,11/13/2017 02:45:00 PM,30,NO CONTROLS,NO CONTROLS,CLEAR,DAYLIGHT,PARKED MOTOR VEHICLE,NOT DIVIDED,2,STRAIGHT AND LEVEL,DRY,NO DEFECTS,NOT ON SCENE (DESK REPORT),NO INJURY / DRIVE AWAY,,,N,$500 OR LESS,11/13/2017 04:45:00 PM,"OPERATING VEHICLE IN ERRATIC, RECKLESS, CARELESS, NEGLIGENT OR AGGRESSIVE MANNER",UNABLE TO DETERMINE,2464,W,TOUHY AVE,2411,,,,,,,2,NO INDICATION OF INJURY,0,0,0,0,0,2,0,14,2,11,42.012336366,-87.692723486,POINT (-87.692723486419 42.012336365884)
JA510408,,11/13/2017 02:45:00 PM,30,OTHER,OTHER,CLOUDY/OVERCAST,DAYLIGHT,FIXED OBJECT,ONE-WAY,1,STRAIGHT AND LEVEL,DRY,NO DEFECTS,ON SCENE,NO INJURY / DRIVE AWAY,,,,"OVER $1,500",11/13/2017 03:28:00 PM,UNABLE TO DETERMINE,NOT APPLICABLE,3440,W,EVERGREEN AVE,1422,,,,,,,1,NO INDICATION OF INJURY,0,0,0,0,0,1,0,14,2,11,41.90561322,-87.713405529,POINT (-87.713405529036 41.9056132198)
JA510371,,11/13/2017 03:00:00 PM,30,NO CONTROLS,NO CONTROLS,CLEAR,DAYLIGHT,SIDESWIPE SAME DIRECTION,NOT DIVIDED,,STRAIGHT AND LEVEL,DRY,NO DEFECTS,NOT ON SCENE (DESK REPORT),NO INJURY / DRIVE AWAY,,,Y,"OVER $1,500",11/13/2017 03:20:00 PM,IMPROPER OVERTAKING/PASSING,IMPROPER OVERTAKING/PASSING,5854,S,SHIELDS AVE,711,,,,,,,2,NO INDICATION OF INJURY,0,0,0,0,0,2,0,15,2,11,41.787362167,-87.634167934,POINT (-87.634167933678 41.787362167268)
JA514555,,11/13/2017 03:00:00 PM,0,NO CONTROLS,NO CONTROLS,CLEAR,DAYLIGHT,PARKED MOTOR VEHICLE,PARKING LOT,9,STRAIGHT AND LEVEL,WET,UNKNOWN,NOT ON SCENE (DESK REPORT),NO INJURY / DRIVE AWAY,,Y,Y,"OVER $1,500",11/16/2017 07:22:00 PM,UNABLE TO DETERMINE,UNABLE TO DETERMINE,10343,S,WESTERN AVE,2212,,,,,,,2,NO INDICATION OF INJURY,0,0,0,0,0,1,0,15,2,11,41.705100473,-87.68143439,POINT (-87.681434390447 41.705100472807)
JA510472,,11/13/2017 03:00:00 PM,15,STOP SIGN/FLASHER,FUNCTIONING PROPERLY,CLEAR,DAYLIGHT,ANGLE,NOT DIVIDED,2,STRAIGHT AND LEVEL,DRY,NO DEFECTS,NOT ON SCENE (DESK REPORT),NO INJURY / DRIVE AWAY,,,Y,"OVER $1,500",11/13/2017 04:00:00 PM,FAILING TO YIELD RIGHT-OF-WAY,UNABLE TO DETERMINE,7400,S,YATES BLVD,334,,,,,,,2,NO INDICATION OF INJURY,0,0,0,0,0,2,0,15,2,11,41.760710264,-87.566556433,POINT (-87.566556432659 41.760710264389)
JA510381,,11/13/2017 03:00:00 PM,30,NO CONTROLS,NO CONTROLS,CLEAR,DAYLIGHT,TURNING,NOT DIVIDED,4,STRAIGHT AND LEVEL,DRY,NO DEFECTS,NOT ON SCENE (DESK REPORT),NO INJURY / DRIVE AWAY,,,,"$501 - $1,500",11/13/2017 03:20:00 PM,FAILING TO YIELD RIGHT-OF-WAY,IMPROPER TURNING/NO SIGNAL,3949,W,47TH ST,821,,,,,,,2,NO INDICATION OF INJURY,0,0,0,0,0,3,0,15,2,11,41.807778985,-87.723100223,POINT (-87.723100222671 41.80777898461)
JA510397,,11/13/2017 03:00:00 PM,20,NO CONTROLS,NO CONTROLS,CLEAR,DAYLIGHT,TURNING,NOT DIVIDED,2,STRAIGHT AND LEVEL,DRY,UNKNOWN,NOT ON SCENE (DESK REPORT),NO INJURY / DRIVE AWAY,,,,"OVER $1,500",11/13/2017 03:42:00 PM,IMPROPER OVERTAKING/PASSING,FAILING TO YIELD RIGHT-OF-WAY,6310,S,CALIFORNIA AVE,823,,,,,,,2,NO INDICATION OF INJURY,0,0,0,0,0,2,0,15,2,11,41.778731848,-87.693529274,POINT (-87.693529274394 41.778731847568)
JA512114,,11/13/2017 03:00:00 PM,30,NO CONTROLS,NO CONTROLS,CLEAR,DAYLIGHT,PARKED MOTOR VEHICLE,NOT DIVIDED,4,STRAIGHT AND LEVEL,DRY,NO DEFECTS,NOT ON SCENE (DESK REPORT),NO INJURY / DRIVE AWAY,,,Y,"OVER $1,500",11/14/2017 09:00:00 PM,UNABLE TO DETERMINE,UNABLE TO DETERMINE,8007,S,COTTAGE GROVE AVE,631,,,,,,,2,NO INDICATION OF INJURY,0,0,0,0,0,1,0,15,2,11,41.749197282,-87.605034895,POINT (-87.605034895071 41.749197282309)
JA510403,,11/13/2017 03:00:00 PM,30,NO CONTROLS,NO CONTROLS,CLEAR,DAYLIGHT,ANGLE,DIVIDED - W/MEDIAN (NOT RAISED),2,STRAIGHT AND LEVEL,DRY,UNKNOWN,NOT ON SCENE (DESK REPORT),NO INJURY / DRIVE AWAY,,,,"OVER $1,500",11/13/2017 03:35:00 PM,FAILING TO YIELD RIGHT-OF-WAY,UNABLE TO DETERMINE,3040,N,HALSTED ST,1933,,,,,,,2,NO INDICATION OF INJURY,0,0,0,0,0,3,0,15,2,11,41.937531331,-87.649333868,POINT (-87.649333867988 41.93753133069)
JA510392,,11/13/2017 03:05:00 PM,30,NO CONTROLS,NO CONTROLS,CLEAR,DAYLIGHT,PARKED MOTOR VEHICLE,ONE-WAY,1,STRAIGHT AND LEVEL,DRY,NO DEFECTS,ON SCENE,NO INJURY / DRIVE AWAY,,,,$500 OR LESS,11/13/2017 03:15:00 PM,UNABLE TO DETERMINE,NOT APPLICABLE,3921,S,CAMPBELL AVE,921,,,,,,,2,NO INDICATION OF INJURY,0,0,0,0,0,5,0,15,2,11,41.822302897,-87.687133555,POINT (-87.687133555225 41.822302896665)
JA510427,,11/13/2017 03:08:00 PM,35,NO CONTROLS,NO CONTROLS,CLEAR,DAYLIGHT,PARKED MOTOR VEHICLE,NOT DIVIDED,,STRAIGHT AND LEVEL,DRY,UNKNOWN,NOT ON SCENE (DESK REPORT),NO INJURY / DRIVE AWAY,,,Y,"OVER $1,500",11/13/2017 03:50:00 PM,UNABLE TO DETERMINE,NOT APPLICABLE,2124,E,71ST ST,331,,,,,,,2,NO INDICATION OF INJURY,0,0,0,0,0,1,0,15,2,11,41.76638359,-87.572779275,POINT (-87.572779275436 41.766383589929)
JA510370,,11/13/2017 03:09:00 PM,30,STOP SIGN/FLASHER,NO CONTROLS,CLEAR,DAYLIGHT,TURNING,NOT DIVIDED,,STRAIGHT AND LEVEL,DRY,NO DEFECTS,ON SCENE,NO INJURY / DRIVE AWAY,Y,,,"$501 - $1,500",11/13/2017 03:20:00 PM,FAILING TO YIELD RIGHT-OF-WAY,NOT APPLICABLE,6920,S,PULASKI RD,833,,,,,,,2,NO INDICATION OF INJURY,0,0,0,0,0,2,0,15,2,11,41.767101669,-87.722615678,POINT (-87.722615678427 41.767101669052)
JA510426,,11/13/2017 03:10:00 PM,30,NO CONTROLS,NO CONTROLS,CLOUDY/OVERCAST,DAYLIGHT,SIDESWIPE SAME DIRECTION,DIVIDED - W/MEDIAN BARRIER,4,STRAIGHT AND LEVEL,DRY,NO DEFECTS,ON SCENE,NO INJURY / DRIVE AWAY,,,,"$501 - $1,500",11/13/2017 03:15:00 PM,UNABLE TO DETERMINE,NOT APPLICABLE,3751,N,ASHLAND AVE,1922,,,,,,,2,NO INDICATION OF INJURY,0,0,0,0,0,2,0,15,2,11,41.950324225,-87.668798056,POINT (-87.66879805581 41.95032422492)
JA510447,,11/13/2017 03:15:00 PM,30,NO CONTROLS,NO CONTROLS,CLEAR,DAYLIGHT,SIDESWIPE SAME DIRECTION,ONE-WAY,1,STRAIGHT AND LEVEL,DRY,NO DEFECTS,NOT ON SCENE (DESK REPORT),NO INJURY / DRIVE AWAY,,,,"$501 - $1,500",11/13/2017 04:15:00 PM,FAILING TO YIELD RIGHT-OF-WAY,UNABLE TO DETERMINE,2630,S,KEDVALE AVE,1031,,,,,,,2,NO INDICATION OF INJURY,0,0,0,0,0,2,0,15,2,11,41.843252562,-87.728319118,POINT (-87.728319118377 41.843252561544)
JA510393,,11/13/2017 03:15:00 PM,30,NO CONTROLS,NO CONTROLS,UNKNOWN,DAYLIGHT,SIDESWIPE SAME DIRECTION,DIVIDED - W/MEDIAN (NOT RAISED),2,STRAIGHT AND LEVEL,UNKNOWN,UNKNOWN,NOT ON SCENE (DESK REPORT),NO INJURY / DRIVE AWAY,,,,$500 OR LESS,11/13/2017 03:30:00 PM,UNABLE TO DETERMINE,UNABLE TO DETERMINE,2745,N,AUSTIN AVE,2514,,,,,,,2,NO INDICATION OF INJURY,0,0,0,0,0,3,0,15,2,11,41.930615836,-87.775802524,POINT (-87.775802523939 41.930615835844)
JA510484,,11/13/2017 03:20:00 PM,30,NO CONTROLS,NO CONTROLS,CLEAR,DAYLIGHT,REAR END,NOT DIVIDED,2,STRAIGHT AND LEVEL,DRY,NO DEFECTS,NOT ON SCENE (DESK REPORT),INJURY AND / OR TOW DUE TO CRASH,,,Y,"$501 - $1,500",11/13/2017 04:00:00 PM,FOLLOWING TOO CLOSELY,DRIVING SKILLS/KNOWLEDGE/EXPERIENCE,7656,W,TOUHY AVE,1611,,,,,,,2,NONINCAPACITATING INJURY,1,0,0,1,0,1,0,15,2,11,42.011520961,-87.818577487,POINT (-87.818577487325 42.011520960762)
JA510483,,11/13/2017 03:21:00 PM,30,NO CONTROLS,NO CONTROLS,CLEAR,DAYLIGHT,REAR END,DIVIDED - W/MEDIAN (NOT RAISED),2,STRAIGHT AND LEVEL,DRY,UNKNOWN,NOT ON SCENE (DESK REPORT),NO INJURY / DRIVE AWAY,,,,"OVER $1,500",11/13/2017 04:37:00 PM,FOLLOWING TOO CLOSELY,FOLLOWING TOO CLOSELY,5100,S,ST LOUIS AVE,822,,,,,,,2,NO INDICATION OF INJURY,0,0,0,0,0,2,0,15,2,11,41.800621918,-87.711269617,POINT (-87.71126961707 41.800621917861)
JA510432,,11/13/2017 03:25:00 PM,30,UNKNOWN,UNKNOWN,CLEAR,DAYLIGHT,REAR END,UNKNOWN,,STRAIGHT AND LEVEL,DRY,NO DEFECTS,NOT ON SCENE (DESK REPORT),NO INJURY / DRIVE AWAY,,,,"$501 - $1,500",11/13/2017 04:10:00 PM,FOLLOWING TOO CLOSELY,FOLLOWING TOO CLOSELY,6150,W,GRAND AVE,2512,,,,,,,2,NO INDICATION OF INJURY,0,0,0,0,0,2,0,15,2,11,41.921488396,-87.780041387,POINT (-87.780041387395 41.92148839583)
JA510458,,11/13/2017 03:30:00 PM,30,TRAFFIC SIGNAL,FUNCTIONING PROPERLY,CLEAR,DAYLIGHT,REAR END,DIVIDED - W/MEDIAN BARRIER,4,STRAIGHT AND LEVEL,DRY,NO DEFECTS,NOT ON SCENE (DESK REPORT),NO INJURY / DRIVE AWAY,,,Y,"OVER $1,500",11/13/2017 04:48:00 PM,UNABLE TO DETERMINE,UNABLE TO DETERMINE,4060,S,PULASKI RD,815,,,,,,,4,NO INDICATION OF INJURY,0,0,0,0,0,5,0,15,2,11,41.81884058,-87.72411293,POINT (-87.72411292982 41.818840580411)
JA510401,,11/13/2017 03:36:00 PM,20,STOP SIGN/FLASHER,NO CONTROLS,CLEAR,DAYLIGHT,PARKED MOTOR VEHICLE,NOT DIVIDED,2,STRAIGHT AND LEVEL,DRY,NO DEFECTS,ON SCENE,NO INJURY / DRIVE AWAY,Y,,,$500 OR LESS,11/13/2017 03:45:00 PM,FOLLOWING TOO CLOSELY,DRIVING SKILLS/KNOWLEDGE/EXPERIENCE,1501,W,GRANVILLE AVE,2433,,,,,,,2,NO INDICATION OF INJURY,0,0,0,0,0,4,0,15,2,11,41.994355832,-87.667838987,POINT (-87.667838987336 41.994355831807)
JA510430,,11/13/2017 03:40:00 PM,30,NO CONTROLS,NO CONTROLS,CLEAR,DAYLIGHT,REAR END,NOT DIVIDED,,STRAIGHT AND LEVEL,DRY,NO DEFECTS,NOT ON SCENE (DESK REPORT),NO INJURY / DRIVE AWAY,,,,"OVER $1,500",11/13/2017 03:55:00 PM,NOT APPLICABLE,NOT APPLICABLE,7600,S,KEDZIE AVE,835,,,,,,,2,NO INDICATION OF INJURY,0,0,0,0,0,3,0,15,2,11,41.755178528,-87.702695711,POINT (-87.702695710502 41.755178528007)
JA510465,,11/13/2017 03:40:00 PM,30,TRAFFIC SIGNAL,FUNCTIONING PROPERLY,CLEAR,DAYLIGHT,REAR END,DIVIDED - W/MEDIAN (NOT RAISED),4,STRAIGHT AND LEVEL,DRY,UNKNOWN,NOT ON SCENE (DESK REPORT),NO INJURY / DRIVE AWAY,,,,"OVER $1,500",11/13/2017 04:17:00 PM,FOLLOWING TOO CLOSELY,FOLLOWING TOO CLOSELY,4000,S,CICERO AVE,1031,,,,,,,2,NO INDICATION OF INJURY,0,0,0,0,0,2,0,15,2,11,41.820565773,-87.743653198,POINT (-87.743653198213 41.820565772976)
JA510646,,11/13/2017 03:40:00 PM,30,NO CONTROLS,NO CONTROLS,CLEAR,DAYLIGHT,PARKED MOTOR VEHICLE,DIVIDED - W/MEDIAN BARRIER,8,STRAIGHT AND LEVEL,DRY,NO DEFECTS,NOT ON SCENE (DESK REPORT),NO INJURY / DRIVE AWAY,,,Y,$500 OR LESS,11/13/2017 06:15:00 PM,FAILING TO YIELD RIGHT-OF-WAY,UNABLE TO DETERMINE,410,N,MICHIGAN AVE,1834,,,,,,,2,NO INDICATION OF INJURY,0,0,0,0,0,2,0,15,2,11,41.889874791,-87.624259761,POINT (-87.624259761444 41.889874791263)
JA510477,,11/13/2017 03:45:00 PM,30,TRAFFIC SIGNAL,FUNCTIONING PROPERLY,CLEAR,DAYLIGHT,TURNING,NOT DIVIDED,,STRAIGHT AND LEVEL,DRY,NO DEFECTS,NOT ON SCENE (DESK REPORT),NO INJURY / DRIVE AWAY,,,,"OVER $1,500",11/13/2017 04:45:00 PM,IMPROPER TURNING/NO SIGNAL,IMPROPER TURNING/NO SIGNAL,105,S,WACKER DR,122,,,,,,,2,NO INDICATION OF INJURY,0,0,0,0,0,3,0,15,2,11,41.880471403,-87.636583561,POINT (-87.636583561028 41.880471403383)
JA510449,,11/13/2017 03:50:00 PM,30,TRAFFIC SIGNAL,FUNCTIONING PROPERLY,CLEAR,DAYLIGHT,SIDESWIPE SAME DIRECTION,NOT DIVIDED,,STRAIGHT AND LEVEL,DRY,NO DEFECTS,ON SCENE,NO INJURY / DRIVE AWAY,,,,"OVER $1,500",11/13/2017 04:02:00 PM,FAILING TO YIELD RIGHT-OF-WAY,FAILING TO YIELD RIGHT-OF-WAY,33,E,95TH ST,511,,,,Y,CONSTRUCTION,,2,NO INDICATION OF INJURY,0,0,0,0,0,2,0,15,2,11,41.721640467,-87.622425723,POINT (-87.622425723399 41.721640466517)
JA501520,,11/13/2017 03:54:00 PM,35,STOP SIGN/FLASHER,FUNCTIONING PROPERLY,CLEAR,"DARKNESS, LIGHTED ROAD",SIDESWIPE SAME DIRECTION,UNKNOWN,,STRAIGHT AND LEVEL,DRY,NO DEFECTS,NOT ON SCENE (DESK REPORT),NO INJURY / DRIVE AWAY,,,Y,"$501 - $1,500",11/13/2017 05:00:00 PM,IMPROPER OVERTAKING/PASSING,NOT APPLICABLE,1801,N,CENTRAL PARK AVE,1422,,,,,,,2,NO INDICATION OF INJURY,0,0,0,0,0,2,0,15,2,11,41.91371539,-87.716513743,POINT (-87.716513742832 41.913715390359)
JA510580,,11/13/2017 03:55:00 PM,30,TRAFFIC SIGNAL,FUNCTIONING PROPERLY,CLEAR,DAYLIGHT,REAR END,DIVIDED - W/MEDIAN (NOT RAISED),4,STRAIGHT AND LEVEL,DRY,UNKNOWN,NOT ON SCENE (DESK REPORT),NO INJURY / DRIVE AWAY,,,,"OVER $1,500",11/13/2017 05:44:00 PM,FOLLOWING TOO CLOSELY,FOLLOWING TOO CLOSELY,5100,S,WESTERN AVE,923,,,,,,,2,NO INDICATION OF INJURY,0,0,0,0,0,2,0,15,2,11,41.801052836,-87.684367649,POINT (-87.684367648824 41.801052835623)
JA510506,,11/13/2017 03:58:00 PM,30,TRAFFIC SIGNAL,FUNCTIONING PROPERLY,CLEAR,"DARKNESS, LIGHTED ROAD",REAR END,DIVIDED - W/MEDIAN (NOT RAISED),4,STRAIGHT AND LEVEL,DRY,NO DEFECTS,NOT ON SCENE (DESK REPORT),NO INJURY / DRIVE AWAY,,,,"$501 - $1,500",11/13/2017 05:00:00 PM,UNABLE TO DETERMINE,UNABLE TO DETERMINE,4601,N,WESTERN AVE,1911,,,,,,,2,NO INDICATION OF INJURY,0,0,0,0,0,4,0,15,2,11,41.964914282,-87.688645877,POINT (-87.688645876887 41.964914282077)