RD_NO,CRASH_DATE_EST_I,CRASH_DATE,POSTED_SPEED_LIMIT,TRAFFIC_CONTROL_DEVICE,DEVICE_CONDITION,WEATHER_CONDITION,LIGHTING_CONDITION,FIRST_CRASH_TYPE,TRAFFICWAY_TYPE,LANE_CNT,ALIGNMENT,ROADWAY_SURFACE_COND,ROAD_DEFECT,REPORT_TYPE,CRASH_TYPE,INTERSECTION_RELATED_I,NOT_RIGHT_OF_WAY_I,HIT_AND_RUN_I,DAMAGE,DATE_POLICE_NOTIFIED,PRIM_CONTRIBUTORY_CAUSE,SEC_CONTRIBUTORY_CAUSE,STREET_NO,STREET_DIRECTION,STREET_NAME,BEAT_OF_OCCURRENCE,PHOTOS_TAKEN_I,STATEMENTS_TAKEN_I,DOORING_I,WORK_ZONE_I,WORK_ZONE_TYPE,WORKERS_PRESENT_I,NUM_UNITS,MOST_SEVERE_INJURY,INJURIES_TOTAL,INJURIES_FATAL,INJURIES_INCAPACITATING,INJURIES_NON_INCAPACITATING,INJURIES_REPORTED_NOT_EVIDENT,INJURIES_NO_INDICATION,INJURIES_UNKNOWN,CRASH_HOUR,CRASH_DAY_OF_WEEK,CRASH_MONTH,LATITUDE,LONGITUDE,LOCATION
JA510501,,11/13/2017 03:58:00 PM,30,NO CONTROLS,NO CONTROLS,CLEAR,DAYLIGHT,REAR END,DIVIDED - W/MEDIAN (NOT RAISED),2,STRAIGHT AND LEVEL,DRY,UNKNOWN,NOT ON SCENE (DESK REPORT),NO INJURY / DRIVE AWAY,,,Y,"OVER $1,500",11/13/2017 04:49:00 PM,FOLLOWING TOO CLOSELY,FOLLOWING TOO CLOSELY,5300,S,HALSTED ST,934,,,,,,,2,NO INDICATION OF INJURY,0,0,0,0,0,2,0,15,2,11,41.797794354,-87.645393215,POINT (-87.645393214766 41.797794354059)
JA510822,N,11/13/2017 04:00:00 PM,25,STOP SIGN/FLASHER,FUNCTIONING PROPERLY,CLEAR,UNKNOWN,PARKED MOTOR VEHICLE,DIVIDED - W/MEDIAN (NOT RAISED),2,STRAIGHT AND LEVEL,DRY,NO DEFECTS,ON SCENE,NO INJURY / DRIVE AWAY,,,Y,"OVER $1,500",11/13/2017 08:27:00 PM,UNABLE TO DETERMINE,NOT APPLICABLE,2859,E,96TH ST,431,,,,,,,2,NO INDICATION OF INJURY,0,0,0,0,0,1,0,16,2,11,41.72079404,-87.554213299,POINT (-87.554213298833 41.720794040052)
JA510469,Y,11/13/2017 04:09:00 PM,30,NO CONTROLS,NO CONTROLS,CLEAR,DAYLIGHT,REAR END,NOT DIVIDED,,STRAIGHT AND LEVEL,DRY,NO DEFECTS,ON SCENE,NO INJURY / DRIVE AWAY,,,,"OVER $1,500",11/13/2017 04:29:00 PM,DRIVING SKILLS/KNOWLEDGE/EXPERIENCE,DRIVING SKILLS/KNOWLEDGE/EXPERIENCE,6310,W,BRYN MAWR AVE,1622,,,,,,,2,NO INDICATION OF INJURY,0,0,0,0,0,2,0,16,2,11,41.983005729,-87.785853367,POINT (-87.785853366574 41.983005728947)
JA510497,,11/13/2017 04:15:00 PM,0,NO CONTROLS,NO CONTROLS,CLEAR,DAYLIGHT,REAR END,DIVIDED - W/MEDIAN (NOT RAISED),,STRAIGHT AND LEVEL,DRY,NO DEFECTS,ON SCENE,INJURY AND / OR TOW DUE TO CRASH,,,,"OVER $1,500",11/13/2017 04:29:00 PM,NOT APPLICABLE,NOT APPLICABLE,2817,W,83RD ST,835,,,,,,,3,"REPORTED, NOT EVIDENT",1,0,0,0,1,4,0,16,2,11,41.742536868,-87.693116816,POINT (-87.693116815571 41.742536867844)
JA510582,,11/13/2017 04:15:00 PM,30,TRAFFIC SIGNAL,FUNCTIONING PROPERLY,CLEAR,DAYLIGHT,TURNING,NOT DIVIDED,4,STRAIGHT AND LEVEL,DRY,NO DEFECTS,NOT ON SCENE (DESK REPORT),NO INJURY / DRIVE AWAY,,,,"$501 - $1,500",11/13/2017 05:40:00 PM,FAILING TO YIELD RIGHT-OF-WAY,IMPROPER TURNING/NO SIGNAL,3109,S,DAMEN AVE,912,,,,,,,2,NO INDICATION OF INJURY,0,0,0,0,0,2,0,16,2,11,41.83745861,-87.675296336,POINT (-87.675296336187 41.837458609682)
JA510460,,11/13/2017 04:15:00 PM,30,TRAFFIC SIGNAL,FUNCTIONING PROPERLY,CLEAR,DAYLIGHT,TURNING,NOT DIVIDED,2,STRAIGHT AND LEVEL,DRY,NO DEFECTS,ON SCENE,INJURY AND / OR TOW DUE TO CRASH,,,,"$501 - $1,500",11/13/2017 04:19:00 PM,EQUIPMENT - VEHICLE CONDITION,NOT APPLICABLE,1858,W,76TH ST,611,,,,,,,3,NO INDICATION OF INJURY,0,0,0,0,0,2,0,16,2,11,41.755835967,-87.670801448,POINT (-87.6708014482 41.755835966974)
JA510474,,11/13/2017 04:15:00 PM,35,NO CONTROLS,NO CONTROLS,CLEAR,DAYLIGHT,PEDALCYCLIST,DIVIDED - W/MEDIAN BARRIER,4,STRAIGHT AND LEVEL,DRY,NO DEFECTS,ON SCENE,INJURY AND / OR TOW DUE TO CRASH,Y,,Y,"OVER $1,500",11/13/2017 04:17:00 PM,IMPROPER TURNING/NO SIGNAL,UNABLE TO DETERMINE,740,N,OGDEN AVE,1215,,,,,,,2,NONINCAPACITATING INJURY,1,0,0,1,0,1,0,16,2,11,41.895542602,-87.655424248,POINT (-87.655424248165 41.8955426017)
JA510613,,11/13/2017 04:20:00 PM,30,TRAFFIC SIGNAL,FUNCTIONING PROPERLY,CLEAR,DAYLIGHT,REAR END,OTHER,,STRAIGHT AND LEVEL,DRY,NO DEFECTS,NOT ON SCENE (DESK REPORT),NO INJURY / DRIVE AWAY,Y,,,"$501 - $1,500",11/13/2017 05:40:00 PM,FOLLOWING TOO CLOSELY,FOLLOWING TOO CLOSELY,7900,S,STONY ISLAND AVE,411,,,,,,,2,NO INDICATION OF INJURY,0,0,0,0,0,4,0,16,2,11,41.751460603,-87.585971993,POINT (-87.585971992965 41.751460603167)
JA510587,,11/13/2017 04:20:00 PM,30,NO CONTROLS,NO CONTROLS,CLEAR,DAYLIGHT,PARKED MOTOR VEHICLE,ONE-WAY,,STRAIGHT AND LEVEL,DRY,NO DEFECTS,NOT ON SCENE (DESK REPORT),NO INJURY / DRIVE AWAY,,,Y,"OVER $1,500",11/13/2017 05:34:00 PM,NOT APPLICABLE,NOT APPLICABLE,3800,W,58TH PL,822,,,,,,,2,NO INDICATION OF INJURY,0,0,0,0,0,1,0,16,2,11,41.787029643,-87.718207682,POINT (-87.718207681565 41.787029642776)
JA510534,,11/13/2017 04:25:00 PM,35,NO CONTROLS,NO CONTROLS,CLEAR,"DARKNESS, LIGHTED ROAD",REAR END,DIVIDED - W/MEDIAN BARRIER,6,STRAIGHT AND LEVEL,DRY,NO DEFECTS,ON SCENE,NO INJURY / DRIVE AWAY,,,Y,"OVER $1,500",11/13/2017 04:40:00 PM,FOLLOWING TOO CLOSELY,NOT APPLICABLE,4201,S,CICERO AVE,815,,,N,,,,3,NO INDICATION OF INJURY,0,0,0,0,0,3,0,16,2,11,41.816738003,-87.743243468,POINT (-87.743243467558 41.816738002601)
JA510849,,11/13/2017 04:28:00 PM,3,OTHER,FUNCTIONING PROPERLY,CLEAR,DAYLIGHT,FIXED OBJECT,RAMP,1,STRAIGHT ON GRADE,DRY,NO DEFECTS,ON SCENE,NO INJURY / DRIVE AWAY,,Y,Y,"$501 - $1,500",11/13/2017 05:30:00 PM,DRIVING SKILLS/KNOWLEDGE/EXPERIENCE,UNABLE TO DETERMINE,842,N,MIES VAN DER ROHE WAY,1833,,,,,,,1,NO INDICATION OF INJURY,0,0,0,0,0,1,0,16,2,11,41.898086691,-87.622000651,POINT (-87.622000650556 41.898086690569)
JA513082,,11/13/2017 04:30:00 PM,30,NO CONTROLS,NO CONTROLS,CLEAR,DAYLIGHT,REAR END,NOT DIVIDED,,STRAIGHT AND LEVEL,DRY,UNKNOWN,NOT ON SCENE (DESK REPORT),INJURY AND / OR TOW DUE TO CRASH,,,,"OVER $1,500",11/15/2017 03:54:00 PM,FOLLOWING TOO CLOSELY,NOT APPLICABLE,1340,S,DAMEN AVE,1233,,,,,,,2,"REPORTED, NOT EVIDENT",2,0,0,0,2,1,0,16,2,11,41.863734391,-87.67631269,POINT (-87.676312689993 41.863734390899)
JA510510,,11/13/2017 04:30:00 PM,30,NO CONTROLS,NO CONTROLS,CLEAR,DARKNESS,REAR END,DIVIDED - W/MEDIAN BARRIER,,STRAIGHT AND LEVEL,UNKNOWN,UNKNOWN,NOT ON SCENE (DESK REPORT),NO INJURY / DRIVE AWAY,,,,"OVER $1,500",11/13/2017 04:59:00 PM,FOLLOWING TOO CLOSELY,DISTRACTION - FROM INSIDE VEHICLE,3030,W,IRVING PARK RD,1724,,,,,,,2,NO INDICATION OF INJURY,0,0,0,0,0,4,0,16,2,11,41.954051897,-87.704415053,POINT (-87.70441505322 41.954051897289)
JA511690,,11/13/2017 04:30:00 PM,30,NO CONTROLS,NO CONTROLS,CLEAR,DAYLIGHT,PARKED MOTOR VEHICLE,PARKING LOT,2,STRAIGHT AND LEVEL,DRY,NO DEFECTS,NOT ON SCENE (DESK REPORT),NO INJURY / DRIVE AWAY,,,Y,"OVER $1,500",11/14/2017 04:20:00 PM,UNABLE TO DETERMINE,NOT APPLICABLE,2222,W,DIVISION ST,1424,,,,,,,2,NO INDICATION OF INJURY,0,0,0,0,0,1,0,16,2,11,41.903198561,-87.683124136,POINT (-87.683124136212 41.903198561266)
JA510524,,11/13/2017 04:30:00 PM,25,NO CONTROLS,NO CONTROLS,CLEAR,"DARKNESS, LIGHTED ROAD",PEDALCYCLIST,NOT DIVIDED,2,STRAIGHT AND LEVEL,DRY,NO DEFECTS,ON SCENE,NO INJURY / DRIVE AWAY,,,,$500 OR LESS,11/13/2017 04:50:00 PM,FOLLOWING TOO CLOSELY,IMPROPER OVERTAKING/PASSING,113,S,LA SALLE ST,122,,,,,,,2,NO INDICATION OF INJURY,0,0,0,0,0,2,0,16,2,11,41.88026952,-87.632169741,POINT (-87.632169740878 41.880269520245)
JA510488,,11/13/2017 04:32:00 PM,30,NO CONTROLS,NO CONTROLS,CLEAR,DAWN,FIXED OBJECT,NOT DIVIDED,2,STRAIGHT AND LEVEL,DRY,NO DEFECTS,ON SCENE,INJURY AND / OR TOW DUE TO CRASH,,,,"OVER $1,500",11/13/2017 04:32:00 PM,NOT APPLICABLE,NOT APPLICABLE,586,W,MARQUETTE RD,722,,,,,,,1,NO INDICATION OF INJURY,0,0,0,0,0,1,0,16,2,11,41.772664072,-87.639673447,POINT (-87.63967344671 41.772664072097)
JA510468,,11/13/2017 04:40:00 PM,25,NO CONTROLS,NO CONTROLS,CLEAR,DUSK,PARKED MOTOR VEHICLE,NOT DIVIDED,2,STRAIGHT AND LEVEL,DRY,NO DEFECTS,ON SCENE,INJURY AND / OR TOW DUE TO CRASH,,,,"OVER $1,500",11/13/2017 04:40:00 PM,EXCEEDING AUTHORIZED SPEED LIMIT,UNABLE TO DETERMINE,10,S,MENARD AVE,1513,,,,,,,4,NO INDICATION OF INJURY,0,0,0,0,0,1,0,16,2,11,41.879854487,-87.769895682,POINT (-87.769895682201 41.879854486522)
JA510530,,11/13/2017 04:40:00 PM,30,NO CONTROLS,NO CONTROLS,CLEAR,DUSK,REAR END,NOT DIVIDED,4,STRAIGHT AND LEVEL,DRY,NO DEFECTS,ON SCENE,INJURY AND / OR TOW DUE TO CRASH,,,,"OVER $1,500",11/13/2017 04:48:00 PM,FOLLOWING TOO CLOSELY,NOT APPLICABLE,5840,N,SHERIDAN RD,2022,,,,,,,2,NONINCAPACITATING INJURY,1,0,0,1,0,1,0,16,2,11,41.988521825,-87.655486604,POINT (-87.655486603748 41.988521825435)
JA510546,,11/13/2017 04:40:00 PM,30,NO CONTROLS,NO CONTROLS,CLEAR,DAWN,TURNING,ONE-WAY,1,STRAIGHT AND LEVEL,DRY,NO DEFECTS,NOT ON SCENE (DESK REPORT),NO INJURY / DRIVE AWAY,,,,"$501 - $1,500",11/13/2017 05:20:00 PM,FOLLOWING TOO CLOSELY,NOT APPLICABLE,6337,N,OAKLEY AVE,2413,,,,,,,2,NO INDICATION OF INJURY,0,0,0,0,0,4,0,16,2,11,41.997062895,-87.687273676,POINT (-87.687273675953 41.997062895275)
JA510500,,11/13/2017 04:40:00 PM,30,NO CONTROLS,NO CONTROLS,CLEAR,DUSK,REAR END,NOT DIVIDED,,STRAIGHT AND LEVEL,DRY,NO DEFECTS,NOT ON SCENE (DESK REPORT),NO INJURY / DRIVE AWAY,,,,"OVER $1,500",11/13/2017 04:50:00 PM,UNABLE TO DETERMINE,UNABLE TO DETERMINE,5400,N,LINCOLN AVE,2011,,,,,,,3,NO INDICATION OF INJURY,0,0,0,0,0,3,0,16,2,11,41.979549513,-87.692844509,POINT (-87.692844509402 41.979549513091)
JA210562,,11/13/2017 04:40:00 PM,25,TRAFFIC SIGNAL,FUNCTIONING PROPERLY,CLEAR,DUSK,PARKED MOTOR VEHICLE,NOT DIVIDED,2,STRAIGHT AND LEVEL,DRY,NO DEFECTS,NOT ON SCENE (DESK REPORT),NO INJURY / DRIVE AWAY,,,,"OVER $1,500",11/13/2017 05:20:00 PM,IMPROPER LANE USAGE,NOT APPLICABLE,6700,S,DAMEN AVE,726,,,,,,,3,NO INDICATION OF INJURY,0,0,0,0,0,2,0,16,2,11,41.772030915,-87.673859538,POINT (-87.673859538093 41.772030915088)
JA510555,,11/13/2017 04:50:00 PM,30,NO CONTROLS,NO CONTROLS,CLEAR,"DARKNESS, LIGHTED ROAD",PARKED MOTOR VEHICLE,ONE-WAY,2,STRAIGHT AND LEVEL,DRY,UNKNOWN,ON SCENE,NO INJURY / DRIVE AWAY,,,Y,"$501 - $1,500",11/13/2017 04:54:00 PM,UNABLE TO DETERMINE,UNABLE TO DETERMINE,707,W,ALDINE AVE,1925,,,,,,,2,NO INDICATION OF INJURY,0,0,0,0,0,1,0,16,2,11,41.941716844,-87.647350419,POINT (-87.647350419288 41.941716844454)
JA510543,,11/13/2017 04:55:00 PM,30,TRAFFIC SIGNAL,FUNCTIONING PROPERLY,CLEAR,"DARKNESS, LIGHTED ROAD",REAR END,NOT DIVIDED,2,STRAIGHT AND LEVEL,DRY,NO DEFECTS,NOT ON SCENE (DESK REPORT),INJURY AND / OR TOW DUE TO CRASH,Y,,,"OVER $1,500",11/13/2017 05:15:00 PM,FAILING TO REDUCE SPEED TO AVOID CRASH,NOT APPLICABLE,7343,S,HALSTED ST,732,,,,,,,2,"REPORTED, NOT EVIDENT",1,0,0,0,1,1,0,16,2,11,41.760289219,-87.644141552,POINT (-87.644141551506 41.760289218834)
JA510648,,11/13/2017 04:58:00 PM,35,NO CONTROLS,NO CONTROLS,CLEAR,DARKNESS,PARKED MOTOR VEHICLE,OTHER,2,STRAIGHT AND LEVEL,DRY,UNKNOWN,NOT ON SCENE (DESK REPORT),NO INJURY / DRIVE AWAY,,,,"OVER $1,500",11/13/2017 06:00:00 PM,UNABLE TO DETERMINE,NOT APPLICABLE,7120,S,EXCHANGE AVE,334,,,,,,,2,NO INDICATION OF INJURY,0,0,0,0,0,1,0,16,2,11,41.765454722,-87.566219202,POINT (-87.566219202299 41.765454721608)
JA510531,,11/13/2017 04:58:00 PM,25,NO CONTROLS,NO CONTROLS,CLEAR,DUSK,REAR END,NOT DIVIDED,2,STRAIGHT AND LEVEL,DRY,NO DEFECTS,ON SCENE,NO INJURY / DRIVE AWAY,Y,,,$500 OR LESS,11/13/2017 04:58:00 PM,FAILING TO REDUCE SPEED TO AVOID CRASH,NOT APPLICABLE,221,N,HOMAN AVE,1123,,,,,,,2,NO INDICATION OF INJURY,0,0,0,0,0,2,0,16,2,11,41.885295589,-87.71099215,POINT (-87.710992150229 41.885295588947)
JA510591,,11/13/2017 05:00:00 PM,30,UNKNOWN,UNKNOWN,UNKNOWN,UNKNOWN,PARKED MOTOR VEHICLE,NOT DIVIDED,2,STRAIGHT AND LEVEL,UNKNOWN,UNKNOWN,NOT ON SCENE (DESK REPORT),NO INJURY / DRIVE AWAY,,,Y,"$501 - $1,500",11/13/2017 05:30:00 PM,UNABLE TO DETERMINE,UNABLE TO DETERMINE,2815,N,MC VICKER AVE,2511,,,,,,,2,NO INDICATION OF INJURY,0,0,0,0,0,1,0,17,2,11,41.931613021,-87.777050015,POINT (-87.777050014718 41.931613021308)
JA510600,,11/13/2017 05:00:00 PM,30,TRAFFIC SIGNAL,FUNCTIONING PROPERLY,CLEAR,"DARKNESS, LIGHTED ROAD",PEDESTRIAN,NOT DIVIDED,,STRAIGHT AND LEVEL,DRY,NO DEFECTS,ON SCENE,INJURY AND / OR TOW DUE TO CRASH,,,Y,"OVER $1,500",11/13/2017 05:03:00 PM,UNABLE TO DETERMINE,UNABLE TO DETERMINE,1400,N,LARAMIE AVE,2532,,,,,,,2,INCAPACITATING INJURY,1,0,1,0,0,1,0,17,2,11,41.905962906,-87.756009402,POINT (-87.756009401721 41.905962905791)
JA510547,,11/13/2017 05:00:00 PM,30,TRAFFIC SIGNAL,FUNCTIONING PROPERLY,CLEAR,"DARKNESS, LIGHTED ROAD",TURNING,NOT DIVIDED,2,STRAIGHT AND LEVEL,DRY,NO DEFECTS,ON SCENE,NO INJURY / DRIVE AWAY,Y,,,"OVER $1,500",11/13/2017 05:00:00 PM,DRIVING SKILLS/KNOWLEDGE/EXPERIENCE,UNABLE TO DETERMINE,5800,W,BELMONT AVE,1633,,,,,,,2,NO INDICATION OF INJURY,0,0,0,0,0,2,0,17,2,11,41.938619929,-87.771420331,POINT (-87.771420331278 41.938619928748)
JA511277,Y,11/13/2017 05:00:00 PM,30,STOP SIGN/FLASHER,UNKNOWN,UNKNOWN,UNKNOWN,SIDESWIPE SAME DIRECTION,DIVIDED - W/MEDIAN (NOT RAISED),,STRAIGHT AND LEVEL,UNKNOWN,UNKNOWN,NOT ON SCENE (DESK REPORT),NO INJURY / DRIVE AWAY,Y,,,"OVER $1,500",11/14/2017 10:45:00 AM,UNABLE TO DETERMINE,UNABLE TO DETERMINE,2900,W,MADISON ST,1222,,,,,,,2,NO INDICATION OF INJURY,0,0,0,0,0,2,0,17,2,11,41.881160603,-87.698853048,POINT (-87.698853048327 41.881160602544)
JA510558,,11/13/2017 05:00:00 PM,25,TRAFFIC SIGNAL,NO CONTROLS,CLEAR,DUSK,SIDESWIPE SAME DIRECTION,NOT DIVIDED,,STRAIGHT AND LEVEL,DRY,NO DEFECTS,NOT ON SCENE (DESK REPORT),NO INJURY / DRIVE AWAY,,,Y,"$501 - $1,500",11/13/2017 05:33:00 PM,IMPROPER OVERTAKING/PASSING,UNABLE TO DETERMINE,6101,N,NORTHWEST HWY,1611,,,,,,,2,NO INDICATION OF INJURY,0,0,0,0,0,2,0,17,2,11,41.992476856,-87.79900315,POINT (-87.799003150436 41.99247685597)
JA510595,,11/13/2017 05:00:00 PM,30,UNKNOWN,UNKNOWN,UNKNOWN,UNKNOWN,REAR END,NOT DIVIDED,,STRAIGHT AND LEVEL,UNKNOWN,UNKNOWN,NOT ON SCENE (DESK REPORT),NO INJURY / DRIVE AWAY,,,,"OVER $1,500",11/13/2017 05:50:00 PM,UNABLE TO DETERMINE,UNABLE TO DETERMINE,600,S,CALIFORNIA AVE,1135,,,,,,,2,NO INDICATION OF INJURY,0,0,0,0,0,2,0,17,2,11,41.873744881,-87.696245988,POINT (-87.696245988037 41.873744880509)
JA510565,,11/13/2017 05:10:00 PM,25,NO CONTROLS,NO CONTROLS,CLEAR,"DARKNESS, LIGHTED ROAD",REAR END,NOT DIVIDED,,STRAIGHT AND LEVEL,DRY,NO DEFECTS,ON SCENE,NO INJURY / DRIVE AWAY,,,,"OVER $1,500",11/13/2017 05:19:00 PM,FOLLOWING TOO CLOSELY,NOT APPLICABLE,1618,N,DAMEN AVE,1434,,,,,,,2,NO INDICATION OF INJURY,0,0,0,0,0,2,0,17,2,11,41.911033612,-87.677623068,POINT (-87.67762306782 41.911033611565)
JA510665,,11/13/2017 05:15:00 PM,30,NO CONTROLS,NO CONTROLS,CLEAR,DUSK,REAR END,ONE-WAY,,STRAIGHT AND LEVEL,DRY,NO DEFECTS,NOT ON SCENE (DESK REPORT),NO INJURY / DRIVE AWAY,,,,"OVER $1,500",11/13/2017 06:20:00 PM,NOT APPLICABLE,NOT APPLICABLE,4000,W,65TH ST,813,,,,,,,2,NO INDICATION OF INJURY,0,0,0,0,0,4,0,17,2,11,41.775120821,-87.72273037,POINT (-87.72273036984 41.775120820752)
JA511424,,11/13/2017 05:15:00 PM,30,NO CONTROLS,NO CONTROLS,CLEAR,"DARKNESS, LIGHTED ROAD",REAR END,NOT DIVIDED,,STRAIGHT AND LEVEL,OTHER,OTHER,NOT ON SCENE (DESK REPORT),NO INJURY / DRIVE AWAY,,,,"OVER $1,500",11/14/2017 01:00:00 PM,NOT APPLICABLE,NOT APPLICABLE,917,N,PULASKI RD,1112,,,,,,,2,NO INDICATION OF INJURY,0,0,0,0,0,2,0,17,2,11,41.897745905,-87.726009499,POINT (-87.726009498697 41.897745904751)
JA510569,,11/13/2017 05:20:00 PM,35,NO CONTROLS,NO CONTROLS,CLEAR,DARKNESS,PARKED MOTOR VEHICLE,NOT DIVIDED,,"CURVE, LEVEL",DRY,NO DEFECTS,ON SCENE,INJURY AND / OR TOW DUE TO CRASH,,,,"OVER $1,500",11/13/2017 05:20:00 PM,UNDER THE INFLUENCE OF ALCOHOL/DRUGS (USE WHEN ARREST IS EFFECTED),PHYSICAL CONDITION OF DRIVER,100,N,CENTRAL PARK DR,1122,,,,,,,2,NONINCAPACITATING INJURY,1,0,0,1,0,0,0,17,2,11,41.883355322,-87.715665232,POINT (-87.715665231597 41.883355322314)
JA510692,,11/13/2017 05:30:00 PM,30,TRAFFIC SIGNAL,FUNCTIONING PROPERLY,CLEAR,DUSK,REAR END,NOT DIVIDED,5,STRAIGHT AND LEVEL,DRY,NO DEFECTS,NOT ON SCENE (DESK REPORT),NO INJURY / DRIVE AWAY,,,,"$501 - $1,500",11/13/2017 07:00:00 PM,FAILING TO YIELD RIGHT-OF-WAY,UNABLE TO DETERMINE,5458,S,LAKE PARK AVE,234,,,,,,,2,NO INDICATION OF INJURY,0,0,0,0,0,2,0,17,2,11,41.796406233,-87.587492641,POINT (-87.587492640773 41.796406232732)
JA510658,,11/13/2017 05:30:00 PM,30,UNKNOWN,UNKNOWN,CLEAR,"DARKNESS, LIGHTED ROAD",SIDESWIPE SAME DIRECTION,UNKNOWN,,STRAIGHT AND LEVEL,UNKNOWN,UNKNOWN,NOT ON SCENE (DESK REPORT),NO INJURY / DRIVE AWAY,,,,"$501 - $1,500",11/13/2017 06:32:00 PM,FAILING TO YIELD RIGHT-OF-WAY,FAILING TO YIELD RIGHT-OF-WAY,6930,W,GRAND AVE,2512,,,,,,,2,NO INDICATION OF INJURY,0,0,0,0,0,2,0,17,2,11,41.923679253,-87.798846421,POINT (-87.79884642077 41.923679252904)
JA510636,,11/13/2017 05:30:00 PM,30,NO CONTROLS,NO CONTROLS,CLEAR,DARKNESS,REAR END,NOT DIVIDED,2,STRAIGHT AND LEVEL,DRY,UNKNOWN,NOT ON SCENE (DESK REPORT),NO INJURY / DRIVE AWAY,,,,"OVER $1,500",11/13/2017 06:17:00 PM,FOLLOWING TOO CLOSELY,FOLLOWING TOO CLOSELY,6700,S,ARTESIAN AVE,832,,,,,,,2,NO INDICATION OF INJURY,0,0,0,0,0,2,0,17,2,11,41.77186388,-87.684806926,POINT (-87.684806926247 41.771863879559)
JA510675,,11/13/2017 05:30:00 PM,30,TRAFFIC SIGNAL,FUNCTIONING PROPERLY,CLEAR,"DARKNESS, LIGHTED ROAD",TURNING,NOT DIVIDED,2,STRAIGHT AND LEVEL,DRY,NO DEFECTS,NOT ON SCENE (DESK REPORT),NO INJURY / DRIVE AWAY,Y,,,"OVER $1,500",11/13/2017 06:30:00 PM,FAILING TO YIELD RIGHT-OF-WAY,NOT APPLICABLE,341,W,ERIE ST,1831,,,,,,,2,NO INDICATION OF INJURY,0,0,0,0,0,3,0,17,2,11,41.893840384,-87.637172425,POINT (-87.637172425317 41.893840383735)
JA512681,,11/13/2017 05:30:00 PM,45,NO CONTROLS,NO CONTROLS,UNKNOWN,UNKNOWN,SIDESWIPE SAME DIRECTION,DIVIDED - W/MEDIAN BARRIER,6,STRAIGHT AND LEVEL,UNKNOWN,UNKNOWN,NOT ON SCENE (DESK REPORT),NO INJURY / DRIVE AWAY,,,,"OVER $1,500",11/16/2017 10:30:00 AM,UNABLE TO DETERMINE,UNABLE TO DETERMINE,1001,N,LAKE SHORE DR NB,1824,,,,,,,2,NO INDICATION OF INJURY,0,0,0,0,0,2,0,17,2,11,41.901165416,-87.619582306,POINT (-87.619582305888 41.901165415908)
JA511739,,11/13/2017 05:30:00 PM,30,NO CONTROLS,NO CONTROLS,CLEAR,DUSK,ANGLE,NOT DIVIDED,,STRAIGHT AND LEVEL,DRY,NO DEFECTS,NOT ON SCENE (DESK REPORT),NO INJURY / DRIVE AWAY,,,,"OVER $1,500",11/14/2017 04:40:00 PM,NOT APPLICABLE,NOT APPLICABLE,5300,S,MONITOR AVE,811,,,,,,,2,NO INDICATION OF INJURY,0,0,0,0,0,2,0,17,2,11,41.796234107,-87.768660062,POINT (-87.768660062248 41.79623410744)
JA510626,,11/13/2017 05:40:00 PM,25,NO CONTROLS,NO CONTROLS,CLEAR,"DARKNESS, LIGHTED ROAD",ANGLE,NOT DIVIDED,6,STRAIGHT AND LEVEL,DRY,NO DEFECTS,ON SCENE,INJURY AND / OR TOW DUE TO CRASH,Y,,Y,"OVER $1,500",11/13/2017 05:46:00 PM,FAILING TO YIELD RIGHT-OF-WAY,NOT APPLICABLE,2530,W,DEVON AVE,2412,,,,,,,3,NO INDICATION OF INJURY,0,0,0,0,0,3,0,17,2,11,41.997778465,-87.693485501,POINT (-87.693485501093 41.997778465054)
JA510679,,11/13/2017 05:45:00 PM,30,TRAFFIC SIGNAL,FUNCTIONING PROPERLY,CLEAR,"DARKNESS, LIGHTED ROAD",SIDESWIPE SAME DIRECTION,NOT DIVIDED,4,STRAIGHT AND LEVEL,DRY,"RUT, HOLES",NOT ON SCENE (DESK REPORT),NO INJURY / DRIVE AWAY,Y,,N,"$501 - $1,500",11/13/2017 06:30:00 PM,DRIVING SKILLS/KNOWLEDGE/EXPERIENCE,NOT APPLICABLE,9500,S,JEFFERY AVE,431,,,,,,,2,NO INDICATION OF INJURY,0,0,0,0,0,2,0,17,2,11,41.722375907,-87.575499903,POINT (-87.575499903328 41.722375907041)
JA510641,,11/13/2017 05:54:00 PM,30,TRAFFIC SIGNAL,FUNCTIONING PROPERLY,CLEAR,"DARKNESS, LIGHTED ROAD",SIDESWIPE SAME DIRECTION,NOT DIVIDED,4,STRAIGHT AND LEVEL,DRY,NO DEFECTS,ON SCENE,NO INJURY / DRIVE AWAY,,,,$500 OR LESS,11/13/2017 05:56:00 PM,FAILING TO YIELD RIGHT-OF-WAY,NOT APPLICABLE,930,W,NORTH AVE,1813,,,,Y,CONSTRUCTION,,2,NO INDICATION OF INJURY,0,0,0,0,0,3,0,17,2,11,41.91096276,-87.652334995,POINT (-87.652334994511 41.910962760269)