RD_NO,CRASH_DATE_EST_I,CRASH_DATE,POSTED_SPEED_LIMIT,TRAFFIC_CONTROL_DEVICE,DEVICE_CONDITION,WEATHER_CONDITION,LIGHTING_CONDITION,FIRST_CRASH_TYPE,TRAFFICWAY_TYPE,LANE_CNT,ALIGNMENT,ROADWAY_SURFACE_COND,ROAD_DEFECT,REPORT_TYPE,CRASH_TYPE,INTERSECTION_RELATED_I,NOT_RIGHT_OF_WAY_I,HIT_AND_RUN_I,DAMAGE,DATE_POLICE_NOTIFIED,PRIM_CONTRIBUTORY_CAUSE,SEC_CONTRIBUTORY_CAUSE,STREET_NO,STREET_DIRECTION,STREET_NAME,BEAT_OF_OCCURRENCE,PHOTOS_TAKEN_I,STATEMENTS_TAKEN_I,DOORING_I,WORK_ZONE_I,WORK_ZONE_TYPE,WORKERS_PRESENT_I,NUM_UNITS,MOST_SEVERE_INJURY,INJURIES_TOTAL,INJURIES_FATAL,INJURIES_INCAPACITATING,INJURIES_NON_INCAPACITATING,INJURIES_REPORTED_NOT_EVIDENT,INJURIES_NO_INDICATION,INJURIES_UNKNOWN,CRASH_HOUR,CRASH_DAY_OF_WEEK,CRASH_MONTH,LATITUDE,LONGITUDE,LOCATION
JA511970,,11/13/2017 05:55:00 PM,30,UNKNOWN,UNKNOWN,CLEAR,DAYLIGHT,SIDESWIPE SAME DIRECTION,ONE-WAY,,STRAIGHT AND LEVEL,DRY,UNKNOWN,NOT ON SCENE (DESK REPORT),NO INJURY / DRIVE AWAY,,,,"OVER $1,500",11/14/2017 04:45:00 PM,UNABLE TO DETERMINE,NOT APPLICABLE,356,N,DEARBORN ST,1831,,,,Y,CONSTRUCTION,,2,NO INDICATION OF INJURY,0,0,0,0,0,2,0,17,2,11,41.889082925,-87.629728326,POINT (-87.629728325911 41.889082924502)
JA510657,,11/13/2017 05:55:00 PM,30,TRAFFIC SIGNAL,FUNCTIONING PROPERLY,CLEAR,"DARKNESS, LIGHTED ROAD",SIDESWIPE SAME DIRECTION,NOT DIVIDED,,STRAIGHT AND LEVEL,DRY,NO DEFECTS,NOT ON SCENE (DESK REPORT),NO INJURY / DRIVE AWAY,Y,,,"$501 - $1,500",11/13/2017 06:30:00 PM,UNABLE TO DETERMINE,UNABLE TO DETERMINE,1050,W,CHICAGO AVE,1213,,,,,,,2,NO INDICATION OF INJURY,0,0,0,0,0,2,0,17,2,11,41.896389152,-87.654564143,POINT (-87.654564143042 41.896389151887)
JA510659,,11/13/2017 06:00:00 PM,5,NO CONTROLS,NO CONTROLS,CLEAR,DARKNESS,ANGLE,PARKING LOT,1,STRAIGHT AND LEVEL,DRY,UNKNOWN,NOT ON SCENE (DESK REPORT),NO INJURY / DRIVE AWAY,,,,"OVER $1,500",11/13/2017 06:29:00 PM,IMPROPER BACKING,IMPROPER BACKING,5400,S,PULASKI RD,815,,,,,,,2,NO INDICATION OF INJURY,0,0,0,0,0,2,0,18,2,11,41.794957445,-87.723356565,POINT (-87.723356564996 41.794957444828)
JA511093,,11/13/2017 06:00:00 PM,30,NO CONTROLS,NO CONTROLS,CLEAR,DAYLIGHT,SIDESWIPE SAME DIRECTION,ONE-WAY,2,STRAIGHT AND LEVEL,DRY,NO DEFECTS,NOT ON SCENE (DESK REPORT),NO INJURY / DRIVE AWAY,,,Y,"OVER $1,500",11/14/2017 08:00:00 AM,UNABLE TO DETERMINE,UNABLE TO DETERMINE,500,W,MADISON ST,121,,,,,,,2,NO INDICATION OF INJURY,0,0,0,0,0,2,0,18,2,11,41.881994338,-87.639758685,POINT (-87.639758684881 41.881994338205)
JA510617,,11/13/2017 06:00:00 PM,15,NO CONTROLS,NO CONTROLS,CLEAR,"DARKNESS, LIGHTED ROAD",PARKED MOTOR VEHICLE,NOT DIVIDED,,STRAIGHT AND LEVEL,DRY,NO DEFECTS,ON SCENE,NO INJURY / DRIVE AWAY,,,,$500 OR LESS,11/13/2017 06:02:00 PM,UNABLE TO DETERMINE,UNABLE TO DETERMINE,9351,S,EAST END AVE,413,,,,,,,2,NO INDICATION OF INJURY,0,0,0,0,0,1,0,18,2,11,41.724513787,-87.582454705,POINT (-87.582454704684 41.724513786568)
JA514104,,11/13/2017 06:00:00 PM,30,UNKNOWN,UNKNOWN,UNKNOWN,UNKNOWN,SIDESWIPE SAME DIRECTION,UNKNOWN,,STRAIGHT AND LEVEL,UNKNOWN,UNKNOWN,NOT ON SCENE (DESK REPORT),NO INJURY / DRIVE AWAY,,,,"OVER $1,500",11/16/2017 02:00:00 PM,UNABLE TO DETERMINE,NOT APPLICABLE,4306,W,ADDISON ST,1731,,,,,,,2,NO INDICATION OF INJURY,0,0,0,0,0,5,0,18,2,11,41.9463774,-87.735611026,POINT (-87.735611025701 41.946377399722)
JA510584,,11/13/2017 06:00:00 PM,30,TRAFFIC SIGNAL,FUNCTIONING PROPERLY,CLEAR,"DARKNESS, LIGHTED ROAD",PEDALCYCLIST,NOT DIVIDED,,STRAIGHT AND LEVEL,DRY,NO DEFECTS,ON SCENE,NO INJURY / DRIVE AWAY,,,,"OVER $1,500",11/13/2017 06:00:00 PM,IMPROPER LANE USAGE,FAILING TO REDUCE SPEED TO AVOID CRASH,2798,W,ROOSEVELT RD,1135,,,,,,,2,NO INDICATION OF INJURY,0,0,0,0,0,2,0,18,2,11,41.866621174,-87.695849633,POINT (-87.695849633312 41.866621174158)
JA510668,,11/13/2017 06:04:00 PM,30,TRAFFIC SIGNAL,FUNCTIONING PROPERLY,CLEAR,"DARKNESS, LIGHTED ROAD",SIDESWIPE SAME DIRECTION,NOT DIVIDED,2,STRAIGHT AND LEVEL,DRY,NO DEFECTS,NOT ON SCENE (DESK REPORT),NO INJURY / DRIVE AWAY,,,,"OVER $1,500",11/13/2017 06:39:00 PM,FAILING TO YIELD RIGHT-OF-WAY,NOT APPLICABLE,145,N,HALSTED ST,1224,,,,,,,2,NO INDICATION OF INJURY,0,0,0,0,0,3,0,18,2,11,41.884352416,-87.647287749,POINT (-87.647287749076 41.88435241555)
JA510678,,11/13/2017 06:05:00 PM,15,NO CONTROLS,NO CONTROLS,CLEAR,"DARKNESS, LIGHTED ROAD",PARKED MOTOR VEHICLE,ONE-WAY,,STRAIGHT AND LEVEL,DRY,NO DEFECTS,ON SCENE,NO INJURY / DRIVE AWAY,,,Y,"$501 - $1,500",11/13/2017 06:07:00 PM,UNDER THE INFLUENCE OF ALCOHOL/DRUGS (USE WHEN ARREST IS EFFECTED),"OPERATING VEHICLE IN ERRATIC, RECKLESS, CARELESS, NEGLIGENT OR AGGRESSIVE MANNER",5650,S,WHIPPLE ST,824,,,,,,,3,NO INDICATION OF INJURY,0,0,0,0,0,1,0,18,2,11,41.790259556,-87.699950527,POINT (-87.699950527047 41.790259555651)
JA510662,,11/13/2017 06:05:00 PM,30,TRAFFIC SIGNAL,FUNCTIONING PROPERLY,CLEAR,"DARKNESS, LIGHTED ROAD",TURNING,NOT DIVIDED,,STRAIGHT AND LEVEL,DRY,NO DEFECTS,ON SCENE,NO INJURY / DRIVE AWAY,Y,,,"$501 - $1,500",11/13/2017 06:10:00 PM,IMPROPER LANE USAGE,NOT APPLICABLE,5700,N,SHERIDAN RD,2022,,,,,,,2,NO INDICATION OF INJURY,0,0,0,0,0,4,0,18,2,11,41.985641095,-87.655388544,POINT (-87.655388544127 41.985641095429)
JA510734,,11/13/2017 06:10:00 PM,30,NO CONTROLS,NO CONTROLS,CLEAR,DUSK,REAR END,NOT DIVIDED,,STRAIGHT AND LEVEL,DRY,NO DEFECTS,,NO INJURY / DRIVE AWAY,,,,"OVER $1,500",11/13/2017 07:28:00 PM,NOT APPLICABLE,NOT APPLICABLE,5147,S,ARCHER AVE,815,,,,,,,3,NO INDICATION OF INJURY,0,0,0,0,0,4,0,18,2,11,41.800303872,-87.731742413,POINT (-87.731742412929 41.800303871875)
JA510722,,11/13/2017 06:15:00 PM,25,NO CONTROLS,NO CONTROLS,CLEAR,DAYLIGHT,REAR END,NOT DIVIDED,,STRAIGHT AND LEVEL,DRY,NO DEFECTS,NOT ON SCENE (DESK REPORT),NO INJURY / DRIVE AWAY,,,,"$501 - $1,500",11/13/2017 06:30:00 PM,NOT APPLICABLE,NOT APPLICABLE,3000,W,HARRISON ST,1134,,,,,,,2,NO INDICATION OF INJURY,0,0,0,0,0,3,0,18,2,11,41.873855998,-87.701137345,POINT (-87.701137344971 41.873855998209)
JA510661,,11/13/2017 06:15:00 PM,30,STOP SIGN/FLASHER,UNKNOWN,CLEAR,DARKNESS,PEDESTRIAN,DIVIDED - W/MEDIAN (NOT RAISED),2,STRAIGHT AND LEVEL,UNKNOWN,UNKNOWN,ON SCENE,INJURY AND / OR TOW DUE TO CRASH,,,,$500 OR LESS,11/13/2017 06:20:00 PM,UNABLE TO DETERMINE,UNABLE TO DETERMINE,827,W,CHICAGO AVE,1214,,N,,,,,2,"REPORTED, NOT EVIDENT",1,0,0,0,1,1,0,18,2,11,41.89626855,-87.648876929,POINT (-87.648876929268 41.896268550108)
JA510735,Y,11/13/2017 06:15:00 PM,30,NO CONTROLS,NO CONTROLS,CLEAR,"DARKNESS, LIGHTED ROAD",PARKED MOTOR VEHICLE,DIVIDED - W/MEDIAN (NOT RAISED),,STRAIGHT AND LEVEL,DRY,NO DEFECTS,ON SCENE,NO INJURY / DRIVE AWAY,,,,"$501 - $1,500",11/13/2017 07:01:00 PM,DRIVING SKILLS/KNOWLEDGE/EXPERIENCE,DRIVING SKILLS/KNOWLEDGE/EXPERIENCE,3204,N,CICERO AVE,1634,,,,,,,2,NO INDICATION OF INJURY,0,0,0,0,0,1,0,18,2,11,41.938987965,-87.747021498,POINT (-87.747021497633 41.938987965071)
JA510651,,11/13/2017 06:20:00 PM,30,STOP SIGN/FLASHER,FUNCTIONING PROPERLY,CLEAR,"DARKNESS, LIGHTED ROAD",PEDESTRIAN,NOT DIVIDED,2,STRAIGHT AND LEVEL,DRY,NO DEFECTS,ON SCENE,NO INJURY / DRIVE AWAY,Y,,,$500 OR LESS,11/13/2017 06:25:00 PM,FAILING TO YIELD RIGHT-OF-WAY,UNABLE TO DETERMINE,5449,S,BLACKSTONE AVE,234,,,,,,,2,NO INDICATION OF INJURY,0,0,0,0,0,2,0,18,2,11,41.796660244,-87.590227067,POINT (-87.59022706733 41.796660243936)
JA142249,,11/13/2017 06:20:00 PM,30,NO CONTROLS,NO CONTROLS,CLEAR,"DARKNESS, LIGHTED ROAD",REAR END,OTHER,1,STRAIGHT AND LEVEL,DRY,NO DEFECTS,ON SCENE,INJURY AND / OR TOW DUE TO CRASH,,,Y,"$501 - $1,500",11/13/2017 06:25:00 PM,IMPROPER BACKING,UNABLE TO DETERMINE,4,S,SPRINGFIELD AVE,1122,,,,,,,2,NO INDICATION OF INJURY,0,0,0,0,0,3,0,18,2,11,41.880638522,-87.723377008,POINT (-87.723377008497 41.880638521644)
JA510686,,11/13/2017 06:25:00 PM,30,NO CONTROLS,NO CONTROLS,CLEAR,"DARKNESS, LIGHTED ROAD",REAR END,DIVIDED - W/MEDIAN (NOT RAISED),,STRAIGHT AND LEVEL,DRY,UNKNOWN,ON SCENE,NO INJURY / DRIVE AWAY,,,,"OVER $1,500",11/13/2017 06:31:00 PM,FOLLOWING TOO CLOSELY,NOT APPLICABLE,5700,N,RIDGE AVE,2013,,,,,,,3,NO INDICATION OF INJURY,0,0,0,0,0,3,0,18,2,11,41.985474168,-87.663318016,POINT (-87.663318016372 41.985474167681)
JA511287,,11/13/2017 06:27:00 PM,30,TRAFFIC SIGNAL,FUNCTIONING PROPERLY,CLEAR,"DARKNESS, LIGHTED ROAD",REAR END,NOT DIVIDED,4,STRAIGHT AND LEVEL,DRY,NO DEFECTS,NOT ON SCENE (DESK REPORT),NO INJURY / DRIVE AWAY,Y,,,"OVER $1,500",11/14/2017 11:00:00 AM,FOLLOWING TOO CLOSELY,UNABLE TO DETERMINE,3158,W,MARQUETTE RD,831,,,,,,,2,NO INDICATION OF INJURY,0,0,0,0,0,2,0,18,2,11,41.771785305,-87.702906643,POINT (-87.702906642931 41.771785305032)
JA510719,,11/13/2017 06:30:00 PM,30,STOP SIGN/FLASHER,NO CONTROLS,CLEAR,DARKNESS,TURNING,NOT DIVIDED,,STRAIGHT AND LEVEL,DRY,NO DEFECTS,NOT ON SCENE (DESK REPORT),NO INJURY / DRIVE AWAY,Y,,,"$501 - $1,500",11/13/2017 07:15:00 PM,IMPROPER TURNING/NO SIGNAL,NOT APPLICABLE,4500,S,RACINE AVE,924,,,,,,,2,NO INDICATION OF INJURY,0,0,0,0,0,2,0,18,2,11,41.812276979,-87.655389735,POINT (-87.655389735492 41.812276978703)
JA510689,,11/13/2017 06:30:00 PM,30,NO CONTROLS,NO CONTROLS,CLEAR,DUSK,PARKED MOTOR VEHICLE,NOT DIVIDED,2,STRAIGHT AND LEVEL,DRY,NO DEFECTS,NOT ON SCENE (DESK REPORT),NO INJURY / DRIVE AWAY,,,,"OVER $1,500",11/13/2017 06:50:00 PM,UNABLE TO DETERMINE,NOT APPLICABLE,205,E,PEARSON ST,1833,,,,,,,2,NO INDICATION OF INJURY,0,0,0,0,0,2,0,18,2,11,41.897509136,-87.621595879,POINT (-87.621595879475 41.89750913576)
JA511051,,11/13/2017 06:30:00 PM,30,TRAFFIC SIGNAL,FUNCTIONING PROPERLY,CLEAR,DARKNESS,TURNING,DIVIDED - W/MEDIAN (NOT RAISED),2,CURVE ON GRADE,DRY,NO DEFECTS,NOT ON SCENE (DESK REPORT),NO INJURY / DRIVE AWAY,,,,"$501 - $1,500",11/14/2017 07:12:00 AM,IMPROPER OVERTAKING/PASSING,UNABLE TO DETERMINE,10300,S,MICHIGAN AVE,512,,,,,,,2,NO INDICATION OF INJURY,0,0,0,0,0,3,0,18,2,11,41.707182175,-87.620361492,POINT (-87.620361492183 41.707182175387)
JA510677,,11/13/2017 06:30:00 PM,35,TRAFFIC SIGNAL,FUNCTIONING PROPERLY,CLEAR,"DARKNESS, LIGHTED ROAD",TURNING,DIVIDED - W/MEDIAN (NOT RAISED),,STRAIGHT AND LEVEL,DRY,NO DEFECTS,ON SCENE,INJURY AND / OR TOW DUE TO CRASH,,,,"OVER $1,500",11/13/2017 06:35:00 PM,DISREGARDING ROAD MARKINGS,NOT APPLICABLE,8411,W,LAWRENCE AVE,1614,,,,,,,2,NO INDICATION OF INJURY,0,0,0,0,0,2,0,18,2,11,41.966479097,-87.837143868,POINT (-87.837143868359 41.966479097341)
JA516710,,11/13/2017 06:40:00 PM,30,RAILROAD CROSSING GATE,UNKNOWN,UNKNOWN,"DARKNESS, LIGHTED ROAD",OTHER NONCOLLISION,UNKNOWN,1,STRAIGHT ON HILLCREST,UNKNOWN,WORN SURFACE,NOT ON SCENE (DESK REPORT),NO INJURY / DRIVE AWAY,,,,"OVER $1,500",11/19/2017 01:00:00 PM,ROAD ENGINEERING/SURFACE/MARKING DEFECTS,NOT APPLICABLE,9000,S,PARNELL AVE,2223,,,,,,,1,NO INDICATION OF INJURY,0,0,0,0,0,1,0,18,2,11,41.730782281,-87.637538505,POINT (-87.637538505218 41.730782281265)
JA510680,,11/13/2017 06:40:00 PM,35,TRAFFIC SIGNAL,FUNCTIONING PROPERLY,CLEAR,"DARKNESS, LIGHTED ROAD",SIDESWIPE SAME DIRECTION,DIVIDED - W/MEDIAN (NOT RAISED),,STRAIGHT AND LEVEL,DRY,NO DEFECTS,ON SCENE,INJURY AND / OR TOW DUE TO CRASH,,,,"OVER $1,500",11/13/2017 06:50:00 PM,FAILING TO REDUCE SPEED TO AVOID CRASH,DRIVING SKILLS/KNOWLEDGE/EXPERIENCE,4700,W,87TH ST,834,,Y,,,,,2,NO INDICATION OF INJURY,0,0,0,0,0,3,0,18,2,11,41.734667421,-87.7384847,POINT (-87.738484699694 41.734667420977)
JA510759,,11/13/2017 06:44:00 PM,30,TRAFFIC SIGNAL,FUNCTIONING PROPERLY,CLOUDY/OVERCAST,"DARKNESS, LIGHTED ROAD",TURNING,NOT DIVIDED,4,STRAIGHT AND LEVEL,DRY,NO DEFECTS,ON SCENE,INJURY AND / OR TOW DUE TO CRASH,Y,,,"OVER $1,500",11/13/2017 07:36:00 PM,DISREGARDING TRAFFIC SIGNALS,UNABLE TO DETERMINE,11047,S,HALSTED ST,2233,,,,,,,2,NONINCAPACITATING INJURY,2,0,0,1,1,1,0,18,2,11,41.69278843,-87.642242607,POINT (-87.642242607003 41.692788430366)
JA511583,,11/13/2017 06:45:00 PM,30,NO CONTROLS,NO CONTROLS,CLEAR,"DARKNESS, LIGHTED ROAD",PEDALCYCLIST,NOT DIVIDED,,STRAIGHT AND LEVEL,DRY,NO DEFECTS,NOT ON SCENE (DESK REPORT),NO INJURY / DRIVE AWAY,Y,,,"$501 - $1,500",11/14/2017 03:15:00 PM,UNABLE TO DETERMINE,UNABLE TO DETERMINE,1247,N,HALSTED ST,1822,,,,,,,2,NO INDICATION OF INJURY,0,0,0,0,0,2,0,18,2,11,41.904905772,-87.647969408,POINT (-87.647969407797 41.904905771535)
JA510703,,11/13/2017 06:45:00 PM,30,UNKNOWN,UNKNOWN,CLEAR,DAYLIGHT,REAR END,UNKNOWN,,STRAIGHT AND LEVEL,DRY,UNKNOWN,NOT ON SCENE (DESK REPORT),NO INJURY / DRIVE AWAY,,,,"$501 - $1,500",11/13/2017 07:02:00 PM,FOLLOWING TOO CLOSELY,FOLLOWING TOO CLOSELY,3940,W,FULLERTON AVE,2524,,,,,,,2,NO INDICATION OF INJURY,0,0,0,0,0,2,0,18,2,11,41.924602104,-87.725950606,POINT (-87.725950606183 41.924602103712)
JA510707,,11/13/2017 06:49:00 PM,30,NO CONTROLS,NO CONTROLS,CLEAR,DARKNESS,TURNING,NOT DIVIDED,2,STRAIGHT AND LEVEL,DRY,UNKNOWN,NOT ON SCENE (DESK REPORT),NO INJURY / DRIVE AWAY,,,,"OVER $1,500",11/13/2017 06:59:00 PM,IMPROPER OVERTAKING/PASSING,FAILING TO YIELD RIGHT-OF-WAY,6300,S,HAMLIN AVE,823,,,,,,,2,NO INDICATION OF INJURY,0,0,0,0,0,2,0,18,2,11,41.778686391,-87.717999928,POINT (-87.717999927567 41.778686391467)
JA510950,,11/13/2017 06:50:00 PM,15,NO CONTROLS,NO CONTROLS,CLEAR,"DARKNESS, LIGHTED ROAD",PARKED MOTOR VEHICLE,PARKING LOT,0,STRAIGHT AND LEVEL,DRY,NO DEFECTS,NOT ON SCENE (DESK REPORT),NO INJURY / DRIVE AWAY,,Y,Y,"$501 - $1,500",11/13/2017 11:30:00 PM,UNABLE TO DETERMINE,NOT APPLICABLE,8331,S,STEWART AVE,622,,,,,,,2,NO INDICATION OF INJURY,0,0,0,0,0,1,0,18,2,11,41.742577617,-87.633936931,POINT (-87.633936930688 41.742577617335)
JA510761,,11/13/2017 06:55:00 PM,30,STOP SIGN/FLASHER,FUNCTIONING PROPERLY,CLEAR,"DARKNESS, LIGHTED ROAD",ANIMAL,NOT DIVIDED,2,STRAIGHT AND LEVEL,DRY,NO DEFECTS,ON SCENE,INJURY AND / OR TOW DUE TO CRASH,,,,$500 OR LESS,11/13/2017 06:59:00 PM,ANIMAL,UNABLE TO DETERMINE,5133,N,CALIFORNIA AVE,2031,,,,,,,2,NONINCAPACITATING INJURY,1,0,0,1,0,1,0,18,2,11,41.975007035,-87.698747628,POINT (-87.698747627978 41.975007034502)
JA520639,,11/13/2017 07:00:00 PM,10,NO CONTROLS,NO CONTROLS,CLEAR,DARKNESS,PARKED MOTOR VEHICLE,PARKING LOT,,STRAIGHT AND LEVEL,UNKNOWN,UNKNOWN,NOT ON SCENE (DESK REPORT),NO INJURY / DRIVE AWAY,,,Y,"$501 - $1,500",11/21/2017 04:28:00 PM,UNABLE TO DETERMINE,NOT APPLICABLE,4500,N,BROADWAY,1913,,,,,,,2,NO INDICATION OF INJURY,0,0,0,0,0,1,0,19,2,11,41.963788964,-87.656606492,POINT (-87.656606492376 41.963788964252)
JA530948,Y,11/13/2017 07:00:00 PM,30,NO CONTROLS,NO CONTROLS,UNKNOWN,UNKNOWN,PARKED MOTOR VEHICLE,DIVIDED - W/MEDIAN (NOT RAISED),2,STRAIGHT AND LEVEL,DRY,NO DEFECTS,NOT ON SCENE (DESK REPORT),NO INJURY / DRIVE AWAY,,,Y,"$501 - $1,500",11/30/2017 12:40:00 PM,UNABLE TO DETERMINE,NOT APPLICABLE,3600,W,CORTLAND ST,2535,,,,,,,2,NO INDICATION OF INJURY,0,0,0,0,0,1,0,19,2,11,41.915571854,-87.716781338,POINT (-87.716781338058 41.91557185415)
JA510739,,11/13/2017 07:03:00 PM,5,NO CONTROLS,NO CONTROLS,CLEAR,"DARKNESS, LIGHTED ROAD",PARKED MOTOR VEHICLE,PARKING LOT,,STRAIGHT AND LEVEL,DRY,NO DEFECTS,ON SCENE,INJURY AND / OR TOW DUE TO CRASH,,Y,N,"OVER $1,500",11/13/2017 07:03:00 PM,"OPERATING VEHICLE IN ERRATIC, RECKLESS, CARELESS, NEGLIGENT OR AGGRESSIVE MANNER",EXCEEDING AUTHORIZED SPEED LIMIT,424,W,31ST ST,914,Y,,,,,,2,NO INDICATION OF INJURY,0,0,0,0,0,1,0,19,2,11,41.83826777,-87.637620123,POINT (-87.637620123449 41.838267770397)
JA510732,,11/13/2017 07:07:00 PM,30,STOP SIGN/FLASHER,FUNCTIONING PROPERLY,CLEAR,"DARKNESS, LIGHTED ROAD",FIXED OBJECT,NOT DIVIDED,2,STRAIGHT AND LEVEL,DRY,NO DEFECTS,ON SCENE,INJURY AND / OR TOW DUE TO CRASH,,,,"OVER $1,500",11/13/2017 07:07:00 PM,"OPERATING VEHICLE IN ERRATIC, RECKLESS, CARELESS, NEGLIGENT OR AGGRESSIVE MANNER",EXCEEDING AUTHORIZED SPEED LIMIT,3305,S,CALUMET AVE,211,Y,,,,,,1,NO INDICATION OF INJURY,0,0,0,0,0,1,0,19,2,11,41.834608061,-87.618046022,POINT (-87.618046022232 41.834608061065)
JA510754,,11/13/2017 07:10:00 PM,30,TRAFFIC SIGNAL,FUNCTIONING PROPERLY,CLEAR,"DARKNESS, LIGHTED ROAD",TURNING,CENTER TURN LANE,0,STRAIGHT AND LEVEL,DRY,NO DEFECTS,NOT ON SCENE (DESK REPORT),NO INJURY / DRIVE AWAY,Y,,Y,"$501 - $1,500",11/13/2017 07:35:00 PM,IMPROPER TURNING/NO SIGNAL,UNABLE TO DETERMINE,2800,N,ELSTON AVE,1411,,,,,,,2,NO INDICATION OF INJURY,0,0,0,0,0,2,0,19,2,11,41.932195918,-87.688108533,POINT (-87.688108532942 41.93219591779)
JA510805,,11/13/2017 07:18:00 PM,30,NO CONTROLS,NO CONTROLS,CLEAR,"DARKNESS, LIGHTED ROAD",PEDESTRIAN,NOT DIVIDED,,STRAIGHT AND LEVEL,DRY,NO DEFECTS,ON SCENE,NO INJURY / DRIVE AWAY,,,,$500 OR LESS,11/13/2017 08:10:00 PM,NOT APPLICABLE,NOT APPLICABLE,2601,N,HALSTED ST,1935,,,,,,,2,NO INDICATION OF INJURY,0,0,0,0,0,2,0,19,2,11,41.929209817,-87.648746265,POINT (-87.648746264964 41.929209817007)
JA510777,,11/13/2017 07:18:00 PM,30,TRAFFIC SIGNAL,FUNCTIONING PROPERLY,CLEAR,DARKNESS,ANGLE,NOT DIVIDED,6,STRAIGHT AND LEVEL,DRY,NO DEFECTS,ON SCENE,INJURY AND / OR TOW DUE TO CRASH,Y,,,"OVER $1,500",11/13/2017 07:20:00 PM,FAILING TO YIELD RIGHT-OF-WAY,UNABLE TO DETERMINE,7201,W,HIGGINS AVE,1613,,,,,,,3,NO INDICATION OF INJURY,0,0,0,0,0,3,0,19,2,11,41.981027632,-87.807080762,POINT (-87.807080762271 41.981027631859)
JA510770,,11/13/2017 07:22:00 PM,30,NO CONTROLS,NO CONTROLS,CLEAR,"DARKNESS, LIGHTED ROAD",PARKED MOTOR VEHICLE,DIVIDED - W/MEDIAN (NOT RAISED),2,STRAIGHT AND LEVEL,DRY,NO DEFECTS,ON SCENE,INJURY AND / OR TOW DUE TO CRASH,,,Y,"OVER $1,500",11/13/2017 07:22:00 PM,"OPERATING VEHICLE IN ERRATIC, RECKLESS, CARELESS, NEGLIGENT OR AGGRESSIVE MANNER",NOT APPLICABLE,7626,S,HALSTED ST,621,,,,,,,2,"REPORTED, NOT EVIDENT",2,0,0,0,2,0,0,19,2,11,41.755262826,-87.644307811,POINT (-87.644307811369 41.755262825535)
JA512645,,11/13/2017 07:30:00 PM,35,STOP SIGN/FLASHER,FUNCTIONING PROPERLY,CLEAR,"DARKNESS, LIGHTED ROAD",SIDESWIPE SAME DIRECTION,ONE-WAY,3,STRAIGHT AND LEVEL,DRY,NO DEFECTS,NOT ON SCENE (DESK REPORT),NO INJURY / DRIVE AWAY,,,Y,"OVER $1,500",11/15/2017 11:50:00 AM,FAILING TO REDUCE SPEED TO AVOID CRASH,EXCEEDING SAFE SPEED FOR CONDITIONS,725,N,RUSH ST,1834,,,,,,,2,NO INDICATION OF INJURY,0,0,0,0,0,2,0,19,2,11,41.895683478,-87.625333051,POINT (-87.625333050952 41.895683478401)
JA398564,Y,11/13/2017 07:35:00 PM,25,NO CONTROLS,NO CONTROLS,CLEAR,UNKNOWN,PARKED MOTOR VEHICLE,NOT DIVIDED,2,STRAIGHT AND LEVEL,DRY,NO DEFECTS,ON SCENE,NO INJURY / DRIVE AWAY,,,Y,"OVER $1,500",11/13/2017 07:43:00 PM,UNABLE TO DETERMINE,UNABLE TO DETERMINE,1756,W,TAYLOR ST,1231,,,,,,,2,NO INDICATION OF INJURY,0,0,0,0,0,1,0,19,2,11,41.869302257,-87.671271191,POINT (-87.671271191376 41.869302256606)
JA510804,,11/13/2017 07:54:00 PM,35,STOP SIGN/FLASHER,FUNCTIONING PROPERLY,CLEAR,DARKNESS,ANGLE,NOT DIVIDED,2,STRAIGHT AND LEVEL,DRY,NO DEFECTS,ON SCENE,NO INJURY / DRIVE AWAY,Y,,Y,"$501 - $1,500",11/13/2017 07:58:00 PM,DISREGARDING STOP SIGN,FAILING TO REDUCE SPEED TO AVOID CRASH,3830,N,ELSTON AVE,1732,,,,,,,2,NO INDICATION OF INJURY,0,0,0,0,0,4,0,19,2,11,41.950870763,-87.715251478,POINT (-87.71525147828 41.950870762719)
JA510814,,11/13/2017 07:55:00 PM,30,TRAFFIC SIGNAL,FUNCTIONING PROPERLY,CLOUDY/OVERCAST,"DARKNESS, LIGHTED ROAD",FIXED OBJECT,NOT DIVIDED,,STRAIGHT AND LEVEL,DRY,NO DEFECTS,ON SCENE,INJURY AND / OR TOW DUE TO CRASH,,Y,,"OVER $1,500",11/13/2017 07:56:00 PM,FAILING TO REDUCE SPEED TO AVOID CRASH,UNABLE TO DETERMINE,3158,W,55TH ST,923,,,,,,,1,NONINCAPACITATING INJURY,1,0,0,1,0,0,0,19,2,11,41.793624505,-87.70349595,POINT (-87.703495950362 41.793624504507)
JA510789,,11/13/2017 07:56:00 PM,30,TRAFFIC SIGNAL,FUNCTIONING PROPERLY,CLEAR,"DARKNESS, LIGHTED ROAD",FIXED OBJECT,NOT DIVIDED,2,STRAIGHT AND LEVEL,DRY,NO DEFECTS,ON SCENE,INJURY AND / OR TOW DUE TO CRASH,Y,,,"OVER $1,500",11/13/2017 07:57:00 PM,UNABLE TO DETERMINE,UNABLE TO DETERMINE,11500,S,MICHIGAN AVE,532,,,,,,,1,NONINCAPACITATING INJURY,1,0,0,1,0,0,0,19,2,11,41.685271223,-87.620947158,POINT (-87.620947158386 41.685271222904)
JA512185,N,11/13/2017 08:00:00 PM,30,NO CONTROLS,NO CONTROLS,CLEAR,"DARKNESS, LIGHTED ROAD",PARKED MOTOR VEHICLE,PARKING LOT,,STRAIGHT AND LEVEL,DRY,NO DEFECTS,ON SCENE,NO INJURY / DRIVE AWAY,,Y,Y,"$501 - $1,500",11/14/2017 09:18:00 PM,UNABLE TO DETERMINE,NOT APPLICABLE,1914,W,DIVISION ST,1424,,,,,,,2,NO INDICATION OF INJURY,0,0,0,0,0,1,0,20,2,11,41.903331032,-87.675433918,POINT (-87.675433918003 41.903331032064)