RD_NO,CRASH_DATE_EST_I,CRASH_DATE,POSTED_SPEED_LIMIT,TRAFFIC_CONTROL_DEVICE,DEVICE_CONDITION,WEATHER_CONDITION,LIGHTING_CONDITION,FIRST_CRASH_TYPE,TRAFFICWAY_TYPE,LANE_CNT,ALIGNMENT,ROADWAY_SURFACE_COND,ROAD_DEFECT,REPORT_TYPE,CRASH_TYPE,INTERSECTION_RELATED_I,NOT_RIGHT_OF_WAY_I,HIT_AND_RUN_I,DAMAGE,DATE_POLICE_NOTIFIED,PRIM_CONTRIBUTORY_CAUSE,SEC_CONTRIBUTORY_CAUSE,STREET_NO,STREET_DIRECTION,STREET_NAME,BEAT_OF_OCCURRENCE,PHOTOS_TAKEN_I,STATEMENTS_TAKEN_I,DOORING_I,WORK_ZONE_I,WORK_ZONE_TYPE,WORKERS_PRESENT_I,NUM_UNITS,MOST_SEVERE_INJURY,INJURIES_TOTAL,INJURIES_FATAL,INJURIES_INCAPACITATING,INJURIES_NON_INCAPACITATING,INJURIES_REPORTED_NOT_EVIDENT,INJURIES_NO_INDICATION,INJURIES_UNKNOWN,CRASH_HOUR,CRASH_DAY_OF_WEEK,CRASH_MONTH,LATITUDE,LONGITUDE,LOCATION
JA510813,,11/13/2017 08:00:00 PM,30,NO CONTROLS,NO CONTROLS,CLEAR,DARKNESS,REAR END,NOT DIVIDED,2,STRAIGHT AND LEVEL,DRY,NO DEFECTS,NOT ON SCENE (DESK REPORT),NO INJURY / DRIVE AWAY,,,,$500 OR LESS,11/13/2017 08:30:00 PM,FOLLOWING TOO CLOSELY,NOT APPLICABLE,7200,W,TALCOTT AVE,1612,,,,,,,2,NO INDICATION OF INJURY,0,0,0,0,0,2,0,20,2,11,41.985980844,-87.80690787,POINT (-87.806907869923 41.985980844436)
JA510923,Y,11/13/2017 08:00:00 PM,10,NO CONTROLS,NO CONTROLS,CLEAR,"DARKNESS, LIGHTED ROAD",PARKED MOTOR VEHICLE,PARKING LOT,,STRAIGHT AND LEVEL,DRY,NO DEFECTS,ON SCENE,NO INJURY / DRIVE AWAY,,,Y,$500 OR LESS,11/13/2017 10:06:00 PM,UNABLE TO DETERMINE,NOT APPLICABLE,6311,N,OAKLEY AVE,2413,,,,,,,2,NO INDICATION OF INJURY,0,0,0,0,0,1,0,20,2,11,41.996328574,-87.687247499,POINT (-87.687247498657 41.99632857432)
JA501836,,11/13/2017 08:53:00 PM,30,NO CONTROLS,NO CONTROLS,CLEAR,"DARKNESS, LIGHTED ROAD",PARKED MOTOR VEHICLE,DIVIDED - W/MEDIAN BARRIER,4,STRAIGHT AND LEVEL,DRY,NO DEFECTS,ON SCENE,NO INJURY / DRIVE AWAY,,,Y,"$501 - $1,500",11/13/2017 08:54:00 PM,UNABLE TO DETERMINE,UNABLE TO DETERMINE,7728,S,ASHLAND AVE,611,,,,,,,2,NO INDICATION OF INJURY,0,0,0,0,0,1,0,20,2,11,41.753110636,-87.663650967,POINT (-87.663650967029 41.753110635705)
JA510910,Y,11/13/2017 09:00:00 PM,25,NO CONTROLS,NO CONTROLS,CLEAR,"DARKNESS, LIGHTED ROAD",PARKED MOTOR VEHICLE,NOT DIVIDED,,STRAIGHT AND LEVEL,DRY,NO DEFECTS,ON SCENE,NO INJURY / DRIVE AWAY,,,Y,$500 OR LESS,11/13/2017 09:20:00 PM,NOT APPLICABLE,NOT APPLICABLE,2002,S,WENTWORTH AVE,914,,,,,,,2,NO INDICATION OF INJURY,0,0,0,0,0,1,0,21,2,11,41.855281704,-87.631992642,POINT (-87.631992642294 41.855281703774)
JA510900,,11/13/2017 09:15:00 PM,15,NO CONTROLS,NO CONTROLS,CLEAR,"DARKNESS, LIGHTED ROAD",PARKED MOTOR VEHICLE,ONE-WAY,1,STRAIGHT AND LEVEL,DRY,NO DEFECTS,ON SCENE,NO INJURY / DRIVE AWAY,,,Y,"$501 - $1,500",11/13/2017 10:10:00 PM,UNABLE TO DETERMINE,UNABLE TO DETERMINE,6402,N,CAMPBELL AVE,2412,,,,,,,2,NO INDICATION OF INJURY,0,0,0,0,0,1,0,21,2,11,41.997832809,-87.692475361,POINT (-87.692475360618 41.997832808753)
JA510860,,11/13/2017 09:15:00 PM,15,NO CONTROLS,NO CONTROLS,UNKNOWN,UNKNOWN,PARKED MOTOR VEHICLE,PARKING LOT,0,STRAIGHT AND LEVEL,DRY,NO DEFECTS,ON SCENE,NO INJURY / DRIVE AWAY,,Y,Y,"OVER $1,500",11/13/2017 09:20:00 PM,IMPROPER BACKING,UNABLE TO DETERMINE,2607,W,17TH ST,1023,,,,,,,2,NO INDICATION OF INJURY,0,0,0,0,0,1,0,21,2,11,41.858269474,-87.691066582,POINT (-87.691066582222 41.858269474138)
JA510901,,11/13/2017 09:18:00 PM,30,NO CONTROLS,NO CONTROLS,CLEAR,"DARKNESS, LIGHTED ROAD",SIDESWIPE SAME DIRECTION,DIVIDED - W/MEDIAN (NOT RAISED),2,STRAIGHT AND LEVEL,DRY,NO DEFECTS,NOT ON SCENE (DESK REPORT),NO INJURY / DRIVE AWAY,,,,"OVER $1,500",11/13/2017 10:18:00 PM,IMPROPER LANE USAGE,FAILING TO YIELD RIGHT-OF-WAY,4419,N,KEDZIE AVE,1724,,,,,,,2,NO INDICATION OF INJURY,0,0,0,0,0,2,0,21,2,11,41.961747847,-87.708116825,POINT (-87.708116824594 41.961747846871)
JA510891,,11/13/2017 09:35:00 PM,30,STOP SIGN/FLASHER,UNKNOWN,UNKNOWN,UNKNOWN,ANGLE,ONE-WAY,1,STRAIGHT AND LEVEL,UNKNOWN,UNKNOWN,NOT ON SCENE (DESK REPORT),INJURY AND / OR TOW DUE TO CRASH,Y,,,"OVER $1,500",11/13/2017 10:10:00 PM,UNABLE TO DETERMINE,NOT APPLICABLE,6200,N,RAVENSWOOD AVE,2413,,,,,,,2,NO INDICATION OF INJURY,0,0,0,0,0,4,0,21,2,11,41.994357758,-87.675539058,POINT (-87.675539058324 41.994357757823)
JA511388,,11/13/2017 09:45:00 PM,45,NO CONTROLS,NO CONTROLS,CLEAR,DARKNESS,FIXED OBJECT,DIVIDED - W/MEDIAN BARRIER,8,STRAIGHT AND LEVEL,DRY,NO DEFECTS,NOT ON SCENE (DESK REPORT),NO INJURY / DRIVE AWAY,,,,"OVER $1,500",11/14/2017 12:35:00 PM,EQUIPMENT - VEHICLE CONDITION,EQUIPMENT - VEHICLE CONDITION,1800,S,LAKE SHORE DR E,132,,,,,,,1,NO INDICATION OF INJURY,0,0,0,0,0,1,0,21,2,11,41.857909669,-87.616594139,POINT (-87.616594138523 41.857909668758)
JA510894,N,11/13/2017 10:00:00 PM,30,UNKNOWN,UNKNOWN,CLEAR,"DARKNESS, LIGHTED ROAD",REAR END,NOT DIVIDED,4,STRAIGHT AND LEVEL,DRY,NO DEFECTS,ON SCENE,INJURY AND / OR TOW DUE TO CRASH,,,,"OVER $1,500",11/13/2017 10:04:00 PM,FOLLOWING TOO CLOSELY,IMPROPER OVERTAKING/PASSING,3354,W,IRVING PARK RD,1724,,,,,,,2,NO INDICATION OF INJURY,0,0,0,0,0,2,0,22,2,11,41.953969746,-87.712689183,POINT (-87.712689183122 41.953969745813)
JA510911,,11/13/2017 10:00:00 PM,30,TRAFFIC SIGNAL,FUNCTIONING PROPERLY,CLEAR,"DARKNESS, LIGHTED ROAD",ANGLE,DIVIDED - W/MEDIAN BARRIER,4,STRAIGHT AND LEVEL,DRY,NO DEFECTS,NOT ON SCENE (DESK REPORT),NO INJURY / DRIVE AWAY,Y,,Y,"OVER $1,500",11/13/2017 10:26:00 PM,DISREGARDING TRAFFIC SIGNALS,UNABLE TO DETERMINE,10300,S,HALSTED ST,2232,,,,,,,2,NO INDICATION OF INJURY,0,0,0,0,0,2,0,22,2,11,41.706823337,-87.642977469,POINT (-87.642977469284 41.706823336585)
JA510924,,11/13/2017 10:24:00 PM,30,TRAFFIC SIGNAL,FUNCTIONING PROPERLY,CLEAR,"DARKNESS, LIGHTED ROAD",TURNING,DIVIDED - W/MEDIAN BARRIER,6,STRAIGHT AND LEVEL,DRY,NO DEFECTS,ON SCENE,INJURY AND / OR TOW DUE TO CRASH,Y,,,"OVER $1,500",11/13/2017 10:24:00 PM,FAILING TO YIELD RIGHT-OF-WAY,IMPROPER LANE USAGE,7900,S,STONY ISLAND AVE,411,,,,,,,2,"REPORTED, NOT EVIDENT",1,0,0,0,1,2,0,22,2,11,41.751460603,-87.585971993,POINT (-87.585971992965 41.751460603167)
JA510918,,11/13/2017 10:31:00 PM,30,NO CONTROLS,NO CONTROLS,CLOUDY/OVERCAST,"DARKNESS, LIGHTED ROAD",PARKED MOTOR VEHICLE,ONE-WAY,1,STRAIGHT AND LEVEL,DRY,UNKNOWN,ON SCENE,INJURY AND / OR TOW DUE TO CRASH,,,,"OVER $1,500",11/13/2017 10:52:00 PM,DRIVING SKILLS/KNOWLEDGE/EXPERIENCE,HAD BEEN DRINKING (USE WHEN ARREST IS NOT MADE),6801,S,INDIANA AVE,322,,,,,,,3,"REPORTED, NOT EVIDENT",1,0,0,0,1,0,0,22,2,11,41.770975134,-87.620110275,POINT (-87.620110275244 41.770975134397)
JA510930,,11/13/2017 10:42:00 PM,30,TRAFFIC SIGNAL,FUNCTIONING PROPERLY,CLEAR,"DARKNESS, LIGHTED ROAD",TURNING,NOT DIVIDED,,STRAIGHT AND LEVEL,DRY,NO DEFECTS,ON SCENE,NO INJURY / DRIVE AWAY,Y,,N,"$501 - $1,500",11/13/2017 10:45:00 PM,IMPROPER TURNING/NO SIGNAL,FAILING TO YIELD RIGHT-OF-WAY,3950,N,PULASKI RD,1732,,,,,,,2,NO INDICATION OF INJURY,0,0,0,0,0,2,0,22,2,11,41.953361227,-87.727756631,POINT (-87.727756631403 41.953361227267)
JA510948,,11/13/2017 11:04:00 PM,30,NO CONTROLS,NO CONTROLS,CLEAR,DARKNESS,FIXED OBJECT,ONE-WAY,,STRAIGHT AND LEVEL,DRY,NO DEFECTS,NOT ON SCENE (DESK REPORT),NO INJURY / DRIVE AWAY,,Y,,"OVER $1,500",11/13/2017 11:35:00 PM,UNABLE TO DETERMINE,NOT APPLICABLE,4811,W,WAVELAND AVE,1634,,,,N,,,1,NO INDICATION OF INJURY,0,0,0,0,0,1,0,23,2,11,41.947838491,-87.747640085,POINT (-87.74764008526 41.947838491206)
JA510956,,11/13/2017 11:37:00 PM,30,NO CONTROLS,NO CONTROLS,CLEAR,"DARKNESS, LIGHTED ROAD",PARKED MOTOR VEHICLE,NOT DIVIDED,4,STRAIGHT AND LEVEL,DRY,NO DEFECTS,ON SCENE,NO INJURY / DRIVE AWAY,,,,$500 OR LESS,11/13/2017 11:37:00 PM,IMPROPER BACKING,DRIVING SKILLS/KNOWLEDGE/EXPERIENCE,4,W,CHICAGO AVE,1832,,Y,,,,,2,NO INDICATION OF INJURY,0,0,0,0,0,3,0,23,2,11,41.896784897,-87.62836427,POINT (-87.628364270239 41.896784897154)
JA547059,Y,11/13/2017 11:40:00 PM,30,NO CONTROLS,NO CONTROLS,CLEAR,"DARKNESS, LIGHTED ROAD",PARKED MOTOR VEHICLE,DIVIDED - W/MEDIAN BARRIER,4,STRAIGHT AND LEVEL,DRY,NO DEFECTS,NOT ON SCENE (DESK REPORT),NO INJURY / DRIVE AWAY,,,Y,"$501 - $1,500",12/12/2017 11:45:00 PM,DRIVING SKILLS/KNOWLEDGE/EXPERIENCE,"OPERATING VEHICLE IN ERRATIC, RECKLESS, CARELESS, NEGLIGENT OR AGGRESSIVE MANNER",5701,W,MADISON ST,1513,,,,,,,2,NO INDICATION OF INJURY,0,0,0,0,0,1,0,23,2,11,41.880083461,-87.768199889,POINT (-87.768199889011 41.880083461427)
JA511377,,11/13/2017 11:45:00 PM,30,NO CONTROLS,NO CONTROLS,CLEAR,"DARKNESS, LIGHTED ROAD",TURNING,NOT DIVIDED,4,STRAIGHT AND LEVEL,DRY,NO DEFECTS,NOT ON SCENE (DESK REPORT),NO INJURY / DRIVE AWAY,,,Y,$500 OR LESS,11/14/2017 12:30:00 PM,FAILING TO YIELD RIGHT-OF-WAY,NOT APPLICABLE,6313,N,HARLEM AVE,1612,,,,,,,2,NO INDICATION OF INJURY,0,0,0,0,0,2,0,23,2,11,41.995787119,-87.806665481,POINT (-87.806665480894 41.995787119275)
JA512013,Y,11/14/2017 01:00:00 AM,30,NO CONTROLS,NO CONTROLS,UNKNOWN,"DARKNESS, LIGHTED ROAD",PARKED MOTOR VEHICLE,ONE-WAY,,STRAIGHT AND LEVEL,DRY,NO DEFECTS,NOT ON SCENE (DESK REPORT),NO INJURY / DRIVE AWAY,,,Y,"OVER $1,500",11/14/2017 07:40:00 PM,UNABLE TO DETERMINE,NOT APPLICABLE,5215,W,GEORGE ST,2514,,,,,,,2,NO INDICATION OF INJURY,0,0,0,0,0,1,0,1,3,11,41.933107178,-87.757136827,POINT (-87.757136826759 41.933107178143)
JA510982,,11/14/2017 01:05:00 AM,30,TRAFFIC SIGNAL,FUNCTIONING PROPERLY,CLEAR,"DARKNESS, LIGHTED ROAD",ANGLE,DIVIDED - W/MEDIAN (NOT RAISED),,STRAIGHT AND LEVEL,DRY,NO DEFECTS,ON SCENE,INJURY AND / OR TOW DUE TO CRASH,Y,,,"OVER $1,500",11/14/2017 01:07:00 AM,DISREGARDING TRAFFIC SIGNALS,UNABLE TO DETERMINE,300,S,HALSTED ST,1232,,,,,,,2,NO INDICATION OF INJURY,0,0,0,0,0,3,0,1,3,11,41.877914752,-87.647388281,POINT (-87.647388281435 41.877914752179)
JA510992,,11/14/2017 01:43:00 AM,30,NO CONTROLS,NO CONTROLS,CLEAR,DARKNESS,PARKED MOTOR VEHICLE,PARKING LOT,,STRAIGHT AND LEVEL,DRY,UNKNOWN,ON SCENE,NO INJURY / DRIVE AWAY,,N,Y,"$501 - $1,500",11/14/2017 01:58:00 AM,UNABLE TO DETERMINE,IMPROPER BACKING,3942,W,CERMAK RD,1014,,,,,,,2,NO INDICATION OF INJURY,0,0,0,0,0,1,0,1,3,11,41.851669824,-87.723911669,POINT (-87.723911668713 41.851669824396)
JA511024,,11/14/2017 04:50:00 AM,35,TRAFFIC SIGNAL,FUNCTIONING PROPERLY,CLEAR,"DARKNESS, LIGHTED ROAD",TURNING,DIVIDED - W/MEDIAN BARRIER,2,STRAIGHT AND LEVEL,DRY,NO DEFECTS,,INJURY AND / OR TOW DUE TO CRASH,Y,,,"OVER $1,500",11/14/2017 04:53:00 AM,UNABLE TO DETERMINE,UNABLE TO DETERMINE,42,W,CONGRESS PKWY,113,,,,,,,2,NO INDICATION OF INJURY,0,0,0,0,0,2,0,4,3,11,41.875736259,-87.629212947,POINT (-87.629212946899 41.875736259062)
JA511161,,11/14/2017 05:15:00 AM,30,TRAFFIC SIGNAL,FUNCTIONING PROPERLY,CLEAR,"DARKNESS, LIGHTED ROAD",TURNING,DIVIDED - W/MEDIAN (NOT RAISED),6,STRAIGHT AND LEVEL,DRY,NO DEFECTS,NOT ON SCENE (DESK REPORT),NO INJURY / DRIVE AWAY,Y,,,"$501 - $1,500",11/14/2017 09:25:00 AM,DRIVING SKILLS/KNOWLEDGE/EXPERIENCE,UNABLE TO DETERMINE,901,S,CICERO AVE,1131,,,,,,,2,NO INDICATION OF INJURY,0,0,0,0,0,2,0,5,3,11,41.869450183,-87.744716349,POINT (-87.744716348872 41.869450183248)
JA511030,,11/14/2017 05:15:00 AM,30,NO CONTROLS,NO CONTROLS,CLEAR,"DARKNESS, LIGHTED ROAD",PARKED MOTOR VEHICLE,ONE-WAY,3,STRAIGHT AND LEVEL,UNKNOWN,UNKNOWN,ON SCENE,INJURY AND / OR TOW DUE TO CRASH,,,Y,"OVER $1,500",11/14/2017 05:20:00 AM,NOT APPLICABLE,NOT APPLICABLE,5147,S,MICHIGAN AVE,231,,,,,,,4,NO INDICATION OF INJURY,0,0,0,0,0,1,0,5,3,11,41.800657999,-87.622468875,POINT (-87.622468874723 41.800657998725)
JA511035,,11/14/2017 05:20:00 AM,30,NO CONTROLS,NO CONTROLS,CLEAR,DAWN,ANIMAL,DIVIDED - W/MEDIAN (NOT RAISED),,STRAIGHT AND LEVEL,DRY,NO DEFECTS,ON SCENE,NO INJURY / DRIVE AWAY,,,Y,"OVER $1,500",11/14/2017 05:25:00 AM,ANIMAL,NOT APPLICABLE,252,E,130TH ST,533,,,,,,,2,NO INDICATION OF INJURY,0,0,0,0,0,2,0,5,3,11,41.658739669,-87.615098869,POINT (-87.615098868955 41.658739668808)
JA511037,,11/14/2017 05:40:00 AM,30,NO CONTROLS,NO CONTROLS,CLEAR,"DARKNESS, LIGHTED ROAD",REAR END,CENTER TURN LANE,,STRAIGHT AND LEVEL,DRY,NO DEFECTS,NOT ON SCENE (DESK REPORT),NO INJURY / DRIVE AWAY,,,,"OVER $1,500",11/14/2017 06:20:00 AM,UNABLE TO DETERMINE,UNABLE TO DETERMINE,701,N,WESTERN AVE,1221,,,,,,,2,NO INDICATION OF INJURY,0,0,0,0,0,2,0,5,3,11,41.893976452,-87.686642927,POINT (-87.686642926753 41.893976452241)
JA511077,Y,11/14/2017 06:00:00 AM,20,NO CONTROLS,NO CONTROLS,UNKNOWN,UNKNOWN,PARKED MOTOR VEHICLE,ONE-WAY,1,STRAIGHT AND LEVEL,UNKNOWN,UNKNOWN,NOT ON SCENE (DESK REPORT),NO INJURY / DRIVE AWAY,,,Y,"OVER $1,500",11/14/2017 07:45:00 AM,UNABLE TO DETERMINE,NOT APPLICABLE,9820,S,AVENUE H,432,,,,,,,2,NO INDICATION OF INJURY,0,0,0,0,0,1,0,6,3,11,41.717135714,-87.533015511,POINT (-87.533015510802 41.71713571378)
JA511043,,11/14/2017 06:13:00 AM,30,TRAFFIC SIGNAL,FUNCTIONING PROPERLY,CLEAR,DAWN,SIDESWIPE SAME DIRECTION,DIVIDED - W/MEDIAN (NOT RAISED),,STRAIGHT AND LEVEL,DRY,NO DEFECTS,ON SCENE,NO INJURY / DRIVE AWAY,Y,,Y,"OVER $1,500",11/14/2017 06:27:00 AM,NOT APPLICABLE,NOT APPLICABLE,6300,W,IRVING PARK RD,1624,,,,,,,2,NO INDICATION OF INJURY,0,0,0,0,0,3,0,6,3,11,41.953056124,-87.784237154,POINT (-87.784237154195 41.953056123616)
JA512491,,11/14/2017 06:15:00 AM,30,TRAFFIC SIGNAL,FUNCTIONING PROPERLY,CLEAR,DARKNESS,SIDESWIPE SAME DIRECTION,DIVIDED - W/MEDIAN (NOT RAISED),2,STRAIGHT AND LEVEL,DRY,NO DEFECTS,NOT ON SCENE (DESK REPORT),NO INJURY / DRIVE AWAY,,,,"$501 - $1,500",11/15/2017 09:37:00 AM,UNABLE TO DETERMINE,UNABLE TO DETERMINE,2525,S,BLUE ISLAND AVE,1034,,,,,,,2,NO INDICATION OF INJURY,0,0,0,0,0,2,0,6,3,11,41.846356816,-87.681117595,POINT (-87.681117595026 41.846356816117)
JA511045,,11/14/2017 06:15:00 AM,25,NO CONTROLS,NO CONTROLS,CLEAR,DAWN,PARKED MOTOR VEHICLE,NOT DIVIDED,1,STRAIGHT AND LEVEL,DRY,NO DEFECTS,ON SCENE,INJURY AND / OR TOW DUE TO CRASH,,,Y,"$501 - $1,500",11/14/2017 06:15:00 AM,UNABLE TO DETERMINE,UNABLE TO DETERMINE,12209,S,MICHIGAN AVE,532,,,,,,,3,NO INDICATION OF INJURY,0,0,0,0,0,1,0,6,3,11,41.672269144,-87.620188808,POINT (-87.62018880815 41.672269143689)
JA512041,,11/14/2017 06:30:00 AM,30,NO CONTROLS,NO CONTROLS,CLOUDY/OVERCAST,"DARKNESS, LIGHTED ROAD",TURNING,NOT DIVIDED,2,STRAIGHT AND LEVEL,DRY,UNKNOWN,NOT ON SCENE (DESK REPORT),NO INJURY / DRIVE AWAY,,,,"OVER $1,500",11/14/2017 07:54:00 PM,IMPROPER TURNING/NO SIGNAL,NOT APPLICABLE,1152,N,HOMAN AVE,1121,,,,,,,2,NO INDICATION OF INJURY,0,0,0,0,0,2,0,6,3,11,41.902635976,-87.711818253,POINT (-87.711818252972 41.902635976378)
JA511224,,11/14/2017 06:59:00 AM,30,TRAFFIC SIGNAL,UNKNOWN,CLEAR,DAWN,REAR END,DIVIDED - W/MEDIAN (NOT RAISED),2,STRAIGHT AND LEVEL,UNKNOWN,UNKNOWN,NOT ON SCENE (DESK REPORT),NO INJURY / DRIVE AWAY,N,,,"$501 - $1,500",11/14/2017 10:00:00 AM,FAILING TO REDUCE SPEED TO AVOID CRASH,NOT APPLICABLE,3900,S,INDIANA AVE,213,,,,,,,2,NO INDICATION OF INJURY,0,0,0,0,0,3,0,6,3,11,41.823685346,-87.621746601,POINT (-87.621746601467 41.823685346227)
JA511177,Y,11/14/2017 07:00:00 AM,15,OTHER REG. SIGN,FUNCTIONING PROPERLY,CLEAR,DAYLIGHT,FIXED OBJECT,NOT DIVIDED,1,STRAIGHT AND LEVEL,DRY,NO DEFECTS,ON SCENE,NO INJURY / DRIVE AWAY,,Y,N,"OVER $1,500",11/14/2017 09:31:00 AM,UNABLE TO DETERMINE,UNABLE TO DETERMINE,1224,N,CENTRAL PARK AVE,2535,,,,,,,1,NO INDICATION OF INJURY,0,0,0,0,0,1,0,7,3,11,41.90351483,-87.716734346,POINT (-87.716734346219 41.903514830446)
JA511069,,11/14/2017 07:00:00 AM,30,STOP SIGN/FLASHER,FUNCTIONING PROPERLY,CLEAR,DAYLIGHT,TURNING,NOT DIVIDED,2,STRAIGHT AND LEVEL,DRY,UNKNOWN,ON SCENE,NO INJURY / DRIVE AWAY,,,,"OVER $1,500",11/14/2017 07:09:00 AM,FAILING TO YIELD RIGHT-OF-WAY,NOT APPLICABLE,937,W,MADISON ST,1232,,,,,,,2,NO INDICATION OF INJURY,0,0,0,0,0,3,0,7,3,11,41.881606215,-87.651098032,POINT (-87.651098032306 41.881606215462)
JA511070,,11/14/2017 07:05:00 AM,30,NO CONTROLS,NO CONTROLS,CLEAR,DAYLIGHT,SIDESWIPE SAME DIRECTION,DIVIDED - W/MEDIAN BARRIER,,STRAIGHT AND LEVEL,DRY,NO DEFECTS,ON SCENE,NO INJURY / DRIVE AWAY,,,Y,"$501 - $1,500",11/14/2017 07:18:00 AM,UNABLE TO DETERMINE,NOT APPLICABLE,5253,S,ARCHER AVE,815,,,,,,,2,NO INDICATION OF INJURY,0,0,0,0,0,2,0,7,3,11,41.799457984,-87.73725782,POINT (-87.737257819551 41.799457984066)
JA512909,,11/14/2017 07:11:00 AM,25,STOP SIGN/FLASHER,FUNCTIONING PROPERLY,CLEAR,DAYLIGHT,ANGLE,OTHER,,STRAIGHT AND LEVEL,WET,NO DEFECTS,NOT ON SCENE (DESK REPORT),NO INJURY / DRIVE AWAY,Y,,,"OVER $1,500",11/15/2017 02:40:00 PM,FAILING TO YIELD RIGHT-OF-WAY,FAILING TO YIELD RIGHT-OF-WAY,9000,S,CHAPPEL AVE,413,,,,,,,2,NO INDICATION OF INJURY,0,0,0,0,0,3,0,7,3,11,41.731507362,-87.574510962,POINT (-87.574510962049 41.731507362201)
JA511090,,11/14/2017 07:12:00 AM,30,LANE USE MARKING,FUNCTIONING PROPERLY,CLEAR,DAYLIGHT,PARKED MOTOR VEHICLE,DIVIDED - W/MEDIAN (NOT RAISED),1,STRAIGHT AND LEVEL,DRY,NO DEFECTS,ON SCENE,INJURY AND / OR TOW DUE TO CRASH,,,,"OVER $1,500",11/14/2017 07:18:00 AM,PHYSICAL CONDITION OF DRIVER,NOT APPLICABLE,627,E,87TH ST,632,,,,,,,2,INCAPACITATING INJURY,1,0,1,0,0,0,0,7,3,11,41.736486191,-87.608578168,POINT (-87.608578168339 41.736486191149)
JA511098,,11/14/2017 07:20:00 AM,25,NO CONTROLS,NO CONTROLS,CLEAR,DAYLIGHT,PARKED MOTOR VEHICLE,ONE-WAY,1,STRAIGHT AND LEVEL,DRY,NO DEFECTS,ON SCENE,NO INJURY / DRIVE AWAY,,,,"OVER $1,500",11/14/2017 08:00:00 AM,ANIMAL,UNABLE TO DETERMINE,6524,N,NEWGARD AVE,2432,,,,,,,3,NO INDICATION OF INJURY,0,0,0,0,0,1,0,7,3,11,42.000721707,-87.66696855,POINT (-87.666968549989 42.000721706598)
JA511095,,11/14/2017 07:22:00 AM,25,STOP SIGN/FLASHER,FUNCTIONING PROPERLY,CLEAR,DAYLIGHT,ANGLE,NOT DIVIDED,,STRAIGHT AND LEVEL,DRY,NO DEFECTS,ON SCENE,INJURY AND / OR TOW DUE TO CRASH,Y,N,,"OVER $1,500",11/14/2017 07:38:00 AM,DISREGARDING STOP SIGN,FAILING TO YIELD RIGHT-OF-WAY,9100,S,ADA ST,2222,,,,,,,2,INCAPACITATING INJURY,1,0,1,0,0,1,0,7,3,11,41.728502226,-87.656922591,POINT (-87.656922590509 41.728502226208)
JA511316,,11/14/2017 07:25:00 AM,20,NO CONTROLS,NO CONTROLS,CLEAR,DAYLIGHT,SIDESWIPE SAME DIRECTION,DIVIDED - W/MEDIAN (NOT RAISED),2,STRAIGHT AND LEVEL,DRY,NO DEFECTS,NOT ON SCENE (DESK REPORT),NO INJURY / DRIVE AWAY,,,,"OVER $1,500",11/14/2017 12:30:00 PM,FAILING TO YIELD RIGHT-OF-WAY,IMPROPER OVERTAKING/PASSING,4136,S,CALIFORNIA AVE,921,,,,,,,2,NO INDICATION OF INJURY,0,0,0,0,0,2,0,7,3,11,41.818711007,-87.694674832,POINT (-87.694674831795 41.818711006877)
JA511438,,11/14/2017 07:27:00 AM,25,NO CONTROLS,NO CONTROLS,CLEAR,DAYLIGHT,REAR END,NOT DIVIDED,,STRAIGHT AND LEVEL,DRY,NO DEFECTS,NOT ON SCENE (DESK REPORT),NO INJURY / DRIVE AWAY,,,Y,"$501 - $1,500",11/14/2017 01:00:00 PM,NOT APPLICABLE,NOT APPLICABLE,3701,S,WESTERN AVE,911,,,,,,,2,NO INDICATION OF INJURY,0,0,0,0,0,2,0,7,3,11,41.82644112,-87.68477339,POINT (-87.684773389694 41.826441120489)
JA511094,,11/14/2017 07:30:00 AM,30,NO CONTROLS,NO CONTROLS,CLEAR,DAYLIGHT,REAR END,NOT DIVIDED,1,STRAIGHT AND LEVEL,DRY,NO DEFECTS,ON SCENE,INJURY AND / OR TOW DUE TO CRASH,,,Y,"OVER $1,500",11/14/2017 08:16:00 AM,FOLLOWING TOO CLOSELY,NOT APPLICABLE,1205,N,PULASKI RD,2535,,,,,,,3,"REPORTED, NOT EVIDENT",2,0,0,0,2,2,0,7,3,11,41.902844601,-87.726161789,POINT (-87.726161788595 41.902844601432)
JA511079,,11/14/2017 07:30:00 AM,30,TRAFFIC SIGNAL,UNKNOWN,CLEAR,DAYLIGHT,TURNING,CENTER TURN LANE,2,STRAIGHT AND LEVEL,DRY,NO DEFECTS,NOT ON SCENE (DESK REPORT),NO INJURY / DRIVE AWAY,Y,,,"$501 - $1,500",11/14/2017 07:50:00 AM,FOLLOWING TOO CLOSELY,NOT APPLICABLE,6300,S,ASHLAND AVE,725,,,,,,,2,NO INDICATION OF INJURY,0,0,0,0,0,2,0,7,3,11,41.77937222,-87.664365347,POINT (-87.664365347416 41.779372220485)
JA511926,,11/14/2017 07:30:00 AM,15,NO CONTROLS,NO CONTROLS,CLEAR,DAYLIGHT,PARKED MOTOR VEHICLE,NOT DIVIDED,2,STRAIGHT AND LEVEL,DRY,NO DEFECTS,NOT ON SCENE (DESK REPORT),NO INJURY / DRIVE AWAY,,,,"OVER $1,500",11/14/2017 06:30:00 PM,IMPROPER BACKING,UNABLE TO DETERMINE,6875,S,CRANDON AVE,331,,,,,,,2,NO INDICATION OF INJURY,0,0,0,0,0,1,0,7,3,11,41.769967729,-87.569729664,POINT (-87.569729663571 41.769967729397)