RD_NO,CRASH_DATE_EST_I,CRASH_DATE,POSTED_SPEED_LIMIT,TRAFFIC_CONTROL_DEVICE,DEVICE_CONDITION,WEATHER_CONDITION,LIGHTING_CONDITION,FIRST_CRASH_TYPE,TRAFFICWAY_TYPE,LANE_CNT,ALIGNMENT,ROADWAY_SURFACE_COND,ROAD_DEFECT,REPORT_TYPE,CRASH_TYPE,INTERSECTION_RELATED_I,NOT_RIGHT_OF_WAY_I,HIT_AND_RUN_I,DAMAGE,DATE_POLICE_NOTIFIED,PRIM_CONTRIBUTORY_CAUSE,SEC_CONTRIBUTORY_CAUSE,STREET_NO,STREET_DIRECTION,STREET_NAME,BEAT_OF_OCCURRENCE,PHOTOS_TAKEN_I,STATEMENTS_TAKEN_I,DOORING_I,WORK_ZONE_I,WORK_ZONE_TYPE,WORKERS_PRESENT_I,NUM_UNITS,MOST_SEVERE_INJURY,INJURIES_TOTAL,INJURIES_FATAL,INJURIES_INCAPACITATING,INJURIES_NON_INCAPACITATING,INJURIES_REPORTED_NOT_EVIDENT,INJURIES_NO_INDICATION,INJURIES_UNKNOWN,CRASH_HOUR,CRASH_DAY_OF_WEEK,CRASH_MONTH,LATITUDE,LONGITUDE,LOCATION
JA512057,,11/14/2017 12:15:00 PM,30,NO CONTROLS,NO CONTROLS,CLEAR,DAYLIGHT,TURNING,NOT DIVIDED,,STRAIGHT AND LEVEL,DRY,NO DEFECTS,NOT ON SCENE (DESK REPORT),NO INJURY / DRIVE AWAY,,,,"$501 - $1,500",11/14/2017 08:10:00 PM,FAILING TO YIELD RIGHT-OF-WAY,NOT APPLICABLE,3833,W,BELMONT AVE,2523,,,,,,,2,NO INDICATION OF INJURY,0,0,0,0,0,2,0,12,3,11,41.939030058,-87.723455416,POINT (-87.72345541606 41.939030057947)
JA511553,,11/14/2017 12:30:00 PM,30,TRAFFIC SIGNAL,FUNCTIONING PROPERLY,CLEAR,DAYLIGHT,TURNING,NOT DIVIDED,4,STRAIGHT AND LEVEL,DRY,NO DEFECTS,NOT ON SCENE (DESK REPORT),NO INJURY / DRIVE AWAY,,,Y,"OVER $1,500",11/14/2017 03:00:00 PM,IMPROPER TURNING/NO SIGNAL,IMPROPER OVERTAKING/PASSING,4300,S,RACINE AVE,924,,,,,,,2,NO INDICATION OF INJURY,0,0,0,0,0,2,0,12,3,11,41.815938831,-87.655478869,POINT (-87.655478868506 41.81593883068)
JA522715,,11/14/2017 12:30:00 PM,30,TRAFFIC SIGNAL,FUNCTIONING PROPERLY,CLEAR,DAYLIGHT,REAR END,NOT DIVIDED,2,STRAIGHT AND LEVEL,DRY,NO DEFECTS,NOT ON SCENE (DESK REPORT),NO INJURY / DRIVE AWAY,,,,"OVER $1,500",11/23/2017 12:30:00 PM,UNABLE TO DETERMINE,UNABLE TO DETERMINE,384,E,83RD ST,631,,,,,,,2,NO INDICATION OF INJURY,0,0,0,0,0,3,0,12,3,11,41.743920951,-87.614829071,POINT (-87.614829070716 41.743920951036)
JA511938,,11/14/2017 12:30:00 PM,25,OTHER,OTHER,CLEAR,DAYLIGHT,FIXED OBJECT,OTHER,,STRAIGHT AND LEVEL,DRY,UNKNOWN,NOT ON SCENE (DESK REPORT),NO INJURY / DRIVE AWAY,,,,$500 OR LESS,11/14/2017 06:45:00 PM,NOT APPLICABLE,NOT APPLICABLE,1800,W,WARNER AVE,1912,,,,,,,1,,,,,,,,,12,3,11,41.957065175,-87.674400194,POINT (-87.674400194165 41.957065174814)
JA515177,,11/14/2017 12:35:00 PM,30,UNKNOWN,UNKNOWN,UNKNOWN,DAYLIGHT,OTHER OBJECT,UNKNOWN,,STRAIGHT AND LEVEL,UNKNOWN,UNKNOWN,NOT ON SCENE (DESK REPORT),INJURY AND / OR TOW DUE TO CRASH,,,,$500 OR LESS,11/17/2017 11:00:00 AM,ROAD ENGINEERING/SURFACE/MARKING DEFECTS,UNABLE TO DETERMINE,1161,S,CLARK ST,123,,,,,,,1,NO INDICATION OF INJURY,0,0,0,0,0,1,0,12,3,11,41.867464542,-87.630290354,POINT (-87.630290354321 41.867464542105)
JA511585,,11/14/2017 12:40:00 PM,15,NO CONTROLS,NO CONTROLS,CLEAR,DAYLIGHT,PARKED MOTOR VEHICLE,PARKING LOT,1,STRAIGHT AND LEVEL,DRY,NO DEFECTS,ON SCENE,NO INJURY / DRIVE AWAY,,Y,Y,$500 OR LESS,11/14/2017 02:12:00 PM,IMPROPER BACKING,UNABLE TO DETERMINE,6211,N,LINCOLN AVE,1711,,,,,,,2,NO INDICATION OF INJURY,0,0,0,0,0,1,0,12,3,11,41.994817043,-87.714342768,POINT (-87.714342768281 41.994817043186)
JA511469,,11/14/2017 12:40:00 PM,30,NO CONTROLS,NO CONTROLS,CLEAR,DAYLIGHT,SIDESWIPE SAME DIRECTION,NOT DIVIDED,,STRAIGHT AND LEVEL,DRY,NO DEFECTS,NOT ON SCENE (DESK REPORT),NO INJURY / DRIVE AWAY,,,,"OVER $1,500",11/14/2017 01:31:00 PM,NOT APPLICABLE,NOT APPLICABLE,5500,S,KEDZIE AVE,822,,,,,,,2,NO INDICATION OF INJURY,0,0,0,0,0,3,0,12,3,11,41.793420237,-87.703697508,POINT (-87.703697508454 41.793420236756)
JA511479,,11/14/2017 01:00:00 PM,30,TRAFFIC SIGNAL,FUNCTIONING PROPERLY,CLOUDY/OVERCAST,DAYLIGHT,SIDESWIPE SAME DIRECTION,DIVIDED - W/MEDIAN (NOT RAISED),2,STRAIGHT AND LEVEL,DRY,NO DEFECTS,,NO INJURY / DRIVE AWAY,,,,"$501 - $1,500",11/14/2017 01:50:00 PM,UNABLE TO DETERMINE,NOT APPLICABLE,811,W,JACKSON BLVD,1232,,,,,,,2,NO INDICATION OF INJURY,0,0,0,0,0,2,0,13,3,11,41.877830136,-87.647736061,POINT (-87.64773606109 41.8778301358)
JA511719,,11/14/2017 01:05:00 PM,15,UNKNOWN,NO CONTROLS,CLEAR,DAYLIGHT,PARKED MOTOR VEHICLE,NOT DIVIDED,4,STRAIGHT AND LEVEL,DRY,NO DEFECTS,NOT ON SCENE (DESK REPORT),NO INJURY / DRIVE AWAY,,,Y,"OVER $1,500",11/14/2017 04:35:00 PM,UNABLE TO DETERMINE,UNABLE TO DETERMINE,8050,S,JEFFERY BLVD,414,,,,,,,2,NO INDICATION OF INJURY,0,0,0,0,0,1,0,13,3,11,41.748284918,-87.576069865,POINT (-87.576069865267 41.748284917981)
JA511482,,11/14/2017 01:15:00 PM,30,TRAFFIC SIGNAL,FUNCTIONING PROPERLY,CLEAR,DAYLIGHT,REAR END,DIVIDED - W/MEDIAN (NOT RAISED),2,STRAIGHT AND LEVEL,DRY,NO DEFECTS,NOT ON SCENE (DESK REPORT),NO INJURY / DRIVE AWAY,Y,,,"OVER $1,500",11/14/2017 01:30:00 PM,UNABLE TO DETERMINE,UNABLE TO DETERMINE,7840,S,HALSTED ST,621,,,,,,,2,NO INDICATION OF INJURY,0,0,0,0,0,2,0,13,3,11,41.751237552,-87.644203347,POINT (-87.644203347464 41.751237552327)
JA511447,,11/14/2017 01:20:00 PM,30,STOP SIGN/FLASHER,FUNCTIONING IMPROPERLY,CLEAR,DAYLIGHT,FIXED OBJECT,NOT DIVIDED,1,STRAIGHT AND LEVEL,DRY,NO DEFECTS,ON SCENE,INJURY AND / OR TOW DUE TO CRASH,Y,,,"OVER $1,500",11/14/2017 01:30:00 PM,FAILING TO YIELD RIGHT-OF-WAY,NOT APPLICABLE,200,E,75TH ST,323,,,,,,,2,"REPORTED, NOT EVIDENT",2,0,0,0,2,1,0,13,3,11,41.758431779,-87.619848216,POINT (-87.619848215717 41.75843177925)
JA511475,,11/14/2017 01:30:00 PM,30,STOP SIGN/FLASHER,FUNCTIONING PROPERLY,CLOUDY/OVERCAST,DAYLIGHT,SIDESWIPE SAME DIRECTION,NOT DIVIDED,,STRAIGHT AND LEVEL,DRY,NO DEFECTS,ON SCENE,NO INJURY / DRIVE AWAY,,,Y,$500 OR LESS,11/14/2017 01:35:00 PM,IMPROPER OVERTAKING/PASSING,NOT APPLICABLE,256,W,111TH ST,513,,,,,,,2,NO INDICATION OF INJURY,0,0,0,0,0,2,0,13,3,11,41.692611622,-87.63012032,POINT (-87.630120319609 41.692611621934)
JA511493,,11/14/2017 01:34:00 PM,30,STOP SIGN/FLASHER,FUNCTIONING PROPERLY,CLEAR,DAYLIGHT,ANGLE,NOT DIVIDED,2,STRAIGHT AND LEVEL,DRY,NO DEFECTS,ON SCENE,INJURY AND / OR TOW DUE TO CRASH,Y,,Y,"OVER $1,500",11/14/2017 01:44:00 PM,UNABLE TO DETERMINE,NOT APPLICABLE,1400,W,72ND PL,734,,,,,,,2,NO INDICATION OF INJURY,0,0,0,0,0,2,0,13,3,11,41.76236293,-87.658979992,POINT (-87.658979992307 41.762362930053)
JA511497,,11/14/2017 01:45:00 PM,30,NO CONTROLS,NO CONTROLS,CLEAR,DAYLIGHT,PEDESTRIAN,OTHER,,STRAIGHT AND LEVEL,DRY,NO DEFECTS,ON SCENE,INJURY AND / OR TOW DUE TO CRASH,Y,,,$500 OR LESS,11/14/2017 01:50:00 PM,IMPROPER TURNING/NO SIGNAL,NOT APPLICABLE,1901,W,IRVING PARK RD,1922,,,,,,,2,NONINCAPACITATING INJURY,1,0,0,1,0,1,0,13,3,11,41.954076898,-87.676447279,POINT (-87.676447278627 41.954076898282)
JA513151,,11/14/2017 01:45:00 PM,30,NO CONTROLS,NO CONTROLS,CLEAR,DAYLIGHT,FIXED OBJECT,NOT DIVIDED,,STRAIGHT AND LEVEL,DRY,NO DEFECTS,NOT ON SCENE (DESK REPORT),NO INJURY / DRIVE AWAY,,,,$500 OR LESS,11/15/2017 05:53:00 PM,EXCEEDING SAFE SPEED FOR CONDITIONS,UNABLE TO DETERMINE,1251,S,CLARK ST,131,,,,Y,CONSTRUCTION,,1,NO INDICATION OF INJURY,0,0,0,0,0,1,0,13,3,11,41.865941644,-87.630253559,POINT (-87.630253558563 41.865941643943)
JA511717,,11/14/2017 02:00:00 PM,35,NO CONTROLS,NO CONTROLS,CLEAR,DAYLIGHT,PARKED MOTOR VEHICLE,NOT DIVIDED,,STRAIGHT AND LEVEL,DRY,NO DEFECTS,NOT ON SCENE (DESK REPORT),NO INJURY / DRIVE AWAY,,,Y,"$501 - $1,500",11/14/2017 04:39:00 PM,UNABLE TO DETERMINE,UNABLE TO DETERMINE,4941,N,KILDARE AVE,1712,,,,,,,2,NO INDICATION OF INJURY,0,0,0,0,0,1,0,14,3,11,41.971206524,-87.735369674,POINT (-87.735369674222 41.971206524092)
JA511745,,11/14/2017 02:01:00 PM,30,TRAFFIC SIGNAL,NO CONTROLS,CLEAR,DAWN,TURNING,DIVIDED - W/MEDIAN (NOT RAISED),,STRAIGHT AND LEVEL,DRY,NO DEFECTS,NOT ON SCENE (DESK REPORT),INJURY AND / OR TOW DUE TO CRASH,,,,"$501 - $1,500",11/14/2017 04:01:00 PM,FAILING TO YIELD RIGHT-OF-WAY,IMPROPER OVERTAKING/PASSING,215,W,LAKE ST,122,,,,,,,2,NONINCAPACITATING INJURY,1,0,0,1,0,2,0,14,3,11,41.885621216,-87.634501358,POINT (-87.634501357737 41.885621216446)
JA511626,,11/14/2017 02:10:00 PM,30,TRAFFIC SIGNAL,FUNCTIONING PROPERLY,CLEAR,DAYLIGHT,REAR END,NOT DIVIDED,,STRAIGHT AND LEVEL,DRY,NO DEFECTS,NOT ON SCENE (DESK REPORT),INJURY AND / OR TOW DUE TO CRASH,,,,$500 OR LESS,11/14/2017 03:35:00 PM,NOT APPLICABLE,NOT APPLICABLE,5498,N,HARLEM AVE,1613,,,,,,,2,NONINCAPACITATING INJURY,2,0,0,2,0,0,0,14,3,11,41.981020382,-87.807111728,POINT (-87.807111727871 41.981020382487)
JA511561,Y,11/14/2017 02:15:00 PM,30,OTHER,UNKNOWN,UNKNOWN,UNKNOWN,PARKED MOTOR VEHICLE,UNKNOWN,,STRAIGHT AND LEVEL,UNKNOWN,UNKNOWN,ON SCENE,NO INJURY / DRIVE AWAY,,,Y,"$501 - $1,500",11/14/2017 02:30:00 PM,UNABLE TO DETERMINE,UNABLE TO DETERMINE,4808,W,WILSON AVE,1623,,,,,,,2,NO INDICATION OF INJURY,0,0,0,0,0,1,0,14,3,11,41.964478638,-87.748183959,POINT (-87.748183959422 41.964478637753)
JA512963,,11/14/2017 02:15:00 PM,30,TRAFFIC SIGNAL,FUNCTIONING PROPERLY,CLEAR,DAYLIGHT,REAR END,DIVIDED - W/MEDIAN BARRIER,,STRAIGHT AND LEVEL,DRY,NO DEFECTS,NOT ON SCENE (DESK REPORT),NO INJURY / DRIVE AWAY,,,,"$501 - $1,500",11/15/2017 03:45:00 PM,IMPROPER LANE USAGE,UNABLE TO DETERMINE,669,N,MICHIGAN AVE,1834,,,,,,,2,NO INDICATION OF INJURY,0,0,0,0,0,2,0,14,3,11,41.894540455,-87.624095297,POINT (-87.624095296979 41.894540455314)
JA511575,,11/14/2017 02:16:00 PM,30,STOP SIGN/FLASHER,UNKNOWN,CLEAR,DAYLIGHT,ANGLE,NOT DIVIDED,2,STRAIGHT AND LEVEL,DRY,NO DEFECTS,ON SCENE,INJURY AND / OR TOW DUE TO CRASH,Y,,,"OVER $1,500",11/14/2017 02:40:00 PM,DRIVING SKILLS/KNOWLEDGE/EXPERIENCE,UNABLE TO DETERMINE,1129,W,MARQUETTE RD,724,,,,,,,3,NO INDICATION OF INJURY,0,0,0,0,0,2,0,14,3,11,41.772241868,-87.653033024,POINT (-87.65303302442 41.772241867811)
JA520656,,11/14/2017 02:19:00 PM,30,NO CONTROLS,NO CONTROLS,CLEAR,DAYLIGHT,SIDESWIPE SAME DIRECTION,NOT DIVIDED,1,STRAIGHT AND LEVEL,DRY,UNKNOWN,NOT ON SCENE (DESK REPORT),NO INJURY / DRIVE AWAY,,,Y,"OVER $1,500",11/21/2017 04:40:00 PM,IMPROPER OVERTAKING/PASSING,NOT APPLICABLE,4437,W,WEST END AVE,1113,,,,,,,2,NO INDICATION OF INJURY,0,0,0,0,0,2,0,14,3,11,41.883117269,-87.737083485,POINT (-87.737083484732 41.883117269029)
JA511532,,11/14/2017 02:20:00 PM,30,STOP SIGN/FLASHER,FUNCTIONING PROPERLY,CLEAR,DAYLIGHT,TURNING,NOT DIVIDED,,STRAIGHT AND LEVEL,DRY,NO DEFECTS,NOT ON SCENE (DESK REPORT),NO INJURY / DRIVE AWAY,Y,,,"$501 - $1,500",11/14/2017 02:38:00 PM,UNABLE TO DETERMINE,UNABLE TO DETERMINE,635,W,GRAND AVE,1214,,,,,,,2,NO INDICATION OF INJURY,0,0,0,0,0,2,0,14,3,11,41.891119436,-87.644301852,POINT (-87.644301851923 41.891119435991)
JA511820,,11/14/2017 02:20:00 PM,10,NO CONTROLS,NO CONTROLS,CLEAR,DAYLIGHT,FIXED OBJECT,ALLEY,,STRAIGHT AND LEVEL,DRY,NO DEFECTS,ON SCENE,NO INJURY / DRIVE AWAY,,,N,"$501 - $1,500",11/14/2017 05:00:00 PM,UNABLE TO DETERMINE,NOT APPLICABLE,3616,S,NORMAL AVE,915,N,,,,,,1,NO INDICATION OF INJURY,0,0,0,0,0,1,0,14,3,11,41.828452893,-87.638887903,POINT (-87.638887902995 41.828452892983)
JA511712,,11/14/2017 02:20:00 PM,30,UNKNOWN,UNKNOWN,CLEAR,DAYLIGHT,PARKED MOTOR VEHICLE,OTHER,,STRAIGHT AND LEVEL,DRY,NO DEFECTS,ON SCENE,INJURY AND / OR TOW DUE TO CRASH,,,,$500 OR LESS,11/14/2017 04:14:00 PM,UNABLE TO DETERMINE,UNABLE TO DETERMINE,1850,W,ROOSEVELT RD,1231,,,,,,,2,NONINCAPACITATING INJURY,1,0,0,1,0,1,0,14,3,11,41.866905838,-87.673315916,POINT (-87.673315916273 41.866905837562)
JA511856,,11/14/2017 02:21:00 PM,30,NO CONTROLS,NO CONTROLS,CLEAR,DAYLIGHT,SIDESWIPE SAME DIRECTION,PARKING LOT,,STRAIGHT AND LEVEL,DRY,NO DEFECTS,NOT ON SCENE (DESK REPORT),INJURY AND / OR TOW DUE TO CRASH,,,,"$501 - $1,500",11/14/2017 05:57:00 PM,IMPROPER OVERTAKING/PASSING,NOT APPLICABLE,1151,S,WOOD ST,1231,,,,,,,2,"REPORTED, NOT EVIDENT",1,0,0,0,1,1,0,14,3,11,41.866959259,-87.671207348,POINT (-87.671207347908 41.866959258613)
JA511601,,11/14/2017 02:25:00 PM,30,UNKNOWN,UNKNOWN,CLEAR,DAYLIGHT,PARKED MOTOR VEHICLE,UNKNOWN,,STRAIGHT AND LEVEL,DRY,UNKNOWN,NOT ON SCENE (DESK REPORT),NO INJURY / DRIVE AWAY,,,,$500 OR LESS,11/14/2017 03:00:00 PM,UNABLE TO DETERMINE,NOT APPLICABLE,6000,W,BERENICE AVE,1633,,,,,,,2,NO INDICATION OF INJURY,0,0,0,0,0,1,0,14,3,11,41.950420505,-87.776802093,POINT (-87.77680209333 41.950420505291)
JA511696,,11/14/2017 02:28:00 PM,30,TRAFFIC SIGNAL,FUNCTIONING PROPERLY,CLOUDY/OVERCAST,DAYLIGHT,REAR END,NOT DIVIDED,4,STRAIGHT AND LEVEL,DRY,NO DEFECTS,ON SCENE,NO INJURY / DRIVE AWAY,Y,,,"OVER $1,500",11/14/2017 03:41:00 PM,FOLLOWING TOO CLOSELY,UNABLE TO DETERMINE,3415,S,ARCHER AVE,912,,,,,,,2,NO INDICATION OF INJURY,0,0,0,0,0,2,0,14,3,11,41.831790858,-87.675129548,POINT (-87.675129547872 41.831790857859)
JA511545,,11/14/2017 02:29:00 PM,30,TRAFFIC SIGNAL,FUNCTIONING PROPERLY,CLEAR,DAYLIGHT,REAR END,NOT DIVIDED,2,STRAIGHT AND LEVEL,DRY,NO DEFECTS,ON SCENE,NO INJURY / DRIVE AWAY,Y,,,$500 OR LESS,11/14/2017 02:30:00 PM,UNABLE TO DETERMINE,UNABLE TO DETERMINE,400,W,KINZIE ST,1831,,,,,,,2,NO INDICATION OF INJURY,0,0,0,0,0,2,0,14,3,11,41.889193279,-87.638150695,POINT (-87.63815069502 41.889193279096)
JA511568,,11/14/2017 02:30:00 PM,30,TRAFFIC SIGNAL,FUNCTIONING PROPERLY,CLOUDY/OVERCAST,DAYLIGHT,ANGLE,DIVIDED - W/MEDIAN (NOT RAISED),2,STRAIGHT AND LEVEL,DRY,NO DEFECTS,NOT ON SCENE (DESK REPORT),NO INJURY / DRIVE AWAY,Y,,,"OVER $1,500",11/14/2017 02:50:00 PM,"VISION OBSCURED (SIGNS, TREE LIMBS, BUILDINGS, ETC.)",FAILING TO YIELD RIGHT-OF-WAY,8235,S,VINCENNES AVE,622,,,,,,,2,NO INDICATION OF INJURY,0,0,0,0,0,4,0,14,3,11,41.744297133,-87.635756092,POINT (-87.635756092074 41.744297133061)
JA511780,,11/14/2017 02:30:00 PM,35,STOP SIGN/FLASHER,FUNCTIONING PROPERLY,CLEAR,DAYLIGHT,ANGLE,ONE-WAY,1,STRAIGHT AND LEVEL,DRY,UNKNOWN,NOT ON SCENE (DESK REPORT),INJURY AND / OR TOW DUE TO CRASH,Y,,,"OVER $1,500",11/14/2017 05:05:00 PM,UNABLE TO DETERMINE,NOT APPLICABLE,7231,S,WENTWORTH AVE,731,,,,,,,2,NO INDICATION OF INJURY,0,0,0,0,0,2,0,14,3,11,41.762675056,-87.62956125,POINT (-87.629561250361 41.762675055593)
JA511564,Y,11/14/2017 02:30:00 PM,30,TRAFFIC SIGNAL,FUNCTIONING PROPERLY,CLEAR,DAYLIGHT,REAR END,NOT DIVIDED,,STRAIGHT AND LEVEL,DRY,NO DEFECTS,NOT ON SCENE (DESK REPORT),NO INJURY / DRIVE AWAY,,,,"OVER $1,500",11/14/2017 03:05:00 PM,FOLLOWING TOO CLOSELY,NOT APPLICABLE,1,W,RANDOLPH ST,111,,,,,,,2,NO INDICATION OF INJURY,0,0,0,0,0,2,0,14,3,11,41.884380651,-87.627987046,POINT (-87.627987045687 41.884380650633)
JA511554,,11/14/2017 02:34:00 PM,30,NO CONTROLS,NO CONTROLS,CLEAR,DAYLIGHT,SIDESWIPE SAME DIRECTION,DIVIDED - W/MEDIAN (NOT RAISED),,STRAIGHT AND LEVEL,DRY,NO DEFECTS,ON SCENE,NO INJURY / DRIVE AWAY,,,,$500 OR LESS,11/14/2017 02:41:00 PM,IMPROPER LANE USAGE,NOT APPLICABLE,5851,S,WESTERN AVE,824,,,,,,,2,NO INDICATION OF INJURY,0,0,0,0,0,6,0,14,3,11,41.786849652,-87.683693279,POINT (-87.683693278504 41.786849652436)
JA511691,,11/14/2017 02:40:00 PM,30,STOP SIGN/FLASHER,FUNCTIONING PROPERLY,CLOUDY/OVERCAST,DAYLIGHT,ANGLE,NOT DIVIDED,2,STRAIGHT AND LEVEL,DRY,NO DEFECTS,NOT ON SCENE (DESK REPORT),INJURY AND / OR TOW DUE TO CRASH,Y,,,"OVER $1,500",11/14/2017 04:20:00 PM,"VISION OBSCURED (SIGNS, TREE LIMBS, BUILDINGS, ETC.)",UNABLE TO DETERMINE,7200,S,WENTWORTH AVE,731,,,,,,,2,NO INDICATION OF INJURY,0,0,0,0,0,3,0,14,3,11,41.76351932,-87.629873071,POINT (-87.629873071249 41.763519320311)
JA511572,,11/14/2017 02:40:00 PM,20,NO CONTROLS,NO CONTROLS,CLEAR,DAYLIGHT,ANGLE,ONE-WAY,1,STRAIGHT AND LEVEL,DRY,NO DEFECTS,ON SCENE,INJURY AND / OR TOW DUE TO CRASH,Y,Y,,"OVER $1,500",11/14/2017 02:48:00 PM,DRIVING ON WRONG SIDE/WRONG WAY,NOT APPLICABLE,7700,S,LOWE AVE,621,,Y,,,,,2,"REPORTED, NOT EVIDENT",2,0,0,0,2,2,0,14,3,11,41.75422801,-87.640617115,POINT (-87.640617114604 41.754228010378)
JA512554,,11/14/2017 02:40:00 PM,30,NO CONTROLS,NO CONTROLS,CLEAR,DAYLIGHT,REAR END,DIVIDED - W/MEDIAN (NOT RAISED),2,STRAIGHT AND LEVEL,DRY,NO DEFECTS,NOT ON SCENE (DESK REPORT),NO INJURY / DRIVE AWAY,,,,"OVER $1,500",11/15/2017 10:40:00 AM,UNABLE TO DETERMINE,NOT APPLICABLE,1953,N,CLYBOURN AVE,1811,,,,,,,2,NO INDICATION OF INJURY,0,0,0,0,0,2,0,14,3,11,41.916550298,-87.657165481,POINT (-87.657165480654 41.916550298294)
JA511595,,11/14/2017 02:45:00 PM,30,TRAFFIC SIGNAL,FUNCTIONING PROPERLY,CLEAR,DAYLIGHT,SIDESWIPE OPPOSITE DIRECTION,NOT DIVIDED,4,STRAIGHT AND LEVEL,DRY,NO DEFECTS,,NO INJURY / DRIVE AWAY,Y,,Y,"OVER $1,500",11/14/2017 03:15:00 PM,IMPROPER BACKING,UNABLE TO DETERMINE,340,W,CHICAGO AVE,1823,,,,,,,,,,,,,,,,14,3,11,41.89665962,-87.637247808,POINT (-87.637247807935 41.896659619828)
JA511630,,11/14/2017 02:45:00 PM,30,NO CONTROLS,NO CONTROLS,CLEAR,DAYLIGHT,REAR END,ONE-WAY,1,STRAIGHT AND LEVEL,DRY,NO DEFECTS,NOT ON SCENE (DESK REPORT),INJURY AND / OR TOW DUE TO CRASH,,,Y,"OVER $1,500",11/14/2017 03:30:00 PM,UNABLE TO DETERMINE,UNABLE TO DETERMINE,1100,N,LAMON AVE,1531,,,,,,,2,"REPORTED, NOT EVIDENT",1,0,0,0,1,4,0,14,3,11,41.900535412,-87.748529303,POINT (-87.74852930251 41.900535412203)
JA511589,,11/14/2017 02:50:00 PM,20,NO CONTROLS,NO CONTROLS,CLEAR,DAYLIGHT,SIDESWIPE SAME DIRECTION,NOT DIVIDED,2,STRAIGHT AND LEVEL,DRY,NO DEFECTS,NOT ON SCENE (DESK REPORT),NO INJURY / DRIVE AWAY,,,,"OVER $1,500",11/14/2017 03:25:00 PM,FAILING TO YIELD RIGHT-OF-WAY,NOT APPLICABLE,5900,S,EMERALD AVE,711,,,,,,,2,NO INDICATION OF INJURY,0,0,0,0,0,2,0,14,3,11,41.786973094,-87.643910476,POINT (-87.643910476492 41.786973094317)
JA511624,,11/14/2017 02:50:00 PM,30,TRAFFIC SIGNAL,FUNCTIONING PROPERLY,CLEAR,DAYLIGHT,TURNING,DIVIDED - W/MEDIAN (NOT RAISED),4,STRAIGHT AND LEVEL,DRY,NO DEFECTS,NOT ON SCENE (DESK REPORT),NO INJURY / DRIVE AWAY,Y,,,"OVER $1,500",11/14/2017 03:40:00 PM,IMPROPER OVERTAKING/PASSING,DRIVING SKILLS/KNOWLEDGE/EXPERIENCE,4100,W,87TH ST,834,,,,,,,2,NO INDICATION OF INJURY,0,0,0,0,0,2,0,14,3,11,41.734923807,-87.723921852,POINT (-87.723921852325 41.734923807059)
JA511623,,11/14/2017 02:55:00 PM,35,STOP SIGN/FLASHER,FUNCTIONING PROPERLY,CLEAR,DAYLIGHT,PARKED MOTOR VEHICLE,NOT DIVIDED,,STRAIGHT AND LEVEL,DRY,NO DEFECTS,ON SCENE,NO INJURY / DRIVE AWAY,Y,,,"OVER $1,500",11/14/2017 03:00:00 PM,IMPROPER TURNING/NO SIGNAL,DRIVING SKILLS/KNOWLEDGE/EXPERIENCE,2200,W,HARRISON ST,1225,,,,,,,2,NO INDICATION OF INJURY,0,0,0,0,0,1,0,14,3,11,41.874073204,-87.681469537,POINT (-87.681469537173 41.874073204146)
JA511556,,11/14/2017 02:55:00 PM,30,TRAFFIC SIGNAL,FUNCTIONING PROPERLY,CLEAR,DAYLIGHT,TURNING,NOT DIVIDED,,STRAIGHT AND LEVEL,DRY,NO DEFECTS,NOT ON SCENE (DESK REPORT),NO INJURY / DRIVE AWAY,Y,,,"$501 - $1,500",11/14/2017 02:59:00 PM,FAILING TO YIELD RIGHT-OF-WAY,NOT APPLICABLE,4650,W,NORTH AVE,2533,,,,,,,2,NO INDICATION OF INJURY,0,0,0,0,0,2,0,14,3,11,41.909764527,-87.743376296,POINT (-87.743376295706 41.909764527033)
JA514394,,11/14/2017 03:00:00 PM,30,NO CONTROLS,NO CONTROLS,CLEAR,DAYLIGHT,PEDALCYCLIST,NOT DIVIDED,2,STRAIGHT AND LEVEL,DRY,NO DEFECTS,NOT ON SCENE (DESK REPORT),INJURY AND / OR TOW DUE TO CRASH,,,,"$501 - $1,500",11/16/2017 05:30:00 PM,"VISION OBSCURED (SIGNS, TREE LIMBS, BUILDINGS, ETC.)",NOT APPLICABLE,3430,W,LAWRENCE AVE,1712,,,,,,,2,NONINCAPACITATING INJURY,1,0,0,1,0,1,0,15,3,11,41.968497142,-87.714650497,POINT (-87.714650496795 41.968497142175)
JA521930,,11/14/2017 03:00:00 PM,15,NO CONTROLS,NO CONTROLS,UNKNOWN,DAYLIGHT,PARKED MOTOR VEHICLE,PARKING LOT,,STRAIGHT AND LEVEL,DRY,NO DEFECTS,NOT ON SCENE (DESK REPORT),NO INJURY / DRIVE AWAY,,Y,,"$501 - $1,500",11/22/2017 05:15:00 PM,UNABLE TO DETERMINE,NOT APPLICABLE,3570,N,ELSTON AVE,1733,,,,,,,2,NO INDICATION OF INJURY,0,0,0,0,0,1,0,15,3,11,41.946057604,-87.70823011,POINT (-87.708230109805 41.946057604016)
JA512038,,11/14/2017 03:11:00 PM,30,NO CONTROLS,NO CONTROLS,CLEAR,DAYLIGHT,TURNING,NOT DIVIDED,4,STRAIGHT AND LEVEL,DRY,NO DEFECTS,NOT ON SCENE (DESK REPORT),NO INJURY / DRIVE AWAY,,,,"OVER $1,500",11/14/2017 08:00:00 PM,IMPROPER LANE USAGE,NOT APPLICABLE,2272,S,BLUE ISLAND AVE,1034,,,,,,,2,NO INDICATION OF INJURY,0,0,0,0,0,2,0,15,3,11,41.850973065,-87.669744819,POINT (-87.669744819388 41.85097306485)