RD_NO,CRASH_DATE_EST_I,CRASH_DATE,POSTED_SPEED_LIMIT,TRAFFIC_CONTROL_DEVICE,DEVICE_CONDITION,WEATHER_CONDITION,LIGHTING_CONDITION,FIRST_CRASH_TYPE,TRAFFICWAY_TYPE,LANE_CNT,ALIGNMENT,ROADWAY_SURFACE_COND,ROAD_DEFECT,REPORT_TYPE,CRASH_TYPE,INTERSECTION_RELATED_I,NOT_RIGHT_OF_WAY_I,HIT_AND_RUN_I,DAMAGE,DATE_POLICE_NOTIFIED,PRIM_CONTRIBUTORY_CAUSE,SEC_CONTRIBUTORY_CAUSE,STREET_NO,STREET_DIRECTION,STREET_NAME,BEAT_OF_OCCURRENCE,PHOTOS_TAKEN_I,STATEMENTS_TAKEN_I,DOORING_I,WORK_ZONE_I,WORK_ZONE_TYPE,WORKERS_PRESENT_I,NUM_UNITS,MOST_SEVERE_INJURY,INJURIES_TOTAL,INJURIES_FATAL,INJURIES_INCAPACITATING,INJURIES_NON_INCAPACITATING,INJURIES_REPORTED_NOT_EVIDENT,INJURIES_NO_INDICATION,INJURIES_UNKNOWN,CRASH_HOUR,CRASH_DAY_OF_WEEK,CRASH_MONTH,LATITUDE,LONGITUDE,LOCATION
JA512100,,11/14/2017 05:00:00 PM,25,NO CONTROLS,NO CONTROLS,CLEAR,"DARKNESS, LIGHTED ROAD",PARKED MOTOR VEHICLE,UNKNOWN,1,STRAIGHT AND LEVEL,DRY,NO DEFECTS,NOT ON SCENE (DESK REPORT),NO INJURY / DRIVE AWAY,,,Y,"$501 - $1,500",11/14/2017 08:55:00 PM,UNABLE TO DETERMINE,UNABLE TO DETERMINE,6125,N,FRANCISCO AVE,2413,,,,,,,2,NO INDICATION OF INJURY,0,0,0,0,0,1,0,17,3,11,41.992924481,-87.701762017,POINT (-87.701762017108 41.992924481103)
JA512311,Y,11/14/2017 05:00:00 PM,30,NO CONTROLS,NO CONTROLS,CLEAR,"DARKNESS, LIGHTED ROAD",PARKED MOTOR VEHICLE,ONE-WAY,,STRAIGHT AND LEVEL,DRY,NO DEFECTS,NOT ON SCENE (DESK REPORT),NO INJURY / DRIVE AWAY,,,Y,"OVER $1,500",11/15/2017 04:10:00 AM,UNABLE TO DETERMINE,NOT APPLICABLE,2524,W,ARDMORE AVE,2011,,,,,,,2,NO INDICATION OF INJURY,0,0,0,0,0,1,0,17,3,11,41.986901201,-87.693141397,POINT (-87.693141397349 41.986901201478)
JA511829,,11/14/2017 05:05:00 PM,30,NO CONTROLS,NO CONTROLS,CLEAR,"DARKNESS, LIGHTED ROAD",SIDESWIPE SAME DIRECTION,DIVIDED - W/MEDIAN BARRIER,6,STRAIGHT AND LEVEL,DRY,NO DEFECTS,ON SCENE,INJURY AND / OR TOW DUE TO CRASH,,,,"OVER $1,500",11/14/2017 05:40:00 PM,IMPROPER OVERTAKING/PASSING,IMPROPER LANE USAGE,145,S,WACKER DR,122,,,,,,,2,NO INDICATION OF INJURY,0,0,0,0,0,2,0,17,3,11,41.87955498,-87.63656092,POINT (-87.636560919703 41.879554980283)
JA511819,,11/14/2017 05:09:00 PM,30,NO CONTROLS,NO CONTROLS,CLEAR,"DARKNESS, LIGHTED ROAD",REAR END,NOT DIVIDED,,STRAIGHT AND LEVEL,DRY,NO DEFECTS,ON SCENE,NO INJURY / DRIVE AWAY,,,,"OVER $1,500",11/14/2017 05:36:00 PM,FOLLOWING TOO CLOSELY,FAILING TO REDUCE SPEED TO AVOID CRASH,3232,N,HARLEM AVE,1631,,,,,,,2,NO INDICATION OF INJURY,0,0,0,0,0,2,0,17,3,11,41.938985969,-87.806929065,POINT (-87.806929064795 41.93898596894)
JA511865,,11/14/2017 05:13:00 PM,25,UNKNOWN,UNKNOWN,CLEAR,DUSK,ANGLE,DIVIDED - W/MEDIAN (NOT RAISED),,STRAIGHT AND LEVEL,DRY,NO DEFECTS,ON SCENE,INJURY AND / OR TOW DUE TO CRASH,,,,"OVER $1,500",11/14/2017 05:13:00 PM,NOT APPLICABLE,NOT APPLICABLE,400,S,MORGAN ST,1232,,,,,,,2,NONINCAPACITATING INJURY,1,0,0,1,0,2,0,17,3,11,41.87656877,-87.652019717,POINT (-87.652019717096 41.876568769918)
JA511791,,11/14/2017 05:15:00 PM,30,TRAFFIC SIGNAL,FUNCTIONING PROPERLY,CLEAR,DAYLIGHT,REAR END,NOT DIVIDED,,STRAIGHT AND LEVEL,DRY,NO DEFECTS,NOT ON SCENE (DESK REPORT),NO INJURY / DRIVE AWAY,Y,,,"$501 - $1,500",11/14/2017 05:22:00 PM,IMPROPER OVERTAKING/PASSING,NOT APPLICABLE,3832,W,GRAND AVE,2535,,,,,,,2,NO INDICATION OF INJURY,0,0,0,0,0,2,0,17,3,11,41.904734539,-87.722513576,POINT (-87.722513575956 41.904734539068)
JA511804,,11/14/2017 05:15:00 PM,30,STOP SIGN/FLASHER,FUNCTIONING PROPERLY,CLEAR,"DARKNESS, LIGHTED ROAD",ANGLE,NOT DIVIDED,2,STRAIGHT AND LEVEL,DRY,NO DEFECTS,ON SCENE,NO INJURY / DRIVE AWAY,Y,,,"$501 - $1,500",11/14/2017 05:19:00 PM,FAILING TO YIELD RIGHT-OF-WAY,NOT APPLICABLE,2400,S,ROCKWELL ST,1034,,,,,,,2,NO INDICATION OF INJURY,0,0,0,0,0,3,0,17,3,11,41.848300427,-87.690578577,POINT (-87.690578577185 41.848300426804)
JA511813,,11/14/2017 05:15:00 PM,30,NO CONTROLS,NO CONTROLS,CLEAR,"DARKNESS, LIGHTED ROAD",ANGLE,NOT DIVIDED,4,STRAIGHT AND LEVEL,DRY,NO DEFECTS,ON SCENE,NO INJURY / DRIVE AWAY,,,,"OVER $1,500",11/14/2017 05:15:00 PM,FAILING TO YIELD RIGHT-OF-WAY,NOT APPLICABLE,7550,N,SHERIDAN RD,2422,,,,,,,2,NO INDICATION OF INJURY,0,0,0,0,0,2,0,17,3,11,42.019173074,-87.666166288,POINT (-87.666166288415 42.019173073836)
JA511826,,11/14/2017 05:15:00 PM,25,TRAFFIC SIGNAL,FUNCTIONING PROPERLY,CLEAR,DAWN,TURNING,NOT DIVIDED,,STRAIGHT AND LEVEL,DRY,NO DEFECTS,NOT ON SCENE (DESK REPORT),NO INJURY / DRIVE AWAY,,,,"OVER $1,500",11/14/2017 05:30:00 PM,DRIVING SKILLS/KNOWLEDGE/EXPERIENCE,FOLLOWING TOO CLOSELY,3180,N,HALSTED ST,1933,,,,,,,2,NO INDICATION OF INJURY,0,0,0,0,0,2,0,17,3,11,41.939933559,-87.649412255,POINT (-87.649412255045 41.939933559419)
JA511895,,11/14/2017 05:17:00 PM,40,TRAFFIC SIGNAL,FUNCTIONING PROPERLY,CLEAR,"DARKNESS, LIGHTED ROAD",TURNING,DIVIDED - W/MEDIAN (NOT RAISED),4,STRAIGHT AND LEVEL,DRY,WORN SURFACE,ON SCENE,INJURY AND / OR TOW DUE TO CRASH,Y,,,"OVER $1,500",11/14/2017 05:17:00 PM,FAILING TO YIELD RIGHT-OF-WAY,NOT APPLICABLE,12200,S,TORRENCE AVE,434,Y,,,N,,,2,NO INDICATION OF INJURY,0,0,0,0,0,2,0,17,3,11,41.673678986,-87.559398607,POINT (-87.559398607312 41.673678986233)
JA511877,,11/14/2017 05:20:00 PM,30,NO CONTROLS,NO CONTROLS,CLEAR,"DARKNESS, LIGHTED ROAD",TURNING,NOT DIVIDED,,STRAIGHT AND LEVEL,DRY,NO DEFECTS,NOT ON SCENE (DESK REPORT),INJURY AND / OR TOW DUE TO CRASH,Y,,,"$501 - $1,500",11/14/2017 06:00:00 PM,FAILING TO YIELD RIGHT-OF-WAY,NOT APPLICABLE,4532,W,GRAND AVE,2533,,,,,,,2,"REPORTED, NOT EVIDENT",1,0,0,0,1,1,0,17,3,11,41.911563801,-87.739726522,POINT (-87.739726522403 41.911563800949)
JA511810,,11/14/2017 05:24:00 PM,30,NO CONTROLS,NO CONTROLS,CLEAR,DUSK,PARKED MOTOR VEHICLE,ONE-WAY,,STRAIGHT AND LEVEL,DRY,NO DEFECTS,ON SCENE,NO INJURY / DRIVE AWAY,,,,"$501 - $1,500",11/14/2017 05:25:00 PM,UNABLE TO DETERMINE,NOT APPLICABLE,8215,S,PERRY AVE,622,,,,,,,2,NO INDICATION OF INJURY,0,0,0,0,0,1,0,17,3,11,41.744951261,-87.626728995,POINT (-87.62672899483 41.744951260984)
JA511849,Y,11/14/2017 05:24:00 PM,30,NO CONTROLS,NO CONTROLS,CLEAR,DUSK,PEDESTRIAN,NOT DIVIDED,2,STRAIGHT AND LEVEL,DRY,NO DEFECTS,ON SCENE,INJURY AND / OR TOW DUE TO CRASH,Y,,,"OVER $1,500",11/14/2017 05:25:00 PM,FAILING TO YIELD RIGHT-OF-WAY,UNABLE TO DETERMINE,3201,W,60TH ST,823,,,,,,,2,INCAPACITATING INJURY,1,0,1,0,0,1,0,17,3,11,41.784316277,-87.703353009,POINT (-87.703353008601 41.784316276716)
JA511844,,11/14/2017 05:25:00 PM,30,NO CONTROLS,NO CONTROLS,CLEAR,"DARKNESS, LIGHTED ROAD",PARKED MOTOR VEHICLE,DIVIDED - W/MEDIAN (NOT RAISED),2,STRAIGHT AND LEVEL,DRY,NO DEFECTS,ON SCENE,INJURY AND / OR TOW DUE TO CRASH,,,,"OVER $1,500",11/14/2017 05:48:00 PM,PHYSICAL CONDITION OF DRIVER,NOT APPLICABLE,5427,W,MONTROSE AVE,1624,,,,,,,6,NO INDICATION OF INJURY,0,0,0,0,0,1,0,17,3,11,41.960418792,-87.76342982,POINT (-87.76342982048 41.960418791962)
JA521428,,11/14/2017 05:30:00 PM,20,NO CONTROLS,NO CONTROLS,CLEAR,"DARKNESS, LIGHTED ROAD",PARKED MOTOR VEHICLE,NOT DIVIDED,,STRAIGHT AND LEVEL,UNKNOWN,UNKNOWN,NOT ON SCENE (DESK REPORT),NO INJURY / DRIVE AWAY,,,Y,"OVER $1,500",11/22/2017 10:45:00 AM,NOT APPLICABLE,UNABLE TO DETERMINE,5161,W,WINONA ST,1623,,,,,,,2,NO INDICATION OF INJURY,0,0,0,0,0,1,0,17,3,11,41.974198417,-87.757616814,POINT (-87.757616814099 41.974198417408)
JA511812,,11/14/2017 05:30:00 PM,35,STOP SIGN/FLASHER,NO CONTROLS,CLEAR,"DARKNESS, LIGHTED ROAD",ANGLE,DIVIDED - W/MEDIAN (NOT RAISED),2,STRAIGHT AND LEVEL,DRY,NO DEFECTS,ON SCENE,NO INJURY / DRIVE AWAY,Y,,,"OVER $1,500",11/14/2017 05:32:00 PM,UNABLE TO DETERMINE,NOT APPLICABLE,10800,S,AVENUE O,432,,,,,,,2,NO INDICATION OF INJURY,0,0,0,0,0,2,0,17,3,11,41.69904227,-87.54023307,POINT (-87.540233070295 41.699042269751)
JA511885,,11/14/2017 05:35:00 PM,30,NO CONTROLS,NO CONTROLS,CLEAR,"DARKNESS, LIGHTED ROAD",PARKED MOTOR VEHICLE,NOT DIVIDED,2,STRAIGHT AND LEVEL,DRY,NO DEFECTS,ON SCENE,NO INJURY / DRIVE AWAY,,,,"OVER $1,500",11/14/2017 05:41:00 PM,IMPROPER OVERTAKING/PASSING,NOT APPLICABLE,4,W,HUBBARD ST,1831,,,,,,,2,NO INDICATION OF INJURY,0,0,0,0,0,1,0,17,3,11,41.890172359,-87.628168153,POINT (-87.62816815275 41.890172359259)
JA511867,,11/14/2017 05:38:00 PM,30,NO CONTROLS,FUNCTIONING PROPERLY,CLEAR,"DARKNESS, LIGHTED ROAD",SIDESWIPE SAME DIRECTION,DIVIDED - W/MEDIAN (NOT RAISED),,STRAIGHT AND LEVEL,DRY,NO DEFECTS,ON SCENE,NO INJURY / DRIVE AWAY,,,,"$501 - $1,500",11/14/2017 05:40:00 PM,IMPROPER OVERTAKING/PASSING,NOT APPLICABLE,3007,W,63RD ST,823,,,,,,,2,NO INDICATION OF INJURY,0,0,0,0,0,3,0,17,3,11,41.778930007,-87.698599947,POINT (-87.69859994692 41.778930007059)
JA511860,,11/14/2017 05:40:00 PM,20,STOP SIGN/FLASHER,OTHER,CLEAR,DUSK,FIXED OBJECT,ONE-WAY,,STRAIGHT AND LEVEL,DRY,NO DEFECTS,NOT ON SCENE (DESK REPORT),INJURY AND / OR TOW DUE TO CRASH,,,,"OVER $1,500",11/14/2017 05:50:00 PM,EQUIPMENT - VEHICLE CONDITION,UNABLE TO DETERMINE,7057,S,YALE AVE,731,,,,,,,1,NO INDICATION OF INJURY,0,0,0,0,0,1,0,17,3,11,41.765564948,-87.630856802,POINT (-87.630856802211 41.765564947935)
JA511868,,11/14/2017 05:45:00 PM,30,NO CONTROLS,NO CONTROLS,CLEAR,"DARKNESS, LIGHTED ROAD",TURNING,NOT DIVIDED,,STRAIGHT AND LEVEL,DRY,NO DEFECTS,NOT ON SCENE (DESK REPORT),NO INJURY / DRIVE AWAY,,,,"OVER $1,500",11/14/2017 06:00:00 PM,FAILING TO YIELD RIGHT-OF-WAY,NOT APPLICABLE,6326,W,MONTROSE AVE,1622,,,,,,,2,NO INDICATION OF INJURY,0,0,0,0,0,3,0,17,3,11,41.960346247,-87.785521687,POINT (-87.785521686653 41.960346246747)
JA511875,,11/14/2017 05:45:00 PM,30,NO CONTROLS,NO CONTROLS,CLEAR,DARKNESS,REAR END,NOT DIVIDED,1,STRAIGHT AND LEVEL,DRY,NO DEFECTS,NOT ON SCENE (DESK REPORT),NO INJURY / DRIVE AWAY,,,,"OVER $1,500",11/14/2017 06:05:00 PM,FOLLOWING TOO CLOSELY,EXCEEDING AUTHORIZED SPEED LIMIT,4530,N,CENTRAL AVE,1622,,,,,,,2,NO INDICATION OF INJURY,0,0,0,0,0,5,0,17,3,11,41.9633148,-87.767481564,POINT (-87.767481563749 41.9633147995)
JA511902,,11/14/2017 05:45:00 PM,30,TRAFFIC SIGNAL,FUNCTIONING PROPERLY,CLEAR,"DARKNESS, LIGHTED ROAD",SIDESWIPE SAME DIRECTION,NOT DIVIDED,2,STRAIGHT AND LEVEL,DRY,NO DEFECTS,NOT ON SCENE (DESK REPORT),NO INJURY / DRIVE AWAY,,,Y,"OVER $1,500",11/14/2017 06:10:00 PM,UNABLE TO DETERMINE,UNABLE TO DETERMINE,55,N,AUSTIN BLVD,1513,,,,,,,2,NO INDICATION OF INJURY,0,0,0,0,0,2,0,17,3,11,41.881770547,-87.77456474,POINT (-87.774564740367 41.881770546828)
JA511876,,11/14/2017 05:47:00 PM,30,NO CONTROLS,NO CONTROLS,CLEAR,"DARKNESS, LIGHTED ROAD",SIDESWIPE SAME DIRECTION,DIVIDED - W/MEDIAN (NOT RAISED),4,STRAIGHT AND LEVEL,DRY,NO DEFECTS,ON SCENE,INJURY AND / OR TOW DUE TO CRASH,N,,,"OVER $1,500",11/14/2017 05:48:00 PM,UNABLE TO DETERMINE,UNABLE TO DETERMINE,2344,W,DIVERSEY AVE,1432,,,,,,,2,NO INDICATION OF INJURY,0,0,0,0,0,4,0,17,3,11,41.932287219,-87.687238523,POINT (-87.687238523284 41.932287219228)
JA511988,,11/14/2017 05:50:00 PM,30,TRAFFIC SIGNAL,FUNCTIONING PROPERLY,CLEAR,DARKNESS,REAR END,NOT DIVIDED,2,STRAIGHT AND LEVEL,DRY,NO DEFECTS,NOT ON SCENE (DESK REPORT),NO INJURY / DRIVE AWAY,,,Y,"OVER $1,500",11/14/2017 07:15:00 PM,UNABLE TO DETERMINE,HAD BEEN DRINKING (USE WHEN ARREST IS NOT MADE),526,N,LARAMIE AVE,1523,,,,,,,2,NO INDICATION OF INJURY,0,0,0,0,0,2,0,17,3,11,41.889812547,-87.755558962,POINT (-87.755558961656 41.889812546755)
JA512145,,11/14/2017 05:50:00 PM,35,TRAFFIC SIGNAL,FUNCTIONING PROPERLY,CLEAR,DUSK,REAR END,NOT DIVIDED,4,STRAIGHT AND LEVEL,DRY,NO DEFECTS,NOT ON SCENE (DESK REPORT),NO INJURY / DRIVE AWAY,Y,,,"OVER $1,500",11/14/2017 09:50:00 PM,FOLLOWING TOO CLOSELY,IMPROPER OVERTAKING/PASSING,8301,S,CICERO AVE,834,,,,,,,2,NO INDICATION OF INJURY,0,0,0,0,0,2,0,17,3,11,41.741803599,-87.740953582,POINT (-87.740953581987 41.741803598989)
JA511925,,11/14/2017 05:50:00 PM,30,NO CONTROLS,NO CONTROLS,CLEAR,"DARKNESS, LIGHTED ROAD",SIDESWIPE SAME DIRECTION,DIVIDED - W/MEDIAN (NOT RAISED),,STRAIGHT AND LEVEL,DRY,NO DEFECTS,NOT ON SCENE (DESK REPORT),NO INJURY / DRIVE AWAY,,,Y,"OVER $1,500",11/14/2017 06:40:00 PM,UNABLE TO DETERMINE,NOT APPLICABLE,9058,S,STONY ISLAND AVE,413,,,,,,,3,NO INDICATION OF INJURY,0,0,0,0,0,3,0,17,3,11,41.72970992,-87.585639038,POINT (-87.585639037801 41.729709919612)
JA511888,N,11/14/2017 05:50:00 PM,30,NO CONTROLS,NO CONTROLS,CLEAR,"DARKNESS, LIGHTED ROAD",TURNING,DIVIDED - W/MEDIAN (NOT RAISED),,STRAIGHT AND LEVEL,DRY,NO DEFECTS,NOT ON SCENE (DESK REPORT),NO INJURY / DRIVE AWAY,,,,"OVER $1,500",11/14/2017 06:10:00 PM,FAILING TO YIELD RIGHT-OF-WAY,FAILING TO YIELD RIGHT-OF-WAY,6730,N,RIDGE BLVD,2412,,,,,,,2,NO INDICATION OF INJURY,0,0,0,0,0,2,0,17,3,11,42.004241446,-87.679885576,POINT (-87.679885576145 42.004241446143)
JA511946,,11/14/2017 05:54:00 PM,30,TRAFFIC SIGNAL,FUNCTIONING PROPERLY,CLEAR,"DARKNESS, LIGHTED ROAD",ANGLE,NOT DIVIDED,2,STRAIGHT AND LEVEL,DRY,NO DEFECTS,ON SCENE,INJURY AND / OR TOW DUE TO CRASH,,,,"OVER $1,500",11/14/2017 06:30:00 PM,FAILING TO YIELD RIGHT-OF-WAY,FAILING TO REDUCE SPEED TO AVOID CRASH,5199,W,MONTROSE AVE,1624,,,,,,,2,NONINCAPACITATING INJURY,2,0,0,2,0,5,0,17,3,11,41.960491898,-87.757238745,POINT (-87.757238745284 41.960491897536)
JA511858,,11/14/2017 05:55:00 PM,30,TRAFFIC SIGNAL,FUNCTIONING PROPERLY,CLEAR,"DARKNESS, LIGHTED ROAD",ANGLE,NOT DIVIDED,4,STRAIGHT AND LEVEL,DRY,NO DEFECTS,ON SCENE,INJURY AND / OR TOW DUE TO CRASH,Y,,,"OVER $1,500",11/14/2017 05:55:00 PM,DISREGARDING TRAFFIC SIGNALS,FAILING TO YIELD RIGHT-OF-WAY,3158,W,JACKSON BLVD,1124,,,,,,,2,INCAPACITATING INJURY,1,0,1,0,0,4,0,17,3,11,41.877436109,-87.705953377,POINT (-87.705953376752 41.877436109203)
JA511905,,11/14/2017 05:55:00 PM,25,NO CONTROLS,NO CONTROLS,CLEAR,"DARKNESS, LIGHTED ROAD",PARKED MOTOR VEHICLE,ONE-WAY,1,STRAIGHT AND LEVEL,DRY,NO DEFECTS,ON SCENE,NO INJURY / DRIVE AWAY,,,,"OVER $1,500",11/14/2017 06:02:00 PM,UNABLE TO DETERMINE,NOT APPLICABLE,3815,W,ROSCOE ST,1732,,,,,,,2,NO INDICATION OF INJURY,0,0,0,0,0,1,0,17,3,11,41.942682139,-87.723012804,POINT (-87.723012803754 41.942682139129)
JA511859,,11/14/2017 05:55:00 PM,30,NO CONTROLS,NO CONTROLS,CLEAR,"DARKNESS, LIGHTED ROAD",SIDESWIPE SAME DIRECTION,NOT DIVIDED,4,STRAIGHT AND LEVEL,DRY,NO DEFECTS,ON SCENE,NO INJURY / DRIVE AWAY,,,,"$501 - $1,500",11/14/2017 05:55:00 PM,IMPROPER LANE USAGE,NOT APPLICABLE,1401,S,CANAL ST,124,,,,,,,2,NO INDICATION OF INJURY,0,0,0,0,0,3,0,17,3,11,41.863604109,-87.638979663,POINT (-87.63897966268 41.863604109114)
JA512435,,11/14/2017 06:00:00 PM,30,TRAFFIC SIGNAL,FUNCTIONING PROPERLY,CLEAR,"DARKNESS, LIGHTED ROAD",SIDESWIPE SAME DIRECTION,DIVIDED - W/MEDIAN BARRIER,,STRAIGHT AND LEVEL,DRY,NO DEFECTS,,NO INJURY / DRIVE AWAY,,,,"OVER $1,500",11/15/2017 08:45:00 AM,IMPROPER OVERTAKING/PASSING,FAILING TO YIELD RIGHT-OF-WAY,399,N,DEARBORN ST,1831,,,,,,,2,NO INDICATION OF INJURY,0,0,0,0,0,4,0,18,3,11,41.889144935,-87.629436578,POINT (-87.629436577918 41.889144935303)
JA511898,,11/14/2017 06:00:00 PM,30,STOP SIGN/FLASHER,FUNCTIONING PROPERLY,CLEAR,"DARKNESS, LIGHTED ROAD",ANGLE,NOT DIVIDED,2,STRAIGHT AND LEVEL,DRY,NO DEFECTS,ON SCENE,INJURY AND / OR TOW DUE TO CRASH,Y,,,"$501 - $1,500",11/14/2017 06:15:00 PM,FAILING TO YIELD RIGHT-OF-WAY,NOT APPLICABLE,6033,W,HIGGINS AVE,1622,,,,,,,2,NO INDICATION OF INJURY,0,0,0,0,0,2,0,18,3,11,41.973435465,-87.779434097,POINT (-87.779434096521 41.973435464942)
JA525095,,11/14/2017 06:00:00 PM,30,UNKNOWN,UNKNOWN,UNKNOWN,"DARKNESS, LIGHTED ROAD",REAR END,UNKNOWN,,STRAIGHT AND LEVEL,UNKNOWN,UNKNOWN,NOT ON SCENE (DESK REPORT),NO INJURY / DRIVE AWAY,,,,"$501 - $1,500",11/25/2017 07:43:00 PM,FOLLOWING TOO CLOSELY,FOLLOWING TOO CLOSELY,3262,W,FULLERTON AVE,1413,,,,,,,2,NO INDICATION OF INJURY,0,0,0,0,0,2,0,18,3,11,41.924798855,-87.709896651,POINT (-87.709896650735 41.924798855189)
JA511915,,11/14/2017 06:00:00 PM,30,NO CONTROLS,NO CONTROLS,CLEAR,"DARKNESS, LIGHTED ROAD",REAR END,DIVIDED - W/MEDIAN (NOT RAISED),2,STRAIGHT AND LEVEL,DRY,NO DEFECTS,NOT ON SCENE (DESK REPORT),NO INJURY / DRIVE AWAY,,,,$500 OR LESS,11/14/2017 06:25:00 PM,UNABLE TO DETERMINE,NOT APPLICABLE,461,N,LARAMIE AVE,1532,,,,,,,2,NO INDICATION OF INJURY,0,0,0,0,0,2,0,18,3,11,41.889289658,-87.75524749,POINT (-87.755247490147 41.889289657691)
JA523628,,11/14/2017 06:00:00 PM,25,OTHER,NO CONTROLS,CLEAR,DUSK,PEDESTRIAN,OTHER,,STRAIGHT AND LEVEL,DRY,NO DEFECTS,NOT ON SCENE (DESK REPORT),INJURY AND / OR TOW DUE TO CRASH,,,Y,"$501 - $1,500",11/24/2017 02:30:00 PM,NOT APPLICABLE,NOT APPLICABLE,415,S,PULASKI RD,1132,,,,,,,2,INCAPACITATING INJURY,1,0,1,0,0,1,0,18,3,11,41.874750447,-87.725313697,POINT (-87.725313696827 41.874750447026)
JA511994,,11/14/2017 06:00:00 PM,5,LANE USE MARKING,FUNCTIONING PROPERLY,CLEAR,"DARKNESS, LIGHTED ROAD",PARKED MOTOR VEHICLE,PARKING LOT,,STRAIGHT AND LEVEL,DRY,NO DEFECTS,ON SCENE,NO INJURY / DRIVE AWAY,,Y,,"$501 - $1,500",11/14/2017 07:00:00 PM,IMPROPER BACKING,UNABLE TO DETERMINE,8420,W,BRYN MAWR AVE,1614,,Y,,,,,2,NO INDICATION OF INJURY,0,0,0,0,0,1,0,18,3,11,41.981219447,-87.837650334,POINT (-87.837650333883 41.981219446558)
JA511894,,11/14/2017 06:00:00 PM,5,NO CONTROLS,NO CONTROLS,CLEAR,DARKNESS,PARKED MOTOR VEHICLE,PARKING LOT,,STRAIGHT AND LEVEL,DRY,NO DEFECTS,NOT ON SCENE (DESK REPORT),NO INJURY / DRIVE AWAY,,,,"OVER $1,500",11/14/2017 06:20:00 PM,IMPROPER BACKING,NOT APPLICABLE,6600,S,HALSTED ST,723,,,,,,,2,NO INDICATION OF INJURY,0,0,0,0,0,2,0,18,3,11,41.774248116,-87.644789775,POINT (-87.644789774568 41.774248116446)
JA512535,,11/14/2017 06:00:00 PM,30,TRAFFIC SIGNAL,FUNCTIONING PROPERLY,CLEAR,"DARKNESS, LIGHTED ROAD",SIDESWIPE SAME DIRECTION,DIVIDED - W/MEDIAN BARRIER,,STRAIGHT AND LEVEL,DRY,NO DEFECTS,,NO INJURY / DRIVE AWAY,,,,"OVER $1,500",11/15/2017 08:45:00 AM,IMPROPER OVERTAKING/PASSING,FAILING TO YIELD RIGHT-OF-WAY,399,N,DEARBORN ST,1831,,,,,,,2,NO INDICATION OF INJURY,0,0,0,0,0,4,0,18,3,11,41.889144935,-87.629436578,POINT (-87.629436577918 41.889144935303)
JA511942,,11/14/2017 06:05:00 PM,25,STOP SIGN/FLASHER,FUNCTIONING PROPERLY,CLEAR,"DARKNESS, LIGHTED ROAD",ANGLE,DIVIDED - W/MEDIAN (NOT RAISED),,STRAIGHT AND LEVEL,DRY,NO DEFECTS,ON SCENE,INJURY AND / OR TOW DUE TO CRASH,Y,,,"$501 - $1,500",11/14/2017 06:12:00 PM,FAILING TO YIELD RIGHT-OF-WAY,UNABLE TO DETERMINE,2200,W,ROSCOE ST,1921,,,,,,,2,NO INDICATION OF INJURY,0,0,0,0,0,3,0,18,3,11,41.94326586,-87.683364912,POINT (-87.683364911938 41.943265859762)
JA516830,,11/14/2017 06:05:00 PM,30,NO CONTROLS,NO CONTROLS,CLEAR,"DARKNESS, LIGHTED ROAD",SIDESWIPE SAME DIRECTION,DIVIDED - W/MEDIAN BARRIER,4,STRAIGHT AND LEVEL,DRY,NO DEFECTS,ON SCENE,NO INJURY / DRIVE AWAY,,,,"$501 - $1,500",11/18/2017 03:25:00 PM,UNABLE TO DETERMINE,EXCEEDING AUTHORIZED SPEED LIMIT,1410,S,MUSEUM CAMPUS DR,132,,,,,,,2,NO INDICATION OF INJURY,0,0,0,0,0,2,0,18,3,11,41.862628294,-87.615031094,POINT (-87.615031094113 41.862628294038)
JA511990,,11/14/2017 06:10:00 PM,30,NO CONTROLS,NO CONTROLS,CLEAR,"DARKNESS, LIGHTED ROAD",SIDESWIPE SAME DIRECTION,DIVIDED - W/MEDIAN (NOT RAISED),2,STRAIGHT AND LEVEL,DRY,NO DEFECTS,NOT ON SCENE (DESK REPORT),NO INJURY / DRIVE AWAY,,,,"OVER $1,500",11/14/2017 07:27:00 PM,IMPROPER LANE USAGE,FAILING TO REDUCE SPEED TO AVOID CRASH,4107,W,LAKE ST,1114,,,,,,,2,NO INDICATION OF INJURY,0,0,0,0,0,2,0,18,3,11,41.88550994,-87.728627542,POINT (-87.728627542468 41.88550994044)
JA511986,,11/14/2017 06:10:00 PM,30,NO CONTROLS,NO CONTROLS,CLEAR,"DARKNESS, LIGHTED ROAD",TURNING,NOT DIVIDED,4,STRAIGHT AND LEVEL,DRY,NO DEFECTS,NOT ON SCENE (DESK REPORT),NO INJURY / DRIVE AWAY,,,,"OVER $1,500",11/14/2017 07:15:00 PM,FAILING TO YIELD RIGHT-OF-WAY,DRIVING SKILLS/KNOWLEDGE/EXPERIENCE,2756,W,55TH ST,923,,,,,,,2,NO INDICATION OF INJURY,0,0,0,0,0,2,0,18,3,11,41.793803063,-87.693656208,POINT (-87.693656208453 41.79380306285)