RD_NO,CRASH_DATE_EST_I,CRASH_DATE,POSTED_SPEED_LIMIT,TRAFFIC_CONTROL_DEVICE,DEVICE_CONDITION,WEATHER_CONDITION,LIGHTING_CONDITION,FIRST_CRASH_TYPE,TRAFFICWAY_TYPE,LANE_CNT,ALIGNMENT,ROADWAY_SURFACE_COND,ROAD_DEFECT,REPORT_TYPE,CRASH_TYPE,INTERSECTION_RELATED_I,NOT_RIGHT_OF_WAY_I,HIT_AND_RUN_I,DAMAGE,DATE_POLICE_NOTIFIED,PRIM_CONTRIBUTORY_CAUSE,SEC_CONTRIBUTORY_CAUSE,STREET_NO,STREET_DIRECTION,STREET_NAME,BEAT_OF_OCCURRENCE,PHOTOS_TAKEN_I,STATEMENTS_TAKEN_I,DOORING_I,WORK_ZONE_I,WORK_ZONE_TYPE,WORKERS_PRESENT_I,NUM_UNITS,MOST_SEVERE_INJURY,INJURIES_TOTAL,INJURIES_FATAL,INJURIES_INCAPACITATING,INJURIES_NON_INCAPACITATING,INJURIES_REPORTED_NOT_EVIDENT,INJURIES_NO_INDICATION,INJURIES_UNKNOWN,CRASH_HOUR,CRASH_DAY_OF_WEEK,CRASH_MONTH,LATITUDE,LONGITUDE,LOCATION
JA511920,,11/14/2017 06:14:00 PM,35,TRAFFIC SIGNAL,FUNCTIONING PROPERLY,CLEAR,DUSK,SIDESWIPE SAME DIRECTION,NOT DIVIDED,2,STRAIGHT AND LEVEL,DRY,NO DEFECTS,ON SCENE,NO INJURY / DRIVE AWAY,Y,,,$500 OR LESS,11/14/2017 06:14:00 PM,IMPROPER OVERTAKING/PASSING,IMPROPER LANE USAGE,300,N,CENTRAL PARK AVE,1123,,,,,,,2,NO INDICATION OF INJURY,0,0,0,0,0,2,0,18,3,11,41.88633641,-87.716203131,POINT (-87.716203130599 41.886336409761)
JA511918,,11/14/2017 06:15:00 PM,30,NO CONTROLS,NO CONTROLS,CLEAR,"DARKNESS, LIGHTED ROAD",REAR END,NOT DIVIDED,4,STRAIGHT AND LEVEL,DRY,NO DEFECTS,NOT ON SCENE (DESK REPORT),NO INJURY / DRIVE AWAY,,,Y,"$501 - $1,500",11/14/2017 06:25:00 PM,FOLLOWING TOO CLOSELY,UNABLE TO DETERMINE,3600,W,OGDEN AVE,1014,,,,,,,2,NO INDICATION OF INJURY,0,0,0,0,0,2,0,18,3,11,41.854645702,-87.715206252,POINT (-87.715206251845 41.854645701934)
JA511997,,11/14/2017 06:25:00 PM,30,NO CONTROLS,NO CONTROLS,CLEAR,"DARKNESS, LIGHTED ROAD",TURNING,NOT DIVIDED,,STRAIGHT AND LEVEL,DRY,NO DEFECTS,NOT ON SCENE (DESK REPORT),NO INJURY / DRIVE AWAY,Y,,Y,"$501 - $1,500",11/14/2017 07:25:00 PM,FAILING TO YIELD RIGHT-OF-WAY,NOT APPLICABLE,4232,W,NORTH AVE,2534,,,,,,,2,NO INDICATION OF INJURY,0,0,0,0,0,2,0,18,3,11,41.90991132,-87.732637138,POINT (-87.732637138372 41.909911320419)
JA512023,,11/14/2017 06:25:00 PM,30,TRAFFIC SIGNAL,FUNCTIONING PROPERLY,CLEAR,DUSK,TURNING,NOT DIVIDED,,STRAIGHT AND LEVEL,DRY,NO DEFECTS,NOT ON SCENE (DESK REPORT),NO INJURY / DRIVE AWAY,,,,"OVER $1,500",11/14/2017 07:36:00 PM,NOT APPLICABLE,NOT APPLICABLE,630,W,HARRISON ST,124,,,,,,,2,NO INDICATION OF INJURY,0,0,0,0,0,2,0,18,3,11,41.874463424,-87.643815927,POINT (-87.643815926751 41.874463423738)
JA522058,,11/14/2017 06:30:00 PM,30,NO CONTROLS,NO CONTROLS,UNKNOWN,UNKNOWN,PEDESTRIAN,PARKING LOT,1,STRAIGHT AND LEVEL,UNKNOWN,UNKNOWN,NOT ON SCENE (DESK REPORT),INJURY AND / OR TOW DUE TO CRASH,,,Y,"OVER $1,500",11/22/2017 06:00:00 PM,UNABLE TO DETERMINE,UNABLE TO DETERMINE,3958,W,HARRISON ST,1132,,,,,,,2,NONINCAPACITATING INJURY,1,0,0,1,0,1,0,18,3,11,41.873553219,-87.725329954,POINT (-87.725329954403 41.873553218661)
JA512075,,11/14/2017 06:32:00 PM,30,TRAFFIC SIGNAL,FUNCTIONING PROPERLY,CLEAR,"DARKNESS, LIGHTED ROAD",REAR END,NOT DIVIDED,,STRAIGHT AND LEVEL,DRY,UNKNOWN,ON SCENE,NO INJURY / DRIVE AWAY,,,,$500 OR LESS,11/14/2017 06:32:00 PM,FOLLOWING TOO CLOSELY,UNABLE TO DETERMINE,123,E,35TH ST,212,,,,,,,2,NO INDICATION OF INJURY,0,0,0,0,0,2,0,18,3,11,41.830944747,-87.622194846,POINT (-87.622194845942 41.830944747458)
JA511967,,11/14/2017 06:35:00 PM,30,NO CONTROLS,NO CONTROLS,CLEAR,"DARKNESS, LIGHTED ROAD",OVERTURNED,DIVIDED - W/MEDIAN (NOT RAISED),4,STRAIGHT AND LEVEL,DRY,NO DEFECTS,ON SCENE,INJURY AND / OR TOW DUE TO CRASH,,,,"OVER $1,500",11/14/2017 06:43:00 PM,NOT APPLICABLE,NOT APPLICABLE,4035,W,IRVING PARK RD,1732,,,,,,,1,NO INDICATION OF INJURY,0,0,0,0,0,1,0,18,3,11,41.953530259,-87.728536026,POINT (-87.72853602594 41.953530258638)
JA511962,,11/14/2017 06:36:00 PM,30,TRAFFIC SIGNAL,FUNCTIONING PROPERLY,CLEAR,"DARKNESS, LIGHTED ROAD",SIDESWIPE SAME DIRECTION,NOT DIVIDED,4,STRAIGHT AND LEVEL,DRY,NO DEFECTS,ON SCENE,INJURY AND / OR TOW DUE TO CRASH,,,,"OVER $1,500",11/14/2017 06:43:00 PM,UNDER THE INFLUENCE OF ALCOHOL/DRUGS (USE WHEN ARREST IS EFFECTED),PHYSICAL CONDITION OF DRIVER,2802,W,LAKE ST,1222,,,,,,,2,"REPORTED, NOT EVIDENT",1,0,0,0,1,1,0,18,3,11,41.884347671,-87.696524157,POINT (-87.696524156547 41.884347671321)
JA511965,,11/14/2017 06:42:00 PM,30,NO CONTROLS,NO CONTROLS,CLEAR,DARKNESS,PEDALCYCLIST,NOT DIVIDED,2,STRAIGHT AND LEVEL,DRY,NO DEFECTS,ON SCENE,INJURY AND / OR TOW DUE TO CRASH,,,,"$501 - $1,500",11/14/2017 06:50:00 PM,FAILING TO YIELD RIGHT-OF-WAY,FAILING TO YIELD RIGHT-OF-WAY,761,N,MILWAUKEE AVE,1214,,,,,,,2,NONINCAPACITATING INJURY,1,0,0,1,0,1,0,18,3,11,41.895687931,-87.654334529,POINT (-87.654334529019 41.895687930682)
JA512042,,11/14/2017 06:45:00 PM,30,NO CONTROLS,NO CONTROLS,CLEAR,DARKNESS,PARKED MOTOR VEHICLE,NOT DIVIDED,,STRAIGHT AND LEVEL,DRY,NO DEFECTS,ON SCENE,NO INJURY / DRIVE AWAY,,,Y,"$501 - $1,500",11/14/2017 07:36:00 PM,UNABLE TO DETERMINE,NOT APPLICABLE,6152,S,CARPENTER ST,712,,,,,,,2,NO INDICATION OF INJURY,0,0,0,0,0,1,0,18,3,11,41.781723362,-87.651059221,POINT (-87.651059220664 41.78172336155)
JA512037,,11/14/2017 06:45:00 PM,30,NO CONTROLS,NO CONTROLS,CLEAR,DAYLIGHT,SIDESWIPE SAME DIRECTION,NOT DIVIDED,,STRAIGHT AND LEVEL,DRY,NO DEFECTS,NOT ON SCENE (DESK REPORT),NO INJURY / DRIVE AWAY,,,,"OVER $1,500",11/14/2017 07:55:00 PM,UNABLE TO DETERMINE,UNABLE TO DETERMINE,1574,N,KINGSBURY ST,1822,,,,,,,2,NO INDICATION OF INJURY,0,0,0,0,0,2,0,18,3,11,41.910088542,-87.653622571,POINT (-87.653622571404 41.910088541706)
JA511971,,11/14/2017 06:50:00 PM,15,NO CONTROLS,NO CONTROLS,CLEAR,"DARKNESS, LIGHTED ROAD",SIDESWIPE OPPOSITE DIRECTION,ONE-WAY,,STRAIGHT AND LEVEL,DRY,NO DEFECTS,ON SCENE,NO INJURY / DRIVE AWAY,,,,"OVER $1,500",11/14/2017 06:51:00 PM,DRIVING SKILLS/KNOWLEDGE/EXPERIENCE,UNABLE TO DETERMINE,3925,W,68TH ST,833,,,,,,,2,NO INDICATION OF INJURY,0,0,0,0,0,2,0,18,3,11,41.769466121,-87.721109443,POINT (-87.721109442814 41.769466120902)
JA512930,Y,11/14/2017 07:00:00 PM,25,NO CONTROLS,NO CONTROLS,UNKNOWN,"DARKNESS, LIGHTED ROAD",PARKED MOTOR VEHICLE,NOT DIVIDED,2,STRAIGHT AND LEVEL,DRY,NO DEFECTS,NOT ON SCENE (DESK REPORT),NO INJURY / DRIVE AWAY,,,Y,"$501 - $1,500",11/15/2017 03:25:00 PM,IMPROPER OVERTAKING/PASSING,FAILING TO REDUCE SPEED TO AVOID CRASH,6408,N,DAMEN AVE,2412,,,,,,,2,NO INDICATION OF INJURY,0,0,0,0,0,1,0,19,3,11,41.998207751,-87.680294177,POINT (-87.680294177047 41.998207750736)
JA512009,,11/14/2017 07:00:00 PM,30,STOP SIGN/FLASHER,FUNCTIONING PROPERLY,CLEAR,DARKNESS,REAR END,ONE-WAY,1,STRAIGHT AND LEVEL,UNKNOWN,UNKNOWN,NOT ON SCENE (DESK REPORT),NO INJURY / DRIVE AWAY,,,,"$501 - $1,500",11/14/2017 07:29:00 PM,FOLLOWING TOO CLOSELY,FOLLOWING TOO CLOSELY,760,W,WAVELAND AVE,1925,,,,,,,2,NO INDICATION OF INJURY,0,0,0,0,0,3,0,19,3,11,41.949240185,-87.648782678,POINT (-87.64878267816 41.949240184646)
JA511982,,11/14/2017 07:00:00 PM,30,STOP SIGN/FLASHER,FUNCTIONING PROPERLY,CLEAR,"DARKNESS, LIGHTED ROAD",ANGLE,DIVIDED - W/MEDIAN (NOT RAISED),,STRAIGHT AND LEVEL,DRY,NO DEFECTS,NOT ON SCENE (DESK REPORT),INJURY AND / OR TOW DUE TO CRASH,Y,,,"OVER $1,500",11/14/2017 07:04:00 PM,FAILING TO YIELD RIGHT-OF-WAY,NOT APPLICABLE,4400,W,MONROE ST,1113,,,,,,,2,"REPORTED, NOT EVIDENT",4,0,0,0,4,2,0,19,3,11,41.879752667,-87.735568434,POINT (-87.735568434249 41.879752667396)
JA512048,,11/14/2017 07:14:00 PM,30,NO CONTROLS,NO CONTROLS,CLEAR,"DARKNESS, LIGHTED ROAD",SIDESWIPE OPPOSITE DIRECTION,ONE-WAY,3,STRAIGHT AND LEVEL,DRY,NO DEFECTS,ON SCENE,NO INJURY / DRIVE AWAY,,,,"OVER $1,500",11/14/2017 07:16:00 PM,IMPROPER BACKING,IMPROPER LANE USAGE,130,N,FRANKLIN ST,122,,,,,,,2,NO INDICATION OF INJURY,0,0,0,0,0,2,0,19,3,11,41.884026973,-87.635512222,POINT (-87.635512221861 41.884026973495)
JA512053,,11/14/2017 07:15:00 PM,30,TRAFFIC SIGNAL,FUNCTIONING PROPERLY,CLEAR,DAYLIGHT,TURNING,NOT DIVIDED,,STRAIGHT AND LEVEL,DRY,NO DEFECTS,ON SCENE,INJURY AND / OR TOW DUE TO CRASH,,,Y,"$501 - $1,500",11/14/2017 08:00:00 PM,FAILING TO YIELD RIGHT-OF-WAY,DRIVING SKILLS/KNOWLEDGE/EXPERIENCE,6427,N,OZANAM AVE,1612,,,,,,,2,NONINCAPACITATING INJURY,1,0,0,1,0,1,0,19,3,11,41.997531104,-87.821256392,POINT (-87.821256391699 41.997531103871)
JA512033,,11/14/2017 07:20:00 PM,20,NO CONTROLS,NO CONTROLS,CLEAR,"DARKNESS, LIGHTED ROAD",FIXED OBJECT,NOT DIVIDED,2,STRAIGHT AND LEVEL,DRY,NO DEFECTS,ON SCENE,INJURY AND / OR TOW DUE TO CRASH,,N,Y,"OVER $1,500",11/14/2017 07:26:00 PM,UNABLE TO DETERMINE,UNABLE TO DETERMINE,2727,N,LONG AVE,2514,,,,,,,1,NO INDICATION OF INJURY,0,0,0,0,0,1,0,19,3,11,41.930385932,-87.761153055,POINT (-87.761153054576 41.93038593218)
JA512018,,11/14/2017 07:20:00 PM,30,NO CONTROLS,NO CONTROLS,CLEAR,"DARKNESS, LIGHTED ROAD",SIDESWIPE SAME DIRECTION,NOT DIVIDED,4,STRAIGHT AND LEVEL,DRY,WORN SURFACE,ON SCENE,NO INJURY / DRIVE AWAY,,,,"$501 - $1,500",11/14/2017 07:35:00 PM,UNABLE TO DETERMINE,NOT APPLICABLE,1754,S,CLARK ST,131,,,,,,,2,NO INDICATION OF INJURY,0,0,0,0,0,2,0,19,3,11,41.857836064,-87.630374574,POINT (-87.630374574357 41.857836064476)
JA512007,,11/14/2017 07:20:00 PM,30,NO CONTROLS,NO CONTROLS,CLEAR,"DARKNESS, LIGHTED ROAD",SIDESWIPE SAME DIRECTION,NOT DIVIDED,,STRAIGHT AND LEVEL,DRY,NO DEFECTS,NOT ON SCENE (DESK REPORT),NO INJURY / DRIVE AWAY,,,,"$501 - $1,500",11/14/2017 07:38:00 PM,UNABLE TO DETERMINE,UNABLE TO DETERMINE,333,N,STATE ST,1834,,,,,,,2,NO INDICATION OF INJURY,0,0,0,0,0,2,0,19,3,11,41.888420775,-87.627887971,POINT (-87.627887971171 41.888420774754)
JA512049,,11/14/2017 07:20:00 PM,30,NO CONTROLS,FUNCTIONING PROPERLY,CLEAR,DARKNESS,TURNING,NOT DIVIDED,,STRAIGHT AND LEVEL,DRY,NO DEFECTS,NOT ON SCENE (DESK REPORT),NO INJURY / DRIVE AWAY,,,N,"$501 - $1,500",11/14/2017 07:35:00 PM,IMPROPER TURNING/NO SIGNAL,NOT APPLICABLE,2014,E,87TH ST,412,,,,,,,2,NO INDICATION OF INJURY,0,0,0,0,0,7,0,19,3,11,41.737175231,-87.575077791,POINT (-87.575077790569 41.737175230617)
JA512136,,11/14/2017 07:20:00 PM,35,TRAFFIC SIGNAL,FUNCTIONING PROPERLY,CLEAR,"DARKNESS, LIGHTED ROAD",REAR END,NOT DIVIDED,,STRAIGHT AND LEVEL,DRY,NO DEFECTS,NOT ON SCENE (DESK REPORT),INJURY AND / OR TOW DUE TO CRASH,,,,$500 OR LESS,11/14/2017 09:48:00 PM,UNABLE TO DETERMINE,NOT APPLICABLE,3600,N,HARLEM AVE,1631,,,,,,,2,"REPORTED, NOT EVIDENT",1,0,0,0,1,1,0,19,3,11,41.945338412,-87.807154769,POINT (-87.80715476912 41.945338412466)
JA512855,,11/14/2017 07:30:00 PM,25,TRAFFIC SIGNAL,FUNCTIONING PROPERLY,CLEAR,DUSK,PARKED MOTOR VEHICLE,ONE-WAY,4,STRAIGHT AND LEVEL,DRY,NO DEFECTS,NOT ON SCENE (DESK REPORT),NO INJURY / DRIVE AWAY,Y,,,"$501 - $1,500",11/15/2017 02:25:00 PM,FAILING TO YIELD RIGHT-OF-WAY,FAILING TO REDUCE SPEED TO AVOID CRASH,52,W,ILLINOIS ST,1831,,,,,,,2,NO INDICATION OF INJURY,0,0,0,0,0,2,0,19,3,11,41.89093553,-87.629971089,POINT (-87.629971089181 41.890935529568)
JA513107,,11/14/2017 07:30:00 PM,30,TRAFFIC SIGNAL,FUNCTIONING PROPERLY,CLEAR,"DARKNESS, LIGHTED ROAD",TURNING,NOT DIVIDED,4,STRAIGHT AND LEVEL,DRY,NO DEFECTS,NOT ON SCENE (DESK REPORT),NO INJURY / DRIVE AWAY,Y,,Y,"$501 - $1,500",11/15/2017 05:15:00 PM,UNABLE TO DETERMINE,UNABLE TO DETERMINE,4145,W,IRVING PARK RD,1732,,,,,,,2,NO INDICATION OF INJURY,0,0,0,0,0,2,0,19,3,11,41.953508497,-87.730957742,POINT (-87.730957742195 41.953508497095)
JA512687,,11/14/2017 07:30:00 PM,10,NO CONTROLS,NO CONTROLS,CLEAR,DAYLIGHT,REAR END,OTHER,0,STRAIGHT AND LEVEL,DRY,NO DEFECTS,NOT ON SCENE (DESK REPORT),NO INJURY / DRIVE AWAY,,,,"OVER $1,500",11/15/2017 12:20:00 PM,UNABLE TO DETERMINE,UNABLE TO DETERMINE,1835,E,95TH ST,431,,,,,,,2,NO INDICATION OF INJURY,0,0,0,0,0,2,0,19,3,11,41.722315219,-87.578854323,POINT (-87.578854323402 41.72231521886)
JA512024,,11/14/2017 07:35:00 PM,30,NO CONTROLS,NO CONTROLS,CLEAR,"DARKNESS, LIGHTED ROAD",TURNING,NOT DIVIDED,,STRAIGHT AND LEVEL,DRY,NO DEFECTS,NOT ON SCENE (DESK REPORT),NO INJURY / DRIVE AWAY,Y,,,"$501 - $1,500",11/14/2017 07:45:00 PM,"VISION OBSCURED (SIGNS, TREE LIMBS, BUILDINGS, ETC.)",UNABLE TO DETERMINE,3130,W,BELMONT AVE,1733,,,,,,,2,NO INDICATION OF INJURY,0,0,0,0,0,2,0,19,3,11,41.939453914,-87.70603223,POINT (-87.70603223009 41.939453913646)
JA512858,,11/14/2017 07:45:00 PM,30,TRAFFIC SIGNAL,NO CONTROLS,CLEAR,"DARKNESS, LIGHTED ROAD",REAR END,DIVIDED - W/MEDIAN (NOT RAISED),2,STRAIGHT AND LEVEL,DRY,NO DEFECTS,NOT ON SCENE (DESK REPORT),INJURY AND / OR TOW DUE TO CRASH,Y,,,"OVER $1,500",11/15/2017 02:15:00 PM,UNABLE TO DETERMINE,NOT APPLICABLE,100,E,CHICAGO AVE,1833,,,,,,,2,"REPORTED, NOT EVIDENT",1,0,0,0,1,1,0,19,3,11,41.896822123,-87.625560706,POINT (-87.625560705784 41.896822123138)
JA512036,N,11/14/2017 07:45:00 PM,25,TRAFFIC SIGNAL,FUNCTIONING PROPERLY,CLEAR,"DARKNESS, LIGHTED ROAD",SIDESWIPE SAME DIRECTION,CENTER TURN LANE,2,STRAIGHT AND LEVEL,DRY,NO DEFECTS,ON SCENE,NO INJURY / DRIVE AWAY,Y,,Y,"$501 - $1,500",11/14/2017 07:46:00 PM,IMPROPER OVERTAKING/PASSING,NOT APPLICABLE,6800,N,RIDGE BLVD,2411,,,,,,,2,NO INDICATION OF INJURY,0,0,0,0,0,3,0,19,3,11,42.005231486,-87.680338132,POINT (-87.680338131596 42.005231485732)
JA512045,,11/14/2017 07:55:00 PM,35,NO CONTROLS,NO CONTROLS,CLEAR,"DARKNESS, LIGHTED ROAD",SIDESWIPE SAME DIRECTION,NOT DIVIDED,4,STRAIGHT AND LEVEL,DRY,UNKNOWN,NOT ON SCENE (DESK REPORT),NO INJURY / DRIVE AWAY,,,Y,"OVER $1,500",11/14/2017 08:05:00 PM,UNABLE TO DETERMINE,UNABLE TO DETERMINE,4224,N,ASHLAND AVE,1912,,,,,,,2,NO INDICATION OF INJURY,0,0,0,0,0,2,0,19,3,11,41.95871575,-87.669321204,POINT (-87.669321204413 41.958715750103)
JA512071,,11/14/2017 08:15:00 PM,40,NO CONTROLS,NO CONTROLS,CLEAR,DARKNESS,OTHER OBJECT,DIVIDED - W/MEDIAN BARRIER,4,STRAIGHT AND LEVEL,DRY,NO DEFECTS,ON SCENE,NO INJURY / DRIVE AWAY,,,,"OVER $1,500",11/14/2017 08:20:00 PM,DISTRACTION - FROM INSIDE VEHICLE,NOT APPLICABLE,2400,N,LAKE SHORE DR NB,1935,,,,,,,1,NO INDICATION OF INJURY,0,0,0,0,0,1,0,20,3,11,41.926200718,-87.631330873,POINT (-87.631330872715 41.926200718012)
JA512102,,11/14/2017 08:15:00 PM,30,NO CONTROLS,NO CONTROLS,CLEAR,"DARKNESS, LIGHTED ROAD",SIDESWIPE SAME DIRECTION,NOT DIVIDED,,STRAIGHT AND LEVEL,DRY,NO DEFECTS,ON SCENE,NO INJURY / DRIVE AWAY,,,,"$501 - $1,500",11/14/2017 08:30:00 PM,FAILING TO YIELD RIGHT-OF-WAY,NOT APPLICABLE,2251,N,LINCOLN AVE,1812,,,,,,,2,NO INDICATION OF INJURY,0,0,0,0,0,2,0,20,3,11,41.923109942,-87.645284281,POINT (-87.64528428054 41.923109941509)
JA512098,,11/14/2017 08:15:00 PM,30,NO CONTROLS,NO CONTROLS,CLEAR,"DARKNESS, LIGHTED ROAD",REAR END,NOT DIVIDED,,STRAIGHT AND LEVEL,DRY,NO DEFECTS,NOT ON SCENE (DESK REPORT),NO INJURY / DRIVE AWAY,,,,"OVER $1,500",11/14/2017 08:21:00 PM,FOLLOWING TOO CLOSELY,NOT APPLICABLE,7020,S,JEFFERY BLVD,332,,,,,,,2,NO INDICATION OF INJURY,0,0,0,0,0,3,0,20,3,11,41.767352955,-87.576477958,POINT (-87.576477958446 41.767352954568)
JA512091,,11/14/2017 08:30:00 PM,30,TRAFFIC SIGNAL,FUNCTIONING PROPERLY,CLEAR,"DARKNESS, LIGHTED ROAD",SIDESWIPE OPPOSITE DIRECTION,NOT DIVIDED,,STRAIGHT AND LEVEL,DRY,NO DEFECTS,ON SCENE,NO INJURY / DRIVE AWAY,,,,"OVER $1,500",11/14/2017 08:31:00 PM,UNABLE TO DETERMINE,UNABLE TO DETERMINE,2440,N,SACRAMENTO AVE,1414,,,,,,,2,NO INDICATION OF INJURY,0,0,0,0,0,3,0,20,3,11,41.925953015,-87.702493187,POINT (-87.702493186856 41.925953014708)
JA512109,,11/14/2017 09:03:00 PM,30,NO CONTROLS,NO CONTROLS,CLEAR,"DARKNESS, LIGHTED ROAD",PEDESTRIAN,DIVIDED - W/MEDIAN (NOT RAISED),2,STRAIGHT AND LEVEL,DRY,NO DEFECTS,ON SCENE,INJURY AND / OR TOW DUE TO CRASH,,,Y,"OVER $1,500",11/14/2017 09:10:00 PM,UNABLE TO DETERMINE,NOT APPLICABLE,3527,W,ARMITAGE AVE,1422,,,,,,,2,INCAPACITATING INJURY,1,0,1,0,0,1,0,21,3,11,41.91719803,-87.714660372,POINT (-87.714660372195 41.917198029831)
JA512204,,11/14/2017 09:18:00 PM,30,NO CONTROLS,NO CONTROLS,CLEAR,"DARKNESS, LIGHTED ROAD",PARKED MOTOR VEHICLE,ONE-WAY,1,STRAIGHT AND LEVEL,DRY,NO DEFECTS,ON SCENE,NO INJURY / DRIVE AWAY,,,Y,"$501 - $1,500",11/14/2017 09:18:00 PM,"OPERATING VEHICLE IN ERRATIC, RECKLESS, CARELESS, NEGLIGENT OR AGGRESSIVE MANNER",UNDER THE INFLUENCE OF ALCOHOL/DRUGS (USE WHEN ARREST IS EFFECTED),6548,W,64TH PL,812,,Y,,,,,2,NO INDICATION OF INJURY,0,0,0,0,0,1,0,21,3,11,41.774986957,-87.785544698,POINT (-87.785544698363 41.774986957005)
JA512183,,11/14/2017 09:30:00 PM,30,NO CONTROLS,NO CONTROLS,CLEAR,DARKNESS,PARKED MOTOR VEHICLE,NOT DIVIDED,2,STRAIGHT AND LEVEL,DRY,NO DEFECTS,ON SCENE,NO INJURY / DRIVE AWAY,,,Y,"$501 - $1,500",11/14/2017 10:00:00 PM,FAILING TO REDUCE SPEED TO AVOID CRASH,UNABLE TO DETERMINE,6429,N,OLIPHANT AVE,1612,,,,,,,2,NO INDICATION OF INJURY,0,0,0,0,0,1,0,21,3,11,41.997897481,-87.820889083,POINT (-87.820889083246 41.997897481239)
JA512189,,11/14/2017 09:47:00 PM,35,NO CONTROLS,NO CONTROLS,CLEAR,"DARKNESS, LIGHTED ROAD",PARKED MOTOR VEHICLE,NOT DIVIDED,2,STRAIGHT AND LEVEL,DRY,NO DEFECTS,,INJURY AND / OR TOW DUE TO CRASH,,Y,,"OVER $1,500",11/14/2017 09:47:00 PM,UNABLE TO DETERMINE,NOT APPLICABLE,3524,W,59TH ST,822,,,,,,,5,NONINCAPACITATING INJURY,1,0,0,1,0,2,0,21,3,11,41.786224332,-87.71182429,POINT (-87.711824289812 41.786224331735)
JA521189,,11/14/2017 09:47:00 PM,35,NO CONTROLS,NO CONTROLS,CLEAR,"DARKNESS, LIGHTED ROAD",PARKED MOTOR VEHICLE,NOT DIVIDED,2,STRAIGHT AND LEVEL,DRY,NO DEFECTS,ON SCENE,INJURY AND / OR TOW DUE TO CRASH,,Y,,"OVER $1,500",11/14/2017 09:47:00 PM,UNABLE TO DETERMINE,NOT APPLICABLE,3524,W,59TH ST,822,,,,,,,5,NONINCAPACITATING INJURY,1,0,0,1,0,2,0,21,3,11,41.786224332,-87.71182429,POINT (-87.711824289812 41.786224331735)
JA512197,,11/14/2017 09:50:00 PM,10,NO CONTROLS,NO CONTROLS,CLEAR,UNKNOWN,PARKED MOTOR VEHICLE,PARKING LOT,1,STRAIGHT AND LEVEL,DRY,NO DEFECTS,ON SCENE,NO INJURY / DRIVE AWAY,,Y,Y,"OVER $1,500",11/14/2017 10:29:00 PM,UNABLE TO DETERMINE,UNABLE TO DETERMINE,326,S,WELLS ST,122,,,,,,,2,NO INDICATION OF INJURY,0,0,0,0,0,1,0,21,3,11,41.877459033,-87.633856044,POINT (-87.633856044085 41.877459033036)
JA512188,,11/14/2017 10:14:00 PM,30,TRAFFIC SIGNAL,FUNCTIONING PROPERLY,CLEAR,"DARKNESS, LIGHTED ROAD",TURNING,CENTER TURN LANE,5,STRAIGHT AND LEVEL,DRY,NO DEFECTS,ON SCENE,INJURY AND / OR TOW DUE TO CRASH,Y,,,"OVER $1,500",11/14/2017 10:26:00 PM,"DISTRACTION - OTHER ELECTRONIC DEVICE (NAVIGATION DEVICE, DVD PLAYER, ETC.)",UNABLE TO DETERMINE,1400,N,ASHLAND AVE,1433,,,,,,,2,NO INDICATION OF INJURY,0,0,0,0,0,2,0,22,3,11,41.907034481,-87.667737902,POINT (-87.667737902188 41.907034481167)
JA512267,,11/14/2017 10:30:00 PM,30,NO CONTROLS,NOT FUNCTIONING,CLEAR,DARKNESS,REAR END,NOT DIVIDED,4,STRAIGHT AND LEVEL,DRY,WORN SURFACE,NOT ON SCENE (DESK REPORT),NO INJURY / DRIVE AWAY,,,,"OVER $1,500",11/14/2017 11:00:00 PM,UNABLE TO DETERMINE,UNABLE TO DETERMINE,13000,S,TORRENCE AVE,434,,,,,,,2,NO INDICATION OF INJURY,0,0,0,0,0,2,0,22,3,11,41.65912619,-87.559432742,POINT (-87.559432741943 41.659126189932)
JA512225,,11/14/2017 10:30:00 PM,30,NO CONTROLS,NO CONTROLS,CLEAR,"DARKNESS, LIGHTED ROAD",PARKED MOTOR VEHICLE,NOT DIVIDED,,STRAIGHT AND LEVEL,DRY,NO DEFECTS,ON SCENE,INJURY AND / OR TOW DUE TO CRASH,,,,"OVER $1,500",11/14/2017 10:33:00 PM,UNABLE TO DETERMINE,UNABLE TO DETERMINE,4033,W,62ND ST,813,,,,,,,3,NO INDICATION OF INJURY,0,0,0,0,0,1,0,22,3,11,41.780350937,-87.724092182,POINT (-87.724092181883 41.780350936882)
JA512212,,11/14/2017 10:50:00 PM,15,NO CONTROLS,NO CONTROLS,CLEAR,"DARKNESS, LIGHTED ROAD",PARKED MOTOR VEHICLE,ONE-WAY,1,STRAIGHT AND LEVEL,DRY,UNKNOWN,ON SCENE,NO INJURY / DRIVE AWAY,,,Y,"OVER $1,500",11/14/2017 10:54:00 PM,IMPROPER LANE USAGE,NOT APPLICABLE,3323,W,WARNER AVE,1724,,,,,,,2,NO INDICATION OF INJURY,0,0,0,0,0,1,0,22,3,11,41.956524452,-87.711502221,POINT (-87.711502220674 41.956524452071)