RD_NO,CRASH_DATE_EST_I,CRASH_DATE,POSTED_SPEED_LIMIT,TRAFFIC_CONTROL_DEVICE,DEVICE_CONDITION,WEATHER_CONDITION,LIGHTING_CONDITION,FIRST_CRASH_TYPE,TRAFFICWAY_TYPE,LANE_CNT,ALIGNMENT,ROADWAY_SURFACE_COND,ROAD_DEFECT,REPORT_TYPE,CRASH_TYPE,INTERSECTION_RELATED_I,NOT_RIGHT_OF_WAY_I,HIT_AND_RUN_I,DAMAGE,DATE_POLICE_NOTIFIED,PRIM_CONTRIBUTORY_CAUSE,SEC_CONTRIBUTORY_CAUSE,STREET_NO,STREET_DIRECTION,STREET_NAME,BEAT_OF_OCCURRENCE,PHOTOS_TAKEN_I,STATEMENTS_TAKEN_I,DOORING_I,WORK_ZONE_I,WORK_ZONE_TYPE,WORKERS_PRESENT_I,NUM_UNITS,MOST_SEVERE_INJURY,INJURIES_TOTAL,INJURIES_FATAL,INJURIES_INCAPACITATING,INJURIES_NON_INCAPACITATING,INJURIES_REPORTED_NOT_EVIDENT,INJURIES_NO_INDICATION,INJURIES_UNKNOWN,CRASH_HOUR,CRASH_DAY_OF_WEEK,CRASH_MONTH,LATITUDE,LONGITUDE,LOCATION
JA512434,,11/15/2017 07:00:00 AM,30,TRAFFIC SIGNAL,FUNCTIONING PROPERLY,RAIN,DAYLIGHT,SIDESWIPE SAME DIRECTION,NOT DIVIDED,,STRAIGHT AND LEVEL,WET,NO DEFECTS,NOT ON SCENE (DESK REPORT),NO INJURY / DRIVE AWAY,,,,"OVER $1,500",11/15/2017 08:41:00 AM,UNABLE TO DETERMINE,UNABLE TO DETERMINE,5200,W,CHICAGO AVE,1524,,,,,,,2,NO INDICATION OF INJURY,0,0,0,0,0,2,0,7,4,11,41.895044142,-87.755665329,POINT (-87.755665329048 41.895044142418)
JA512420,,11/15/2017 07:00:00 AM,30,TRAFFIC SIGNAL,FUNCTIONING PROPERLY,RAIN,DAWN,TURNING,DIVIDED - W/MEDIAN (NOT RAISED),4,STRAIGHT AND LEVEL,WET,NO DEFECTS,NOT ON SCENE (DESK REPORT),NO INJURY / DRIVE AWAY,Y,,,"OVER $1,500",11/15/2017 08:21:00 AM,UNABLE TO DETERMINE,UNABLE TO DETERMINE,4159,W,NORTH AVE,2534,,,,,,,2,NO INDICATION OF INJURY,0,0,0,0,0,4,0,7,4,11,41.909708922,-87.731312722,POINT (-87.731312722027 41.909708921922)
JA512399,,11/15/2017 07:05:00 AM,30,NO CONTROLS,NO CONTROLS,RAIN,DAYLIGHT,PARKED MOTOR VEHICLE,ONE-WAY,1,STRAIGHT AND LEVEL,WET,NO DEFECTS,ON SCENE,NO INJURY / DRIVE AWAY,,,,"OVER $1,500",11/15/2017 07:35:00 AM,UNABLE TO DETERMINE,UNABLE TO DETERMINE,5207,W,HENDERSON ST,1634,,,,,,,2,NO INDICATION OF INJURY,0,0,0,0,0,2,0,7,4,11,41.941323551,-87.757128687,POINT (-87.757128686534 41.941323550654)
JA512370,,11/15/2017 07:10:00 AM,30,TRAFFIC SIGNAL,FUNCTIONING PROPERLY,RAIN,DAYLIGHT,ANGLE,DIVIDED - W/MEDIAN (NOT RAISED),,STRAIGHT AND LEVEL,WET,NO DEFECTS,ON SCENE,NO INJURY / DRIVE AWAY,,,,"OVER $1,500",11/15/2017 07:17:00 AM,IMPROPER LANE USAGE,NOT APPLICABLE,6401,W,ARCHER AVE,811,,,,,,,2,NO INDICATION OF INJURY,0,0,0,0,0,2,0,7,4,11,41.792236263,-87.781856168,POINT (-87.781856167959 41.792236262806)
JA512667,,11/15/2017 07:10:00 AM,30,NO CONTROLS,NO CONTROLS,RAIN,DAYLIGHT,SIDESWIPE SAME DIRECTION,DIVIDED - W/MEDIAN (NOT RAISED),,STRAIGHT AND LEVEL,WET,NO DEFECTS,NOT ON SCENE (DESK REPORT),NO INJURY / DRIVE AWAY,N,,,"OVER $1,500",11/15/2017 12:00:00 PM,IMPROPER OVERTAKING/PASSING,IMPROPER LANE USAGE,2900,W,55TH ST,923,,,,,,,2,NO INDICATION OF INJURY,0,0,0,0,0,3,0,7,4,11,41.793757841,-87.696304528,POINT (-87.696304528186 41.793757841261)
JA512362,,11/15/2017 07:10:00 AM,30,TRAFFIC SIGNAL,FUNCTIONING PROPERLY,RAIN,DAYLIGHT,TURNING,NOT DIVIDED,,STRAIGHT AND LEVEL,WET,NO DEFECTS,ON SCENE,NO INJURY / DRIVE AWAY,Y,,,"OVER $1,500",11/15/2017 07:30:00 AM,UNABLE TO DETERMINE,WEATHER,11900,S,HALSTED ST,524,,,,,,,2,NO INDICATION OF INJURY,0,0,0,0,0,2,0,7,4,11,41.677720829,-87.642051845,POINT (-87.642051844982 41.677720829248)
JA512367,,11/15/2017 07:14:00 AM,30,NO CONTROLS,NO CONTROLS,RAIN,DAWN,PEDALCYCLIST,NOT DIVIDED,,STRAIGHT AND LEVEL,WET,NO DEFECTS,ON SCENE,INJURY AND / OR TOW DUE TO CRASH,,,,"OVER $1,500",11/15/2017 07:15:00 AM,FAILING TO REDUCE SPEED TO AVOID CRASH,NOT APPLICABLE,1131,W,FULLERTON AVE,1811,,Y,,,,,2,INCAPACITATING INJURY,1,0,1,0,0,1,0,7,4,11,41.92520321,-87.657184017,POINT (-87.657184017058 41.925203209992)
JA512376,,11/15/2017 07:14:00 AM,30,TRAFFIC SIGNAL,FUNCTIONING PROPERLY,RAIN,DAYLIGHT,PEDESTRIAN,NOT DIVIDED,,STRAIGHT AND LEVEL,WET,NO DEFECTS,NOT ON SCENE (DESK REPORT),INJURY AND / OR TOW DUE TO CRASH,Y,,,"OVER $1,500",11/15/2017 07:14:00 AM,FAILING TO YIELD RIGHT-OF-WAY,UNABLE TO DETERMINE,1699,W,HARRISON ST,1231,,,,,,,2,NONINCAPACITATING INJURY,1,0,0,1,0,1,0,7,4,11,41.87405089,-87.669022953,POINT (-87.669022952744 41.874050889548)
JA512513,,11/15/2017 07:15:00 AM,30,TRAFFIC SIGNAL,FUNCTIONING PROPERLY,RAIN,DAWN,FIXED OBJECT,NOT DIVIDED,0,STRAIGHT AND LEVEL,WET,NO DEFECTS,ON SCENE,INJURY AND / OR TOW DUE TO CRASH,Y,,N,"OVER $1,500",11/15/2017 08:58:00 AM,NOT APPLICABLE,NOT APPLICABLE,401,N,LOWER MICHIGAN AVE,1834,,,,,,,1,"REPORTED, NOT EVIDENT",1,0,0,0,1,0,0,7,4,11,41.889360144,-87.624138329,POINT (-87.624138329491 41.889360144459)
JA512438,,11/15/2017 07:15:00 AM,30,NO CONTROLS,NO CONTROLS,RAIN,DAYLIGHT,REAR END,NOT DIVIDED,2,STRAIGHT AND LEVEL,WET,NO DEFECTS,ON SCENE,NO INJURY / DRIVE AWAY,,,Y,"OVER $1,500",11/15/2017 08:50:00 AM,UNABLE TO DETERMINE,UNABLE TO DETERMINE,321,S,ABERDEEN ST,1232,,,,,,,2,NO INDICATION OF INJURY,0,0,0,0,0,2,0,7,4,11,41.877169747,-87.654402599,POINT (-87.654402599455 41.87716974656)
JA513206,,11/15/2017 07:15:00 AM,30,TRAFFIC SIGNAL,FUNCTIONING PROPERLY,RAIN,DAYLIGHT,ANGLE,NOT DIVIDED,2,STRAIGHT AND LEVEL,WET,NO DEFECTS,NOT ON SCENE (DESK REPORT),NO INJURY / DRIVE AWAY,,,Y,"$501 - $1,500",11/15/2017 06:40:00 PM,FAILING TO YIELD RIGHT-OF-WAY,DISREGARDING TRAFFIC SIGNALS,4401,W,NORTH AVE,2533,,,,,,,2,NO INDICATION OF INJURY,0,0,0,0,0,5,0,7,4,11,41.909644085,-87.736374328,POINT (-87.73637432847 41.909644085158)
JA512368,,11/15/2017 07:15:00 AM,35,NO CONTROLS,NO CONTROLS,RAIN,DAYLIGHT,ANGLE,DIVIDED - W/MEDIAN BARRIER,,STRAIGHT AND LEVEL,WET,NO DEFECTS,ON SCENE,INJURY AND / OR TOW DUE TO CRASH,Y,,,"OVER $1,500",11/15/2017 07:25:00 AM,UNABLE TO DETERMINE,NOT APPLICABLE,2525,S,DR MARTIN LUTHER KING JR DR,133,,,,,,,2,NO INDICATION OF INJURY,0,0,0,0,0,3,0,7,4,11,41.846766611,-87.617175778,POINT (-87.61717577755 41.846766610919)
JA512372,,11/15/2017 07:20:00 AM,30,TRAFFIC SIGNAL,FUNCTIONING PROPERLY,RAIN,DAWN,ANGLE,NOT DIVIDED,4,STRAIGHT AND LEVEL,WET,NO DEFECTS,ON SCENE,INJURY AND / OR TOW DUE TO CRASH,Y,,,"OVER $1,500",11/15/2017 07:23:00 AM,FAILING TO REDUCE SPEED TO AVOID CRASH,WEATHER,1,N,AUSTIN BLVD,1513,,,,,,,2,NO INDICATION OF INJURY,0,0,0,0,0,2,0,7,4,11,41.88019051,-87.774512642,POINT (-87.774512642122 41.880190510255)
JA512392,,11/15/2017 07:20:00 AM,30,NO CONTROLS,NO CONTROLS,RAIN,DAYLIGHT,SIDESWIPE SAME DIRECTION,NOT DIVIDED,4,STRAIGHT AND LEVEL,WET,NO DEFECTS,NOT ON SCENE (DESK REPORT),NO INJURY / DRIVE AWAY,,,,"OVER $1,500",11/15/2017 08:00:00 AM,WEATHER,IMPROPER LANE USAGE,3228,W,ADDISON ST,1733,,,,,,,2,NO INDICATION OF INJURY,0,0,0,0,0,5,0,7,4,11,41.94673324,-87.708793568,POINT (-87.708793567892 41.946733240155)
JA512398,,11/15/2017 07:20:00 AM,30,TRAFFIC SIGNAL,FUNCTIONING PROPERLY,RAIN,DAYLIGHT,SIDESWIPE SAME DIRECTION,NOT DIVIDED,4,STRAIGHT AND LEVEL,WET,NO DEFECTS,ON SCENE,NO INJURY / DRIVE AWAY,Y,,,$500 OR LESS,11/15/2017 07:55:00 AM,DRIVING SKILLS/KNOWLEDGE/EXPERIENCE,UNABLE TO DETERMINE,6701,S,WESTERN AVE,832,,,,,,,2,NO INDICATION OF INJURY,0,0,0,0,0,2,0,7,4,11,41.771888407,-87.683295196,POINT (-87.683295195772 41.77188840672)
JA512373,,11/15/2017 07:20:00 AM,30,NO CONTROLS,NO CONTROLS,RAIN,DAYLIGHT,PARKED MOTOR VEHICLE,NOT DIVIDED,,STRAIGHT AND LEVEL,WET,NO DEFECTS,ON SCENE,INJURY AND / OR TOW DUE TO CRASH,,,,"OVER $1,500",11/15/2017 07:38:00 AM,UNABLE TO DETERMINE,UNABLE TO DETERMINE,3355,N,NARRAGANSETT AVE,1633,,,,,,,3,"REPORTED, NOT EVIDENT",1,0,0,0,1,1,0,7,4,11,41.941831901,-87.786056541,POINT (-87.786056540538 41.941831900774)
JA512419,,11/15/2017 07:30:00 AM,30,LANE USE MARKING,FUNCTIONING PROPERLY,RAIN,DAYLIGHT,SIDESWIPE SAME DIRECTION,ONE-WAY,,STRAIGHT AND LEVEL,WET,OTHER,ON SCENE,NO INJURY / DRIVE AWAY,,,,"OVER $1,500",11/15/2017 08:09:00 AM,IMPROPER OVERTAKING/PASSING,FAILING TO YIELD RIGHT-OF-WAY,6400,W,GREGORY ST,1613,,,,,,,2,NO INDICATION OF INJURY,0,0,0,0,0,2,0,7,4,11,41.982170804,-87.787775176,POINT (-87.787775175977 41.982170804265)
JA512411,,11/15/2017 07:30:00 AM,30,TRAFFIC SIGNAL,FUNCTIONING PROPERLY,RAIN,DAYLIGHT,REAR END,DIVIDED - W/MEDIAN BARRIER,,STRAIGHT AND LEVEL,WET,NO DEFECTS,ON SCENE,INJURY AND / OR TOW DUE TO CRASH,Y,,,"OVER $1,500",11/15/2017 07:45:00 AM,FOLLOWING TOO CLOSELY,FAILING TO REDUCE SPEED TO AVOID CRASH,11501,S,HALSTED ST,524,,,,,,,3,NO INDICATION OF INJURY,0,0,0,0,0,3,0,7,4,11,41.685029587,-87.642004532,POINT (-87.642004532189 41.685029586669)
JA512381,,11/15/2017 07:30:00 AM,30,NO CONTROLS,NO CONTROLS,RAIN,DAYLIGHT,REAR END,DIVIDED - W/MEDIAN (NOT RAISED),2,STRAIGHT AND LEVEL,WET,NO DEFECTS,ON SCENE,NO INJURY / DRIVE AWAY,,,,"OVER $1,500",11/15/2017 07:35:00 AM,UNABLE TO DETERMINE,UNABLE TO DETERMINE,4572,N,MILWAUKEE AVE,1623,,,,,,,3,NO INDICATION OF INJURY,0,0,0,0,0,3,0,7,4,11,41.964154277,-87.757704264,POINT (-87.75770426421 41.964154277393)
JA515194,Y,11/15/2017 07:30:00 AM,35,NO CONTROLS,NO CONTROLS,CLEAR,UNKNOWN,PARKED MOTOR VEHICLE,ONE-WAY,1,STRAIGHT AND LEVEL,DRY,NO DEFECTS,NOT ON SCENE (DESK REPORT),NO INJURY / DRIVE AWAY,,,Y,"$501 - $1,500",11/17/2017 11:45:00 AM,UNABLE TO DETERMINE,NOT APPLICABLE,1443,N,LOREL AVE,2532,,,,,,,2,NO INDICATION OF INJURY,0,0,0,0,0,1,0,7,4,11,41.907103632,-87.75947075,POINT (-87.759470749556 41.907103631855)
JA512403,,11/15/2017 07:30:00 AM,30,NO CONTROLS,NO CONTROLS,RAIN,DAYLIGHT,HEAD ON,NOT DIVIDED,2,STRAIGHT AND LEVEL,WET,NO DEFECTS,NOT ON SCENE (DESK REPORT),NO INJURY / DRIVE AWAY,,,,"OVER $1,500",11/15/2017 08:15:00 AM,IMPROPER BACKING,NOT APPLICABLE,4540,N,MILWAUKEE AVE,1623,,,,,,,2,NO INDICATION OF INJURY,0,0,0,0,0,3,0,7,4,11,41.963371583,-87.75702768,POINT (-87.757027680439 41.963371583048)
JA512395,,11/15/2017 07:30:00 AM,35,STOP SIGN/FLASHER,FUNCTIONING PROPERLY,RAIN,DAYLIGHT,ANGLE,DIVIDED - W/MEDIAN (NOT RAISED),,STRAIGHT ON GRADE,WET,NO DEFECTS,ON SCENE,NO INJURY / DRIVE AWAY,Y,,Y,"OVER $1,500",11/15/2017 07:40:00 AM,DISREGARDING STOP SIGN,NOT APPLICABLE,4300,S,KEDZIE AVE,821,,,,,,,2,NO INDICATION OF INJURY,0,0,0,0,0,2,0,7,4,11,41.815352037,-87.704406263,POINT (-87.704406262956 41.815352037319)
JA512382,,11/15/2017 07:35:00 AM,30,NO CONTROLS,NO CONTROLS,RAIN,DAYLIGHT,REAR END,NOT DIVIDED,,STRAIGHT AND LEVEL,WET,NO DEFECTS,ON SCENE,INJURY AND / OR TOW DUE TO CRASH,,,,"OVER $1,500",11/15/2017 07:35:00 AM,FOLLOWING TOO CLOSELY,NOT APPLICABLE,3600,W,COLUMBUS AVE,834,,,,,,,2,INCAPACITATING INJURY,1,0,1,0,0,1,0,7,4,11,41.743207938,-87.71207728,POINT (-87.712077280305 41.743207937849)
JA512389,,11/15/2017 07:38:00 AM,25,NO CONTROLS,NO CONTROLS,RAIN,DAYLIGHT,SIDESWIPE SAME DIRECTION,NOT DIVIDED,2,STRAIGHT AND LEVEL,WET,UNKNOWN,NOT ON SCENE (DESK REPORT),NO INJURY / DRIVE AWAY,,,,"OVER $1,500",11/15/2017 08:20:00 AM,UNABLE TO DETERMINE,UNABLE TO DETERMINE,3102,N,RACINE AVE,1933,,,,,,,2,NO INDICATION OF INJURY,0,0,0,0,0,2,0,7,4,11,41.938122339,-87.659053407,POINT (-87.659053407299 41.938122339035)
JA512393,,11/15/2017 07:38:00 AM,30,NO CONTROLS,NO CONTROLS,RAIN,DAWN,REAR END,NOT DIVIDED,4,STRAIGHT AND LEVEL,WET,NO DEFECTS,NOT ON SCENE (DESK REPORT),NO INJURY / DRIVE AWAY,,,,"$501 - $1,500",11/15/2017 08:00:00 AM,FOLLOWING TOO CLOSELY,NOT APPLICABLE,2115,S,STATE ST,131,,,,,,,2,NO INDICATION OF INJURY,0,0,0,0,0,4,0,7,4,11,41.853768096,-87.62695736,POINT (-87.626957359583 41.853768096344)
JA513509,,11/15/2017 07:43:00 AM,30,TRAFFIC SIGNAL,UNKNOWN,RAIN,DAYLIGHT,REAR END,DIVIDED - W/MEDIAN (NOT RAISED),4,STRAIGHT AND LEVEL,WET,NO DEFECTS,NOT ON SCENE (DESK REPORT),NO INJURY / DRIVE AWAY,,,,$500 OR LESS,11/15/2017 11:45:00 PM,IMPROPER BACKING,DRIVING SKILLS/KNOWLEDGE/EXPERIENCE,1100,W,MONTROSE AVE,1913,,,,,,,2,NO INDICATION OF INJURY,0,0,0,0,0,2,0,7,4,11,41.961857107,-87.657300024,POINT (-87.657300024015 41.961857107389)
JA514020,,11/15/2017 07:50:00 AM,30,TRAFFIC SIGNAL,FUNCTIONING PROPERLY,CLEAR,DAYLIGHT,REAR END,DIVIDED - W/MEDIAN (NOT RAISED),1,STRAIGHT AND LEVEL,DRY,NO DEFECTS,NOT ON SCENE (DESK REPORT),NO INJURY / DRIVE AWAY,,,,$500 OR LESS,11/16/2017 01:01:00 PM,FOLLOWING TOO CLOSELY,UNABLE TO DETERMINE,900,W,TAYLOR ST,1232,,,,,,,3,NO INDICATION OF INJURY,0,0,0,0,0,3,0,7,4,11,41.869673359,-87.649328384,POINT (-87.649328383813 41.869673359396)
JA512407,,11/15/2017 07:55:00 AM,45,NO CONTROLS,NO CONTROLS,RAIN,DAYLIGHT,SIDESWIPE SAME DIRECTION,DIVIDED - W/MEDIAN (NOT RAISED),6,STRAIGHT AND LEVEL,WET,UNKNOWN,NOT ON SCENE (DESK REPORT),NO INJURY / DRIVE AWAY,,,,"OVER $1,500",11/15/2017 08:45:00 AM,UNABLE TO DETERMINE,UNABLE TO DETERMINE,3157,N,LAKE SHORE DR NB,1934,,,,,,,2,NO INDICATION OF INJURY,0,0,0,0,0,2,0,7,4,11,41.940321566,-87.637946148,POINT (-87.637946148019 41.940321566055)
JA512422,,11/15/2017 07:55:00 AM,30,TRAFFIC SIGNAL,FUNCTIONING PROPERLY,RAIN,DAYLIGHT,SIDESWIPE SAME DIRECTION,ONE-WAY,2,STRAIGHT AND LEVEL,WET,DEBRIS ON ROADWAY,ON SCENE,INJURY AND / OR TOW DUE TO CRASH,Y,,,"OVER $1,500",11/15/2017 08:05:00 AM,DISTRACTION - FROM INSIDE VEHICLE,FAILING TO REDUCE SPEED TO AVOID CRASH,1759,S,RUBLE ST,1235,,,,Y,CONSTRUCTION,,2,NO INDICATION OF INJURY,0,0,0,0,0,2,0,7,4,11,41.85760471,-87.643635996,POINT (-87.643635996318 41.857604709783)
JA512401,,11/15/2017 08:00:00 AM,35,NO CONTROLS,NO CONTROLS,RAIN,DAYLIGHT,REAR END,NOT DIVIDED,2,STRAIGHT AND LEVEL,WET,NO DEFECTS,ON SCENE,NO INJURY / DRIVE AWAY,,,,$500 OR LESS,11/15/2017 08:05:00 AM,FOLLOWING TOO CLOSELY,"OPERATING VEHICLE IN ERRATIC, RECKLESS, CARELESS, NEGLIGENT OR AGGRESSIVE MANNER",3932,W,MONTROSE AVE,1723,,,,,,,2,NO INDICATION OF INJURY,0,0,0,0,0,2,0,8,4,11,41.961070525,-87.726747093,POINT (-87.72674709281 41.961070524511)
JA512774,,11/15/2017 08:00:00 AM,30,NO CONTROLS,NO CONTROLS,RAIN,DAYLIGHT,TURNING,NOT DIVIDED,2,STRAIGHT AND LEVEL,WET,NO DEFECTS,NOT ON SCENE (DESK REPORT),NO INJURY / DRIVE AWAY,,,,"$501 - $1,500",11/15/2017 01:30:00 PM,FAILING TO YIELD RIGHT-OF-WAY,IMPROPER TURNING/NO SIGNAL,3400,N,MILWAUKEE AVE,1731,,,,,,,2,NO INDICATION OF INJURY,0,0,0,0,0,2,0,8,4,11,41.943090064,-87.730637628,POINT (-87.730637627723 41.943090063682)
JA512428,,11/15/2017 08:00:00 AM,30,STOP SIGN/FLASHER,FUNCTIONING PROPERLY,RAIN,"DARKNESS, LIGHTED ROAD",ANGLE,NOT DIVIDED,,STRAIGHT AND LEVEL,WET,UNKNOWN,NOT ON SCENE (DESK REPORT),NO INJURY / DRIVE AWAY,Y,,,"$501 - $1,500",11/15/2017 08:30:00 AM,WEATHER,"VISION OBSCURED (SIGNS, TREE LIMBS, BUILDINGS, ETC.)",11500,S,DOTY AVE E,532,,,,,,,2,NO INDICATION OF INJURY,0,0,0,0,0,2,0,8,4,11,41.68607159,-87.600583825,POINT (-87.600583824506 41.686071590121)
JA512405,,11/15/2017 08:00:00 AM,30,NO CONTROLS,NO CONTROLS,RAIN,DAYLIGHT,SIDESWIPE SAME DIRECTION,DIVIDED - W/MEDIAN (NOT RAISED),4,STRAIGHT AND LEVEL,WET,NO DEFECTS,ON SCENE,INJURY AND / OR TOW DUE TO CRASH,,,,"OVER $1,500",11/15/2017 08:06:00 AM,FAILING TO YIELD RIGHT-OF-WAY,NOT APPLICABLE,3346,S,WALLACE ST,915,,,,,,,3,NO INDICATION OF INJURY,0,0,0,0,0,2,0,8,4,11,41.833127657,-87.641438674,POINT (-87.641438673533 41.83312765654)
JA515717,,11/15/2017 08:00:00 AM,30,TRAFFIC SIGNAL,FUNCTIONING PROPERLY,RAIN,DAYLIGHT,SIDESWIPE SAME DIRECTION,DIVIDED - W/MEDIAN (NOT RAISED),,STRAIGHT AND LEVEL,WET,NO DEFECTS,NOT ON SCENE (DESK REPORT),NO INJURY / DRIVE AWAY,,,,$500 OR LESS,11/17/2017 05:40:00 PM,IMPROPER LANE USAGE,UNABLE TO DETERMINE,200,E,RANDOLPH ST,114,,,,,,,2,NO INDICATION OF INJURY,0,0,0,0,0,2,0,8,4,11,41.884632076,-87.622247991,POINT (-87.622247991089 41.884632075767)
JA513031,,11/15/2017 08:00:00 AM,30,TRAFFIC SIGNAL,FUNCTIONING PROPERLY,RAIN,DAYLIGHT,REAR END,DIVIDED - W/MEDIAN (NOT RAISED),4,STRAIGHT AND LEVEL,WET,UNKNOWN,NOT ON SCENE (DESK REPORT),INJURY AND / OR TOW DUE TO CRASH,,,,$500 OR LESS,11/15/2017 04:30:00 PM,FOLLOWING TOO CLOSELY,FOLLOWING TOO CLOSELY,3541,N,ELSTON AVE,1733,,,,,,,2,"REPORTED, NOT EVIDENT",1,0,0,0,1,1,0,8,4,11,41.945698841,-87.707264821,POINT (-87.707264821479 41.945698840867)
JA512416,,11/15/2017 08:04:00 AM,30,STOP SIGN/FLASHER,FUNCTIONING PROPERLY,RAIN,DAYLIGHT,ANGLE,DIVIDED - W/MEDIAN (NOT RAISED),4,STRAIGHT AND LEVEL,WET,NO DEFECTS,NOT ON SCENE (DESK REPORT),NO INJURY / DRIVE AWAY,Y,,,"OVER $1,500",11/15/2017 08:25:00 AM,FAILING TO YIELD RIGHT-OF-WAY,UNABLE TO DETERMINE,2200,S,RIDGEWAY AVE,1013,,,,,,,2,NO INDICATION OF INJURY,0,0,0,0,0,2,0,8,4,11,41.851543763,-87.718796762,POINT (-87.718796762371 41.851543763146)
JA512779,,11/15/2017 08:05:00 AM,25,TRAFFIC SIGNAL,NO CONTROLS,CLEAR,DUSK,REAR END,DIVIDED - W/MEDIAN BARRIER,3,STRAIGHT AND LEVEL,DRY,NO DEFECTS,NOT ON SCENE (DESK REPORT),NO INJURY / DRIVE AWAY,,,,"$501 - $1,500",11/15/2017 11:30:00 AM,FAILING TO YIELD RIGHT-OF-WAY,UNABLE TO DETERMINE,148,W,GARFIELD BLVD,225,,,,,,,2,NO INDICATION OF INJURY,0,0,0,0,0,2,0,8,4,11,41.794693107,-87.629515109,POINT (-87.629515108795 41.794693106757)
JA512460,,11/15/2017 08:10:00 AM,30,TRAFFIC SIGNAL,FUNCTIONING PROPERLY,RAIN,"DARKNESS, LIGHTED ROAD",ANGLE,DIVIDED - W/MEDIAN (NOT RAISED),,STRAIGHT AND LEVEL,WET,NO DEFECTS,ON SCENE,NO INJURY / DRIVE AWAY,,,,"OVER $1,500",11/15/2017 08:15:00 AM,DISREGARDING TRAFFIC SIGNALS,NOT APPLICABLE,98,E,LOWER WACKER DR,111,,,,,,,2,NO INDICATION OF INJURY,0,0,0,0,0,2,0,8,4,11,41.888444464,-87.624656702,POINT (-87.624656702139 41.88844446409)
JA512501,,11/15/2017 08:10:00 AM,30,TRAFFIC SIGNAL,FUNCTIONING PROPERLY,RAIN,DAYLIGHT,REAR END,NOT DIVIDED,4,STRAIGHT AND LEVEL,WET,NO DEFECTS,NOT ON SCENE (DESK REPORT),NO INJURY / DRIVE AWAY,,,,"OVER $1,500",11/15/2017 09:50:00 AM,FOLLOWING TOO CLOSELY,WEATHER,4800,N,WESTERN AVE,2031,,,,,,,2,NO INDICATION OF INJURY,0,0,0,0,0,2,0,8,4,11,41.968640727,-87.689054241,POINT (-87.689054240837 41.968640727477)
JA512421,,11/15/2017 08:12:00 AM,30,TRAFFIC SIGNAL,FUNCTIONING PROPERLY,RAIN,DAYLIGHT,TURNING,DIVIDED - W/MEDIAN (NOT RAISED),6,STRAIGHT AND LEVEL,WET,NO DEFECTS,ON SCENE,INJURY AND / OR TOW DUE TO CRASH,Y,,,"OVER $1,500",11/15/2017 08:45:00 AM,IMPROPER TURNING/NO SIGNAL,DRIVING SKILLS/KNOWLEDGE/EXPERIENCE,2301,S,DR MARTIN LUTHER KING JR DR,132,,,,,,,2,NONINCAPACITATING INJURY,4,0,0,4,0,1,0,8,4,11,41.851199837,-87.618819484,POINT (-87.618819484211 41.851199836578)
JA512436,,11/15/2017 08:15:00 AM,20,NO CONTROLS,NO CONTROLS,RAIN,DAWN,SIDESWIPE SAME DIRECTION,NOT DIVIDED,,STRAIGHT AND LEVEL,WET,"RUT, HOLES",ON SCENE,NO INJURY / DRIVE AWAY,,,,$500 OR LESS,11/15/2017 08:23:00 AM,UNABLE TO DETERMINE,UNABLE TO DETERMINE,4955,S,ARCHER AVE,821,,,,Y,UNKNOWN,,2,NO INDICATION OF INJURY,0,0,0,0,0,2,0,8,4,11,41.803117732,-87.721890122,POINT (-87.721890121505 41.803117731898)
JA512418,,11/15/2017 08:15:00 AM,30,NO CONTROLS,NO CONTROLS,RAIN,"DARKNESS, LIGHTED ROAD",REAR END,ALLEY,,STRAIGHT AND LEVEL,WET,NO DEFECTS,ON SCENE,NO INJURY / DRIVE AWAY,,,,"OVER $1,500",11/15/2017 08:18:00 AM,IMPROPER BACKING,NOT APPLICABLE,3145,N,CLIFTON AVE,1933,Y,,,,,,2,NO INDICATION OF INJURY,0,0,0,0,0,2,0,8,4,11,41.939373585,-87.657590444,POINT (-87.657590443854 41.93937358463)
JA512471,,11/15/2017 08:20:00 AM,30,NO CONTROLS,NO CONTROLS,RAIN,DAYLIGHT,PARKED MOTOR VEHICLE,DIVIDED - W/MEDIAN (NOT RAISED),2,STRAIGHT AND LEVEL,WET,NO DEFECTS,NOT ON SCENE (DESK REPORT),NO INJURY / DRIVE AWAY,,,,"OVER $1,500",11/15/2017 09:19:00 AM,UNABLE TO DETERMINE,NOT APPLICABLE,5458,W,AUGUSTA BLVD,1524,,,,,,,2,NO INDICATION OF INJURY,0,0,0,0,0,1,0,8,4,11,41.898628512,-87.763098667,POINT (-87.763098666657 41.898628511962)
JA512446,,11/15/2017 08:25:00 AM,30,STOP SIGN/FLASHER,FUNCTIONING PROPERLY,RAIN,DAYLIGHT,ANGLE,DIVIDED - W/MEDIAN (NOT RAISED),2,STRAIGHT AND LEVEL,WET,NO DEFECTS,ON SCENE,NO INJURY / DRIVE AWAY,Y,,,"$501 - $1,500",11/15/2017 08:30:00 AM,FAILING TO YIELD RIGHT-OF-WAY,WEATHER,1661,W,MONTROSE AVE,1912,,,,,,,2,NO INDICATION OF INJURY,0,0,0,0,0,2,0,8,4,11,41.961461421,-87.670756999,POINT (-87.670756998515 41.961461420771)
JA512456,,11/15/2017 08:25:00 AM,35,NO CONTROLS,NO CONTROLS,RAIN,DAYLIGHT,SIDESWIPE SAME DIRECTION,DIVIDED - W/MEDIAN BARRIER,6,STRAIGHT AND LEVEL,WET,NO DEFECTS,ON SCENE,INJURY AND / OR TOW DUE TO CRASH,,,,"OVER $1,500",11/15/2017 08:26:00 AM,EXCEEDING SAFE SPEED FOR CONDITIONS,IMPROPER OVERTAKING/PASSING,1461,E,130TH ST,434,,,,,,,2,NO INDICATION OF INJURY,0,0,0,0,0,2,0,8,4,11,41.660283774,-87.588685913,POINT (-87.588685912875 41.660283773832)