RD_NO,CRASH_DATE_EST_I,CRASH_DATE,POSTED_SPEED_LIMIT,TRAFFIC_CONTROL_DEVICE,DEVICE_CONDITION,WEATHER_CONDITION,LIGHTING_CONDITION,FIRST_CRASH_TYPE,TRAFFICWAY_TYPE,LANE_CNT,ALIGNMENT,ROADWAY_SURFACE_COND,ROAD_DEFECT,REPORT_TYPE,CRASH_TYPE,INTERSECTION_RELATED_I,NOT_RIGHT_OF_WAY_I,HIT_AND_RUN_I,DAMAGE,DATE_POLICE_NOTIFIED,PRIM_CONTRIBUTORY_CAUSE,SEC_CONTRIBUTORY_CAUSE,STREET_NO,STREET_DIRECTION,STREET_NAME,BEAT_OF_OCCURRENCE,PHOTOS_TAKEN_I,STATEMENTS_TAKEN_I,DOORING_I,WORK_ZONE_I,WORK_ZONE_TYPE,WORKERS_PRESENT_I,NUM_UNITS,MOST_SEVERE_INJURY,INJURIES_TOTAL,INJURIES_FATAL,INJURIES_INCAPACITATING,INJURIES_NON_INCAPACITATING,INJURIES_REPORTED_NOT_EVIDENT,INJURIES_NO_INDICATION,INJURIES_UNKNOWN,CRASH_HOUR,CRASH_DAY_OF_WEEK,CRASH_MONTH,LATITUDE,LONGITUDE,LOCATION
JA503514,,11/15/2017 08:30:00 AM,30,NO CONTROLS,NO CONTROLS,CLEAR,DAYLIGHT,REAR END,DIVIDED - W/MEDIAN (NOT RAISED),,STRAIGHT AND LEVEL,DRY,NO DEFECTS,ON SCENE,INJURY AND / OR TOW DUE TO CRASH,,,Y,"OVER $1,500",11/15/2017 09:00:00 AM,UNABLE TO DETERMINE,NOT APPLICABLE,5045,W,63RD ST,813,,,,,,,3,"REPORTED, NOT EVIDENT",1,0,0,0,1,2,0,8,4,11,41.778192443,-87.748918221,POINT (-87.748918221313 41.778192442663)
JA512430,,11/15/2017 08:30:00 AM,30,NO CONTROLS,NO CONTROLS,RAIN,DAYLIGHT,PEDALCYCLIST,NOT DIVIDED,2,STRAIGHT AND LEVEL,WET,NO DEFECTS,ON SCENE,INJURY AND / OR TOW DUE TO CRASH,,,,$500 OR LESS,11/15/2017 08:34:00 AM,WEATHER,NOT APPLICABLE,1930,N,CLYBOURN AVE,1811,,,Y,,,,2,NONINCAPACITATING INJURY,1,0,0,1,0,0,0,8,4,11,41.916050365,-87.656889838,POINT (-87.656889838027 41.916050365175)
JA513071,,11/15/2017 08:30:00 AM,30,TRAFFIC SIGNAL,FUNCTIONING PROPERLY,RAIN,DAYLIGHT,REAR END,NOT DIVIDED,,STRAIGHT AND LEVEL,WET,UNKNOWN,NOT ON SCENE (DESK REPORT),NO INJURY / DRIVE AWAY,,,Y,"OVER $1,500",11/15/2017 05:00:00 PM,WEATHER,NOT APPLICABLE,5500,S,WESTERN AVE,824,,,,,,,2,NO INDICATION OF INJURY,0,0,0,0,0,2,0,8,4,11,41.793370554,-87.684175377,POINT (-87.684175376759 41.79337055433)
JA512437,,11/15/2017 08:30:00 AM,30,TRAFFIC SIGNAL,FUNCTIONING PROPERLY,RAIN,DAWN,FIXED OBJECT,DIVIDED - W/MEDIAN BARRIER,4,STRAIGHT AND LEVEL,WET,NO DEFECTS,ON SCENE,INJURY AND / OR TOW DUE TO CRASH,,,,"OVER $1,500",11/15/2017 08:50:00 AM,WEATHER,WEATHER,3040,S,MICHIGAN AVE,133,,,,,,,1,NONINCAPACITATING INJURY,1,0,0,1,0,0,0,8,4,11,41.83840487,-87.623590128,POINT (-87.623590127634 41.838404870131)
JA512451,,11/15/2017 08:33:00 AM,30,NO CONTROLS,NO CONTROLS,RAIN,DAYLIGHT,REAR END,DIVIDED - W/MEDIAN (NOT RAISED),2,STRAIGHT AND LEVEL,WET,NO DEFECTS,ON SCENE,NO INJURY / DRIVE AWAY,,,,$500 OR LESS,11/15/2017 08:49:00 AM,WEATHER,UNABLE TO DETERMINE,4924,W,MONTROSE AVE,1623,,,,,,,2,NO INDICATION OF INJURY,0,0,0,0,0,2,0,8,4,11,41.960792881,-87.750926875,POINT (-87.750926874768 41.960792881232)
JA512476,,11/15/2017 08:35:00 AM,30,TRAFFIC SIGNAL,FUNCTIONING PROPERLY,RAIN,DAYLIGHT,REAR END,NOT DIVIDED,2,STRAIGHT AND LEVEL,WET,UNKNOWN,NOT ON SCENE (DESK REPORT),NO INJURY / DRIVE AWAY,Y,,,"$501 - $1,500",11/15/2017 09:31:00 AM,UNABLE TO DETERMINE,NOT APPLICABLE,4100,S,PULASKI RD,815,,,,,,,2,NO INDICATION OF INJURY,0,0,0,0,0,2,0,8,4,11,41.818349017,-87.724096405,POINT (-87.724096405469 41.818349016985)
JA512447,Y,11/15/2017 08:35:00 AM,30,TRAFFIC SIGNAL,FUNCTIONING IMPROPERLY,RAIN,DAYLIGHT,SIDESWIPE SAME DIRECTION,NOT DIVIDED,,STRAIGHT AND LEVEL,WET,NO DEFECTS,ON SCENE,NO INJURY / DRIVE AWAY,Y,,,"$501 - $1,500",11/15/2017 08:43:00 AM,UNABLE TO DETERMINE,UNABLE TO DETERMINE,4000,W,31ST ST,1031,,,,,,,2,NO INDICATION OF INJURY,0,0,0,0,0,2,0,8,4,11,41.836991174,-87.724414148,POINT (-87.724414147595 41.836991173994)
JA513226,,11/15/2017 08:40:00 AM,30,NO CONTROLS,NO CONTROLS,RAIN,DAYLIGHT,REAR END,DIVIDED - W/MEDIAN (NOT RAISED),,STRAIGHT AND LEVEL,WET,NO DEFECTS,NOT ON SCENE (DESK REPORT),NO INJURY / DRIVE AWAY,,,,"OVER $1,500",11/15/2017 06:40:00 PM,IMPROPER BACKING,UNABLE TO DETERMINE,1650,W,CHICAGO AVE,1213,,,,,,,2,NO INDICATION OF INJURY,0,0,0,0,0,2,0,8,4,11,41.89615084,-87.669250478,POINT (-87.669250478285 41.896150840294)
JA512478,Y,11/15/2017 08:40:00 AM,25,NO CONTROLS,NO CONTROLS,RAIN,DAYLIGHT,SIDESWIPE SAME DIRECTION,NOT DIVIDED,1,STRAIGHT AND LEVEL,WET,NO DEFECTS,NOT ON SCENE (DESK REPORT),NO INJURY / DRIVE AWAY,,,,"OVER $1,500",11/15/2017 09:30:00 AM,UNABLE TO DETERMINE,UNABLE TO DETERMINE,658,N,LARRABEE ST,1831,,,,,,,2,NO INDICATION OF INJURY,0,0,0,0,0,2,0,8,4,11,41.893917818,-87.643050687,POINT (-87.643050686997 41.893917818038)
JA512463,,11/15/2017 08:40:00 AM,30,NO CONTROLS,NO CONTROLS,RAIN,DAYLIGHT,TURNING,NOT DIVIDED,,STRAIGHT AND LEVEL,WET,NO DEFECTS,ON SCENE,INJURY AND / OR TOW DUE TO CRASH,,,,"OVER $1,500",11/15/2017 08:43:00 AM,IMPROPER TURNING/NO SIGNAL,FAILING TO YIELD RIGHT-OF-WAY,5233,N,CLARK ST,2013,,,,,,,2,NO INDICATION OF INJURY,0,0,0,0,0,3,0,8,4,11,41.977147334,-87.668239233,POINT (-87.668239232508 41.977147333742)
JA513959,,11/15/2017 08:40:00 AM,35,TRAFFIC SIGNAL,FUNCTIONING PROPERLY,RAIN,DAYLIGHT,PEDALCYCLIST,DIVIDED - W/MEDIAN (NOT RAISED),,STRAIGHT AND LEVEL,WET,NO DEFECTS,NOT ON SCENE (DESK REPORT),INJURY AND / OR TOW DUE TO CRASH,Y,,,"OVER $1,500",11/16/2017 12:00:00 PM,EXCEEDING SAFE SPEED FOR CONDITIONS,FAILING TO REDUCE SPEED TO AVOID CRASH,500,N,FRANKLIN ST,1831,,,,,,,2,NONINCAPACITATING INJURY,1,0,0,1,0,1,0,8,4,11,41.890803006,-87.635703157,POINT (-87.635703156852 41.890803006433)
JA512524,,11/15/2017 08:45:00 AM,30,STOP SIGN/FLASHER,FUNCTIONING PROPERLY,RAIN,DAYLIGHT,TURNING,DIVIDED - W/MEDIAN (NOT RAISED),4,STRAIGHT AND LEVEL,WET,NO DEFECTS,NOT ON SCENE (DESK REPORT),NO INJURY / DRIVE AWAY,Y,,,"OVER $1,500",11/15/2017 09:59:00 AM,IMPROPER LANE USAGE,FAILING TO YIELD RIGHT-OF-WAY,6530,W,NORTH AVE,2513,,,,,,,2,NO INDICATION OF INJURY,0,0,0,0,0,2,0,8,4,11,41.909203312,-87.78968107,POINT (-87.789681070436 41.90920331151)
JA518041,,11/15/2017 08:45:00 AM,30,TRAFFIC SIGNAL,FUNCTIONING PROPERLY,RAIN,DAYLIGHT,TURNING,NOT DIVIDED,2,STRAIGHT AND LEVEL,WET,NO DEFECTS,NOT ON SCENE (DESK REPORT),NO INJURY / DRIVE AWAY,Y,,,$500 OR LESS,11/19/2017 03:46:00 PM,FOLLOWING TOO CLOSELY,WEATHER,2778,N,MILWAUKEE AVE,1412,,,,,,,2,NO INDICATION OF INJURY,0,0,0,0,0,2,0,8,4,11,41.931606112,-87.711795361,POINT (-87.711795360985 41.931606112408)
JA512442,,11/15/2017 08:46:00 AM,30,TRAFFIC SIGNAL,FUNCTIONING PROPERLY,RAIN,DAYLIGHT,REAR END,DIVIDED - W/MEDIAN (NOT RAISED),4,STRAIGHT AND LEVEL,WET,NO DEFECTS,ON SCENE,NO INJURY / DRIVE AWAY,N,,,"$501 - $1,500",11/15/2017 08:46:00 AM,FOLLOWING TOO CLOSELY,FAILING TO REDUCE SPEED TO AVOID CRASH,2401,W,47TH ST,922,,,,,,,2,NO INDICATION OF INJURY,0,0,0,0,0,2,0,8,4,11,41.808322708,-87.68454779,POINT (-87.684547790301 41.808322708364)
JA512484,,11/15/2017 08:50:00 AM,30,NO CONTROLS,NO CONTROLS,RAIN,DAYLIGHT,SIDESWIPE SAME DIRECTION,DIVIDED - W/MEDIAN (NOT RAISED),4,STRAIGHT AND LEVEL,WET,NO DEFECTS,ON SCENE,INJURY AND / OR TOW DUE TO CRASH,,,,"OVER $1,500",11/15/2017 08:52:00 AM,IMPROPER OVERTAKING/PASSING,EXCEEDING SAFE SPEED FOR CONDITIONS,4949,N,WESTERN AVE,2031,,,,,,,2,NO INDICATION OF INJURY,0,0,0,0,0,2,0,8,4,11,41.971787509,-87.688867985,POINT (-87.688867985023 41.971787509103)
JA512477,,11/15/2017 08:55:00 AM,25,STOP SIGN/FLASHER,FUNCTIONING PROPERLY,RAIN,DAYLIGHT,PEDALCYCLIST,ONE-WAY,1,STRAIGHT AND LEVEL,WET,NO DEFECTS,ON SCENE,NO INJURY / DRIVE AWAY,Y,,,$500 OR LESS,11/15/2017 09:00:00 AM,DISREGARDING STOP SIGN,NOT APPLICABLE,6900,N,RAVENSWOOD AVE,2424,,,,,,,2,NO INDICATION OF INJURY,0,0,0,0,0,2,0,8,4,11,42.006582512,-87.675874423,POINT (-87.675874422825 42.006582512171)
JA512480,,11/15/2017 08:55:00 AM,30,TRAFFIC SIGNAL,FUNCTIONING PROPERLY,RAIN,DAYLIGHT,REAR END,NOT DIVIDED,2,STRAIGHT AND LEVEL,WET,NO DEFECTS,NOT ON SCENE (DESK REPORT),NO INJURY / DRIVE AWAY,,,,"OVER $1,500",11/15/2017 09:31:00 AM,FOLLOWING TOO CLOSELY,NOT APPLICABLE,5562,N,LINCOLN AVE,2011,,,,,,,2,NO INDICATION OF INJURY,0,0,0,0,0,2,0,8,4,11,41.982608969,-87.694475413,POINT (-87.694475412623 41.982608968774)
JA512468,,11/15/2017 08:57:00 AM,30,TRAFFIC SIGNAL,FUNCTIONING PROPERLY,RAIN,DAYLIGHT,SIDESWIPE SAME DIRECTION,DIVIDED - W/MEDIAN (NOT RAISED),2,STRAIGHT AND LEVEL,WET,NO DEFECTS,ON SCENE,NO INJURY / DRIVE AWAY,,,Y,$500 OR LESS,11/15/2017 09:12:00 AM,IMPROPER OVERTAKING/PASSING,IMPROPER TURNING/NO SIGNAL,5958,W,ADDISON ST,1633,,,,,,,2,NO INDICATION OF INJURY,0,0,0,0,0,2,0,8,4,11,41.945882771,-87.776383716,POINT (-87.776383716179 41.945882771254)
JA512495,,11/15/2017 09:00:00 AM,30,STOP SIGN/FLASHER,FUNCTIONING PROPERLY,RAIN,DAYLIGHT,SIDESWIPE SAME DIRECTION,NOT DIVIDED,,STRAIGHT AND LEVEL,WET,NO DEFECTS,NOT ON SCENE (DESK REPORT),NO INJURY / DRIVE AWAY,,,,"$501 - $1,500",11/15/2017 09:43:00 AM,UNABLE TO DETERMINE,UNABLE TO DETERMINE,4000,W,ROOSEVELT RD,1132,,,,,,,2,NO INDICATION OF INJURY,0,0,0,0,0,2,0,9,4,11,41.866281003,-87.72523422,POINT (-87.725234219839 41.866281002665)
JA512457,,11/15/2017 09:00:00 AM,30,STOP SIGN/FLASHER,NO CONTROLS,RAIN,DAYLIGHT,ANGLE,NOT DIVIDED,2,STRAIGHT AND LEVEL,WET,NO DEFECTS,ON SCENE,INJURY AND / OR TOW DUE TO CRASH,,,,"OVER $1,500",11/15/2017 09:10:00 AM,WEATHER,UNABLE TO DETERMINE,600,W,18TH ST,1235,,,,,,,2,NO INDICATION OF INJURY,0,0,0,0,0,4,0,9,4,11,41.857730449,-87.64191665,POINT (-87.641916650093 41.85773044884)
JA515072,Y,11/15/2017 09:00:00 AM,30,TRAFFIC SIGNAL,FUNCTIONING PROPERLY,RAIN,DAYLIGHT,SIDESWIPE SAME DIRECTION,NOT DIVIDED,,STRAIGHT AND LEVEL,WET,NO DEFECTS,NOT ON SCENE (DESK REPORT),NO INJURY / DRIVE AWAY,,,,"OVER $1,500",11/17/2017 09:35:00 AM,UNABLE TO DETERMINE,UNABLE TO DETERMINE,1700,N,LA SALLE DR,1814,,,,,,,2,NO INDICATION OF INJURY,0,0,0,0,0,2,0,9,4,11,41.912874937,-87.633265639,POINT (-87.633265638884 41.912874937441)
JA512494,,11/15/2017 09:00:00 AM,30,TRAFFIC SIGNAL,FUNCTIONING PROPERLY,RAIN,DAYLIGHT,REAR END,NOT DIVIDED,,STRAIGHT AND LEVEL,WET,NO DEFECTS,NOT ON SCENE (DESK REPORT),NO INJURY / DRIVE AWAY,,,,"OVER $1,500",11/15/2017 10:00:00 AM,FAILING TO REDUCE SPEED TO AVOID CRASH,FOLLOWING TOO CLOSELY,4930,W,GRAND AVE,2533,Y,,,,,,2,NO INDICATION OF INJURY,0,0,0,0,0,2,0,9,4,11,41.91574619,-87.75031371,POINT (-87.750313710432 41.915746190435)
JA512492,,11/15/2017 09:00:00 AM,30,NO CONTROLS,NO CONTROLS,RAIN,DAYLIGHT,REAR END,DIVIDED - W/MEDIAN (NOT RAISED),2,STRAIGHT AND LEVEL,WET,NO DEFECTS,NOT ON SCENE (DESK REPORT),NO INJURY / DRIVE AWAY,,,,"OVER $1,500",11/15/2017 09:40:00 AM,UNABLE TO DETERMINE,NOT APPLICABLE,333,W,ERIE ST,1831,,,,,,,2,NO INDICATION OF INJURY,0,0,0,0,0,2,0,9,4,11,41.893841857,-87.637027994,POINT (-87.637027994021 41.893841857276)
JA513463,,11/15/2017 09:00:00 AM,30,STOP SIGN/FLASHER,FUNCTIONING PROPERLY,RAIN,DAYLIGHT,REAR END,NOT DIVIDED,2,STRAIGHT AND LEVEL,WET,NO DEFECTS,NOT ON SCENE (DESK REPORT),NO INJURY / DRIVE AWAY,Y,,,$500 OR LESS,11/15/2017 10:22:00 PM,UNABLE TO DETERMINE,NOT APPLICABLE,4900,N,CENTRAL AVE,1622,,,,,,,2,NO INDICATION OF INJURY,0,0,0,0,0,2,0,9,4,11,41.969633346,-87.767684935,POINT (-87.767684934849 41.969633345913)
JA512459,,11/15/2017 09:06:00 AM,30,LANE USE MARKING,FUNCTIONING PROPERLY,RAIN,DAYLIGHT,TURNING,NOT DIVIDED,4,STRAIGHT AND LEVEL,WET,NO DEFECTS,ON SCENE,NO INJURY / DRIVE AWAY,,,,"OVER $1,500",11/15/2017 09:06:00 AM,IMPROPER TURNING/NO SIGNAL,NOT APPLICABLE,1710,S,MICHIGAN AVE,131,,,,,,,2,NO INDICATION OF INJURY,0,0,0,0,0,3,0,9,4,11,41.858717031,-87.624099555,POINT (-87.624099555129 41.858717031423)
JA512502,,11/15/2017 09:09:00 AM,30,NO CONTROLS,NO CONTROLS,RAIN,UNKNOWN,REAR END,NOT DIVIDED,2,STRAIGHT AND LEVEL,WET,NO DEFECTS,ON SCENE,INJURY AND / OR TOW DUE TO CRASH,,,,"OVER $1,500",11/15/2017 09:15:00 AM,DISTRACTION - FROM INSIDE VEHICLE,FOLLOWING TOO CLOSELY,3515,W,LAWRENCE AVE,1723,,,,,,,3,"REPORTED, NOT EVIDENT",1,0,0,0,1,2,0,9,4,11,41.968259683,-87.716509961,POINT (-87.716509960716 41.96825968256)
JA513442,,11/15/2017 09:09:00 AM,35,TRAFFIC SIGNAL,FUNCTIONING PROPERLY,RAIN,DAYLIGHT,REAR END,UNKNOWN,4,STRAIGHT ON GRADE,WET,NO DEFECTS,NOT ON SCENE (DESK REPORT),NO INJURY / DRIVE AWAY,,,,"OVER $1,500",11/15/2017 09:54:00 PM,FOLLOWING TOO CLOSELY,WEATHER,600,S,CICERO AVE,1533,,,,,,,2,NO INDICATION OF INJURY,0,0,0,0,0,2,0,9,4,11,41.873094833,-87.745143869,POINT (-87.745143868845 41.873094832519)
JA512529,,11/15/2017 09:10:00 AM,30,NO CONTROLS,NO CONTROLS,RAIN,DAYLIGHT,REAR END,DIVIDED - W/MEDIAN BARRIER,2,STRAIGHT AND LEVEL,WET,NO DEFECTS,ON SCENE,INJURY AND / OR TOW DUE TO CRASH,,,Y,"OVER $1,500",11/15/2017 09:52:00 AM,FOLLOWING TOO CLOSELY,WEATHER,6300,S,STATE ST,312,,,,,,,2,"REPORTED, NOT EVIDENT",1,0,0,0,1,1,0,9,4,11,41.780008277,-87.625522512,POINT (-87.625522511916 41.780008277408)
JA512673,,11/15/2017 09:13:00 AM,30,TRAFFIC SIGNAL,FUNCTIONING PROPERLY,RAIN,DAYLIGHT,REAR END,UNKNOWN,2,STRAIGHT AND LEVEL,WET,NO DEFECTS,NOT ON SCENE (DESK REPORT),NO INJURY / DRIVE AWAY,,,Y,$500 OR LESS,11/15/2017 12:16:00 PM,FOLLOWING TOO CLOSELY,NOT APPLICABLE,600,N,CLARK ST,1832,,,,,,,2,NO INDICATION OF INJURY,0,0,0,0,0,2,0,9,4,11,41.892464033,-87.631294886,POINT (-87.631294885907 41.892464032993)
JA512483,,11/15/2017 09:20:00 AM,30,TRAFFIC SIGNAL,FUNCTIONING PROPERLY,RAIN,DAYLIGHT,SIDESWIPE SAME DIRECTION,DIVIDED - W/MEDIAN (NOT RAISED),,STRAIGHT AND LEVEL,WET,NO DEFECTS,NOT ON SCENE (DESK REPORT),NO INJURY / DRIVE AWAY,,,,"OVER $1,500",11/15/2017 09:40:00 AM,IMPROPER LANE USAGE,FAILING TO YIELD RIGHT-OF-WAY,3208,N,CLARK ST,1924,,,,,,,2,NO INDICATION OF INJURY,0,0,0,0,0,2,0,9,4,11,41.940180762,-87.651036528,POINT (-87.65103652788 41.940180762251)
JA512499,,11/15/2017 09:30:00 AM,30,TRAFFIC SIGNAL,FUNCTIONING PROPERLY,RAIN,DAYLIGHT,PEDALCYCLIST,NOT DIVIDED,,STRAIGHT AND LEVEL,WET,NO DEFECTS,NOT ON SCENE (DESK REPORT),INJURY AND / OR TOW DUE TO CRASH,Y,,Y,"$501 - $1,500",11/15/2017 09:34:00 AM,FAILING TO YIELD RIGHT-OF-WAY,NOT APPLICABLE,3000,S,LOWE AVE,914,,,,,,,2,"REPORTED, NOT EVIDENT",1,0,0,0,1,1,0,9,4,11,41.839821572,-87.642835248,POINT (-87.642835248073 41.839821571787)
JA512542,,11/15/2017 09:30:00 AM,40,NO CONTROLS,NO CONTROLS,RAIN,DAYLIGHT,REAR END,DIVIDED - W/MEDIAN BARRIER,8,STRAIGHT AND LEVEL,WET,NO DEFECTS,ON SCENE,NO INJURY / DRIVE AWAY,,,,"OVER $1,500",11/15/2017 09:40:00 AM,FOLLOWING TOO CLOSELY,WEATHER,1131,S,LAKE SHORE DR E,132,,,,,,,4,NO INDICATION OF INJURY,0,0,0,0,0,4,0,9,4,11,41.868297855,-87.61775147,POINT (-87.617751470173 41.868297855333)
JA512693,,11/15/2017 09:30:00 AM,30,STOP SIGN/FLASHER,FUNCTIONING PROPERLY,CLOUDY/OVERCAST,DAYLIGHT,TURNING,DIVIDED - W/MEDIAN (NOT RAISED),4,STRAIGHT AND LEVEL,WET,NO DEFECTS,NOT ON SCENE (DESK REPORT),NO INJURY / DRIVE AWAY,,,,"OVER $1,500",11/15/2017 12:30:00 PM,UNABLE TO DETERMINE,NOT APPLICABLE,733,N,LAKE SHORE DR,1833,,,,,,,2,NO INDICATION OF INJURY,0,0,0,0,0,3,0,9,4,11,41.895967214,-87.61629577,POINT (-87.616295770115 41.895967214088)
JA512507,,11/15/2017 09:33:00 AM,30,TRAFFIC SIGNAL,FUNCTIONING PROPERLY,RAIN,DAYLIGHT,TURNING,DIVIDED - W/MEDIAN (NOT RAISED),0,STRAIGHT AND LEVEL,WET,NO DEFECTS,ON SCENE,NO INJURY / DRIVE AWAY,Y,,Y,$500 OR LESS,11/15/2017 09:35:00 AM,IMPROPER BACKING,"OPERATING VEHICLE IN ERRATIC, RECKLESS, CARELESS, NEGLIGENT OR AGGRESSIVE MANNER",300,N,ASHLAND AVE,1215,,,,,,,2,NO INDICATION OF INJURY,0,0,0,0,0,2,0,9,4,11,41.886957704,-87.667172417,POINT (-87.6671724175 41.886957704378)
JA512550,,11/15/2017 09:45:00 AM,15,NO CONTROLS,NO CONTROLS,RAIN,DAYLIGHT,REAR END,PARKING LOT,0,STRAIGHT AND LEVEL,WET,NO DEFECTS,NOT ON SCENE (DESK REPORT),NO INJURY / DRIVE AWAY,,,,$500 OR LESS,11/15/2017 10:30:00 AM,IMPROPER BACKING,NOT APPLICABLE,1130,S,CANAL ST,124,,,,,,,2,NO INDICATION OF INJURY,0,0,0,0,0,3,0,9,4,11,41.868082661,-87.639365416,POINT (-87.639365415895 41.868082660987)
JA512515,,11/15/2017 09:56:00 AM,30,NO CONTROLS,NO CONTROLS,RAIN,DAYLIGHT,REAR END,ONE-WAY,2,STRAIGHT AND LEVEL,WET,NO DEFECTS,ON SCENE,INJURY AND / OR TOW DUE TO CRASH,,,,"OVER $1,500",11/15/2017 09:56:00 AM,EXCEEDING AUTHORIZED SPEED LIMIT,FAILING TO REDUCE SPEED TO AVOID CRASH,4857,S,WENTWORTH AVE,224,,,,,,,2,FATAL,2,1,0,1,0,1,0,9,4,11,41.805713248,-87.630669802,POINT (-87.630669802037 41.805713247907)
JA515117,,11/15/2017 10:00:00 AM,20,NO CONTROLS,NO CONTROLS,UNKNOWN,DAYLIGHT,PARKED MOTOR VEHICLE,PARKING LOT,,STRAIGHT AND LEVEL,WET,UNKNOWN,NOT ON SCENE (DESK REPORT),NO INJURY / DRIVE AWAY,,,Y,"$501 - $1,500",11/17/2017 09:58:00 AM,IMPROPER BACKING,DISTRACTION - FROM INSIDE VEHICLE,2320,E,93RD ST,413,,,,,,,2,NO INDICATION OF INJURY,0,0,0,0,0,1,0,10,4,11,41.726329231,-87.567270908,POINT (-87.567270908236 41.726329231443)
JA512545,,11/15/2017 10:01:00 AM,30,TRAFFIC SIGNAL,FUNCTIONING PROPERLY,RAIN,DAYLIGHT,REAR END,NOT DIVIDED,2,STRAIGHT AND LEVEL,WET,NO DEFECTS,ON SCENE,NO INJURY / DRIVE AWAY,,,,"OVER $1,500",11/15/2017 10:04:00 AM,WEATHER,NOT APPLICABLE,1697,W,LAWRENCE AVE,1912,,,,,,,3,NO INDICATION OF INJURY,0,0,0,0,0,3,0,10,4,11,41.968754169,-87.67093691,POINT (-87.670936909769 41.968754168966)
JA512552,,11/15/2017 10:05:00 AM,45,NO CONTROLS,NO CONTROLS,RAIN,DAYLIGHT,FIXED OBJECT,DIVIDED - W/MEDIAN BARRIER,3,STRAIGHT AND LEVEL,WET,NO DEFECTS,ON SCENE,INJURY AND / OR TOW DUE TO CRASH,,,,"OVER $1,500",11/15/2017 10:14:00 AM,WEATHER,NOT APPLICABLE,4701,S,LAKE SHORE DR NB,222,,,,,,,1,NO INDICATION OF INJURY,0,0,0,0,0,1,0,10,4,11,41.810892675,-87.588636909,POINT (-87.588636908859 41.810892674972)
JA512562,,11/15/2017 10:15:00 AM,35,NO CONTROLS,NO CONTROLS,RAIN,DAYLIGHT,ANGLE,NOT DIVIDED,4,STRAIGHT AND LEVEL,WET,NO DEFECTS,ON SCENE,INJURY AND / OR TOW DUE TO CRASH,,,,"OVER $1,500",11/15/2017 10:15:00 AM,FAILING TO YIELD RIGHT-OF-WAY,FAILING TO YIELD RIGHT-OF-WAY,6810,N,SHERIDAN RD,2431,,,,,,,2,NO INDICATION OF INJURY,0,0,0,0,0,2,0,10,4,11,42.005888555,-87.661157408,POINT (-87.661157408387 42.005888554665)
JA512575,,11/15/2017 10:20:00 AM,0,NO CONTROLS,NO CONTROLS,RAIN,DAYLIGHT,SIDESWIPE SAME DIRECTION,ONE-WAY,1,STRAIGHT AND LEVEL,WET,"RUT, HOLES",,NO INJURY / DRIVE AWAY,,,,"OVER $1,500",11/15/2017 10:55:00 AM,FAILING TO YIELD RIGHT-OF-WAY,WEATHER,1605,N,HARDING AVE,2535,,,,,,,2,NO INDICATION OF INJURY,0,0,0,0,0,2,0,10,4,11,41.910108773,-87.724969588,POINT (-87.724969588122 41.910108772796)
JA512664,,11/15/2017 10:20:00 AM,30,STOP SIGN/FLASHER,FUNCTIONING PROPERLY,RAIN,DAYLIGHT,REAR END,NOT DIVIDED,2,STRAIGHT AND LEVEL,DRY,NO DEFECTS,ON SCENE,NO INJURY / DRIVE AWAY,,,,"OVER $1,500",11/15/2017 10:20:00 AM,PHYSICAL CONDITION OF DRIVER,NOT APPLICABLE,4100,N,DAMEN AVE,1911,,,,,,,2,NO INDICATION OF INJURY,0,0,0,0,0,2,0,10,4,11,41.956026014,-87.678959761,POINT (-87.678959761326 41.956026014275)
JA512571,,11/15/2017 10:30:00 AM,30,NO CONTROLS,NO CONTROLS,RAIN,DAYLIGHT,PARKED MOTOR VEHICLE,NOT DIVIDED,,STRAIGHT AND LEVEL,WET,NO DEFECTS,ON SCENE,INJURY AND / OR TOW DUE TO CRASH,,,,"OVER $1,500",11/15/2017 10:31:00 AM,DISTRACTION - FROM OUTSIDE VEHICLE,NOT APPLICABLE,10039,S,WENTWORTH AVE,511,,,,,,,2,NO INDICATION OF INJURY,0,0,0,0,0,1,0,10,4,11,41.711407515,-87.628274399,POINT (-87.628274398849 41.711407515424)
JA512560,,11/15/2017 10:30:00 AM,15,NO CONTROLS,NO CONTROLS,RAIN,DAYLIGHT,PEDESTRIAN,PARKING LOT,,STRAIGHT AND LEVEL,WET,NO DEFECTS,ON SCENE,INJURY AND / OR TOW DUE TO CRASH,,Y,,$500 OR LESS,11/15/2017 10:35:00 AM,IMPROPER BACKING,NOT APPLICABLE,3640,N,CENTRAL AVE,1633,,,,,,,2,"REPORTED, NOT EVIDENT",1,0,0,0,1,1,0,10,4,11,41.947126451,-87.766947022,POINT (-87.766947021756 41.947126451152)
JA512583,,11/15/2017 10:30:00 AM,30,TRAFFIC SIGNAL,FUNCTIONING PROPERLY,RAIN,DAYLIGHT,REAR END,NOT DIVIDED,2,STRAIGHT AND LEVEL,WET,NO DEFECTS,NOT ON SCENE (DESK REPORT),NO INJURY / DRIVE AWAY,,,,"OVER $1,500",11/15/2017 11:03:00 AM,FOLLOWING TOO CLOSELY,WEATHER,2799,N,CALIFORNIA AVE,1411,,,,,,,2,NO INDICATION OF INJURY,0,0,0,0,0,2,0,10,4,11,41.932006693,-87.69746847,POINT (-87.697468470355 41.932006692678)