RD_NO,CRASH_DATE_EST_I,CRASH_DATE,POSTED_SPEED_LIMIT,TRAFFIC_CONTROL_DEVICE,DEVICE_CONDITION,WEATHER_CONDITION,LIGHTING_CONDITION,FIRST_CRASH_TYPE,TRAFFICWAY_TYPE,LANE_CNT,ALIGNMENT,ROADWAY_SURFACE_COND,ROAD_DEFECT,REPORT_TYPE,CRASH_TYPE,INTERSECTION_RELATED_I,NOT_RIGHT_OF_WAY_I,HIT_AND_RUN_I,DAMAGE,DATE_POLICE_NOTIFIED,PRIM_CONTRIBUTORY_CAUSE,SEC_CONTRIBUTORY_CAUSE,STREET_NO,STREET_DIRECTION,STREET_NAME,BEAT_OF_OCCURRENCE,PHOTOS_TAKEN_I,STATEMENTS_TAKEN_I,DOORING_I,WORK_ZONE_I,WORK_ZONE_TYPE,WORKERS_PRESENT_I,NUM_UNITS,MOST_SEVERE_INJURY,INJURIES_TOTAL,INJURIES_FATAL,INJURIES_INCAPACITATING,INJURIES_NON_INCAPACITATING,INJURIES_REPORTED_NOT_EVIDENT,INJURIES_NO_INDICATION,INJURIES_UNKNOWN,CRASH_HOUR,CRASH_DAY_OF_WEEK,CRASH_MONTH,LATITUDE,LONGITUDE,LOCATION
JA512749,,11/15/2017 10:30:00 AM,30,TRAFFIC SIGNAL,FUNCTIONING PROPERLY,CLEAR,DAYLIGHT,FIXED OBJECT,ONE-WAY,,STRAIGHT AND LEVEL,WET,NO DEFECTS,ON SCENE,NO INJURY / DRIVE AWAY,Y,,,"OVER $1,500",11/15/2017 11:56:00 AM,DISTRACTION - FROM OUTSIDE VEHICLE,NOT APPLICABLE,150,W,WASHINGTON ST,122,,,,,,,1,NO INDICATION OF INJURY,0,0,0,0,0,1,0,10,4,11,41.883318209,-87.632481295,POINT (-87.632481294899 41.883318208727)
JA512882,,11/15/2017 10:30:00 AM,35,NO CONTROLS,NO CONTROLS,CLOUDY/OVERCAST,DAYLIGHT,REAR END,NOT DIVIDED,2,STRAIGHT AND LEVEL,WET,NO DEFECTS,NOT ON SCENE (DESK REPORT),NO INJURY / DRIVE AWAY,,,,"$501 - $1,500",11/15/2017 02:51:00 PM,UNABLE TO DETERMINE,UNABLE TO DETERMINE,4901,W,MONTROSE AVE,1624,,,,,,,2,NO INDICATION OF INJURY,0,0,0,0,0,2,0,10,4,11,41.960584428,-87.750030708,POINT (-87.750030708268 41.960584427532)
JA512761,,11/15/2017 10:30:00 AM,30,NO CONTROLS,NO CONTROLS,RAIN,DAYLIGHT,FIXED OBJECT,NOT DIVIDED,2,STRAIGHT AND LEVEL,WET,NO DEFECTS,NOT ON SCENE (DESK REPORT),NO INJURY / DRIVE AWAY,,,,$500 OR LESS,11/15/2017 01:22:00 PM,DISREGARDING OTHER TRAFFIC SIGNS,NOT APPLICABLE,3348,S,KEDZIE AVE,1032,,,,,,,1,NO INDICATION OF INJURY,0,0,0,0,0,1,0,10,4,11,41.832017164,-87.704820918,POINT (-87.704820918296 41.832017164284)
JA512598,,11/15/2017 10:33:00 AM,30,TRAFFIC SIGNAL,FUNCTIONING PROPERLY,RAIN,DAYLIGHT,TURNING,NOT DIVIDED,4,STRAIGHT AND LEVEL,WET,NO DEFECTS,ON SCENE,NO INJURY / DRIVE AWAY,Y,,,"$501 - $1,500",11/15/2017 10:42:00 AM,DRIVING SKILLS/KNOWLEDGE/EXPERIENCE,IMPROPER BACKING,1,W,DIVISION ST,1824,,,,,,,2,NO INDICATION OF INJURY,0,0,0,0,0,3,0,10,4,11,41.903831046,-87.628740048,POINT (-87.628740047759 41.903831045544)
JA512566,,11/15/2017 10:35:00 AM,30,NO CONTROLS,NO CONTROLS,RAIN,DAYLIGHT,PEDESTRIAN,ONE-WAY,3,STRAIGHT AND LEVEL,WET,NO DEFECTS,ON SCENE,INJURY AND / OR TOW DUE TO CRASH,,,,$500 OR LESS,11/15/2017 10:40:00 AM,IMPROPER BACKING,UNABLE TO DETERMINE,225,N,CLARK ST,111,,,,,,,2,NONINCAPACITATING INJURY,1,0,0,1,0,1,0,10,4,11,41.886412615,-87.63084437,POINT (-87.630844369918 41.886412615043)
JA512580,,11/15/2017 10:40:00 AM,30,NO CONTROLS,NO CONTROLS,RAIN,DAYLIGHT,PARKED MOTOR VEHICLE,ALLEY,1,STRAIGHT AND LEVEL,WET,NO DEFECTS,ON SCENE,NO INJURY / DRIVE AWAY,,Y,,$500 OR LESS,11/15/2017 10:43:00 AM,DISTRACTION - FROM INSIDE VEHICLE,FAILING TO REDUCE SPEED TO AVOID CRASH,1650,W,HARRISON ST,1231,,,,,,,2,NO INDICATION OF INJURY,0,0,0,0,0,5,0,10,4,11,41.874274993,-87.668674108,POINT (-87.668674108475 41.874274993448)
JA512595,,11/15/2017 10:42:00 AM,30,NO CONTROLS,NO CONTROLS,RAIN,DAYLIGHT,PARKED MOTOR VEHICLE,DRIVEWAY,1,STRAIGHT AND LEVEL,DRY,NO DEFECTS,ON SCENE,NO INJURY / DRIVE AWAY,,Y,Y,$500 OR LESS,11/15/2017 11:15:00 AM,DISTRACTION - FROM INSIDE VEHICLE,FAILING TO REDUCE SPEED TO AVOID CRASH,1650,W,HARRISON ST,1231,,,,,,,2,NO INDICATION OF INJURY,0,0,0,0,0,2,0,10,4,11,41.874274993,-87.668674108,POINT (-87.668674108475 41.874274993448)
JA512584,,11/15/2017 10:42:00 AM,30,NO CONTROLS,NO CONTROLS,RAIN,DAYLIGHT,TURNING,NOT DIVIDED,2,STRAIGHT AND LEVEL,WET,NO DEFECTS,ON SCENE,INJURY AND / OR TOW DUE TO CRASH,N,,,"OVER $1,500",11/15/2017 10:44:00 AM,NOT APPLICABLE,FAILING TO YIELD RIGHT-OF-WAY,1555,W,71ST ST,734,,,,,,,3,INCAPACITATING INJURY,3,0,1,2,0,0,0,10,4,11,41.76480103,-87.663569596,POINT (-87.663569596261 41.764801030015)
JA512570,,11/15/2017 10:45:00 AM,0,NO CONTROLS,NO CONTROLS,RAIN,DAYLIGHT,ANGLE,ALLEY,,STRAIGHT AND LEVEL,WET,NO DEFECTS,ON SCENE,INJURY AND / OR TOW DUE TO CRASH,,,,"$501 - $1,500",11/15/2017 10:50:00 AM,UNABLE TO DETERMINE,NOT APPLICABLE,2048,S,PRAIRIE AVE,132,,,,,,,2,NO INDICATION OF INJURY,0,0,0,0,0,2,0,10,4,11,41.854386718,-87.620841899,POINT (-87.620841898524 41.854386717711)
JA512617,,11/15/2017 10:50:00 AM,30,NO CONTROLS,NO CONTROLS,RAIN,DAYLIGHT,ANGLE,NOT DIVIDED,,STRAIGHT AND LEVEL,WET,NO DEFECTS,NOT ON SCENE (DESK REPORT),NO INJURY / DRIVE AWAY,,,,"OVER $1,500",11/15/2017 11:15:00 AM,FAILING TO YIELD RIGHT-OF-WAY,NOT APPLICABLE,2800,N,CICERO AVE,2521,,,,,,,2,NO INDICATION OF INJURY,0,0,0,0,0,2,0,10,4,11,41.931575608,-87.746743301,POINT (-87.746743301136 41.931575608446)
JA512631,,11/15/2017 11:00:00 AM,30,NO CONTROLS,NO CONTROLS,RAIN,DAYLIGHT,REAR END,NOT DIVIDED,2,STRAIGHT AND LEVEL,WET,NO DEFECTS,NOT ON SCENE (DESK REPORT),NO INJURY / DRIVE AWAY,,,,"OVER $1,500",11/15/2017 11:45:00 AM,UNABLE TO DETERMINE,UNABLE TO DETERMINE,711,W,NORTH AVE,1822,,,,,,,2,NO INDICATION OF INJURY,0,0,0,0,0,2,0,11,4,11,41.91084012,-87.646233605,POINT (-87.646233604561 41.910840120178)
JA513032,,11/15/2017 11:00:00 AM,15,NO CONTROLS,NO CONTROLS,RAIN,DAYLIGHT,REAR END,PARKING LOT,,STRAIGHT AND LEVEL,WET,UNKNOWN,NOT ON SCENE (DESK REPORT),NO INJURY / DRIVE AWAY,,,,"OVER $1,500",11/15/2017 04:41:00 PM,DRIVING SKILLS/KNOWLEDGE/EXPERIENCE,NOT APPLICABLE,5323,S,WESTERN AVE,923,,,,,,,2,NO INDICATION OF INJURY,0,0,0,0,0,2,0,11,4,11,41.796791405,-87.683964889,POINT (-87.68396488921 41.796791404709)
JA514630,,11/15/2017 11:00:00 AM,0,NO CONTROLS,NO CONTROLS,CLEAR,DAYLIGHT,PARKED MOTOR VEHICLE,ONE-WAY,,STRAIGHT AND LEVEL,DRY,NO DEFECTS,NOT ON SCENE (DESK REPORT),NO INJURY / DRIVE AWAY,,,Y,"OVER $1,500",11/16/2017 07:45:00 PM,UNABLE TO DETERMINE,NOT APPLICABLE,7933,S,RHODES AVE,624,,,,,,,2,NO INDICATION OF INJURY,0,0,0,0,0,1,0,11,4,11,41.750183642,-87.611116214,POINT (-87.611116213724 41.750183642074)
JA512624,,11/15/2017 11:02:00 AM,30,NO CONTROLS,NO CONTROLS,RAIN,DAYLIGHT,REAR END,CENTER TURN LANE,5,STRAIGHT AND LEVEL,WET,NO DEFECTS,NOT ON SCENE (DESK REPORT),NO INJURY / DRIVE AWAY,,,,"OVER $1,500",11/15/2017 11:35:00 AM,WEATHER,FOLLOWING TOO CLOSELY,1800,W,95TH ST,2221,,,,,,,2,NO INDICATION OF INJURY,0,0,0,0,0,2,0,11,4,11,41.721255731,-87.667550946,POINT (-87.667550945631 41.721255730866)
JA512607,,11/15/2017 11:10:00 AM,20,STOP SIGN/FLASHER,FUNCTIONING PROPERLY,RAIN,DAYLIGHT,TURNING,NOT DIVIDED,2,STRAIGHT AND LEVEL,WET,NO DEFECTS,ON SCENE,INJURY AND / OR TOW DUE TO CRASH,Y,,,"OVER $1,500",11/15/2017 11:12:00 AM,"VISION OBSCURED (SIGNS, TREE LIMBS, BUILDINGS, ETC.)",NOT APPLICABLE,3400,E,106TH ST,432,,,,,,,2,"REPORTED, NOT EVIDENT",1,0,0,0,1,1,0,11,4,11,41.702866997,-87.541279408,POINT (-87.541279407859 41.702866996584)
JA512604,,11/15/2017 11:13:00 AM,35,TRAFFIC SIGNAL,FUNCTIONING IMPROPERLY,RAIN,DAYLIGHT,TURNING,NOT DIVIDED,2,STRAIGHT AND LEVEL,WET,NO DEFECTS,ON SCENE,NO INJURY / DRIVE AWAY,,,,"OVER $1,500",11/15/2017 11:13:00 AM,IMPROPER TURNING/NO SIGNAL,FAILING TO YIELD RIGHT-OF-WAY,9500,S,COMMERCIAL AVE,431,,,,,,,2,NO INDICATION OF INJURY,0,0,0,0,0,2,0,11,4,11,41.722672903,-87.55122198,POINT (-87.551221979784 41.722672902536)
JA513931,,11/15/2017 11:20:00 AM,15,NO CONTROLS,NO CONTROLS,UNKNOWN,DAYLIGHT,FIXED OBJECT,ALLEY,,STRAIGHT AND LEVEL,UNKNOWN,NO DEFECTS,ON SCENE,NO INJURY / DRIVE AWAY,,Y,Y,"OVER $1,500",11/16/2017 11:50:00 AM,UNABLE TO DETERMINE,NOT APPLICABLE,5415,N,SHERIDAN RD,2023,,,,,,,1,NO INDICATION OF INJURY,0,0,0,0,0,1,0,11,4,11,41.98047333,-87.654952641,POINT (-87.65495264053 41.980473329827)
JA512652,,11/15/2017 11:20:00 AM,30,TRAFFIC SIGNAL,FUNCTIONING PROPERLY,CLOUDY/OVERCAST,DAYLIGHT,SIDESWIPE SAME DIRECTION,DIVIDED - W/MEDIAN BARRIER,4,STRAIGHT AND LEVEL,WET,NO DEFECTS,NOT ON SCENE (DESK REPORT),NO INJURY / DRIVE AWAY,,,,"$501 - $1,500",11/15/2017 11:40:00 AM,IMPROPER OVERTAKING/PASSING,NOT APPLICABLE,2201,S,ARCHER AVE,914,,,,,,,2,NO INDICATION OF INJURY,0,0,0,0,0,2,0,11,4,11,41.852719551,-87.63484498,POINT (-87.634844980442 41.852719551451)
JA512932,,11/15/2017 11:20:00 AM,30,NO CONTROLS,NO CONTROLS,CLEAR,DAYLIGHT,REAR END,DIVIDED - W/MEDIAN (NOT RAISED),2,STRAIGHT AND LEVEL,DRY,UNKNOWN,NOT ON SCENE (DESK REPORT),NO INJURY / DRIVE AWAY,,,,"OVER $1,500",11/15/2017 03:15:00 PM,FOLLOWING TOO CLOSELY,FOLLOWING TOO CLOSELY,3700,W,MONTROSE AVE,1723,,,,,,,2,NO INDICATION OF INJURY,0,0,0,0,0,2,0,11,4,11,41.961147838,-87.720552762,POINT (-87.720552762324 41.961147838357)
JA512630,,11/15/2017 11:22:00 AM,30,TRAFFIC SIGNAL,FUNCTIONING PROPERLY,CLEAR,DAYLIGHT,REAR END,DIVIDED - W/MEDIAN (NOT RAISED),,"CURVE, LEVEL",WET,NO DEFECTS,ON SCENE,NO INJURY / DRIVE AWAY,Y,,,"OVER $1,500",11/15/2017 11:23:00 AM,FOLLOWING TOO CLOSELY,NOT APPLICABLE,5858,S,CICERO AVE,813,,,,,,,2,NO INDICATION OF INJURY,0,0,0,0,0,3,0,11,4,11,41.785706414,-87.741488348,POINT (-87.741488347892 41.785706414127)
JA512651,,11/15/2017 11:30:00 AM,30,NO CONTROLS,NO CONTROLS,RAIN,DAYLIGHT,SIDESWIPE SAME DIRECTION,DIVIDED - W/MEDIAN BARRIER,4,STRAIGHT AND LEVEL,WET,NO DEFECTS,ON SCENE,NO INJURY / DRIVE AWAY,,,,"OVER $1,500",11/15/2017 11:35:00 AM,FAILING TO YIELD RIGHT-OF-WAY,IMPROPER LANE USAGE,440,N,COLUMBUS DR,1834,,,,,,,2,NO INDICATION OF INJURY,0,0,0,0,0,2,0,11,4,11,41.889829642,-87.620508219,POINT (-87.620508219278 41.889829641699)
JA512676,,11/15/2017 11:30:00 AM,30,NO CONTROLS,NO CONTROLS,RAIN,DAYLIGHT,SIDESWIPE SAME DIRECTION,ONE-WAY,2,STRAIGHT AND LEVEL,WET,NO DEFECTS,NOT ON SCENE (DESK REPORT),NO INJURY / DRIVE AWAY,,,,"OVER $1,500",11/15/2017 12:11:00 PM,UNABLE TO DETERMINE,UNABLE TO DETERMINE,3800,W,CONGRESS PKWY,1133,,,,,,,2,NO INDICATION OF INJURY,0,0,0,0,0,2,0,11,4,11,41.87455188,-87.720453659,POINT (-87.720453658604 41.874551880336)
JA512762,,11/15/2017 11:30:00 AM,10,NO CONTROLS,NO CONTROLS,RAIN,DAYLIGHT,REAR END,PARKING LOT,,STRAIGHT AND LEVEL,WET,UNKNOWN,NOT ON SCENE (DESK REPORT),NO INJURY / DRIVE AWAY,,,,$500 OR LESS,11/15/2017 01:16:00 PM,FAILING TO YIELD RIGHT-OF-WAY,FAILING TO YIELD RIGHT-OF-WAY,2333,W,MADISON ST,1223,,,,,,,2,NO INDICATION OF INJURY,0,0,0,0,0,3,0,11,4,11,41.881069374,-87.685307553,POINT (-87.68530755272 41.881069374222)
JA512672,,11/15/2017 11:40:00 AM,10,OTHER,OTHER,RAIN,DAYLIGHT,PARKED MOTOR VEHICLE,DIVIDED - W/MEDIAN BARRIER,2,STRAIGHT AND LEVEL,WET,NO DEFECTS,ON SCENE,NO INJURY / DRIVE AWAY,,,,"OVER $1,500",11/15/2017 11:47:00 AM,IMPROPER LANE USAGE,IMPROPER LANE USAGE,1120,W,THORNDALE AVE,2433,,,,,,,2,NO INDICATION OF INJURY,0,0,0,0,0,2,0,11,4,11,41.99014897,-87.659123155,POINT (-87.659123154822 41.990148970383)
JA512688,,11/15/2017 11:40:00 AM,30,STOP SIGN/FLASHER,FUNCTIONING PROPERLY,RAIN,DAYLIGHT,TURNING,OTHER,6,STRAIGHT AND LEVEL,WET,NO DEFECTS,ON SCENE,INJURY AND / OR TOW DUE TO CRASH,Y,,,"OVER $1,500",11/15/2017 11:42:00 AM,UNABLE TO DETERMINE,NOT APPLICABLE,732,W,CERMAK RD,1235,,,,,,,2,NONINCAPACITATING INJURY,1,0,0,1,0,2,0,11,4,11,41.852763544,-87.645960721,POINT (-87.645960720896 41.852763543548)
JA512771,,11/15/2017 11:40:00 AM,30,TRAFFIC SIGNAL,FUNCTIONING PROPERLY,CLEAR,DAYLIGHT,REAR END,DIVIDED - W/MEDIAN (NOT RAISED),,STRAIGHT AND LEVEL,WET,NO DEFECTS,NOT ON SCENE (DESK REPORT),NO INJURY / DRIVE AWAY,Y,,,$500 OR LESS,11/15/2017 01:30:00 PM,FAILING TO REDUCE SPEED TO AVOID CRASH,FOLLOWING TOO CLOSELY,2004,N,OAK PARK AVE,2512,,,,,,,2,NO INDICATION OF INJURY,0,0,0,0,0,2,0,11,4,11,41.916509254,-87.795168813,POINT (-87.79516881276 41.916509253771)
JA512675,,11/15/2017 11:40:00 AM,30,STOP SIGN/FLASHER,FUNCTIONING PROPERLY,RAIN,DAYLIGHT,ANGLE,NOT DIVIDED,2,STRAIGHT AND LEVEL,WET,NO DEFECTS,ON SCENE,INJURY AND / OR TOW DUE TO CRASH,Y,,,"$501 - $1,500",11/15/2017 11:44:00 AM,FAILING TO YIELD RIGHT-OF-WAY,FAILING TO REDUCE SPEED TO AVOID CRASH,1432,E,83RD ST,411,,,,,,,2,NO INDICATION OF INJURY,0,0,0,0,0,2,0,11,4,11,41.744265726,-87.58918331,POINT (-87.589183310386 41.744265726319)
JA512702,,11/15/2017 11:40:00 AM,30,STOP SIGN/FLASHER,FUNCTIONING PROPERLY,RAIN,DAYLIGHT,ANGLE,NOT DIVIDED,4,STRAIGHT AND LEVEL,WET,NO DEFECTS,NOT ON SCENE (DESK REPORT),NO INJURY / DRIVE AWAY,Y,,Y,"OVER $1,500",11/15/2017 12:30:00 PM,UNABLE TO DETERMINE,UNABLE TO DETERMINE,4800,W,CHICAGO AVE,1531,,,,,,,2,NO INDICATION OF INJURY,0,0,0,0,0,2,0,11,4,11,41.895112219,-87.745932427,POINT (-87.745932427015 41.895112218578)
JA512654,,11/15/2017 11:44:00 AM,30,NO CONTROLS,NO CONTROLS,RAIN,DAYLIGHT,ANGLE,PARKING LOT,,STRAIGHT AND LEVEL,WET,NO DEFECTS,ON SCENE,NO INJURY / DRIVE AWAY,,,,"OVER $1,500",11/15/2017 11:48:00 AM,IMPROPER BACKING,UNABLE TO DETERMINE,4354,N,CENTRAL AVE,1624,,,,,,,2,NO INDICATION OF INJURY,0,0,0,0,0,2,0,11,4,11,41.960318957,-87.767385246,POINT (-87.767385246409 41.960318956887)
JA512735,Y,11/15/2017 11:45:00 AM,30,TRAFFIC SIGNAL,FUNCTIONING PROPERLY,RAIN,DAYLIGHT,REAR END,DIVIDED - W/MEDIAN (NOT RAISED),,STRAIGHT AND LEVEL,WET,NO DEFECTS,NOT ON SCENE (DESK REPORT),INJURY AND / OR TOW DUE TO CRASH,,,,"OVER $1,500",11/15/2017 01:00:00 PM,WEATHER,NOT APPLICABLE,1900,N,PULASKI RD,2534,,,,,,,2,NONINCAPACITATING INJURY,1,0,0,1,0,1,0,11,4,11,41.915428861,-87.726663618,POINT (-87.726663618316 41.915428860875)
JA512680,,11/15/2017 11:50:00 AM,30,TRAFFIC SIGNAL,FUNCTIONING PROPERLY,RAIN,DAYLIGHT,REAR END,DIVIDED - W/MEDIAN (NOT RAISED),,STRAIGHT AND LEVEL,WET,NO DEFECTS,ON SCENE,NO INJURY / DRIVE AWAY,,,,$500 OR LESS,11/15/2017 11:54:00 AM,FOLLOWING TOO CLOSELY,NOT APPLICABLE,12651,S,HALSTED ST,523,,,,,,,2,NO INDICATION OF INJURY,0,0,0,0,0,4,0,11,4,11,41.663564894,-87.641285211,POINT (-87.6412852111 41.663564893551)
JA512732,,11/15/2017 11:50:00 AM,30,NO CONTROLS,NO CONTROLS,RAIN,DAYLIGHT,REAR END,NOT DIVIDED,,STRAIGHT AND LEVEL,WET,NO DEFECTS,NOT ON SCENE (DESK REPORT),NO INJURY / DRIVE AWAY,,,,$500 OR LESS,11/15/2017 01:00:00 PM,UNABLE TO DETERMINE,NOT APPLICABLE,2000,N,CALIFORNIA AVE,1414,,,,,,,2,NO INDICATION OF INJURY,0,0,0,0,0,4,0,11,4,11,41.917519538,-87.697348539,POINT (-87.697348538849 41.917519538447)
JA512694,,11/15/2017 11:50:00 AM,30,NO CONTROLS,NO CONTROLS,RAIN,DAYLIGHT,SIDESWIPE SAME DIRECTION,DIVIDED - W/MEDIAN (NOT RAISED),2,STRAIGHT AND LEVEL,DRY,NO DEFECTS,ON SCENE,INJURY AND / OR TOW DUE TO CRASH,,,,"OVER $1,500",11/15/2017 11:54:00 AM,FAILING TO YIELD RIGHT-OF-WAY,DISTRACTION - FROM INSIDE VEHICLE,1837,S,HALSTED ST,1235,,,,,,,2,NO INDICATION OF INJURY,0,0,0,0,0,2,0,11,4,11,41.856956293,-87.646472483,POINT (-87.646472483069 41.856956292543)
JA512887,,11/15/2017 12:00:00 PM,30,NO CONTROLS,NO CONTROLS,RAIN,DAYLIGHT,PARKED MOTOR VEHICLE,NOT DIVIDED,2,STRAIGHT AND LEVEL,WET,NO DEFECTS,NOT ON SCENE (DESK REPORT),NO INJURY / DRIVE AWAY,,,,"$501 - $1,500",11/15/2017 02:55:00 PM,UNABLE TO DETERMINE,NOT APPLICABLE,464,N,CARPENTER ST,1214,,,,,,,2,NO INDICATION OF INJURY,0,0,0,0,0,1,0,12,4,11,41.89086668,-87.653602026,POINT (-87.653602026074 41.890866679994)
JA513074,,11/15/2017 12:00:00 PM,30,TRAFFIC SIGNAL,FUNCTIONING PROPERLY,RAIN,DAYLIGHT,REAR END,ONE-WAY,,STRAIGHT AND LEVEL,WET,UNKNOWN,NOT ON SCENE (DESK REPORT),NO INJURY / DRIVE AWAY,,,,"$501 - $1,500",11/15/2017 04:57:00 PM,FOLLOWING TOO CLOSELY,EXCEEDING SAFE SPEED FOR CONDITIONS,4830,W,LEXINGTON ST,1533,,,,,,,2,NO INDICATION OF INJURY,0,0,0,0,0,3,0,12,4,11,41.871264433,-87.746292889,POINT (-87.746292889271 41.871264432506)
JA512849,,11/15/2017 12:00:00 PM,30,NO CONTROLS,NO CONTROLS,RAIN,DAYLIGHT,REAR END,DIVIDED - W/MEDIAN (NOT RAISED),4,STRAIGHT AND LEVEL,WET,NO DEFECTS,NOT ON SCENE (DESK REPORT),INJURY AND / OR TOW DUE TO CRASH,,,,"OVER $1,500",11/15/2017 02:30:00 PM,UNABLE TO DETERMINE,UNABLE TO DETERMINE,4035,W,FULLERTON AVE,2525,,,,,,,3,"REPORTED, NOT EVIDENT",1,0,0,0,1,3,0,12,4,11,41.924358122,-87.728212041,POINT (-87.728212040632 41.924358122081)
JA513856,,11/15/2017 12:00:00 PM,25,NO CONTROLS,NO CONTROLS,UNKNOWN,DAYLIGHT,REAR END,ONE-WAY,,STRAIGHT AND LEVEL,WET,NO DEFECTS,NOT ON SCENE (DESK REPORT),NO INJURY / DRIVE AWAY,,,Y,"$501 - $1,500",11/16/2017 10:45:00 AM,UNABLE TO DETERMINE,NOT APPLICABLE,4804,W,VAN BUREN ST,1533,,,,,,,2,NO INDICATION OF INJURY,0,0,0,0,0,2,0,12,4,11,41.875083377,-87.745241708,POINT (-87.745241707766 41.87508337682)
JA514242,,11/15/2017 12:00:00 PM,30,NO CONTROLS,NO CONTROLS,RAIN,DAYLIGHT,REAR END,NOT DIVIDED,4,STRAIGHT AND LEVEL,WET,NO DEFECTS,NOT ON SCENE (DESK REPORT),INJURY AND / OR TOW DUE TO CRASH,,,,"OVER $1,500",11/16/2017 03:41:00 PM,FOLLOWING TOO CLOSELY,UNABLE TO DETERMINE,5000,W,MONTROSE AVE,1623,,,,,,,2,"REPORTED, NOT EVIDENT",1,0,0,0,1,1,0,12,4,11,41.960764161,-87.752522668,POINT (-87.752522667879 41.960764161487)
JA512720,,11/15/2017 12:07:00 PM,30,NO CONTROLS,NO CONTROLS,CLEAR,DAYLIGHT,REAR END,DIVIDED - W/MEDIAN BARRIER,8,STRAIGHT AND LEVEL,WET,UNKNOWN,NOT ON SCENE (DESK REPORT),NO INJURY / DRIVE AWAY,,,Y,"OVER $1,500",11/15/2017 12:43:00 PM,FOLLOWING TOO CLOSELY,FOLLOWING TOO CLOSELY,4400,N,LAKE SHORE DR NB,1914,,,,Y,CONSTRUCTION,Y,3,NO INDICATION OF INJURY,0,0,0,0,0,3,0,12,4,11,41.962058605,-87.646389618,POINT (-87.646389617943 41.962058605158)
JA512696,,11/15/2017 12:10:00 PM,30,NO CONTROLS,NO CONTROLS,RAIN,DAYLIGHT,PARKED MOTOR VEHICLE,ONE-WAY,,STRAIGHT AND LEVEL,WET,NO DEFECTS,ON SCENE,NO INJURY / DRIVE AWAY,,,,"OVER $1,500",11/15/2017 12:14:00 PM,IMPROPER BACKING,NOT APPLICABLE,647,W,BARRY AVE,1934,,,,,,,2,NO INDICATION OF INJURY,0,0,0,0,0,1,0,12,4,11,41.937767998,-87.646140773,POINT (-87.646140772665 41.937767997996)
JA512704,,11/15/2017 12:15:00 PM,30,NO CONTROLS,NO CONTROLS,CLEAR,DAYLIGHT,SIDESWIPE SAME DIRECTION,NOT DIVIDED,2,STRAIGHT AND LEVEL,WET,NO DEFECTS,NOT ON SCENE (DESK REPORT),NO INJURY / DRIVE AWAY,,,,"OVER $1,500",11/15/2017 12:30:00 PM,FAILING TO YIELD RIGHT-OF-WAY,NOT APPLICABLE,6325,N,CENTRAL AVE,1621,,,,,,,2,NO INDICATION OF INJURY,0,0,0,0,0,2,0,12,4,11,41.996612438,-87.763889524,POINT (-87.763889523504 41.996612437731)
JA512701,,11/15/2017 12:15:00 PM,30,NO CONTROLS,NO CONTROLS,RAIN,DAYLIGHT,FIXED OBJECT,NOT DIVIDED,4,STRAIGHT AND LEVEL,WET,NO DEFECTS,ON SCENE,NO INJURY / DRIVE AWAY,,,,"OVER $1,500",11/15/2017 12:20:00 PM,IMPROPER BACKING,NOT APPLICABLE,4801,N,NEVA AVE,1613,,,,,,,1,NO INDICATION OF INJURY,0,0,0,0,0,1,0,12,4,11,41.968368031,-87.805878037,POINT (-87.805878036641 41.968368030602)
JA512717,Y,11/15/2017 12:15:00 PM,35,NO CONTROLS,NO CONTROLS,RAIN,DAYLIGHT,SIDESWIPE OPPOSITE DIRECTION,NOT DIVIDED,,STRAIGHT AND LEVEL,WET,NO DEFECTS,NOT ON SCENE (DESK REPORT),NO INJURY / DRIVE AWAY,,,,"OVER $1,500",11/15/2017 12:45:00 PM,WEATHER,WEATHER,3201,W,ADDISON ST,1733,,,,,,,2,NO INDICATION OF INJURY,0,0,0,0,0,2,0,12,4,11,41.946520533,-87.707870449,POINT (-87.707870448595 41.946520532996)
JA512739,,11/15/2017 12:20:00 PM,30,POLICE/FLAGMAN,NO CONTROLS,CLEAR,DAYLIGHT,TURNING,DIVIDED - W/MEDIAN (NOT RAISED),2,STRAIGHT AND LEVEL,DRY,NO DEFECTS,ON SCENE,NO INJURY / DRIVE AWAY,,,,"$501 - $1,500",11/15/2017 12:30:00 PM,FAILING TO YIELD RIGHT-OF-WAY,NOT APPLICABLE,1129,W,ADDISON ST,1924,,,,Y,CONSTRUCTION,Y,2,NO INDICATION OF INJURY,0,0,0,0,0,2,0,12,4,11,41.947048995,-87.658423415,POINT (-87.658423414578 41.947048995158)
JA512780,,11/15/2017 12:24:00 PM,30,NO CONTROLS,NO CONTROLS,RAIN,DAYLIGHT,REAR END,DIVIDED - W/MEDIAN BARRIER,8,STRAIGHT AND LEVEL,WET,UNKNOWN,NOT ON SCENE (DESK REPORT),NO INJURY / DRIVE AWAY,,,,"OVER $1,500",11/15/2017 01:24:00 PM,FOLLOWING TOO CLOSELY,FOLLOWING TOO CLOSELY,4700,N,LAKE SHORE DR NB,1914,,,,Y,CONSTRUCTION,,2,NO INDICATION OF INJURY,0,0,0,0,0,3,0,12,4,11,41.967259313,-87.647549024,POINT (-87.647549024172 41.96725931343)