RD_NO,CRASH_DATE_EST_I,CRASH_DATE,POSTED_SPEED_LIMIT,TRAFFIC_CONTROL_DEVICE,DEVICE_CONDITION,WEATHER_CONDITION,LIGHTING_CONDITION,FIRST_CRASH_TYPE,TRAFFICWAY_TYPE,LANE_CNT,ALIGNMENT,ROADWAY_SURFACE_COND,ROAD_DEFECT,REPORT_TYPE,CRASH_TYPE,INTERSECTION_RELATED_I,NOT_RIGHT_OF_WAY_I,HIT_AND_RUN_I,DAMAGE,DATE_POLICE_NOTIFIED,PRIM_CONTRIBUTORY_CAUSE,SEC_CONTRIBUTORY_CAUSE,STREET_NO,STREET_DIRECTION,STREET_NAME,BEAT_OF_OCCURRENCE,PHOTOS_TAKEN_I,STATEMENTS_TAKEN_I,DOORING_I,WORK_ZONE_I,WORK_ZONE_TYPE,WORKERS_PRESENT_I,NUM_UNITS,MOST_SEVERE_INJURY,INJURIES_TOTAL,INJURIES_FATAL,INJURIES_INCAPACITATING,INJURIES_NON_INCAPACITATING,INJURIES_REPORTED_NOT_EVIDENT,INJURIES_NO_INDICATION,INJURIES_UNKNOWN,CRASH_HOUR,CRASH_DAY_OF_WEEK,CRASH_MONTH,LATITUDE,LONGITUDE,LOCATION
JA512734,,11/15/2017 12:24:00 PM,30,NO CONTROLS,NO CONTROLS,RAIN,DAYLIGHT,OTHER NONCOLLISION,NOT DIVIDED,,STRAIGHT AND LEVEL,WET,NO DEFECTS,ON SCENE,NO INJURY / DRIVE AWAY,,,,"OVER $1,500",11/15/2017 12:24:00 PM,UNABLE TO DETERMINE,NOT APPLICABLE,7159,N,OTTAWA AVE,1611,,,,,,,1,NO INDICATION OF INJURY,0,0,0,0,0,1,0,12,4,11,42.011170984,-87.817405321,POINT (-87.817405320697 42.011170984316)
JA512712,,11/15/2017 12:25:00 PM,30,TRAFFIC SIGNAL,FUNCTIONING PROPERLY,RAIN,DAYLIGHT,SIDESWIPE SAME DIRECTION,NOT DIVIDED,3,STRAIGHT AND LEVEL,WET,NO DEFECTS,ON SCENE,INJURY AND / OR TOW DUE TO CRASH,,,,"OVER $1,500",11/15/2017 12:32:00 PM,FAILING TO YIELD RIGHT-OF-WAY,UNABLE TO DETERMINE,541,N,FAIRBANKS CT,1834,,Y,,,,,2,NO INDICATION OF INJURY,0,0,0,0,0,2,0,12,4,11,41.892274966,-87.620098795,POINT (-87.620098794549 41.892274965647)
JA512722,,11/15/2017 12:30:00 PM,30,NO CONTROLS,NO CONTROLS,RAIN,DAYLIGHT,SIDESWIPE SAME DIRECTION,CENTER TURN LANE,4,STRAIGHT AND LEVEL,WET,NO DEFECTS,NOT ON SCENE (DESK REPORT),NO INJURY / DRIVE AWAY,,,,"OVER $1,500",11/15/2017 01:00:00 PM,UNABLE TO DETERMINE,UNABLE TO DETERMINE,10406,S,WESTERN AVE,2211,,,,,,,2,NO INDICATION OF INJURY,0,0,0,0,0,3,0,12,4,11,41.70429072,-87.681703123,POINT (-87.68170312291 41.704290720447)
JA515264,,11/15/2017 12:30:00 PM,30,UNKNOWN,UNKNOWN,UNKNOWN,UNKNOWN,PARKED MOTOR VEHICLE,UNKNOWN,,STRAIGHT AND LEVEL,UNKNOWN,UNKNOWN,NOT ON SCENE (DESK REPORT),NO INJURY / DRIVE AWAY,,,Y,"OVER $1,500",11/17/2017 12:00:00 PM,UNABLE TO DETERMINE,UNABLE TO DETERMINE,6818,S,ANTHONY AVE,322,,,,,,,2,NO INDICATION OF INJURY,0,0,0,0,0,1,0,12,4,11,41.770216914,-87.614917043,POINT (-87.614917042603 41.770216913895)
JA512703,,11/15/2017 12:30:00 PM,30,NO CONTROLS,NO CONTROLS,RAIN,DAYLIGHT,ANGLE,NOT DIVIDED,4,STRAIGHT ON HILLCREST,WET,UNKNOWN,ON SCENE,INJURY AND / OR TOW DUE TO CRASH,,,,"OVER $1,500",11/15/2017 12:35:00 PM,FAILING TO YIELD RIGHT-OF-WAY,WEATHER,730,W,MONROE ST,1232,,,,,,,2,NO INDICATION OF INJURY,0,0,0,0,0,2,0,12,4,11,41.880623621,-87.64548245,POINT (-87.645482450311 41.880623620802)
JA513307,,11/15/2017 12:30:00 PM,30,TRAFFIC SIGNAL,FUNCTIONING PROPERLY,CLEAR,DAYLIGHT,TURNING,NOT DIVIDED,,STRAIGHT AND LEVEL,DRY,UNKNOWN,NOT ON SCENE (DESK REPORT),NO INJURY / DRIVE AWAY,,,,"OVER $1,500",11/15/2017 07:50:00 PM,DRIVING SKILLS/KNOWLEDGE/EXPERIENCE,NOT APPLICABLE,99,W,WASHINGTON ST,112,,,,,,,2,NO INDICATION OF INJURY,0,0,0,0,0,2,0,12,4,11,41.883100991,-87.630833278,POINT (-87.630833278073 41.883100991478)
JA512750,,11/15/2017 12:35:00 PM,30,NO CONTROLS,NO CONTROLS,CLEAR,DAYLIGHT,SIDESWIPE SAME DIRECTION,ONE-WAY,,STRAIGHT AND LEVEL,DRY,NO DEFECTS,ON SCENE,NO INJURY / DRIVE AWAY,,,,"OVER $1,500",11/15/2017 12:45:00 PM,IMPROPER LANE USAGE,NOT APPLICABLE,615,W,RANDOLPH ST,121,,,,,,,2,NO INDICATION OF INJURY,0,0,0,0,0,2,0,12,4,11,41.884321041,-87.643424753,POINT (-87.643424753347 41.884321040693)
JA512736,,11/15/2017 12:40:00 PM,30,TRAFFIC SIGNAL,FUNCTIONING PROPERLY,RAIN,DAWN,TURNING,DIVIDED - W/MEDIAN BARRIER,4,STRAIGHT AND LEVEL,WET,NO DEFECTS,ON SCENE,INJURY AND / OR TOW DUE TO CRASH,Y,,,"$501 - $1,500",11/15/2017 12:40:00 PM,FAILING TO YIELD RIGHT-OF-WAY,NOT APPLICABLE,320,N,STATE ST,1831,,,,,,,2,NO INDICATION OF INJURY,0,0,0,0,0,3,0,12,4,11,41.88809439,-87.628172289,POINT (-87.628172289373 41.888094389926)
JA512723,,11/15/2017 12:45:00 PM,30,NO CONTROLS,NO CONTROLS,RAIN,DAYLIGHT,REAR END,DIVIDED - W/MEDIAN (NOT RAISED),,STRAIGHT AND LEVEL,WET,UNKNOWN,ON SCENE,NO INJURY / DRIVE AWAY,,,,"OVER $1,500",11/15/2017 12:48:00 PM,UNABLE TO DETERMINE,UNABLE TO DETERMINE,6035,S,ARCHER AVE,811,,,,,,,2,NO INDICATION OF INJURY,0,0,0,0,0,2,0,12,4,11,41.794760932,-87.767861278,POINT (-87.767861278181 41.794760932477)
JA512729,,11/15/2017 12:49:00 PM,30,NO CONTROLS,NO CONTROLS,RAIN,DAYLIGHT,REAR END,NOT DIVIDED,2,STRAIGHT AND LEVEL,WET,NO DEFECTS,ON SCENE,NO INJURY / DRIVE AWAY,,,,"OVER $1,500",11/15/2017 12:51:00 PM,FAILING TO REDUCE SPEED TO AVOID CRASH,FOLLOWING TOO CLOSELY,215,E,47TH ST,224,,,,,,,2,NO INDICATION OF INJURY,0,0,0,0,0,2,0,12,4,11,41.809210635,-87.620490495,POINT (-87.620490494931 41.809210635453)
JA512767,,11/15/2017 12:50:00 PM,30,STOP SIGN/FLASHER,FUNCTIONING PROPERLY,CLOUDY/OVERCAST,DAYLIGHT,ANGLE,DIVIDED - W/MEDIAN (NOT RAISED),2,STRAIGHT AND LEVEL,WET,NO DEFECTS,ON SCENE,INJURY AND / OR TOW DUE TO CRASH,Y,,,"OVER $1,500",11/15/2017 12:53:00 PM,FAILING TO YIELD RIGHT-OF-WAY,NOT APPLICABLE,4300,N,KIMBALL AVE,1723,,,,,,,4,NO INDICATION OF INJURY,0,0,0,0,0,4,0,12,4,11,41.959357224,-87.713233973,POINT (-87.713233973204 41.95935722408)
JA512752,,11/15/2017 12:50:00 PM,25,NO CONTROLS,NO CONTROLS,RAIN,DAYLIGHT,REAR END,CENTER TURN LANE,,STRAIGHT AND LEVEL,WET,NO DEFECTS,NOT ON SCENE (DESK REPORT),NO INJURY / DRIVE AWAY,,,,"OVER $1,500",11/15/2017 01:15:00 PM,DRIVING SKILLS/KNOWLEDGE/EXPERIENCE,FAILING TO REDUCE SPEED TO AVOID CRASH,3232,N,CLARK ST,1924,,,,,,,2,NO INDICATION OF INJURY,0,0,0,0,0,2,0,12,4,11,41.940739303,-87.651484105,POINT (-87.651484104826 41.940739303332)
JA512758,,11/15/2017 12:55:00 PM,30,TRAFFIC SIGNAL,FUNCTIONING PROPERLY,RAIN,DAYLIGHT,REAR END,DIVIDED - W/MEDIAN (NOT RAISED),2,STRAIGHT ON GRADE,WET,NO DEFECTS,ON SCENE,NO INJURY / DRIVE AWAY,Y,,Y,"$501 - $1,500",11/15/2017 12:57:00 PM,FOLLOWING TOO CLOSELY,UNABLE TO DETERMINE,2602,W,MONTROSE AVE,1911,,,,,,,2,NO INDICATION OF INJURY,0,0,0,0,0,2,0,12,4,11,41.961390009,-87.693718105,POINT (-87.693718105271 41.961390009413)
JA512768,,11/15/2017 12:55:00 PM,30,NO CONTROLS,NO CONTROLS,CLEAR,DAYLIGHT,REAR END,NOT DIVIDED,2,STRAIGHT AND LEVEL,WET,NO DEFECTS,NOT ON SCENE (DESK REPORT),NO INJURY / DRIVE AWAY,,,,"$501 - $1,500",11/15/2017 01:25:00 PM,FOLLOWING TOO CLOSELY,UNABLE TO DETERMINE,2209,S,ALBANY AVE,1033,,,,,,,2,NO INDICATION OF INJURY,0,0,0,0,0,2,0,12,4,11,41.851486098,-87.702648529,POINT (-87.702648529344 41.851486098285)
JA512809,,11/15/2017 01:00:00 PM,30,NO CONTROLS,NO CONTROLS,RAIN,DAYLIGHT,REAR END,DIVIDED - W/MEDIAN (NOT RAISED),2,STRAIGHT AND LEVEL,WET,UNKNOWN,NOT ON SCENE (DESK REPORT),NO INJURY / DRIVE AWAY,,,,"$501 - $1,500",11/15/2017 01:30:00 PM,FOLLOWING TOO CLOSELY,UNABLE TO DETERMINE,500,W,79TH ST,621,,,,,,,2,NO INDICATION OF INJURY,0,0,0,0,0,2,0,13,4,11,41.750854199,-87.636791593,POINT (-87.636791592629 41.750854199117)
JA512769,,11/15/2017 01:00:00 PM,30,NO CONTROLS,NO CONTROLS,CLEAR,DAYLIGHT,PARKED MOTOR VEHICLE,NOT DIVIDED,,STRAIGHT AND LEVEL,WET,NO DEFECTS,NOT ON SCENE (DESK REPORT),NO INJURY / DRIVE AWAY,,,,"$501 - $1,500",11/15/2017 01:25:00 PM,UNABLE TO DETERMINE,UNABLE TO DETERMINE,5010,N,CALIFORNIA AVE,2031,,,,,,,2,NO INDICATION OF INJURY,0,0,0,0,0,1,0,13,4,11,41.972491682,-87.698964886,POINT (-87.698964885737 41.972491681866)
JA512819,,11/15/2017 01:00:00 PM,30,NO CONTROLS,NO CONTROLS,CLEAR,DAYLIGHT,PARKED MOTOR VEHICLE,ONE-WAY,1,STRAIGHT AND LEVEL,WET,NO DEFECTS,NOT ON SCENE (DESK REPORT),NO INJURY / DRIVE AWAY,,,Y,"$501 - $1,500",11/15/2017 02:02:00 PM,NOT APPLICABLE,NOT APPLICABLE,4839,W,BLOOMINGDALE AVE,2533,,,,,,,2,NO INDICATION OF INJURY,0,0,0,0,0,1,0,13,4,11,41.913158272,-87.74748475,POINT (-87.747484750064 41.913158272185)
JA512851,,11/15/2017 01:00:00 PM,30,NO CONTROLS,NO CONTROLS,RAIN,DAYLIGHT,REAR END,NOT DIVIDED,2,STRAIGHT AND LEVEL,WET,NO DEFECTS,NOT ON SCENE (DESK REPORT),NO INJURY / DRIVE AWAY,Y,,,"$501 - $1,500",11/15/2017 02:23:00 PM,FOLLOWING TOO CLOSELY,NOT APPLICABLE,3532,W,26TH ST,1024,,,,,,,2,NO INDICATION OF INJURY,0,0,0,0,0,2,0,13,4,11,41.844509414,-87.713631036,POINT (-87.713631035795 41.844509414108)
JA512816,,11/15/2017 01:00:00 PM,30,NO CONTROLS,NO CONTROLS,RAIN,DAYLIGHT,SIDESWIPE SAME DIRECTION,NOT DIVIDED,,STRAIGHT AND LEVEL,WET,UNKNOWN,NOT ON SCENE (DESK REPORT),NO INJURY / DRIVE AWAY,,,Y,"OVER $1,500",11/15/2017 01:50:00 PM,WEATHER,NOT APPLICABLE,2431,W,63RD ST,825,,,,,,,2,NO INDICATION OF INJURY,0,0,0,0,0,2,0,13,4,11,41.779131685,-87.684798674,POINT (-87.684798674446 41.779131684522)
JA512838,,11/15/2017 01:00:00 PM,30,NO CONTROLS,NO CONTROLS,RAIN,DAYLIGHT,TURNING,NOT DIVIDED,,STRAIGHT AND LEVEL,WET,NO DEFECTS,NOT ON SCENE (DESK REPORT),NO INJURY / DRIVE AWAY,,,,"OVER $1,500",11/15/2017 02:02:00 PM,NOT APPLICABLE,NOT APPLICABLE,6430,S,CICERO AVE,813,,,,,,,2,NO INDICATION OF INJURY,0,0,0,0,0,3,0,13,4,11,41.775663368,-87.742327811,POINT (-87.742327811139 41.775663367554)
JA512800,,11/15/2017 01:05:00 PM,30,NO CONTROLS,NO CONTROLS,RAIN,DAYLIGHT,SIDESWIPE SAME DIRECTION,NOT DIVIDED,1,STRAIGHT AND LEVEL,WET,UNKNOWN,ON SCENE,NO INJURY / DRIVE AWAY,,,,"$501 - $1,500",11/15/2017 01:20:00 PM,IMPROPER TURNING/NO SIGNAL,IMPROPER OVERTAKING/PASSING,201,E,63RD ST,312,,,,,,,2,NO INDICATION OF INJURY,0,0,0,0,0,2,0,13,4,11,41.780011825,-87.62030723,POINT (-87.620307230122 41.780011825352)
JA512841,,11/15/2017 01:10:00 PM,30,NO CONTROLS,NO CONTROLS,CLOUDY/OVERCAST,DAYLIGHT,TURNING,NOT DIVIDED,4,STRAIGHT AND LEVEL,WET,NO DEFECTS,ON SCENE,NO INJURY / DRIVE AWAY,,,,$500 OR LESS,11/15/2017 01:16:00 PM,FOLLOWING TOO CLOSELY,NOT APPLICABLE,1424,W,GRAND AVE,1215,,,,,,,2,NO INDICATION OF INJURY,0,0,0,0,0,2,0,13,4,11,41.891126705,-87.663319919,POINT (-87.663319919278 41.891126705259)
JA512805,,11/15/2017 01:10:00 PM,30,UNKNOWN,UNKNOWN,RAIN,DAYLIGHT,SIDESWIPE SAME DIRECTION,NOT DIVIDED,,STRAIGHT AND LEVEL,WET,UNKNOWN,NOT ON SCENE (DESK REPORT),NO INJURY / DRIVE AWAY,,,,"$501 - $1,500",11/15/2017 01:50:00 PM,UNABLE TO DETERMINE,NOT APPLICABLE,5000,N,MILWAUKEE AVE,1623,,,,,,,2,NO INDICATION OF INJURY,0,0,0,0,0,2,0,13,4,11,41.971720672,-87.764369141,POINT (-87.764369140928 41.971720672133)
JA512763,,11/15/2017 01:11:00 PM,30,NO CONTROLS,NO CONTROLS,RAIN,DAYLIGHT,PARKED MOTOR VEHICLE,ALLEY,,STRAIGHT AND LEVEL,WET,NO DEFECTS,ON SCENE,INJURY AND / OR TOW DUE TO CRASH,,,,"OVER $1,500",11/15/2017 01:12:00 PM,DRIVING SKILLS/KNOWLEDGE/EXPERIENCE,NOT APPLICABLE,6315,S,KARLOV AVE,813,,,,,,,3,NO INDICATION OF INJURY,0,0,0,0,0,1,0,13,4,11,41.778052299,-87.725040232,POINT (-87.725040231958 41.778052298842)
JA512919,,11/15/2017 01:12:00 PM,15,NO CONTROLS,NO CONTROLS,CLEAR,DAYLIGHT,PARKED MOTOR VEHICLE,NOT DIVIDED,2,STRAIGHT AND LEVEL,WET,NO DEFECTS,NOT ON SCENE (DESK REPORT),NO INJURY / DRIVE AWAY,,,Y,"OVER $1,500",11/15/2017 03:00:00 PM,UNABLE TO DETERMINE,NOT APPLICABLE,407,E,73RD ST,323,,,,,,,2,NO INDICATION OF INJURY,0,0,0,0,0,1,0,13,4,11,41.761955508,-87.614883164,POINT (-87.614883163773 41.761955508056)
JA512873,,11/15/2017 01:15:00 PM,10,NO CONTROLS,NO CONTROLS,CLEAR,UNKNOWN,OTHER OBJECT,PARKING LOT,,STRAIGHT AND LEVEL,DRY,NO DEFECTS,ON SCENE,NO INJURY / DRIVE AWAY,,Y,,$500 OR LESS,11/15/2017 01:45:00 PM,NOT APPLICABLE,NOT APPLICABLE,3201,N,ASHLAND AVE,1922,,,,,,,2,NO INDICATION OF INJURY,0,0,0,0,0,2,0,13,4,11,41.939744616,-87.668516101,POINT (-87.668516101064 41.939744615735)
JA512804,,11/15/2017 01:15:00 PM,30,NO CONTROLS,NO CONTROLS,RAIN,DAYLIGHT,PARKED MOTOR VEHICLE,NOT DIVIDED,2,STRAIGHT AND LEVEL,WET,NO DEFECTS,NOT ON SCENE (DESK REPORT),NO INJURY / DRIVE AWAY,,,,"OVER $1,500",11/15/2017 02:00:00 PM,IMPROPER LANE USAGE,FAILING TO REDUCE SPEED TO AVOID CRASH,2375,N,MILWAUKEE AVE,1414,,,,,,,3,NO INDICATION OF INJURY,0,0,0,0,0,1,0,13,4,11,41.924482563,-87.699692866,POINT (-87.699692865621 41.924482563172)
JA512861,,11/15/2017 01:15:00 PM,30,STOP SIGN/FLASHER,FUNCTIONING PROPERLY,CLEAR,DAYLIGHT,ANGLE,NOT DIVIDED,2,STRAIGHT AND LEVEL,UNKNOWN,NO DEFECTS,ON SCENE,INJURY AND / OR TOW DUE TO CRASH,,,,"OVER $1,500",11/15/2017 01:30:00 PM,DISREGARDING STOP SIGN,NOT APPLICABLE,3232,N,DAMEN AVE,1921,,,,,,,2,NO INDICATION OF INJURY,0,0,0,0,0,2,0,13,4,11,41.940528375,-87.67852907,POINT (-87.678529070476 41.94052837535)
JA512828,,11/15/2017 01:30:00 PM,15,UNKNOWN,UNKNOWN,CLOUDY/OVERCAST,DAYLIGHT,TURNING,ALLEY,1,STRAIGHT AND LEVEL,WET,UNKNOWN,NOT ON SCENE (DESK REPORT),NO INJURY / DRIVE AWAY,,,,"$501 - $1,500",11/15/2017 02:00:00 PM,FAILING TO YIELD RIGHT-OF-WAY,NOT APPLICABLE,2111,E,67TH ST,331,,,,,,,2,NO INDICATION OF INJURY,0,0,0,0,0,3,0,13,4,11,41.773371937,-87.573562198,POINT (-87.57356219779 41.77337193739)
JA512830,,11/15/2017 01:30:00 PM,30,NO CONTROLS,NO CONTROLS,UNKNOWN,DAYLIGHT,REAR END,UNKNOWN,,STRAIGHT AND LEVEL,WET,NO DEFECTS,NOT ON SCENE (DESK REPORT),NO INJURY / DRIVE AWAY,,,,"$501 - $1,500",11/15/2017 02:00:00 PM,UNABLE TO DETERMINE,NOT APPLICABLE,3208,N,MONTICELLO AVE,1732,,,,,,,2,NO INDICATION OF INJURY,0,0,0,0,0,6,0,13,4,11,41.939506678,-87.718779294,POINT (-87.718779293927 41.939506678327)
JA512820,,11/15/2017 01:30:00 PM,30,NO CONTROLS,NO CONTROLS,RAIN,DAYLIGHT,REAR END,NOT DIVIDED,,STRAIGHT AND LEVEL,WET,NO DEFECTS,NOT ON SCENE (DESK REPORT),NO INJURY / DRIVE AWAY,,,,"OVER $1,500",11/15/2017 02:00:00 PM,UNABLE TO DETERMINE,NOT APPLICABLE,4390,N,NARRAGANSETT AVE,1632,,,,,,,2,NO INDICATION OF INJURY,0,0,0,0,0,2,0,13,4,11,41.960126418,-87.786949273,POINT (-87.7869492733 41.960126418241)
JA512955,,11/15/2017 01:30:00 PM,30,UNKNOWN,UNKNOWN,RAIN,DAYLIGHT,REAR END,UNKNOWN,,STRAIGHT AND LEVEL,UNKNOWN,OTHER,NOT ON SCENE (DESK REPORT),NO INJURY / DRIVE AWAY,,,Y,"$501 - $1,500",11/15/2017 03:30:00 PM,UNABLE TO DETERMINE,NOT APPLICABLE,5100,W,LAWRENCE AVE,1623,,,,,,,2,NO INDICATION OF INJURY,0,0,0,0,0,2,0,13,4,11,41.968045507,-87.755076401,POINT (-87.755076400742 41.968045507172)
JA512813,,11/15/2017 01:35:00 PM,30,TRAFFIC SIGNAL,FUNCTIONING PROPERLY,CLEAR,DAYLIGHT,ANGLE,NOT DIVIDED,2,STRAIGHT AND LEVEL,WET,NO DEFECTS,ON SCENE,INJURY AND / OR TOW DUE TO CRASH,Y,,,"OVER $1,500",11/15/2017 01:43:00 PM,UNABLE TO DETERMINE,NOT APPLICABLE,5200,N,CANFIELD AVE,1614,,,,,,,2,NO INDICATION OF INJURY,0,0,0,0,0,2,0,13,4,11,41.974146278,-87.824823985,POINT (-87.824823985339 41.974146278102)
JA512836,,11/15/2017 01:37:00 PM,25,NO CONTROLS,NO CONTROLS,RAIN,DAYLIGHT,PARKED MOTOR VEHICLE,ONE-WAY,1,STRAIGHT AND LEVEL,WET,NO DEFECTS,ON SCENE,NO INJURY / DRIVE AWAY,,,Y,"OVER $1,500",11/15/2017 01:39:00 PM,UNABLE TO DETERMINE,UNABLE TO DETERMINE,3300,W,PENSACOLA AVE,1724,,,,,,,4,NO INDICATION OF INJURY,0,0,0,0,0,1,0,13,4,11,41.960361815,-87.710789909,POINT (-87.710789908689 41.960361815274)
JA512837,,11/15/2017 01:44:00 PM,30,STOP SIGN/FLASHER,FUNCTIONING PROPERLY,CLOUDY/OVERCAST,DAYLIGHT,ANGLE,NOT DIVIDED,,STRAIGHT AND LEVEL,WET,NO DEFECTS,ON SCENE,INJURY AND / OR TOW DUE TO CRASH,Y,,,"OVER $1,500",11/15/2017 01:46:00 PM,FAILING TO YIELD RIGHT-OF-WAY,DRIVING SKILLS/KNOWLEDGE/EXPERIENCE,1530,N,HUMBOLDT DR,1423,,,,,,,2,NONINCAPACITATING INJURY,3,0,0,3,0,0,0,13,4,11,41.909153782,-87.701846466,POINT (-87.70184646553 41.909153781571)
JA512927,,11/15/2017 01:50:00 PM,30,NO CONTROLS,NO CONTROLS,RAIN,DAYLIGHT,PARKED MOTOR VEHICLE,NOT DIVIDED,2,STRAIGHT AND LEVEL,WET,NO DEFECTS,NOT ON SCENE (DESK REPORT),NO INJURY / DRIVE AWAY,,,,"OVER $1,500",11/15/2017 03:00:00 PM,IMPROPER LANE USAGE,NOT APPLICABLE,847,E,79TH ST,624,,,,,,,2,NO INDICATION OF INJURY,0,0,0,0,0,2,0,13,4,11,41.751198694,-87.603317972,POINT (-87.603317972302 41.751198694156)
JA512847,,11/15/2017 01:57:00 PM,30,STOP SIGN/FLASHER,UNKNOWN,CLEAR,DAYLIGHT,TURNING,DIVIDED - W/MEDIAN (NOT RAISED),2,STRAIGHT AND LEVEL,WET,NO DEFECTS,ON SCENE,INJURY AND / OR TOW DUE TO CRASH,Y,,,"$501 - $1,500",11/15/2017 02:19:00 PM,FAILING TO YIELD RIGHT-OF-WAY,IMPROPER OVERTAKING/PASSING,9100,S,LAFAYETTE AVE,634,,,,,,,2,NO INDICATION OF INJURY,0,0,0,0,0,3,0,13,4,11,41.728930723,-87.625382756,POINT (-87.625382756311 41.72893072336)
JA512936,,11/15/2017 02:00:00 PM,30,NO CONTROLS,NO CONTROLS,CLEAR,DAYLIGHT,PEDALCYCLIST,ONE-WAY,3,STRAIGHT AND LEVEL,DRY,NO DEFECTS,NOT ON SCENE (DESK REPORT),INJURY AND / OR TOW DUE TO CRASH,,,,$500 OR LESS,11/15/2017 03:20:00 PM,FAILING TO YIELD RIGHT-OF-WAY,NOT APPLICABLE,110,N,WELLS ST,122,,,,,,,2,NONINCAPACITATING INJURY,1,0,0,1,0,1,0,14,4,11,41.883500263,-87.634012275,POINT (-87.634012274993 41.88350026347)
JA512988,,11/15/2017 02:07:00 PM,35,NO CONTROLS,NO CONTROLS,UNKNOWN,DAYLIGHT,ANGLE,DIVIDED - W/MEDIAN (NOT RAISED),,STRAIGHT AND LEVEL,WET,UNKNOWN,NOT ON SCENE (DESK REPORT),NO INJURY / DRIVE AWAY,,,,"OVER $1,500",11/15/2017 04:30:00 PM,UNABLE TO DETERMINE,UNABLE TO DETERMINE,750,W,107TH ST,2233,,,,,,,2,NO INDICATION OF INJURY,0,0,0,0,0,2,0,14,4,11,41.699749984,-87.64221392,POINT (-87.64221392045 41.699749984349)
JA512876,,11/15/2017 02:15:00 PM,25,NO CONTROLS,NO CONTROLS,RAIN,DAYLIGHT,FIXED OBJECT,ONE-WAY,1,STRAIGHT AND LEVEL,WET,NO DEFECTS,ON SCENE,INJURY AND / OR TOW DUE TO CRASH,,,,"OVER $1,500",11/15/2017 02:15:00 PM,UNABLE TO DETERMINE,UNABLE TO DETERMINE,6545,S,PAULINA ST,725,Y,,,,,,1,FATAL,2,1,0,1,0,0,0,14,4,11,41.774468671,-87.666406254,POINT (-87.666406253706 41.774468671252)
JA512922,,11/15/2017 02:20:00 PM,35,TRAFFIC SIGNAL,FUNCTIONING PROPERLY,CLEAR,DAYLIGHT,TURNING,DIVIDED - W/MEDIAN (NOT RAISED),4,STRAIGHT AND LEVEL,DRY,NO DEFECTS,ON SCENE,INJURY AND / OR TOW DUE TO CRASH,Y,,,"OVER $1,500",11/15/2017 02:30:00 PM,FAILING TO YIELD RIGHT-OF-WAY,FAILING TO YIELD RIGHT-OF-WAY,1698,W,OGDEN AVE,1224,,,,,,,2,NO INDICATION OF INJURY,0,0,0,0,0,2,0,14,4,11,41.878995946,-87.669254609,POINT (-87.669254609405 41.87899594612)
JA512893,,11/15/2017 02:20:00 PM,30,TRAFFIC SIGNAL,FUNCTIONING PROPERLY,CLEAR,DAYLIGHT,PEDESTRIAN,DIVIDED - W/MEDIAN (NOT RAISED),4,STRAIGHT AND LEVEL,DRY,UNKNOWN,ON SCENE,INJURY AND / OR TOW DUE TO CRASH,Y,,,"$501 - $1,500",11/15/2017 02:50:00 PM,UNABLE TO DETERMINE,FAILING TO REDUCE SPEED TO AVOID CRASH,2,N,PULASKI RD,1115,,,,,,,2,INCAPACITATING INJURY,1,0,1,0,0,1,0,14,4,11,41.880785798,-87.725818414,POINT (-87.725818414306 41.880785797888)
JA512911,,11/15/2017 02:28:00 PM,30,NO CONTROLS,NO CONTROLS,CLOUDY/OVERCAST,DAYLIGHT,SIDESWIPE OPPOSITE DIRECTION,NOT DIVIDED,,STRAIGHT AND LEVEL,WET,NO DEFECTS,NOT ON SCENE (DESK REPORT),NO INJURY / DRIVE AWAY,,,Y,$500 OR LESS,11/15/2017 03:15:00 PM,UNABLE TO DETERMINE,NOT APPLICABLE,1711,S,WOOD ST,1234,,,,,,,2,NO INDICATION OF INJURY,0,0,0,0,0,2,0,14,4,11,41.858278255,-87.67096751,POINT (-87.670967510037 41.858278255499)
JA512899,,11/15/2017 02:30:00 PM,25,TRAFFIC SIGNAL,FUNCTIONING PROPERLY,CLOUDY/OVERCAST,DAYLIGHT,REAR END,ONE-WAY,4,STRAIGHT AND LEVEL,WET,NO DEFECTS,NOT ON SCENE (DESK REPORT),NO INJURY / DRIVE AWAY,Y,,,"$501 - $1,500",11/15/2017 03:00:00 PM,FAILING TO REDUCE SPEED TO AVOID CRASH,UNABLE TO DETERMINE,280,W,ONTARIO ST,1831,,,,,,,2,NO INDICATION OF INJURY,0,0,0,0,0,2,0,14,4,11,41.893277948,-87.635540985,POINT (-87.635540985167 41.893277947644)
JA512945,,11/15/2017 02:32:00 PM,30,STOP SIGN/FLASHER,FUNCTIONING PROPERLY,RAIN,DAYLIGHT,TURNING,DIVIDED - W/MEDIAN (NOT RAISED),,STRAIGHT AND LEVEL,WET,NO DEFECTS,ON SCENE,NO INJURY / DRIVE AWAY,Y,,,"$501 - $1,500",11/15/2017 02:32:00 PM,FAILING TO YIELD RIGHT-OF-WAY,NOT APPLICABLE,5100,S,LAWNDALE AVE,822,,,,,,,2,NO INDICATION OF INJURY,0,0,0,0,0,6,0,14,4,11,41.800563503,-87.716154423,POINT (-87.716154422752 41.800563502801)