RD_NO,CRASH_DATE_EST_I,CRASH_DATE,POSTED_SPEED_LIMIT,TRAFFIC_CONTROL_DEVICE,DEVICE_CONDITION,WEATHER_CONDITION,LIGHTING_CONDITION,FIRST_CRASH_TYPE,TRAFFICWAY_TYPE,LANE_CNT,ALIGNMENT,ROADWAY_SURFACE_COND,ROAD_DEFECT,REPORT_TYPE,CRASH_TYPE,INTERSECTION_RELATED_I,NOT_RIGHT_OF_WAY_I,HIT_AND_RUN_I,DAMAGE,DATE_POLICE_NOTIFIED,PRIM_CONTRIBUTORY_CAUSE,SEC_CONTRIBUTORY_CAUSE,STREET_NO,STREET_DIRECTION,STREET_NAME,BEAT_OF_OCCURRENCE,PHOTOS_TAKEN_I,STATEMENTS_TAKEN_I,DOORING_I,WORK_ZONE_I,WORK_ZONE_TYPE,WORKERS_PRESENT_I,NUM_UNITS,MOST_SEVERE_INJURY,INJURIES_TOTAL,INJURIES_FATAL,INJURIES_INCAPACITATING,INJURIES_NON_INCAPACITATING,INJURIES_REPORTED_NOT_EVIDENT,INJURIES_NO_INDICATION,INJURIES_UNKNOWN,CRASH_HOUR,CRASH_DAY_OF_WEEK,CRASH_MONTH,LATITUDE,LONGITUDE,LOCATION
JA512901,,11/15/2017 02:35:00 PM,30,NO CONTROLS,NO CONTROLS,CLEAR,DAYLIGHT,TURNING,NOT DIVIDED,,STRAIGHT AND LEVEL,DRY,UNKNOWN,NOT ON SCENE (DESK REPORT),NO INJURY / DRIVE AWAY,,,,"OVER $1,500",11/15/2017 03:00:00 PM,DRIVING SKILLS/KNOWLEDGE/EXPERIENCE,NOT APPLICABLE,5400,S,CICERO AVE,815,,,,,,,2,NO INDICATION OF INJURY,0,0,0,0,0,2,0,14,4,11,41.794559736,-87.742894958,POINT (-87.742894957701 41.794559736179)
JA512904,,11/15/2017 02:36:00 PM,35,NO CONTROLS,NO CONTROLS,RAIN,DAYLIGHT,REAR END,ONE-WAY,2,STRAIGHT AND LEVEL,WET,NO DEFECTS,ON SCENE,NO INJURY / DRIVE AWAY,,,,"OVER $1,500",11/15/2017 02:55:00 PM,FOLLOWING TOO CLOSELY,WEATHER,7606,S,LAFAYETTE AVE,623,,,,,,,3,NO INDICATION OF INJURY,0,0,0,0,0,4,0,14,4,11,41.756140162,-87.626472502,POINT (-87.626472502183 41.756140161528)
JA513006,,11/15/2017 02:44:00 PM,35,NO CONTROLS,NO CONTROLS,CLEAR,DAYLIGHT,FIXED OBJECT,DIVIDED - W/MEDIAN (NOT RAISED),4,STRAIGHT AND LEVEL,DRY,NO DEFECTS,ON SCENE,NO INJURY / DRIVE AWAY,,,,"OVER $1,500",11/15/2017 03:56:00 PM,NOT APPLICABLE,NOT APPLICABLE,4900,S,WESTERN AVE,923,,,,,,,1,NO INDICATION OF INJURY,0,0,0,0,0,1,0,14,4,11,41.804641245,-87.684516905,POINT (-87.684516905411 41.804641245012)
JA523964,,11/15/2017 02:45:00 PM,15,NO CONTROLS,NO CONTROLS,CLEAR,DAYLIGHT,PARKED MOTOR VEHICLE,DIVIDED - W/MEDIAN (NOT RAISED),2,STRAIGHT AND LEVEL,DRY,NO DEFECTS,NOT ON SCENE (DESK REPORT),NO INJURY / DRIVE AWAY,,,Y,"$501 - $1,500",11/24/2017 07:15:00 PM,UNABLE TO DETERMINE,UNABLE TO DETERMINE,2656,N,ELSTON AVE,1432,,,,,,,2,NO INDICATION OF INJURY,0,0,0,0,0,1,0,14,4,11,41.929848997,-87.684643784,POINT (-87.684643783527 41.929848996597)
JA512900,,11/15/2017 02:45:00 PM,30,NO CONTROLS,NO CONTROLS,RAIN,DAYLIGHT,TURNING,DIVIDED - W/MEDIAN (NOT RAISED),,STRAIGHT AND LEVEL,WET,NO DEFECTS,NOT ON SCENE (DESK REPORT),NO INJURY / DRIVE AWAY,,,,"OVER $1,500",11/15/2017 03:00:00 PM,DRIVING SKILLS/KNOWLEDGE/EXPERIENCE,NOT APPLICABLE,1552,N,LARAMIE AVE,2532,,,,,,,2,NO INDICATION OF INJURY,0,0,0,0,0,2,0,14,4,11,41.909265532,-87.756005567,POINT (-87.756005567244 41.909265532402)
JA512926,,11/15/2017 02:50:00 PM,35,TRAFFIC SIGNAL,FUNCTIONING PROPERLY,CLOUDY/OVERCAST,DAYLIGHT,PEDESTRIAN,ONE-WAY,3,STRAIGHT AND LEVEL,WET,NO DEFECTS,ON SCENE,INJURY AND / OR TOW DUE TO CRASH,Y,,Y,$500 OR LESS,11/15/2017 02:50:00 PM,UNABLE TO DETERMINE,FAILING TO YIELD RIGHT-OF-WAY,3900,S,WENTWORTH AVE,925,,,,,,,2,NONINCAPACITATING INJURY,1,0,0,1,0,1,0,14,4,11,41.82365433,-87.631487674,POINT (-87.631487674469 41.823654330426)
JA512915,,11/15/2017 02:50:00 PM,30,NO CONTROLS,NO CONTROLS,CLOUDY/OVERCAST,DAYLIGHT,PARKED MOTOR VEHICLE,DIVIDED - W/MEDIAN (NOT RAISED),2,STRAIGHT AND LEVEL,WET,UNKNOWN,ON SCENE,NO INJURY / DRIVE AWAY,,,,"$501 - $1,500",11/15/2017 03:00:00 PM,UNABLE TO DETERMINE,NOT APPLICABLE,892,N,DEWITT PL,1833,,,,,,,2,NO INDICATION OF INJURY,0,0,0,0,0,1,0,14,4,11,41.899224646,-87.620361439,POINT (-87.620361439342 41.899224645641)
JA513095,,11/15/2017 02:55:00 PM,30,STOP SIGN/FLASHER,FUNCTIONING PROPERLY,CLEAR,DAYLIGHT,ANGLE,NOT DIVIDED,,STRAIGHT AND LEVEL,DRY,UNKNOWN,,NO INJURY / DRIVE AWAY,,,,"OVER $1,500",11/15/2017 05:16:00 PM,WEATHER,NOT APPLICABLE,4700,S,SPRINGFIELD AVE,821,,,,,,,2,NO INDICATION OF INJURY,0,0,0,0,0,2,0,14,4,11,41.80780443,-87.721262809,POINT (-87.721262809253 41.807804429932)
JA512969,Y,11/15/2017 03:00:00 PM,30,TRAFFIC SIGNAL,UNKNOWN,CLOUDY/OVERCAST,DAYLIGHT,SIDESWIPE SAME DIRECTION,ONE-WAY,3,STRAIGHT AND LEVEL,WET,UNKNOWN,NOT ON SCENE (DESK REPORT),NO INJURY / DRIVE AWAY,,,,"OVER $1,500",11/15/2017 03:45:00 PM,IMPROPER OVERTAKING/PASSING,IMPROPER LANE USAGE,558,S,JEFFERSON ST,124,,,,,,,2,NO INDICATION OF INJURY,0,0,0,0,0,2,0,15,4,11,41.874413566,-87.642572204,POINT (-87.642572203631 41.874413566119)
JA513712,,11/15/2017 03:00:00 PM,0,NO CONTROLS,NO CONTROLS,CLOUDY/OVERCAST,DAYLIGHT,PARKED MOTOR VEHICLE,NOT DIVIDED,,STRAIGHT AND LEVEL,DRY,NO DEFECTS,NOT ON SCENE (DESK REPORT),NO INJURY / DRIVE AWAY,,,,"OVER $1,500",11/16/2017 09:30:00 AM,UNABLE TO DETERMINE,UNABLE TO DETERMINE,1310,S,WABASH AVE,131,,,,,,,2,NO INDICATION OF INJURY,0,0,0,0,0,1,0,15,4,11,41.865399757,-87.62593557,POINT (-87.625935569629 41.86539975664)
JA523942,,11/15/2017 03:00:00 PM,25,NO CONTROLS,NO CONTROLS,CLEAR,DAYLIGHT,PARKED MOTOR VEHICLE,NOT DIVIDED,,STRAIGHT AND LEVEL,DRY,NO DEFECTS,NOT ON SCENE (DESK REPORT),NO INJURY / DRIVE AWAY,,,Y,"OVER $1,500",11/24/2017 07:00:00 PM,UNABLE TO DETERMINE,NOT APPLICABLE,5570,N,LYNCH AVE,1621,,,,,,,2,NO INDICATION OF INJURY,0,0,0,0,0,1,0,15,4,11,41.982579358,-87.759383455,POINT (-87.759383455007 41.982579357705)
JA512908,,11/15/2017 03:00:00 PM,30,NO CONTROLS,NO CONTROLS,CLEAR,DAYLIGHT,TURNING,NOT DIVIDED,2,STRAIGHT AND LEVEL,WET,NO DEFECTS,ON SCENE,INJURY AND / OR TOW DUE TO CRASH,,,,"OVER $1,500",11/15/2017 03:15:00 PM,FAILING TO YIELD RIGHT-OF-WAY,WEATHER,10416,S,DR MARTIN LUTHER KING JR DR,512,,,,,,,2,NONINCAPACITATING INJURY,1,0,0,1,0,1,0,15,4,11,41.704942347,-87.61385206,POINT (-87.613852059538 41.704942346577)
JA513398,,11/15/2017 03:00:00 PM,30,NO CONTROLS,NO CONTROLS,CLEAR,DAYLIGHT,PARKED MOTOR VEHICLE,NOT DIVIDED,2,STRAIGHT AND LEVEL,DRY,NO DEFECTS,NOT ON SCENE (DESK REPORT),NO INJURY / DRIVE AWAY,,,Y,"$501 - $1,500",11/15/2017 09:10:00 PM,UNABLE TO DETERMINE,UNABLE TO DETERMINE,3953,N,ASHLAND AVE,1922,,,,,,,2,NO INDICATION OF INJURY,0,0,0,0,0,1,0,15,4,11,41.953982383,-87.668892269,POINT (-87.668892268972 41.953982382724)
JA512956,,11/15/2017 03:10:00 PM,35,NO CONTROLS,NO CONTROLS,CLEAR,DAYLIGHT,REAR END,NOT DIVIDED,6,STRAIGHT AND LEVEL,DRY,NO DEFECTS,ON SCENE,NO INJURY / DRIVE AWAY,,,,"OVER $1,500",11/15/2017 03:35:00 PM,DISTRACTION - FROM INSIDE VEHICLE,NOT APPLICABLE,1112,S,COLUMBUS DR,114,,,,,,,3,NO INDICATION OF INJURY,0,0,0,0,0,3,0,15,4,11,41.868929555,-87.620647733,POINT (-87.620647732923 41.868929554896)
JA519253,,11/15/2017 03:15:00 PM,30,NO CONTROLS,NO CONTROLS,CLEAR,DAYLIGHT,SIDESWIPE SAME DIRECTION,NOT DIVIDED,,STRAIGHT AND LEVEL,WET,NO DEFECTS,NOT ON SCENE (DESK REPORT),NO INJURY / DRIVE AWAY,,,,"$501 - $1,500",11/20/2017 03:42:00 PM,IMPROPER OVERTAKING/PASSING,FAILING TO YIELD RIGHT-OF-WAY,1200,N,LAKE SHORE DR SB,1824,,,,,,,2,NO INDICATION OF INJURY,0,0,0,0,0,2,0,15,4,11,41.904076743,-87.624803937,POINT (-87.624803937073 41.904076743028)
JA512953,,11/15/2017 03:15:00 PM,30,NO CONTROLS,NO CONTROLS,CLEAR,DAYLIGHT,SIDESWIPE SAME DIRECTION,NOT DIVIDED,,STRAIGHT AND LEVEL,WET,NO DEFECTS,NOT ON SCENE (DESK REPORT),NO INJURY / DRIVE AWAY,,,,$500 OR LESS,11/15/2017 03:40:00 PM,FAILING TO YIELD RIGHT-OF-WAY,FAILING TO YIELD RIGHT-OF-WAY,1098,S,CALIFORNIA AVE,1135,,,,,,,2,NO INDICATION OF INJURY,0,0,0,0,0,2,0,15,4,11,41.868356592,-87.696103885,POINT (-87.696103885186 41.868356591588)
JA513105,,11/15/2017 03:20:00 PM,30,TRAFFIC SIGNAL,FUNCTIONING PROPERLY,CLEAR,DAYLIGHT,TURNING,NOT DIVIDED,,STRAIGHT AND LEVEL,DRY,NO DEFECTS,NOT ON SCENE (DESK REPORT),INJURY AND / OR TOW DUE TO CRASH,,,,"OVER $1,500",11/15/2017 05:00:00 PM,NOT APPLICABLE,NOT APPLICABLE,5900,S,CICERO AVE,813,,,,,,,2,NONINCAPACITATING INJURY,1,0,0,1,0,2,0,15,4,11,41.785643324,-87.741485778,POINT (-87.741485778405 41.785643323876)
JA513175,,11/15/2017 03:20:00 PM,30,TRAFFIC SIGNAL,FUNCTIONING PROPERLY,RAIN,DAYLIGHT,TURNING,DIVIDED - W/MEDIAN BARRIER,6,STRAIGHT AND LEVEL,WET,NO DEFECTS,ON SCENE,INJURY AND / OR TOW DUE TO CRASH,Y,,,"OVER $1,500",11/15/2017 03:24:00 PM,FAILING TO REDUCE SPEED TO AVOID CRASH,EXCEEDING AUTHORIZED SPEED LIMIT,5900,S,CICERO AVE,813,,,,,,,2,NONINCAPACITATING INJURY,2,0,0,2,0,1,0,15,4,11,41.785643324,-87.741485778,POINT (-87.741485778405 41.785643323876)
JA512968,,11/15/2017 03:29:00 PM,25,NO CONTROLS,NO CONTROLS,CLEAR,DAYLIGHT,PARKED MOTOR VEHICLE,DIVIDED - W/MEDIAN (NOT RAISED),4,STRAIGHT AND LEVEL,DRY,NO DEFECTS,ON SCENE,INJURY AND / OR TOW DUE TO CRASH,N,,,"OVER $1,500",11/15/2017 03:30:00 PM,DISTRACTION - FROM INSIDE VEHICLE,FAILING TO REDUCE SPEED TO AVOID CRASH,6729,N,CLARK ST,2432,,,,,,,2,NO INDICATION OF INJURY,0,0,0,0,0,2,0,15,4,11,42.004373293,-87.672623103,POINT (-87.672623103415 42.004373292804)
JA512987,,11/15/2017 03:30:00 PM,15,TRAFFIC SIGNAL,FUNCTIONING PROPERLY,CLEAR,DAYLIGHT,TURNING,NOT DIVIDED,,STRAIGHT AND LEVEL,WET,NO DEFECTS,NOT ON SCENE (DESK REPORT),NO INJURY / DRIVE AWAY,Y,,,"OVER $1,500",11/15/2017 03:55:00 PM,FAILING TO YIELD RIGHT-OF-WAY,UNABLE TO DETERMINE,6000,S,STONY ISLAND AVE,314,,,,,,,2,NO INDICATION OF INJURY,0,0,0,0,0,2,0,15,4,11,41.786024735,-87.586738466,POINT (-87.586738466448 41.786024735096)
JA512979,,11/15/2017 03:30:00 PM,30,NO CONTROLS,NO CONTROLS,CLEAR,DAYLIGHT,REAR END,DIVIDED - W/MEDIAN BARRIER,6,STRAIGHT AND LEVEL,WET,NO DEFECTS,ON SCENE,INJURY AND / OR TOW DUE TO CRASH,,,,"OVER $1,500",11/15/2017 03:31:00 PM,FAILING TO REDUCE SPEED TO AVOID CRASH,FOLLOWING TOO CLOSELY,9020,S,STONY ISLAND AVE,413,,,,,,,3,NO INDICATION OF INJURY,0,0,0,0,0,4,0,15,4,11,41.730783014,-87.585663459,POINT (-87.585663458778 41.730783013695)
JA513144,,11/15/2017 03:30:00 PM,15,TRAFFIC SIGNAL,FUNCTIONING PROPERLY,CLEAR,DAYLIGHT,TURNING,NOT DIVIDED,4,STRAIGHT AND LEVEL,DRY,NO DEFECTS,NOT ON SCENE (DESK REPORT),NO INJURY / DRIVE AWAY,,,,"OVER $1,500",11/15/2017 04:55:00 PM,FOLLOWING TOO CLOSELY,UNABLE TO DETERMINE,120,W,87TH ST,622,,,,,,,2,NO INDICATION OF INJURY,0,0,0,0,0,2,0,15,4,11,41.736380202,-87.627699235,POINT (-87.627699234706 41.736380201841)
JA512976,,11/15/2017 03:30:00 PM,20,NO CONTROLS,NO CONTROLS,CLEAR,DAYLIGHT,SIDESWIPE SAME DIRECTION,NOT DIVIDED,2,STRAIGHT AND LEVEL,WET,NO DEFECTS,ON SCENE,NO INJURY / DRIVE AWAY,,,,"OVER $1,500",11/15/2017 03:40:00 PM,IMPROPER TURNING/NO SIGNAL,UNABLE TO DETERMINE,3230,S,KOSTNER AVE,1031,,,,,,,2,NO INDICATION OF INJURY,0,0,0,0,0,2,0,15,4,11,41.834007285,-87.734146665,POINT (-87.734146664693 41.834007284865)
JA514246,,11/15/2017 03:30:00 PM,30,NO CONTROLS,NO CONTROLS,CLEAR,DAYLIGHT,REAR END,DIVIDED - W/MEDIAN (NOT RAISED),6,STRAIGHT AND LEVEL,DRY,UNKNOWN,NOT ON SCENE (DESK REPORT),NO INJURY / DRIVE AWAY,,,,$500 OR LESS,11/16/2017 03:45:00 PM,UNABLE TO DETERMINE,NOT APPLICABLE,3431,W,OGDEN AVE,1024,,,,,,,2,NO INDICATION OF INJURY,0,0,0,0,0,2,0,15,4,11,41.855682044,-87.71122412,POINT (-87.711224120263 41.855682044084)
JA513016,,11/15/2017 03:34:00 PM,35,NO CONTROLS,NO CONTROLS,RAIN,DUSK,FIXED OBJECT,NOT DIVIDED,2,STRAIGHT AND LEVEL,WET,NO DEFECTS,ON SCENE,INJURY AND / OR TOW DUE TO CRASH,,Y,,"OVER $1,500",11/15/2017 03:38:00 PM,DISREGARDING OTHER TRAFFIC SIGNS,NOT APPLICABLE,4900,S,HALSTED ST,933,,,,,,,1,NO INDICATION OF INJURY,0,0,0,0,0,1,0,15,4,11,41.804985288,-87.645579803,POINT (-87.645579802563 41.804985288338)
JA512998,,11/15/2017 03:35:00 PM,30,UNKNOWN,UNKNOWN,CLEAR,DAYLIGHT,REAR END,DIVIDED - W/MEDIAN (NOT RAISED),2,STRAIGHT AND LEVEL,WET,UNKNOWN,NOT ON SCENE (DESK REPORT),NO INJURY / DRIVE AWAY,,,,"OVER $1,500",11/15/2017 03:55:00 PM,FOLLOWING TOO CLOSELY,UNABLE TO DETERMINE,400,W,71ST ST,732,,,,,,,2,NO INDICATION OF INJURY,0,0,0,0,0,2,0,15,4,11,41.765464763,-87.634730277,POINT (-87.634730277199 41.765464763036)
JA513073,,11/15/2017 03:40:00 PM,35,NO CONTROLS,FUNCTIONING PROPERLY,RAIN,DUSK,FIXED OBJECT,NOT DIVIDED,2,STRAIGHT AND LEVEL,WET,NO DEFECTS,ON SCENE,NO INJURY / DRIVE AWAY,,Y,Y,"OVER $1,500",11/15/2017 03:50:00 PM,NOT APPLICABLE,NOT APPLICABLE,8505,S,BURLEY AVE,424,,,,,,,1,NO INDICATION OF INJURY,0,0,0,0,0,1,0,15,4,11,41.740898331,-87.54524723,POINT (-87.545247229584 41.740898330818)
JA513111,,11/15/2017 03:43:00 PM,30,TRAFFIC SIGNAL,FUNCTIONING PROPERLY,CLEAR,DUSK,REAR END,DIVIDED - W/MEDIAN (NOT RAISED),2,STRAIGHT AND LEVEL,DRY,NO DEFECTS,NOT ON SCENE (DESK REPORT),NO INJURY / DRIVE AWAY,Y,,,"$501 - $1,500",11/15/2017 04:20:00 PM,FOLLOWING TOO CLOSELY,FAILING TO REDUCE SPEED TO AVOID CRASH,2159,W,NORTH AVE,1424,,,,,,,2,NO INDICATION OF INJURY,0,0,0,0,0,2,0,15,4,11,41.910285091,-87.682226241,POINT (-87.682226241272 41.910285091171)
JA513001,,11/15/2017 03:58:00 PM,35,NO CONTROLS,NO CONTROLS,CLEAR,DAYLIGHT,ANGLE,NOT DIVIDED,2,STRAIGHT AND LEVEL,WET,NO DEFECTS,ON SCENE,NO INJURY / DRIVE AWAY,Y,,,"OVER $1,500",11/15/2017 04:08:00 PM,FAILING TO YIELD RIGHT-OF-WAY,WEATHER,5100,S,MARSHFIELD AVE,932,,Y,,,,,2,NO INDICATION OF INJURY,0,0,0,0,0,2,0,15,4,11,41.80120893,-87.666140561,POINT (-87.666140561225 41.801208930477)
JA513004,,11/15/2017 03:59:00 PM,30,TRAFFIC SIGNAL,FUNCTIONING PROPERLY,CLEAR,DAYLIGHT,TURNING,ONE-WAY,3,STRAIGHT AND LEVEL,DRY,NO DEFECTS,ON SCENE,NO INJURY / DRIVE AWAY,Y,,,"$501 - $1,500",11/15/2017 04:00:00 PM,UNABLE TO DETERMINE,NOT APPLICABLE,5700,S,INDIANA AVE,232,,,,,,,2,NO INDICATION OF INJURY,0,0,0,0,0,2,0,15,4,11,41.790998868,-87.620898538,POINT (-87.620898537646 41.790998868316)
JA513054,,11/15/2017 04:00:00 PM,30,NO CONTROLS,NO CONTROLS,CLEAR,DAWN,TURNING,NOT DIVIDED,,STRAIGHT AND LEVEL,DRY,NO DEFECTS,NOT ON SCENE (DESK REPORT),NO INJURY / DRIVE AWAY,,,,"OVER $1,500",11/15/2017 04:35:00 PM,NOT APPLICABLE,NOT APPLICABLE,3220,W,COLUMBUS AVE,835,,,,,,,2,NO INDICATION OF INJURY,0,0,0,0,0,2,0,16,4,11,41.750153225,-87.703191517,POINT (-87.703191517038 41.750153225207)
JA513007,,11/15/2017 04:00:00 PM,30,STOP SIGN/FLASHER,FUNCTIONING PROPERLY,CLEAR,DAYLIGHT,TURNING,NOT DIVIDED,2,STRAIGHT AND LEVEL,WET,NO DEFECTS,ON SCENE,NO INJURY / DRIVE AWAY,,,,$500 OR LESS,11/15/2017 04:12:00 PM,FAILING TO YIELD RIGHT-OF-WAY,FAILING TO REDUCE SPEED TO AVOID CRASH,1533,E,67TH ST,332,,N,,,,,2,NO INDICATION OF INJURY,0,0,0,0,0,2,0,16,4,11,41.773212549,-87.587413752,POINT (-87.58741375167 41.773212548669)
JA513019,,11/15/2017 04:12:00 PM,30,NO CONTROLS,NO CONTROLS,CLEAR,DUSK,PARKED MOTOR VEHICLE,NOT DIVIDED,2,STRAIGHT AND LEVEL,WET,NO DEFECTS,ON SCENE,INJURY AND / OR TOW DUE TO CRASH,,,Y,"OVER $1,500",11/15/2017 04:23:00 PM,UNABLE TO DETERMINE,NOT APPLICABLE,910,S,MENARD AVE,1513,,,,,,,3,NO INDICATION OF INJURY,0,0,0,0,0,3,0,16,4,11,41.869630973,-87.769513295,POINT (-87.769513295466 41.869630973395)
JA525339,,11/15/2017 04:15:00 PM,25,TRAFFIC SIGNAL,FUNCTIONING PROPERLY,CLEAR,DAYLIGHT,TURNING,ONE-WAY,2,STRAIGHT AND LEVEL,DRY,NO DEFECTS,NOT ON SCENE (DESK REPORT),NO INJURY / DRIVE AWAY,Y,,,"$501 - $1,500",11/25/2017 11:15:00 PM,UNABLE TO DETERMINE,UNABLE TO DETERMINE,612,N,WELLS ST,1831,,,,,,,2,NO INDICATION OF INJURY,0,0,0,0,0,3,0,16,4,11,41.892858457,-87.634249236,POINT (-87.634249236448 41.892858456613)
JA513126,Y,11/15/2017 04:20:00 PM,30,NO CONTROLS,NO CONTROLS,CLOUDY/OVERCAST,DAYLIGHT,SIDESWIPE SAME DIRECTION,DIVIDED - W/MEDIAN BARRIER,4,STRAIGHT AND LEVEL,WET,UNKNOWN,NOT ON SCENE (DESK REPORT),NO INJURY / DRIVE AWAY,,,,"OVER $1,500",11/15/2017 05:30:00 PM,FAILING TO YIELD RIGHT-OF-WAY,UNABLE TO DETERMINE,444,N,MICHIGAN AVE,1834,,,,,,,2,NO INDICATION OF INJURY,0,0,0,0,0,2,0,16,4,11,41.89071448,-87.624269874,POINT (-87.624269874292 41.89071448026)
JA513134,,11/15/2017 04:27:00 PM,30,TRAFFIC SIGNAL,FUNCTIONING PROPERLY,CLEAR,DUSK,SIDESWIPE SAME DIRECTION,NOT DIVIDED,,STRAIGHT AND LEVEL,WET,NO DEFECTS,NOT ON SCENE (DESK REPORT),NO INJURY / DRIVE AWAY,,,,"OVER $1,500",11/15/2017 05:30:00 PM,NOT APPLICABLE,NOT APPLICABLE,211,W,PERSHING RD,925,,,,,,,2,NO INDICATION OF INJURY,0,0,0,0,0,2,0,16,4,11,41.82352602,-87.631847429,POINT (-87.631847429043 41.823526019673)
JA513187,,11/15/2017 04:30:00 PM,30,STOP SIGN/FLASHER,FUNCTIONING PROPERLY,CLEAR,DAYLIGHT,ANGLE,NOT DIVIDED,2,STRAIGHT AND LEVEL,DRY,NO DEFECTS,NOT ON SCENE (DESK REPORT),NO INJURY / DRIVE AWAY,Y,,,"OVER $1,500",11/15/2017 06:30:00 PM,UNABLE TO DETERMINE,NOT APPLICABLE,436,N,HALSTED ST,1214,,,,,,,2,NO INDICATION OF INJURY,0,0,0,0,0,2,0,16,4,11,41.890077898,-87.64775609,POINT (-87.647756089786 41.89007789797)
JA513110,Y,11/15/2017 04:30:00 PM,35,TRAFFIC SIGNAL,FUNCTIONING PROPERLY,UNKNOWN,DAYLIGHT,REAR END,DIVIDED - W/MEDIAN (NOT RAISED),4,STRAIGHT AND LEVEL,UNKNOWN,NO DEFECTS,NOT ON SCENE (DESK REPORT),INJURY AND / OR TOW DUE TO CRASH,,,,"OVER $1,500",11/15/2017 05:20:00 PM,UNABLE TO DETERMINE,UNABLE TO DETERMINE,2701,W,103RD ST,2211,,,,,,,2,"REPORTED, NOT EVIDENT",1,0,0,0,1,3,0,16,4,11,41.706230874,-87.689064671,POINT (-87.689064670582 41.706230873794)
JA513124,,11/15/2017 04:38:00 PM,30,NO CONTROLS,NO CONTROLS,CLEAR,DUSK,PARKED MOTOR VEHICLE,DIVIDED - W/MEDIAN (NOT RAISED),,STRAIGHT AND LEVEL,WET,NO DEFECTS,NOT ON SCENE (DESK REPORT),NO INJURY / DRIVE AWAY,,,,"OVER $1,500",11/15/2017 05:25:00 PM,IMPROPER LANE USAGE,IMPROPER LANE USAGE,10612,S,EWING AVE,432,,,,,,,2,NO INDICATION OF INJURY,0,0,0,0,0,2,0,16,4,11,41.702305627,-87.535429027,POINT (-87.535429027457 41.7023056267)
JA513137,,11/15/2017 04:42:00 PM,35,TRAFFIC SIGNAL,FUNCTIONING PROPERLY,CLEAR,DARKNESS,SIDESWIPE SAME DIRECTION,DIVIDED - W/MEDIAN (NOT RAISED),,STRAIGHT AND LEVEL,DRY,NO DEFECTS,ON SCENE,NO INJURY / DRIVE AWAY,Y,,,$500 OR LESS,11/15/2017 05:30:00 PM,UNABLE TO DETERMINE,UNABLE TO DETERMINE,7901,S,WESTERN AVE,835,,,,,,,2,NO INDICATION OF INJURY,0,0,0,0,0,2,0,16,4,11,41.750060363,-87.682699127,POINT (-87.682699127318 41.750060362735)
JA513325,,11/15/2017 04:45:00 PM,30,NO CONTROLS,NO CONTROLS,CLEAR,DUSK,PEDESTRIAN,DIVIDED - W/MEDIAN (NOT RAISED),2,STRAIGHT AND LEVEL,WET,UNKNOWN,NOT ON SCENE (DESK REPORT),INJURY AND / OR TOW DUE TO CRASH,,,,"$501 - $1,500",11/15/2017 07:20:00 PM,UNABLE TO DETERMINE,UNABLE TO DETERMINE,6649,W,ARCHER AVE,811,,,,,,,2,NONINCAPACITATING INJURY,1,0,0,1,0,1,0,16,4,11,41.792102958,-87.788644914,POINT (-87.788644914229 41.792102958018)
JA513138,,11/15/2017 04:49:00 PM,30,TRAFFIC SIGNAL,FUNCTIONING PROPERLY,FOG/SMOKE/HAZE,DARKNESS,REAR END,NOT DIVIDED,2,STRAIGHT AND LEVEL,WET,NO DEFECTS,ON SCENE,NO INJURY / DRIVE AWAY,,,,$500 OR LESS,11/15/2017 05:02:00 PM,FOLLOWING TOO CLOSELY,DISTRACTION - FROM INSIDE VEHICLE,1201,W,ADDISON ST,1924,,,,,,,2,NO INDICATION OF INJURY,0,0,0,0,0,2,0,16,4,11,41.94703777,-87.659226099,POINT (-87.659226099275 41.947037769968)
JA517008,,11/15/2017 04:50:00 PM,30,NO CONTROLS,NO CONTROLS,CLEAR,DAYLIGHT,PARKED MOTOR VEHICLE,ONE-WAY,1,STRAIGHT AND LEVEL,DRY,NO DEFECTS,NOT ON SCENE (DESK REPORT),NO INJURY / DRIVE AWAY,,,Y,"$501 - $1,500",11/18/2017 06:00:00 PM,FAILING TO YIELD RIGHT-OF-WAY,IMPROPER BACKING,2030,N,LECLAIRE AVE,2522,,,,,,,2,NO INDICATION OF INJURY,0,0,0,0,0,1,0,16,4,11,41.917785363,-87.753549722,POINT (-87.753549722406 41.917785363044)
JA513236,,11/15/2017 04:55:00 PM,30,TRAFFIC SIGNAL,FUNCTIONING PROPERLY,CLOUDY/OVERCAST,DAYLIGHT,REAR END,ONE-WAY,4,STRAIGHT AND LEVEL,WET,NO DEFECTS,NOT ON SCENE (DESK REPORT),NO INJURY / DRIVE AWAY,,,,$500 OR LESS,11/15/2017 07:00:00 PM,FOLLOWING TOO CLOSELY,NOT APPLICABLE,50,S,LA SALLE ST,122,,,,,,,2,NO INDICATION OF INJURY,0,0,0,0,0,2,0,16,4,11,41.880705104,-87.632476305,POINT (-87.632476305146 41.880705104318)
JA513125,,11/15/2017 04:55:00 PM,35,TRAFFIC SIGNAL,FUNCTIONING PROPERLY,CLEAR,"DARKNESS, LIGHTED ROAD",SIDESWIPE OPPOSITE DIRECTION,OTHER,0,STRAIGHT AND LEVEL,DRY,NO DEFECTS,ON SCENE,INJURY AND / OR TOW DUE TO CRASH,Y,,,"OVER $1,500",11/15/2017 04:58:00 PM,DISREGARDING TRAFFIC SIGNALS,EXCEEDING AUTHORIZED SPEED LIMIT,800,W,103RD ST,2232,,,,,,,2,"REPORTED, NOT EVIDENT",1,0,0,0,1,2,0,16,4,11,41.70702632,-87.642896007,POINT (-87.642896007418 41.707026319812)