RD_NO,CRASH_DATE_EST_I,CRASH_DATE,POSTED_SPEED_LIMIT,TRAFFIC_CONTROL_DEVICE,DEVICE_CONDITION,WEATHER_CONDITION,LIGHTING_CONDITION,FIRST_CRASH_TYPE,TRAFFICWAY_TYPE,LANE_CNT,ALIGNMENT,ROADWAY_SURFACE_COND,ROAD_DEFECT,REPORT_TYPE,CRASH_TYPE,INTERSECTION_RELATED_I,NOT_RIGHT_OF_WAY_I,HIT_AND_RUN_I,DAMAGE,DATE_POLICE_NOTIFIED,PRIM_CONTRIBUTORY_CAUSE,SEC_CONTRIBUTORY_CAUSE,STREET_NO,STREET_DIRECTION,STREET_NAME,BEAT_OF_OCCURRENCE,PHOTOS_TAKEN_I,STATEMENTS_TAKEN_I,DOORING_I,WORK_ZONE_I,WORK_ZONE_TYPE,WORKERS_PRESENT_I,NUM_UNITS,MOST_SEVERE_INJURY,INJURIES_TOTAL,INJURIES_FATAL,INJURIES_INCAPACITATING,INJURIES_NON_INCAPACITATING,INJURIES_REPORTED_NOT_EVIDENT,INJURIES_NO_INDICATION,INJURIES_UNKNOWN,CRASH_HOUR,CRASH_DAY_OF_WEEK,CRASH_MONTH,LATITUDE,LONGITUDE,LOCATION
JA513234,,11/15/2017 05:00:00 PM,30,NO CONTROLS,NO CONTROLS,CLEAR,DARKNESS,ANGLE,NOT DIVIDED,2,STRAIGHT AND LEVEL,DRY,NO DEFECTS,NOT ON SCENE (DESK REPORT),NO INJURY / DRIVE AWAY,,,,$500 OR LESS,11/15/2017 06:56:00 PM,IMPROPER BACKING,NOT APPLICABLE,3101,N,SPAULDING AVE,1412,,,,,,,2,NO INDICATION OF INJURY,0,0,0,0,0,2,0,17,4,11,41.937586314,-87.709859485,POINT (-87.709859484881 41.937586313653)
JA513096,,11/15/2017 05:00:00 PM,30,NO CONTROLS,NO CONTROLS,CLEAR,"DARKNESS, LIGHTED ROAD",PARKED MOTOR VEHICLE,ONE-WAY,3,STRAIGHT AND LEVEL,WET,NO DEFECTS,ON SCENE,NO INJURY / DRIVE AWAY,,,,"OVER $1,500",11/15/2017 05:14:00 PM,IMPROPER BACKING,FAILING TO REDUCE SPEED TO AVOID CRASH,71,W,MONROE ST,112,,,,,,,2,NO INDICATION OF INJURY,0,0,0,0,0,1,0,17,4,11,41.880591895,-87.630442327,POINT (-87.630442327033 41.880591895361)
JA513104,,11/15/2017 05:00:00 PM,35,TRAFFIC SIGNAL,FUNCTIONING PROPERLY,CLEAR,"DARKNESS, LIGHTED ROAD",REAR END,DIVIDED - W/MEDIAN BARRIER,,STRAIGHT ON HILLCREST,DRY,NO DEFECTS,NOT ON SCENE (DESK REPORT),INJURY AND / OR TOW DUE TO CRASH,,,,"OVER $1,500",11/15/2017 05:15:00 PM,FOLLOWING TOO CLOSELY,FAILING TO REDUCE SPEED TO AVOID CRASH,5799,N,CUMBERLAND AVE,1614,,,,,,,2,NONINCAPACITATING INJURY,1,0,0,1,0,2,0,17,4,11,41.98449253,-87.836433964,POINT (-87.83643396351 41.984492530361)
JA527186,,11/15/2017 05:00:00 PM,30,NO CONTROLS,NO CONTROLS,CLEAR,"DARKNESS, LIGHTED ROAD",OTHER OBJECT,NOT DIVIDED,2,STRAIGHT AND LEVEL,DRY,"RUT, HOLES",NOT ON SCENE (DESK REPORT),NO INJURY / DRIVE AWAY,,,,"$501 - $1,500",11/27/2017 04:00:00 PM,NOT APPLICABLE,NOT APPLICABLE,6525,W,DIVERSEY AVE,2512,Y,,,,,,1,NO INDICATION OF INJURY,0,0,0,0,0,1,0,17,4,11,41.930833915,-87.789133788,POINT (-87.789133787544 41.93083391524)
JA514435,,11/15/2017 05:00:00 PM,25,NO CONTROLS,NO CONTROLS,CLEAR,DAYLIGHT,REAR END,ONE-WAY,1,STRAIGHT AND LEVEL,DRY,NO DEFECTS,NOT ON SCENE (DESK REPORT),NO INJURY / DRIVE AWAY,,,,"$501 - $1,500",11/16/2017 05:44:00 PM,UNABLE TO DETERMINE,UNABLE TO DETERMINE,4345,S,TROY ST,922,,,,,,,2,NO INDICATION OF INJURY,0,0,0,0,0,2,0,17,4,11,41.814463158,-87.702973645,POINT (-87.70297364499 41.814463158299)
JA513131,,11/15/2017 05:05:00 PM,30,TRAFFIC SIGNAL,FUNCTIONING PROPERLY,CLEAR,"DARKNESS, LIGHTED ROAD",SIDESWIPE OPPOSITE DIRECTION,DIVIDED - W/MEDIAN (NOT RAISED),2,STRAIGHT AND LEVEL,DRY,NO DEFECTS,ON SCENE,NO INJURY / DRIVE AWAY,,,Y,$500 OR LESS,11/15/2017 05:25:00 PM,IMPROPER OVERTAKING/PASSING,IMPROPER LANE USAGE,758,W,59TH ST,711,,,,,,,2,NO INDICATION OF INJURY,0,0,0,0,0,2,0,17,4,11,41.787135717,-87.644910912,POINT (-87.64491091154 41.78713571699)
JA513118,,11/15/2017 05:05:00 PM,35,TRAFFIC SIGNAL,FUNCTIONING PROPERLY,CLEAR,"DARKNESS, LIGHTED ROAD",TURNING,DIVIDED - W/MEDIAN (NOT RAISED),6,STRAIGHT AND LEVEL,DRY,NO DEFECTS,ON SCENE,NO INJURY / DRIVE AWAY,Y,,,"OVER $1,500",11/15/2017 05:10:00 PM,FAILING TO YIELD RIGHT-OF-WAY,IMPROPER TURNING/NO SIGNAL,3402,W,OGDEN AVE,1021,,,,,,,2,NO INDICATION OF INJURY,0,0,0,0,0,4,0,17,4,11,41.856322469,-87.71045506,POINT (-87.710455059735 41.856322469191)
JA513786,,11/15/2017 05:05:00 PM,15,NO CONTROLS,NO CONTROLS,CLEAR,DAYLIGHT,SIDESWIPE SAME DIRECTION,ONE-WAY,1,STRAIGHT AND LEVEL,DRY,NO DEFECTS,NOT ON SCENE (DESK REPORT),NO INJURY / DRIVE AWAY,,,Y,"$501 - $1,500",11/15/2017 06:10:00 PM,FAILING TO YIELD RIGHT-OF-WAY,UNABLE TO DETERMINE,4006,W,ARGYLE ST,1712,,,,,,,2,NO INDICATION OF INJURY,0,0,0,0,0,2,0,17,4,11,41.971990165,-87.728451622,POINT (-87.728451622467 41.971990165091)
JA513122,,11/15/2017 05:10:00 PM,30,NO CONTROLS,NO CONTROLS,CLOUDY/OVERCAST,"DARKNESS, LIGHTED ROAD",TURNING,NOT DIVIDED,2,STRAIGHT AND LEVEL,DRY,NO DEFECTS,ON SCENE,NO INJURY / DRIVE AWAY,,,,"OVER $1,500",11/15/2017 05:23:00 PM,DRIVING SKILLS/KNOWLEDGE/EXPERIENCE,UNABLE TO DETERMINE,701,S,KOSTNER AVE,1131,,,,,,,2,NO INDICATION OF INJURY,0,0,0,0,0,2,0,17,4,11,41.872398189,-87.735038082,POINT (-87.735038082055 41.872398189082)
JA513132,,11/15/2017 05:15:00 PM,20,NO CONTROLS,NO CONTROLS,CLEAR,DUSK,FIXED OBJECT,NOT DIVIDED,2,STRAIGHT AND LEVEL,DRY,NO DEFECTS,ON SCENE,INJURY AND / OR TOW DUE TO CRASH,N,,,"OVER $1,500",11/15/2017 05:16:00 PM,UNDER THE INFLUENCE OF ALCOHOL/DRUGS (USE WHEN ARREST IS EFFECTED),EXCEEDING AUTHORIZED SPEED LIMIT,699,W,127TH ST,523,,,,,,,1,NONINCAPACITATING INJURY,1,0,0,1,0,0,0,17,4,11,41.663174701,-87.638944577,POINT (-87.638944576727 41.663174701481)
JA513926,,11/15/2017 05:15:00 PM,30,NO CONTROLS,NO CONTROLS,CLEAR,DARKNESS,SIDESWIPE SAME DIRECTION,ONE-WAY,,STRAIGHT AND LEVEL,WET,NO DEFECTS,NOT ON SCENE (DESK REPORT),NO INJURY / DRIVE AWAY,,,,"OVER $1,500",11/16/2017 11:50:00 AM,"VISION OBSCURED (SIGNS, TREE LIMBS, BUILDINGS, ETC.)",UNABLE TO DETERMINE,400,N,CLARK ST,1831,,,,,,,2,NO INDICATION OF INJURY,0,0,0,0,0,3,0,17,4,11,41.889249802,-87.63120782,POINT (-87.631207820201 41.889249801889)
JA513217,,11/15/2017 05:20:00 PM,30,NO CONTROLS,NO CONTROLS,CLEAR,DARKNESS,SIDESWIPE SAME DIRECTION,ONE-WAY,3,STRAIGHT AND LEVEL,WET,UNKNOWN,NOT ON SCENE (DESK REPORT),NO INJURY / DRIVE AWAY,,,,"OVER $1,500",11/15/2017 06:36:00 PM,IMPROPER LANE USAGE,IMPROPER LANE USAGE,400,N,CLARK ST,1831,,,,,,,2,NO INDICATION OF INJURY,0,0,0,0,0,4,0,17,4,11,41.889249802,-87.63120782,POINT (-87.631207820201 41.889249801889)
JA514099,Y,11/15/2017 05:20:00 PM,30,TRAFFIC SIGNAL,FUNCTIONING PROPERLY,CLEAR,"DARKNESS, LIGHTED ROAD",REAR END,NOT DIVIDED,2,STRAIGHT AND LEVEL,DRY,NO DEFECTS,NOT ON SCENE (DESK REPORT),NO INJURY / DRIVE AWAY,Y,,,"$501 - $1,500",11/16/2017 02:00:00 PM,FOLLOWING TOO CLOSELY,NOT APPLICABLE,200,W,26TH ST,914,,,,,,,2,NO INDICATION OF INJURY,0,0,0,0,0,2,0,17,4,11,41.845639022,-87.631888801,POINT (-87.631888800943 41.845639022037)
JA513199,,11/15/2017 05:29:00 PM,10,NO CONTROLS,NO CONTROLS,CLEAR,"DARKNESS, LIGHTED ROAD",FIXED OBJECT,PARKING LOT,2,STRAIGHT AND LEVEL,DRY,NO DEFECTS,ON SCENE,NO INJURY / DRIVE AWAY,,Y,Y,"$501 - $1,500",11/15/2017 05:53:00 PM,UNABLE TO DETERMINE,UNABLE TO DETERMINE,2515,N,CLARK ST,1935,,,,,,,1,NO INDICATION OF INJURY,0,0,0,0,0,2,0,17,4,11,41.928271347,-87.641916572,POINT (-87.641916571955 41.928271346666)
JA513143,,11/15/2017 05:30:00 PM,30,NO CONTROLS,NO CONTROLS,CLEAR,"DARKNESS, LIGHTED ROAD",PARKED MOTOR VEHICLE,ONE-WAY,1,STRAIGHT AND LEVEL,DRY,UNKNOWN,ON SCENE,NO INJURY / DRIVE AWAY,,,,$500 OR LESS,11/15/2017 05:34:00 PM,IMPROPER BACKING,UNABLE TO DETERMINE,3219,W,CARROLL AVE,1123,,,,,,,2,NO INDICATION OF INJURY,0,0,0,0,0,1,0,17,4,11,41.887402155,-87.707085604,POINT (-87.707085603857 41.887402155077)
JA513172,,11/15/2017 05:30:00 PM,35,NO CONTROLS,NO CONTROLS,RAIN,DUSK,TURNING,NOT DIVIDED,,STRAIGHT AND LEVEL,WET,NO DEFECTS,ON SCENE,NO INJURY / DRIVE AWAY,,,,"OVER $1,500",11/15/2017 05:30:00 PM,FAILING TO YIELD RIGHT-OF-WAY,FOLLOWING TOO CLOSELY,9802,S,HALSTED ST,2223,,,,,,,2,NO INDICATION OF INJURY,0,0,0,0,0,2,0,17,4,11,41.71580477,-87.643208253,POINT (-87.643208253244 41.715804770128)
JA513154,,11/15/2017 05:30:00 PM,30,NO CONTROLS,NO CONTROLS,CLEAR,"DARKNESS, LIGHTED ROAD",REAR END,NOT DIVIDED,,STRAIGHT AND LEVEL,DRY,UNKNOWN,NOT ON SCENE (DESK REPORT),NO INJURY / DRIVE AWAY,,,,"OVER $1,500",11/15/2017 05:56:00 PM,DRIVING SKILLS/KNOWLEDGE/EXPERIENCE,NOT APPLICABLE,3900,W,63RD ST,823,,,,,,,2,NO INDICATION OF INJURY,0,0,0,0,0,2,0,17,4,11,41.778803528,-87.720432985,POINT (-87.720432984625 41.778803528412)
JA513239,,11/15/2017 05:30:00 PM,20,NO CONTROLS,NO CONTROLS,CLEAR,"DARKNESS, LIGHTED ROAD",SIDESWIPE SAME DIRECTION,ONE-WAY,1,STRAIGHT AND LEVEL,DRY,UNKNOWN,NOT ON SCENE (DESK REPORT),NO INJURY / DRIVE AWAY,,,Y,"OVER $1,500",11/15/2017 07:00:00 PM,DRIVING SKILLS/KNOWLEDGE/EXPERIENCE,DRIVING SKILLS/KNOWLEDGE/EXPERIENCE,1321,S,TRIPP AVE,1011,,,,,,,2,NO INDICATION OF INJURY,0,0,0,0,0,2,0,17,4,11,41.863602505,-87.731062484,POINT (-87.731062484255 41.863602505296)
JA513193,,11/15/2017 05:30:00 PM,30,NO CONTROLS,NO CONTROLS,CLEAR,DAWN,REAR END,ONE-WAY,4,STRAIGHT AND LEVEL,WET,NO DEFECTS,NOT ON SCENE (DESK REPORT),NO INJURY / DRIVE AWAY,,,Y,"OVER $1,500",11/15/2017 06:00:00 PM,FOLLOWING TOO CLOSELY,DRIVING SKILLS/KNOWLEDGE/EXPERIENCE,180,W,MONROE ST,122,,,,,,,2,NO INDICATION OF INJURY,0,0,0,0,0,5,0,17,4,11,41.880776861,-87.633230859,POINT (-87.633230859052 41.8807768607)
JA513362,,11/15/2017 05:30:00 PM,30,STOP SIGN/FLASHER,NO CONTROLS,CLEAR,DARKNESS,PEDESTRIAN,DIVIDED - W/MEDIAN (NOT RAISED),2,STRAIGHT AND LEVEL,DRY,NO DEFECTS,NOT ON SCENE (DESK REPORT),NO INJURY / DRIVE AWAY,,,,$500 OR LESS,11/15/2017 08:45:00 PM,DISREGARDING ROAD MARKINGS,"VISION OBSCURED (SIGNS, TREE LIMBS, BUILDINGS, ETC.)",2450,N,LAKEVIEW AVE,1935,,,,,,,2,NO INDICATION OF INJURY,0,0,0,0,0,2,0,17,4,11,41.92705514,-87.639316488,POINT (-87.639316488255 41.927055139815)
JA513556,,11/15/2017 05:30:00 PM,30,TRAFFIC SIGNAL,UNKNOWN,UNKNOWN,"DARKNESS, LIGHTED ROAD",PEDESTRIAN,DIVIDED - W/MEDIAN (NOT RAISED),2,STRAIGHT AND LEVEL,UNKNOWN,UNKNOWN,NOT ON SCENE (DESK REPORT),INJURY AND / OR TOW DUE TO CRASH,,,Y,"OVER $1,500",11/15/2017 09:33:00 PM,FAILING TO YIELD RIGHT-OF-WAY,NOT APPLICABLE,8147,S,VINCENNES AVE,622,,,,,,,2,INCAPACITATING INJURY,1,0,1,0,0,1,0,17,4,11,41.74579217,-87.635369997,POINT (-87.63536999702 41.745792169991)
JA513152,,11/15/2017 05:32:00 PM,30,TRAFFIC SIGNAL,FUNCTIONING PROPERLY,CLOUDY/OVERCAST,DUSK,REAR END,NOT DIVIDED,2,STRAIGHT AND LEVEL,WET,NO DEFECTS,ON SCENE,INJURY AND / OR TOW DUE TO CRASH,Y,,,"OVER $1,500",11/15/2017 05:33:00 PM,FAILING TO REDUCE SPEED TO AVOID CRASH,UNABLE TO DETERMINE,8199,S,HALSTED ST,622,,,,,,,3,"REPORTED, NOT EVIDENT",1,0,0,0,1,2,0,17,4,11,41.745281534,-87.643738075,POINT (-87.643738075451 41.745281533977)
JA513240,,11/15/2017 05:44:00 PM,15,TRAFFIC SIGNAL,FUNCTIONING PROPERLY,CLEAR,"DARKNESS, LIGHTED ROAD",ANGLE,NOT DIVIDED,2,STRAIGHT AND LEVEL,DRY,NO DEFECTS,NOT ON SCENE (DESK REPORT),INJURY AND / OR TOW DUE TO CRASH,Y,,,"OVER $1,500",11/15/2017 06:00:00 PM,FAILING TO YIELD RIGHT-OF-WAY,UNABLE TO DETERMINE,6200,S,COTTAGE GROVE AVE,313,,,,,,,2,INCAPACITATING INJURY,1,0,1,0,0,1,0,17,4,11,41.78214026,-87.606113701,POINT (-87.606113701174 41.782140260312)
JA513311,,11/15/2017 05:45:00 PM,30,TRAFFIC SIGNAL,FUNCTIONING PROPERLY,CLEAR,DAWN,REAR END,NOT DIVIDED,,STRAIGHT AND LEVEL,DRY,NO DEFECTS,NOT ON SCENE (DESK REPORT),INJURY AND / OR TOW DUE TO CRASH,,,Y,"OVER $1,500",11/15/2017 07:04:00 PM,NOT APPLICABLE,NOT APPLICABLE,2210,W,PERSHING RD,912,,,,,,,2,NONINCAPACITATING INJURY,1,0,0,1,0,1,0,17,4,11,41.823152544,-87.680562147,POINT (-87.680562147433 41.823152544283)
JA513189,,11/15/2017 05:45:00 PM,30,NO CONTROLS,NO CONTROLS,CLEAR,DAWN,SIDESWIPE SAME DIRECTION,ONE-WAY,,STRAIGHT AND LEVEL,DRY,NO DEFECTS,ON SCENE,NO INJURY / DRIVE AWAY,,,Y,"$501 - $1,500",11/15/2017 05:58:00 PM,"OPERATING VEHICLE IN ERRATIC, RECKLESS, CARELESS, NEGLIGENT OR AGGRESSIVE MANNER","OPERATING VEHICLE IN ERRATIC, RECKLESS, CARELESS, NEGLIGENT OR AGGRESSIVE MANNER",7060,S,PAXTON AVE,331,,,,,,,2,NO INDICATION OF INJURY,0,0,0,0,0,2,0,17,4,11,41.766229861,-87.5715432,POINT (-87.571543200305 41.766229861433)
JA513162,,11/15/2017 05:45:00 PM,30,TRAFFIC SIGNAL,FUNCTIONING PROPERLY,CLEAR,DARKNESS,TURNING,NOT DIVIDED,,STRAIGHT AND LEVEL,WET,NO DEFECTS,NOT ON SCENE (DESK REPORT),NO INJURY / DRIVE AWAY,,,Y,"OVER $1,500",11/15/2017 06:03:00 PM,IMPROPER TURNING/NO SIGNAL,FAILING TO REDUCE SPEED TO AVOID CRASH,200,S,MICHIGAN AVE,113,,,,,,,2,NO INDICATION OF INJURY,0,0,0,0,0,2,0,17,4,11,41.879489329,-87.624498125,POINT (-87.624498124934 41.879489328698)
JA513176,,11/15/2017 05:45:00 PM,30,TRAFFIC SIGNAL,FUNCTIONING PROPERLY,CLEAR,"DARKNESS, LIGHTED ROAD",REAR END,DIVIDED - W/MEDIAN (NOT RAISED),,STRAIGHT AND LEVEL,DRY,NO DEFECTS,NOT ON SCENE (DESK REPORT),NO INJURY / DRIVE AWAY,,,,"OVER $1,500",11/15/2017 06:15:00 PM,FOLLOWING TOO CLOSELY,NOT APPLICABLE,3234,N,CENTRAL AVE,1633,,,,,,,3,NO INDICATION OF INJURY,0,0,0,0,0,6,0,17,4,11,41.939648747,-87.766684457,POINT (-87.766684457102 41.939648746947)
JA513231,,11/15/2017 05:45:00 PM,30,NO CONTROLS,NO CONTROLS,CLEAR,DAYLIGHT,REAR END,PARKING LOT,,STRAIGHT AND LEVEL,DRY,NO DEFECTS,NOT ON SCENE (DESK REPORT),INJURY AND / OR TOW DUE TO CRASH,,,,$500 OR LESS,11/15/2017 07:00:00 PM,IMPROPER BACKING,IMPROPER BACKING,501,W,ROOSEVELT RD,124,,,,,,,2,"REPORTED, NOT EVIDENT",1,0,0,0,1,1,0,17,4,11,41.86714316,-87.639293174,POINT (-87.639293174131 41.867143159823)
JA513164,,11/15/2017 05:51:00 PM,35,TRAFFIC SIGNAL,FUNCTIONING PROPERLY,CLEAR,"DARKNESS, LIGHTED ROAD",ANGLE,DIVIDED - W/MEDIAN (NOT RAISED),,STRAIGHT AND LEVEL,DRY,NO DEFECTS,ON SCENE,INJURY AND / OR TOW DUE TO CRASH,Y,,,"OVER $1,500",11/15/2017 05:54:00 PM,UNABLE TO DETERMINE,UNABLE TO DETERMINE,6903,S,PULASKI RD,833,,,,,,,2,NO INDICATION OF INJURY,0,0,0,0,0,2,0,17,4,11,41.767623525,-87.722335924,POINT (-87.722335924334 41.767623524802)
JA513196,,11/15/2017 05:52:00 PM,30,NO CONTROLS,NO CONTROLS,CLEAR,"DARKNESS, LIGHTED ROAD",SIDESWIPE SAME DIRECTION,NOT DIVIDED,,STRAIGHT AND LEVEL,DRY,NO DEFECTS,NOT ON SCENE (DESK REPORT),NO INJURY / DRIVE AWAY,,,,"$501 - $1,500",11/15/2017 06:40:00 PM,UNABLE TO DETERMINE,UNABLE TO DETERMINE,1512,N,WELLS ST,1821,,,,,,,2,NO INDICATION OF INJURY,0,0,0,0,0,2,0,17,4,11,41.90958318,-87.634807576,POINT (-87.634807575637 41.909583179935)
JA513160,,11/15/2017 05:52:00 PM,30,TRAFFIC SIGNAL,FUNCTIONING PROPERLY,CLEAR,"DARKNESS, LIGHTED ROAD",TURNING,NOT DIVIDED,2,STRAIGHT AND LEVEL,DRY,NO DEFECTS,ON SCENE,INJURY AND / OR TOW DUE TO CRASH,,,Y,"OVER $1,500",11/15/2017 05:52:00 PM,IMPROPER TURNING/NO SIGNAL,NOT APPLICABLE,3598,W,GRAND AVE,1121,,,,,,,2,NO INDICATION OF INJURY,0,0,0,0,0,2,0,17,4,11,41.90230743,-87.716399241,POINT (-87.716399240636 41.902307429747)
JA513293,,11/15/2017 06:00:00 PM,30,TRAFFIC SIGNAL,FUNCTIONING PROPERLY,CLEAR,DARKNESS,SIDESWIPE SAME DIRECTION,ONE-WAY,,STRAIGHT AND LEVEL,DRY,NO DEFECTS,NOT ON SCENE (DESK REPORT),NO INJURY / DRIVE AWAY,,,,"$501 - $1,500",11/15/2017 06:48:00 PM,IMPROPER OVERTAKING/PASSING,UNABLE TO DETERMINE,205,W,RANDOLPH ST,122,,,,,,,2,NO INDICATION OF INJURY,0,0,0,0,0,2,0,18,4,11,41.884359193,-87.634079901,POINT (-87.634079901132 41.884359192963)
JA513210,,11/15/2017 06:00:00 PM,30,NO CONTROLS,NO CONTROLS,UNKNOWN,UNKNOWN,PARKED MOTOR VEHICLE,ONE-WAY,1,STRAIGHT AND LEVEL,UNKNOWN,UNKNOWN,NOT ON SCENE (DESK REPORT),NO INJURY / DRIVE AWAY,,,Y,"OVER $1,500",11/15/2017 06:30:00 PM,UNABLE TO DETERMINE,UNABLE TO DETERMINE,7835,S,PHILLIPS AVE,421,,,,,,,2,NO INDICATION OF INJURY,0,0,0,0,0,1,0,18,4,11,41.752514342,-87.564888015,POINT (-87.564888014503 41.752514341756)
JA513235,,11/15/2017 06:00:00 PM,30,TRAFFIC SIGNAL,FUNCTIONING PROPERLY,CLEAR,DARKNESS,TURNING,DIVIDED - W/MEDIAN (NOT RAISED),2,STRAIGHT AND LEVEL,DRY,NO DEFECTS,NOT ON SCENE (DESK REPORT),NO INJURY / DRIVE AWAY,,,,"OVER $1,500",11/15/2017 07:00:00 PM,UNABLE TO DETERMINE,UNABLE TO DETERMINE,1821,N,CICERO AVE,2533,,,,,,,2,NO INDICATION OF INJURY,0,0,0,0,0,2,0,18,4,11,41.913951894,-87.745844431,POINT (-87.745844430573 41.913951893774)
JA513286,,11/15/2017 06:00:00 PM,30,NO CONTROLS,NO CONTROLS,CLOUDY/OVERCAST,"DARKNESS, LIGHTED ROAD",TURNING,NOT DIVIDED,2,STRAIGHT AND LEVEL,DRY,NO DEFECTS,ON SCENE,NO INJURY / DRIVE AWAY,,,,"$501 - $1,500",11/15/2017 07:00:00 PM,FAILING TO YIELD RIGHT-OF-WAY,NOT APPLICABLE,4701,S,KILBOURN AVE,815,,,,,,,2,NO INDICATION OF INJURY,0,0,0,0,0,2,0,18,4,11,41.80762516,-87.73567,POINT (-87.735670000295 41.807625160076)
JA513228,,11/15/2017 06:00:00 PM,30,NO CONTROLS,NO CONTROLS,CLEAR,"DARKNESS, LIGHTED ROAD",ANGLE,NOT DIVIDED,2,STRAIGHT AND LEVEL,DRY,NO DEFECTS,NOT ON SCENE (DESK REPORT),INJURY AND / OR TOW DUE TO CRASH,,,,"OVER $1,500",11/15/2017 06:50:00 PM,FAILING TO YIELD RIGHT-OF-WAY,FAILING TO YIELD RIGHT-OF-WAY,1630,W,FLOURNOY ST,1231,,,,,,,2,NO INDICATION OF INJURY,0,0,0,0,0,4,0,18,4,11,41.872999826,-87.667952954,POINT (-87.667952953814 41.872999826448)
JA513201,,11/15/2017 06:04:00 PM,25,NO CONTROLS,NO CONTROLS,CLEAR,"DARKNESS, LIGHTED ROAD",ANGLE,DIVIDED - W/MEDIAN (NOT RAISED),2,STRAIGHT AND LEVEL,DRY,NO DEFECTS,ON SCENE,NO INJURY / DRIVE AWAY,,,,"OVER $1,500",11/15/2017 06:05:00 PM,UNABLE TO DETERMINE,UNABLE TO DETERMINE,199,S,RACINE AVE,1232,,,,,,,2,NO INDICATION OF INJURY,0,0,0,0,0,2,0,18,4,11,41.879126043,-87.656914092,POINT (-87.656914091526 41.879126043315)
JA513357,,11/15/2017 06:09:00 PM,30,TRAFFIC SIGNAL,FUNCTIONING PROPERLY,CLEAR,"DARKNESS, LIGHTED ROAD",REAR END,DIVIDED - W/MEDIAN (NOT RAISED),,STRAIGHT AND LEVEL,WET,NO DEFECTS,,NO INJURY / DRIVE AWAY,,,,"OVER $1,500",11/15/2017 08:35:00 PM,FOLLOWING TOO CLOSELY,NOT APPLICABLE,4000,W,GRAND AVE,2534,,,,,,,2,NO INDICATION OF INJURY,0,0,0,0,0,2,0,18,4,11,41.906258871,-87.726353476,POINT (-87.726353476362 41.90625887086)
JA514581,,11/15/2017 06:10:00 PM,30,NO CONTROLS,NO CONTROLS,CLOUDY/OVERCAST,DAYLIGHT,SIDESWIPE SAME DIRECTION,NOT DIVIDED,,STRAIGHT AND LEVEL,DRY,NO DEFECTS,NOT ON SCENE (DESK REPORT),NO INJURY / DRIVE AWAY,,,Y,"$501 - $1,500",11/16/2017 07:30:00 PM,IMPROPER OVERTAKING/PASSING,NOT APPLICABLE,4720,W,63RD ST,813,,,,,,,2,NO INDICATION OF INJURY,0,0,0,0,0,3,0,18,4,11,41.778558395,-87.740643931,POINT (-87.740643930601 41.778558395429)
JA513213,,11/15/2017 06:10:00 PM,30,NO CONTROLS,NO CONTROLS,CLEAR,DARKNESS,PARKED MOTOR VEHICLE,ONE-WAY,1,STRAIGHT AND LEVEL,DRY,UNKNOWN,NOT ON SCENE (DESK REPORT),NO INJURY / DRIVE AWAY,,,Y,"OVER $1,500",11/15/2017 06:46:00 PM,UNABLE TO DETERMINE,UNABLE TO DETERMINE,4214,S,UNION AVE,925,,,,,,,2,NO INDICATION OF INJURY,0,0,0,0,0,1,0,18,4,11,41.817113621,-87.643461729,POINT (-87.643461728967 41.817113621304)
JA513249,,11/15/2017 06:10:00 PM,30,NO CONTROLS,NO CONTROLS,CLEAR,DARKNESS,SIDESWIPE SAME DIRECTION,DIVIDED - W/MEDIAN BARRIER,,STRAIGHT AND LEVEL,DRY,NO DEFECTS,NOT ON SCENE (DESK REPORT),NO INJURY / DRIVE AWAY,,,,"OVER $1,500",11/15/2017 07:05:00 PM,FAILING TO YIELD RIGHT-OF-WAY,UNABLE TO DETERMINE,400,S,LAKE SHORE DR SB,114,,,,,,,2,NO INDICATION OF INJURY,0,0,0,0,0,7,0,18,4,11,41.877036693,-87.617546387,POINT (-87.617546386744 41.877036692607)
JA513207,,11/15/2017 06:12:00 PM,30,TRAFFIC SIGNAL,FUNCTIONING PROPERLY,CLEAR,DAYLIGHT,TURNING,NOT DIVIDED,0,STRAIGHT AND LEVEL,DRY,NO DEFECTS,ON SCENE,INJURY AND / OR TOW DUE TO CRASH,Y,,,"OVER $1,500",11/15/2017 06:18:00 PM,FAILING TO YIELD RIGHT-OF-WAY,NOT APPLICABLE,1600,N,HUMBOLDT BLVD,1421,,,,,,,2,NO INDICATION OF INJURY,0,0,0,0,0,3,0,18,4,11,41.910269034,-87.702015872,POINT (-87.702015872469 41.910269033664)
JA513181,,11/15/2017 06:19:00 PM,30,NO CONTROLS,NO CONTROLS,CLEAR,DARKNESS,PARKED MOTOR VEHICLE,NOT DIVIDED,1,STRAIGHT AND LEVEL,DRY,NO DEFECTS,ON SCENE,NO INJURY / DRIVE AWAY,,,,"OVER $1,500",11/15/2017 06:21:00 PM,IMPROPER OVERTAKING/PASSING,NOT APPLICABLE,7326,N,HARLEM AVE,1611,,,,,,,2,NO INDICATION OF INJURY,0,0,0,0,0,1,0,18,4,11,42.014348492,-87.80675364,POINT (-87.806753640277 42.014348492048)