RD_NO,CRASH_DATE_EST_I,CRASH_DATE,POSTED_SPEED_LIMIT,TRAFFIC_CONTROL_DEVICE,DEVICE_CONDITION,WEATHER_CONDITION,LIGHTING_CONDITION,FIRST_CRASH_TYPE,TRAFFICWAY_TYPE,LANE_CNT,ALIGNMENT,ROADWAY_SURFACE_COND,ROAD_DEFECT,REPORT_TYPE,CRASH_TYPE,INTERSECTION_RELATED_I,NOT_RIGHT_OF_WAY_I,HIT_AND_RUN_I,DAMAGE,DATE_POLICE_NOTIFIED,PRIM_CONTRIBUTORY_CAUSE,SEC_CONTRIBUTORY_CAUSE,STREET_NO,STREET_DIRECTION,STREET_NAME,BEAT_OF_OCCURRENCE,PHOTOS_TAKEN_I,STATEMENTS_TAKEN_I,DOORING_I,WORK_ZONE_I,WORK_ZONE_TYPE,WORKERS_PRESENT_I,NUM_UNITS,MOST_SEVERE_INJURY,INJURIES_TOTAL,INJURIES_FATAL,INJURIES_INCAPACITATING,INJURIES_NON_INCAPACITATING,INJURIES_REPORTED_NOT_EVIDENT,INJURIES_NO_INDICATION,INJURIES_UNKNOWN,CRASH_HOUR,CRASH_DAY_OF_WEEK,CRASH_MONTH,LATITUDE,LONGITUDE,LOCATION
JA513195,,11/15/2017 06:20:00 PM,30,NO CONTROLS,NO CONTROLS,CLEAR,DARKNESS,REAR END,NOT DIVIDED,2,STRAIGHT AND LEVEL,DRY,NO DEFECTS,NOT ON SCENE (DESK REPORT),NO INJURY / DRIVE AWAY,,,Y,$500 OR LESS,11/15/2017 06:30:00 PM,"DISTRACTION - OTHER ELECTRONIC DEVICE (NAVIGATION DEVICE, DVD PLAYER, ETC.)",DISTRACTION - FROM INSIDE VEHICLE,958,S,KEDZIE AVE,1134,,,,,,,2,NO INDICATION OF INJURY,0,0,0,0,0,2,0,18,4,11,41.869175854,-87.705904792,POINT (-87.705904791938 41.869175853765)
JA513225,,11/15/2017 06:25:00 PM,30,NO CONTROLS,NO CONTROLS,CLEAR,"DARKNESS, LIGHTED ROAD",ANGLE,DIVIDED - W/MEDIAN (NOT RAISED),2,STRAIGHT AND LEVEL,DRY,NO DEFECTS,ON SCENE,INJURY AND / OR TOW DUE TO CRASH,,,,"OVER $1,500",11/15/2017 06:29:00 PM,FAILING TO YIELD RIGHT-OF-WAY,NOT APPLICABLE,4810,N,DAMEN AVE,2032,,,,,,,2,"REPORTED, NOT EVIDENT",1,0,0,0,1,1,0,18,4,11,41.969126414,-87.67934252,POINT (-87.679342519555 41.969126414102)
JA513831,,11/15/2017 06:30:00 PM,30,STOP SIGN/FLASHER,NO CONTROLS,CLEAR,"DARKNESS, LIGHTED ROAD",FIXED OBJECT,NOT DIVIDED,,STRAIGHT AND LEVEL,DRY,NO DEFECTS,NOT ON SCENE (DESK REPORT),NO INJURY / DRIVE AWAY,,,,"$501 - $1,500",11/16/2017 10:20:00 AM,UNABLE TO DETERMINE,UNABLE TO DETERMINE,4824,W,CARMEN AVE,1623,,,,,,,1,NO INDICATION OF INJURY,0,0,0,0,0,1,0,18,4,11,41.973698693,-87.749343517,POINT (-87.749343516974 41.973698692809)
JA513740,,11/15/2017 06:30:00 PM,30,NO CONTROLS,NO CONTROLS,UNKNOWN,UNKNOWN,FIXED OBJECT,PARKING LOT,,STRAIGHT AND LEVEL,UNKNOWN,UNKNOWN,NOT ON SCENE (DESK REPORT),NO INJURY / DRIVE AWAY,,,,$500 OR LESS,11/16/2017 09:13:00 AM,UNABLE TO DETERMINE,NOT APPLICABLE,8346,S,PAULINA ST,614,,,,,,,1,NO INDICATION OF INJURY,0,0,0,0,0,1,0,18,4,11,41.741646876,-87.665792543,POINT (-87.665792542829 41.741646876117)
JA513222,,11/15/2017 06:30:00 PM,30,NO CONTROLS,NO CONTROLS,CLEAR,"DARKNESS, LIGHTED ROAD",ANGLE,NOT DIVIDED,2,STRAIGHT AND LEVEL,DRY,NO DEFECTS,ON SCENE,NO INJURY / DRIVE AWAY,,,,"$501 - $1,500",11/15/2017 06:35:00 PM,FAILING TO REDUCE SPEED TO AVOID CRASH,"OPERATING VEHICLE IN ERRATIC, RECKLESS, CARELESS, NEGLIGENT OR AGGRESSIVE MANNER",11048,S,KEDZIE AVE,2211,,,,,,,2,NO INDICATION OF INJURY,0,0,0,0,0,2,0,18,4,11,41.691940607,-87.700987442,POINT (-87.700987441772 41.69194060665)
JA513219,,11/15/2017 06:30:00 PM,30,TRAFFIC SIGNAL,UNKNOWN,CLEAR,"DARKNESS, LIGHTED ROAD",SIDESWIPE SAME DIRECTION,NOT DIVIDED,4,STRAIGHT AND LEVEL,DRY,UNKNOWN,NOT ON SCENE (DESK REPORT),NO INJURY / DRIVE AWAY,Y,,,"OVER $1,500",11/15/2017 06:45:00 PM,IMPROPER OVERTAKING/PASSING,IMPROPER LANE USAGE,700,S,STATE ST,123,,,,,,,2,NO INDICATION OF INJURY,0,0,0,0,0,2,0,18,4,11,41.873049366,-87.62771142,POINT (-87.627711419764 41.873049366308)
JA513256,,11/15/2017 06:39:00 PM,30,NO CONTROLS,NO CONTROLS,CLEAR,DARKNESS,PEDESTRIAN,DIVIDED - W/MEDIAN (NOT RAISED),2,STRAIGHT AND LEVEL,DRY,NO DEFECTS,ON SCENE,INJURY AND / OR TOW DUE TO CRASH,,,Y,"OVER $1,500",11/15/2017 06:39:00 PM,UNABLE TO DETERMINE,UNABLE TO DETERMINE,4020,S,STATE ST,213,,,,,,,2,NONINCAPACITATING INJURY,1,0,0,1,0,1,0,18,4,11,41.821246162,-87.626532536,POINT (-87.626532535827 41.821246162379)
JA514349,,11/15/2017 06:40:00 PM,30,TRAFFIC SIGNAL,FUNCTIONING PROPERLY,CLEAR,"DARKNESS, LIGHTED ROAD",REAR END,DIVIDED - W/MEDIAN (NOT RAISED),,STRAIGHT AND LEVEL,DRY,NO DEFECTS,NOT ON SCENE (DESK REPORT),NO INJURY / DRIVE AWAY,,,,"OVER $1,500",11/16/2017 04:55:00 PM,FOLLOWING TOO CLOSELY,FOLLOWING TOO CLOSELY,1606,W,PRATT BLVD,2431,,,,,,,2,NO INDICATION OF INJURY,0,0,0,0,0,2,0,18,4,11,42.005491051,-87.670201608,POINT (-87.670201608193 42.00549105123)
JA513211,,11/15/2017 06:52:00 PM,40,TRAFFIC SIGNAL,FUNCTIONING PROPERLY,CLEAR,"DARKNESS, LIGHTED ROAD",REAR END,DIVIDED - W/MEDIAN BARRIER,3,STRAIGHT AND LEVEL,DRY,NO DEFECTS,ON SCENE,INJURY AND / OR TOW DUE TO CRASH,Y,,,"OVER $1,500",11/15/2017 06:53:00 PM,FAILING TO REDUCE SPEED TO AVOID CRASH,FOLLOWING TOO CLOSELY,101,S,LAKE SHORE DR NB,114,,,,,,,2,NO INDICATION OF INJURY,0,0,0,0,0,2,0,18,4,11,41.880856926,-87.617103384,POINT (-87.617103384378 41.880856926277)
JA513291,,11/15/2017 07:00:00 PM,30,NO CONTROLS,NO CONTROLS,CLEAR,"DARKNESS, LIGHTED ROAD",PARKED MOTOR VEHICLE,DIVIDED - W/MEDIAN (NOT RAISED),4,STRAIGHT AND LEVEL,DRY,NO DEFECTS,ON SCENE,NO INJURY / DRIVE AWAY,,,,"$501 - $1,500",11/15/2017 07:25:00 PM,UNABLE TO DETERMINE,NOT APPLICABLE,4500,N,ASHLAND AVE,1912,,,,,,,2,NO INDICATION OF INJURY,0,0,0,0,0,1,0,19,4,11,41.963503291,-87.669452799,POINT (-87.669452798663 41.963503290948)
JA513847,,11/15/2017 07:00:00 PM,30,NO CONTROLS,NO CONTROLS,CLEAR,DAYLIGHT,PARKED MOTOR VEHICLE,DIVIDED - W/MEDIAN (NOT RAISED),2,STRAIGHT AND LEVEL,DRY,NO DEFECTS,NOT ON SCENE (DESK REPORT),NO INJURY / DRIVE AWAY,,,Y,"OVER $1,500",11/16/2017 10:40:00 AM,UNABLE TO DETERMINE,UNABLE TO DETERMINE,147,N,WOOD ST,1224,,,,,,,3,NO INDICATION OF INJURY,0,0,0,0,0,1,0,19,4,11,41.884567936,-87.671688729,POINT (-87.67168872927 41.884567935554)
JA513295,,11/15/2017 07:00:00 PM,30,NO CONTROLS,NO CONTROLS,RAIN,DARKNESS,REAR END,DIVIDED - W/MEDIAN (NOT RAISED),2,STRAIGHT AND LEVEL,WET,NO DEFECTS,ON SCENE,INJURY AND / OR TOW DUE TO CRASH,,,,"OVER $1,500",11/15/2017 07:30:00 PM,UNABLE TO DETERMINE,NOT APPLICABLE,3532,W,DIVISION ST,1422,,,,,,,2,NONINCAPACITATING INJURY,1,0,0,1,0,3,0,19,4,11,41.902873542,-87.715345356,POINT (-87.715345355901 41.902873542127)
JA513268,,11/15/2017 07:14:00 PM,30,NO CONTROLS,NO CONTROLS,CLEAR,"DARKNESS, LIGHTED ROAD",PARKED MOTOR VEHICLE,NOT DIVIDED,2,STRAIGHT AND LEVEL,DRY,NO DEFECTS,ON SCENE,NO INJURY / DRIVE AWAY,,,,"$501 - $1,500",11/15/2017 07:15:00 PM,IMPROPER TURNING/NO SIGNAL,UNABLE TO DETERMINE,3721,W,HURON ST,1122,,,,,,,2,NO INDICATION OF INJURY,0,0,0,0,0,1,0,19,4,11,41.89348066,-87.719672164,POINT (-87.719672163921 41.893480660449)
JA513327,,11/15/2017 07:20:00 PM,30,NO CONTROLS,NO CONTROLS,CLEAR,"DARKNESS, LIGHTED ROAD",FIXED OBJECT,NOT DIVIDED,,STRAIGHT AND LEVEL,DRY,NO DEFECTS,ON SCENE,NO INJURY / DRIVE AWAY,,,,"$501 - $1,500",11/15/2017 07:30:00 PM,DRIVING SKILLS/KNOWLEDGE/EXPERIENCE,NOT APPLICABLE,6300,W,MONTROSE AVE,1622,,,,,,,1,NO INDICATION OF INJURY,0,0,0,0,0,2,0,19,4,11,41.96035995,-87.784419792,POINT (-87.784419791609 41.960359950031)
JA513320,,11/15/2017 07:30:00 PM,30,TRAFFIC SIGNAL,FUNCTIONING PROPERLY,CLEAR,"DARKNESS, LIGHTED ROAD",SIDESWIPE SAME DIRECTION,OTHER,,STRAIGHT AND LEVEL,WET,NO DEFECTS,NOT ON SCENE (DESK REPORT),NO INJURY / DRIVE AWAY,,,,"OVER $1,500",11/15/2017 07:45:00 PM,IMPROPER LANE USAGE,IMPROPER LANE USAGE,8700,S,COMMERCIAL AVE,423,,,,,,,2,NO INDICATION OF INJURY,0,0,0,0,0,3,0,19,4,11,41.737285572,-87.551575144,POINT (-87.551575144327 41.73728557189)
JA513459,,11/15/2017 07:30:00 PM,30,NO CONTROLS,NO CONTROLS,CLEAR,DARKNESS,TURNING,NOT DIVIDED,,STRAIGHT AND LEVEL,DRY,NO DEFECTS,NOT ON SCENE (DESK REPORT),NO INJURY / DRIVE AWAY,,,,$500 OR LESS,11/15/2017 10:00:00 PM,IMPROPER TURNING/NO SIGNAL,UNABLE TO DETERMINE,7800,S,MERRILL AVE,414,,,,,,,2,NO INDICATION OF INJURY,0,0,0,0,0,3,0,19,4,11,41.753376648,-87.572505788,POINT (-87.572505787687 41.753376647539)
JA514296,,11/15/2017 07:30:00 PM,30,TRAFFIC SIGNAL,FUNCTIONING PROPERLY,CLEAR,DARKNESS,REAR END,NOT DIVIDED,,STRAIGHT AND LEVEL,DRY,NO DEFECTS,NOT ON SCENE (DESK REPORT),NO INJURY / DRIVE AWAY,,,,"OVER $1,500",11/16/2017 04:00:00 PM,FOLLOWING TOO CLOSELY,NOT APPLICABLE,50,W,71ST ST,731,,,,,,,2,NO INDICATION OF INJURY,0,0,0,0,0,2,0,19,4,11,41.765552617,-87.626824833,POINT (-87.626824833481 41.76555261653)
JA514554,,11/15/2017 07:57:00 PM,30,NO CONTROLS,NO CONTROLS,CLEAR,DARKNESS,ANGLE,DIVIDED - W/MEDIAN BARRIER,,STRAIGHT AND LEVEL,DRY,NO DEFECTS,NOT ON SCENE (DESK REPORT),NO INJURY / DRIVE AWAY,Y,,,"$501 - $1,500",11/16/2017 07:21:00 PM,UNABLE TO DETERMINE,NOT APPLICABLE,7300,S,STONY ISLAND AVE,324,,,,,,,2,NO INDICATION OF INJURY,0,0,0,0,0,2,0,19,4,11,41.762361918,-87.586377235,POINT (-87.586377234748 41.762361918371)
JA513359,,11/15/2017 07:58:00 PM,30,NO CONTROLS,NO CONTROLS,CLEAR,"DARKNESS, LIGHTED ROAD",SIDESWIPE SAME DIRECTION,NOT DIVIDED,2,STRAIGHT AND LEVEL,DRY,NO DEFECTS,ON SCENE,INJURY AND / OR TOW DUE TO CRASH,,,Y,"OVER $1,500",11/15/2017 08:27:00 PM,FAILING TO YIELD RIGHT-OF-WAY,NOT APPLICABLE,1512,S,PULASKI RD,1012,,N,,,,,2,INCAPACITATING INJURY,1,0,1,0,0,1,0,19,4,11,41.860260981,-87.725142602,POINT (-87.725142601654 41.860260981443)
JA514308,,11/15/2017 08:00:00 PM,25,NO CONTROLS,NO CONTROLS,CLEAR,"DARKNESS, LIGHTED ROAD",PARKED MOTOR VEHICLE,NOT DIVIDED,,STRAIGHT AND LEVEL,DRY,NO DEFECTS,NOT ON SCENE (DESK REPORT),NO INJURY / DRIVE AWAY,,,,"$501 - $1,500",11/16/2017 04:20:00 PM,UNABLE TO DETERMINE,UNABLE TO DETERMINE,7099,W,STRONG ST,1613,,,,,,,2,NO INDICATION OF INJURY,0,0,0,0,0,1,0,20,4,11,41.969981206,-87.804775447,POINT (-87.804775447266 41.969981206094)
JA513486,,11/15/2017 08:05:00 PM,30,NO CONTROLS,NO CONTROLS,CLEAR,"DARKNESS, LIGHTED ROAD",PARKED MOTOR VEHICLE,NOT DIVIDED,2,STRAIGHT AND LEVEL,DRY,NO DEFECTS,NOT ON SCENE (DESK REPORT),NO INJURY / DRIVE AWAY,,,Y,"OVER $1,500",11/15/2017 11:00:00 PM,UNABLE TO DETERMINE,UNABLE TO DETERMINE,5522,S,PRAIRIE AVE,231,,,,,,,2,NO INDICATION OF INJURY,0,0,0,0,0,1,0,20,4,11,41.793744453,-87.619346993,POINT (-87.619346993383 41.793744453396)
JA513366,,11/15/2017 08:05:00 PM,30,NO CONTROLS,NO CONTROLS,CLEAR,"DARKNESS, LIGHTED ROAD",PARKED MOTOR VEHICLE,OTHER,,STRAIGHT AND LEVEL,DRY,NO DEFECTS,NOT ON SCENE (DESK REPORT),NO INJURY / DRIVE AWAY,,,Y,$500 OR LESS,11/15/2017 08:40:00 PM,IMPROPER LANE USAGE,UNABLE TO DETERMINE,1839,E,95TH ST,431,,,,,,,2,NO INDICATION OF INJURY,0,0,0,0,0,1,0,20,4,11,41.722317348,-87.57868671,POINT (-87.578686709656 41.722317348251)
JA513426,,11/15/2017 08:30:00 PM,30,STOP SIGN/FLASHER,FUNCTIONING PROPERLY,CLEAR,"DARKNESS, LIGHTED ROAD",SIDESWIPE SAME DIRECTION,NOT DIVIDED,,STRAIGHT AND LEVEL,DRY,NO DEFECTS,NOT ON SCENE (DESK REPORT),NO INJURY / DRIVE AWAY,,,Y,"OVER $1,500",11/15/2017 09:49:00 PM,UNABLE TO DETERMINE,NOT APPLICABLE,880,N,HUDSON AVE,1823,,,,,,,2,NO INDICATION OF INJURY,0,0,0,0,0,2,0,20,4,11,41.898648659,-87.640118807,POINT (-87.640118806986 41.898648658509)
JA513405,,11/15/2017 08:30:00 PM,30,TRAFFIC SIGNAL,FUNCTIONING PROPERLY,CLEAR,"DARKNESS, LIGHTED ROAD",TURNING,DIVIDED - W/MEDIAN (NOT RAISED),2,STRAIGHT AND LEVEL,DRY,NO DEFECTS,,NO INJURY / DRIVE AWAY,,,Y,"OVER $1,500",11/15/2017 08:55:00 PM,FAILING TO REDUCE SPEED TO AVOID CRASH,FOLLOWING TOO CLOSELY,9200,S,VINCENNES AVE,2222,,,,,,,3,NO INDICATION OF INJURY,0,0,0,0,0,3,0,20,4,11,41.726850549,-87.648787911,POINT (-87.648787911154 41.726850549145)
JA513412,,11/15/2017 08:30:00 PM,30,NO CONTROLS,NO CONTROLS,CLEAR,UNKNOWN,REAR END,OTHER,,STRAIGHT AND LEVEL,DRY,NO DEFECTS,NOT ON SCENE (DESK REPORT),NO INJURY / DRIVE AWAY,,,,"$501 - $1,500",11/15/2017 09:30:00 PM,DRIVING SKILLS/KNOWLEDGE/EXPERIENCE,UNABLE TO DETERMINE,1701,E,95TH ST,431,,,,,,,2,NO INDICATION OF INJURY,0,0,0,0,0,2,0,20,4,11,41.722267796,-87.582510194,POINT (-87.582510194343 41.722267795816)
JA514170,Y,11/15/2017 08:40:00 PM,30,NO CONTROLS,NO CONTROLS,CLEAR,DAYLIGHT,REAR END,NOT DIVIDED,1,STRAIGHT AND LEVEL,DRY,NO DEFECTS,NOT ON SCENE (DESK REPORT),NO INJURY / DRIVE AWAY,,,,"$501 - $1,500",11/16/2017 02:50:00 PM,FOLLOWING TOO CLOSELY,FOLLOWING TOO CLOSELY,7554,N,GREENVIEW AVE,2422,,,,,,,2,NO INDICATION OF INJURY,0,0,0,0,0,2,0,20,4,11,42.019356437,-87.668392549,POINT (-87.668392549498 42.019356437436)
JA514141,,11/15/2017 08:55:00 PM,30,TRAFFIC SIGNAL,FUNCTIONING PROPERLY,CLEAR,"DARKNESS, LIGHTED ROAD",PEDESTRIAN,NOT DIVIDED,2,STRAIGHT AND LEVEL,DRY,NO DEFECTS,NOT ON SCENE (DESK REPORT),INJURY AND / OR TOW DUE TO CRASH,Y,,,$500 OR LESS,11/16/2017 03:00:00 PM,FAILING TO YIELD RIGHT-OF-WAY,UNABLE TO DETERMINE,4201,N,SHERIDAN RD,1915,,,,,,,2,"REPORTED, NOT EVIDENT",1,0,0,0,1,1,0,20,4,11,41.958501544,-87.654510783,POINT (-87.654510783336 41.958501544273)
JA513449,,11/15/2017 09:15:00 PM,25,NO CONTROLS,NO CONTROLS,CLEAR,"DARKNESS, LIGHTED ROAD",SIDESWIPE SAME DIRECTION,NOT DIVIDED,,STRAIGHT AND LEVEL,UNKNOWN,UNKNOWN,ON SCENE,NO INJURY / DRIVE AWAY,,,,"OVER $1,500",11/15/2017 10:00:00 PM,DRIVING SKILLS/KNOWLEDGE/EXPERIENCE,NOT APPLICABLE,6042,N,ALBANY AVE,2413,,,,,,,2,NO INDICATION OF INJURY,0,0,0,0,0,2,0,21,4,11,41.991621919,-87.706870718,POINT (-87.706870717783 41.991621919186)
JA513422,,11/15/2017 09:22:00 PM,30,TRAFFIC SIGNAL,FUNCTIONING PROPERLY,CLEAR,"DARKNESS, LIGHTED ROAD",ANGLE,DIVIDED - W/MEDIAN BARRIER,,STRAIGHT AND LEVEL,DRY,NO DEFECTS,ON SCENE,INJURY AND / OR TOW DUE TO CRASH,,,,"OVER $1,500",11/15/2017 09:23:00 PM,DISREGARDING TRAFFIC SIGNALS,FAILING TO REDUCE SPEED TO AVOID CRASH,300,S,MICHIGAN AVE,113,,,,,,,2,"REPORTED, NOT EVIDENT",1,0,0,0,1,2,0,21,4,11,41.878217345,-87.62445584,POINT (-87.624455840297 41.878217345311)
JA514088,,11/15/2017 09:30:00 PM,30,UNKNOWN,UNKNOWN,UNKNOWN,UNKNOWN,ANGLE,UNKNOWN,,STRAIGHT AND LEVEL,UNKNOWN,NO DEFECTS,NOT ON SCENE (DESK REPORT),NO INJURY / DRIVE AWAY,,,,"$501 - $1,500",11/16/2017 01:45:00 PM,UNABLE TO DETERMINE,NOT APPLICABLE,832,W,RANDOLPH ST,1224,,,,,,,2,NO INDICATION OF INJURY,0,0,0,0,0,2,0,21,4,11,41.884496686,-87.648665508,POINT (-87.648665508245 41.884496686294)
JA513447,,11/15/2017 09:40:00 PM,30,TRAFFIC SIGNAL,FUNCTIONING PROPERLY,CLEAR,"DARKNESS, LIGHTED ROAD",TURNING,NOT DIVIDED,,STRAIGHT AND LEVEL,DRY,NO DEFECTS,ON SCENE,NO INJURY / DRIVE AWAY,Y,,,"OVER $1,500",11/15/2017 09:47:00 PM,IMPROPER TURNING/NO SIGNAL,NOT APPLICABLE,4400,N,MILWAUKEE AVE,1623,,,,,,,2,NO INDICATION OF INJURY,0,0,0,0,0,2,0,21,4,11,41.96061723,-87.75463824,POINT (-87.754638240071 41.960617229696)
JA513438,,11/15/2017 09:54:00 PM,20,NO CONTROLS,NO CONTROLS,CLEAR,DARKNESS,REAR END,ALLEY,1,STRAIGHT AND LEVEL,DRY,NO DEFECTS,ON SCENE,NO INJURY / DRIVE AWAY,,,,$500 OR LESS,11/15/2017 09:55:00 PM,"VISION OBSCURED (SIGNS, TREE LIMBS, BUILDINGS, ETC.)",NOT APPLICABLE,1201,N,LA SALLE DR,1821,N,N,,,,,2,NO INDICATION OF INJURY,0,0,0,0,0,2,0,21,4,11,41.903974928,-87.632776944,POINT (-87.632776943678 41.903974927753)
JA513937,Y,11/15/2017 10:00:00 PM,30,NO CONTROLS,NO CONTROLS,CLEAR,"DARKNESS, LIGHTED ROAD",PARKED MOTOR VEHICLE,ONE-WAY,,STRAIGHT AND LEVEL,DRY,NO DEFECTS,NOT ON SCENE (DESK REPORT),NO INJURY / DRIVE AWAY,,,Y,"$501 - $1,500",11/16/2017 12:00:00 PM,FOLLOWING TOO CLOSELY,NOT APPLICABLE,5123,W,GUNNISON ST,1623,,,,,,,2,NO INDICATION OF INJURY,0,0,0,0,0,1,0,22,4,11,41.968730579,-87.755947772,POINT (-87.755947771654 41.968730579418)
JA513492,Y,11/15/2017 10:13:00 PM,25,STOP SIGN/FLASHER,FUNCTIONING PROPERLY,CLEAR,"DARKNESS, LIGHTED ROAD",PEDALCYCLIST,DIVIDED - W/MEDIAN (NOT RAISED),2,STRAIGHT AND LEVEL,DRY,NO DEFECTS,ON SCENE,INJURY AND / OR TOW DUE TO CRASH,Y,,Y,$500 OR LESS,11/15/2017 10:14:00 PM,FAILING TO YIELD RIGHT-OF-WAY,DRIVING SKILLS/KNOWLEDGE/EXPERIENCE,1102,W,DIVERSEY PKWY,1933,Y,,,,,,2,NONINCAPACITATING INJURY,1,0,0,1,0,1,0,22,4,11,41.932705457,-87.656408787,POINT (-87.656408786714 41.932705456624)
JA513469,,11/15/2017 10:20:00 PM,15,NO CONTROLS,NO CONTROLS,CLEAR,"DARKNESS, LIGHTED ROAD",SIDESWIPE SAME DIRECTION,PARKING LOT,,STRAIGHT AND LEVEL,DRY,NO DEFECTS,NOT ON SCENE (DESK REPORT),NO INJURY / DRIVE AWAY,,,,"$501 - $1,500",11/15/2017 10:40:00 PM,IMPROPER LANE USAGE,NOT APPLICABLE,1915,W,WARREN BLVD,1223,,,,,,,2,NO INDICATION OF INJURY,0,0,0,0,0,2,0,22,4,11,41.882151029,-87.674862606,POINT (-87.674862605993 41.882151029403)
JA513480,,11/15/2017 10:20:00 PM,25,TRAFFIC SIGNAL,UNKNOWN,CLEAR,"DARKNESS, LIGHTED ROAD",TURNING,DIVIDED - W/MEDIAN BARRIER,6,STRAIGHT ON GRADE,DRY,UNKNOWN,ON SCENE,INJURY AND / OR TOW DUE TO CRASH,Y,,,"OVER $1,500",11/15/2017 10:21:00 PM,UNABLE TO DETERMINE,DISREGARDING OTHER TRAFFIC SIGNS,700,S,MICHIGAN AVE,123,,,,,,,2,"REPORTED, NOT EVIDENT",2,0,0,0,2,0,0,22,4,11,41.873095485,-87.624345248,POINT (-87.624345247792 41.873095485332)
JA513476,,11/15/2017 10:25:00 PM,30,TRAFFIC SIGNAL,FUNCTIONING PROPERLY,CLEAR,"DARKNESS, LIGHTED ROAD",PEDESTRIAN,DIVIDED - W/MEDIAN (NOT RAISED),4,STRAIGHT AND LEVEL,DRY,NO DEFECTS,ON SCENE,INJURY AND / OR TOW DUE TO CRASH,,,Y,"OVER $1,500",11/15/2017 10:27:00 PM,FAILING TO YIELD RIGHT-OF-WAY,IMPROPER TURNING/NO SIGNAL,6300,N,SHERIDAN RD,2433,,,,,,,2,NONINCAPACITATING INJURY,1,0,0,1,0,1,0,22,4,11,41.996510057,-87.655730774,POINT (-87.655730773958 41.996510057378)
JA513536,,11/15/2017 10:30:00 PM,30,UNKNOWN,UNKNOWN,UNKNOWN,UNKNOWN,TURNING,UNKNOWN,,STRAIGHT AND LEVEL,UNKNOWN,UNKNOWN,NOT ON SCENE (DESK REPORT),NO INJURY / DRIVE AWAY,,,Y,"$501 - $1,500",11/16/2017 12:30:00 AM,IMPROPER TURNING/NO SIGNAL,NOT APPLICABLE,653,W,ROOSEVELT RD,1232,,,,,,,2,NO INDICATION OF INJURY,0,0,0,0,0,2,0,22,4,11,41.867080279,-87.644325249,POINT (-87.644325248556 41.867080279085)
JA513963,Y,11/15/2017 10:30:00 PM,30,NO CONTROLS,NO CONTROLS,UNKNOWN,DAYLIGHT,PARKED MOTOR VEHICLE,ONE-WAY,,STRAIGHT AND LEVEL,UNKNOWN,NO DEFECTS,NOT ON SCENE (DESK REPORT),NO INJURY / DRIVE AWAY,,,Y,"OVER $1,500",11/16/2017 12:15:00 PM,UNABLE TO DETERMINE,UNABLE TO DETERMINE,8531,S,MARQUETTE AVE,423,,,,,,,2,NO INDICATION OF INJURY,0,0,0,0,0,1,0,22,4,11,41.739988174,-87.558614573,POINT (-87.558614572932 41.739988173979)
JA515707,,11/15/2017 10:30:00 PM,30,RAILROAD CROSSING GATE,NO CONTROLS,CLEAR,"DARKNESS, LIGHTED ROAD",REAR END,NOT DIVIDED,2,STRAIGHT AND LEVEL,DRY,NO DEFECTS,NOT ON SCENE (DESK REPORT),NO INJURY / DRIVE AWAY,,,,"$501 - $1,500",11/17/2017 05:33:00 PM,FOLLOWING TOO CLOSELY,DISTRACTION - FROM INSIDE VEHICLE,2211,N,OAK PARK AVE,2512,,,,,,,2,NO INDICATION OF INJURY,0,0,0,0,0,2,0,22,4,11,41.920336172,-87.794994302,POINT (-87.794994302489 41.920336171536)
JA513494,,11/15/2017 10:40:00 PM,30,TRAFFIC SIGNAL,UNKNOWN,CLEAR,"DARKNESS, LIGHTED ROAD",ANGLE,OTHER,4,STRAIGHT AND LEVEL,DRY,NO DEFECTS,ON SCENE,INJURY AND / OR TOW DUE TO CRASH,Y,,,"OVER $1,500",11/15/2017 10:45:00 PM,UNABLE TO DETERMINE,UNABLE TO DETERMINE,200,S,WACKER DR,122,,,,,,,2,"REPORTED, NOT EVIDENT",1,0,0,0,1,2,0,22,4,11,41.87928364,-87.637100704,POINT (-87.637100704438 41.879283639964)
JA513507,,11/15/2017 11:10:00 PM,30,NO CONTROLS,NO CONTROLS,CLEAR,DAWN,SIDESWIPE SAME DIRECTION,DIVIDED - W/MEDIAN BARRIER,2,STRAIGHT AND LEVEL,DRY,NO DEFECTS,ON SCENE,INJURY AND / OR TOW DUE TO CRASH,,,,"OVER $1,500",11/15/2017 11:15:00 PM,IMPROPER OVERTAKING/PASSING,EXCEEDING AUTHORIZED SPEED LIMIT,3900,S,KEDZIE AVE,821,,,,,,,2,NO INDICATION OF INJURY,0,0,0,0,0,7,0,23,4,11,41.822576788,-87.704597573,POINT (-87.704597572764 41.822576787534)
JA513528,,11/15/2017 11:27:00 PM,30,NO CONTROLS,NO CONTROLS,CLEAR,"DARKNESS, LIGHTED ROAD",TURNING,NOT DIVIDED,4,STRAIGHT AND LEVEL,DRY,NO DEFECTS,ON SCENE,INJURY AND / OR TOW DUE TO CRASH,,,,"OVER $1,500",11/15/2017 11:27:00 PM,IMPROPER LANE USAGE,IMPROPER TURNING/NO SIGNAL,4398,S,RACINE AVE,924,,,,,,,2,"REPORTED, NOT EVIDENT",2,0,0,0,2,2,0,23,4,11,41.814250813,-87.655442947,POINT (-87.655442947092 41.814250813226)